united states,"[-0.1749635530559413, 0.5160468465421397]",73,93
united states,"[-0.13859178573504735, 0.5160468465421397]",74,94
united states,"[-0.13859178573504735, 0.5160468465421397]",75,95
united states,"[-0.11095900821829639, 0.5892556509887896]",76,96
united states,"[-0.11095900821829639, 0.8892972917998878]",77,97
united states,"[-0.07624928516630235, 0.889297291799888]",78,98
united states,"[-0.05555555555555555, 0.9999999999999999]",79,99
united states,"[-0.055555555555555566, 0.9999999999999997]",80,100
united states,"[-0.1802163895792365, 0.577350269189626]",109,129
united states,"[-0.18021638957923652, 0.5773502691896257]",110,130
united states,"[-0.18021638957923652, 0.5773502691896257]",111,131
united states,"[-0.18021638957923647, 0.5773502691896257]",112,132
united states,"[-0.18021638957923652, 0.577350269189626]",113,133
united states,"[-0.19107892658954462, 0.7481290972721262]",114,134
united states,"[-0.16502459049611237, 0.5160468465421396]",115,135
united states,"[-0.17496355305594136, 0.5160468465421396]",116,136
consumers,"[-0.08084520834544433, 0.6859943405700353]",89,109
consumers,"[-0.11764705882352941, 0.6859943405700352]",90,110
consumers,"[-0.17496355305594127, 0.7905694150420947]",115,135
consumers,"[-0.17712297710801903, 0.7905694150420947]",116,136
consumers,"[-0.17712297710801903, 0.6614378277661477]",117,137
consumers,"[-0.2049800154226969, 0.6614378277661477]",118,138
consumers,"[-0.2049800154226969, 0.5700877125495688]",119,139
americans,"[-0.10206207261596578, 0.5423261445466405]",76,96
americans,"[-0.10206207261596578, 0.5423261445466405]",77,97
americans,"[-0.10206207261596578, 0.5423261445466404]",78,98
americans,"[-0.4166073779861738, 0.5132053079990981]",103,123
americans,"[-0.4680630838316999, 0.5454558862949461]",104,124
americans,"[-0.45159930602202564, 0.5200727395053343]",105,125
americans,"[-0.403621822105849, 0.5200727395053343]",106,126
americans,"[-0.36120944598399685, 0.5303300858899107]",107,127
americans,"[-0.35891637006228905, 0.5303300858899107]",108,128
americans,"[-0.32032502853219197, 0.5263449506665744]",109,129
americans,"[-0.2665261208398262, 0.5669467095138407]",110,130
americans,"[-0.3368550347726846, 0.6168496379827929]",111,131
americans,"[-0.3368550347726846, 0.6168496379827929]",112,132
americans,"[-0.3368550347726846, 0.7667276486006701]",113,133
americans,"[-0.300556544889144, 0.815166228323599]",114,134
americans,"[-0.26625402100945567, 0.8706575414337403]",115,135
americans,"[-0.23262105259961768, 0.8706575414337401]",116,136
americans,"[-0.19160711550797557, 0.8161633231861501]",117,137
americans,"[-0.16012815380508713, 0.8161633231861501]",118,138
donald trump,"[-0.19306557348958098, 0.5700877125495689]",13,33
donald trump,"[-0.2049800154226969, 0.5700877125495689]",14,34
donald trump,"[-0.31604721917596185, 0.5354970014685946]",17,37
donald trump,"[-0.36927447293799814, 0.5354970014685947]",18,38
india,"[-0.16464638998453554, 0.5294117647058822]",99,119
india,"[-0.16464638998453554, 0.5294117647058821]",100,120
india,"[-0.1646463899845355, 0.5294117647058822]",101,121
india,"[-0.1829404333161506, 0.5114781589870119]",102,122
india,"[-0.20245779780388537, 0.5114781589870119]",103,123
india,"[-0.1829404333161506, 0.5114781589870119]",104,124
india,"[-0.1829404333161506, 0.6305282887554631]",105,125
india,"[-0.16798421022632323, 0.6305282887554631]",106,126
india,"[-0.1875, 0.630528288755463]",107,127
india,"[-0.1679842102263233, 0.630528288755463]",108,128
ukraine,"[0.6871842709362768, -0.05882352941176469]",34,54
ukraine,"[0.6871842709362768, -0.0857492925712544]",35,55
ukraine,"[0.6871842709362768, -0.0857492925712544]",36,56
ukraine,"[0.6871842709362768, -0.08574929257125442]",37,57
ukraine,"[0.6871842709362768, -0.08574929257125441]",38,58
ukraine,"[1.0, -0.05882352941176469]",39,59
ukraine,"[1.0, -0.05882352941176469]",40,60
ukraine,"[0.9999999999999999, -0.05882352941176469]",41,61
ukraine,"[0.9999999999999999, -0.05882352941176469]",42,62
ukraine,"[0.9999999999999999, -0.05882352941176469]",43,63
ukraine,"[1.0, -0.05882352941176469]",44,64
ukraine,"[0.9999999999999999, -0.05882352941176469]",45,65
ukraine,"[0.6871842709362768, -0.08574929257125441]",79,99
ukraine,"[0.6871842709362769, -0.05882352941176468]",80,100
china,"[-0.2086562123829204, 0.5294143019465851]",60,80
china,"[-0.10206207261596578, 0.5423261445466405]",67,87
china,"[-0.10206207261596578, 0.5423261445466405]",68,88
china,"[-0.10206207261596578, 0.6859943405700353]",69,89
china,"[-0.08084520834544434, 0.6859943405700352]",70,90
democratic party,"[-0.08084520834544433, 0.6859943405700353]",11,31
democratic party,"[-0.1134023029066286, 0.7481290972721264]",91,111
democratic party,"[-0.1134023029066286, 0.7481290972721262]",92,112
democratic party,"[-0.11340230290662859, 0.7481290972721264]",93,113
democratic party,"[-0.11340230290662859, 0.7481290972721263]",94,114
man,"[-0.10401019349846874, 0.6349812749303676]",31,51
man,"[-0.1264304343560434, 0.6349812749303675]",32,52
man,"[-0.10401019349846877, 0.6349812749303676]",33,53
man,"[-0.10401019349846878, 0.6349812749303676]",34,54
environment,"[-0.08084520834544433, 0.6859943405700352]",3,23
environment,"[-0.08084520834544433, 0.685994340570035]",4,24
environment,"[-0.08084520834544433, 0.6859943405700354]",5,25
environment,"[-0.08084520834544434, 0.6859943405700353]",6,26
environment,"[-0.08084520834544434, 0.6859943405700354]",7,27
environment,"[-0.08084520834544434, 0.6859943405700353]",8,28
environment,"[-0.08084520834544434, 0.6859943405700354]",9,29
environment,"[-0.08084520834544434, 0.6859943405700354]",10,30
environment,"[-0.08084520834544434, 0.6859943405700353]",11,31
environment,"[-0.08084520834544433, 0.6859943405700352]",12,32
environment,"[-0.08084520834544434, 0.6859943405700354]",13,33
environment,"[-0.08084520834544434, 0.6859943405700354]",14,34
environment,"[-0.08084520834544434, 0.6859943405700353]",15,35
environment,"[-0.08084520834544434, 0.6859943405700352]",16,36
environment,"[-0.08084520834544434, 0.6859943405700354]",17,37
environment,"[-0.10206207261596578, 0.5423261445466404]",18,38
environment,"[-0.10206207261596578, 0.5423261445466404]",19,39
environment,"[-0.10206207261596581, 0.5423261445466403]",20,40
environment,"[-0.1217161238900369, 0.5423261445466405]",42,62
environment,"[0.6871842709362768, -0.0588235294117647]",104,124
environment,"[0.6871842709362768, -0.08574929257125441]",105,125
environment,"[0.6871842709362768, -0.0857492925712544]",106,126
environment,"[0.5443310539518175, -0.08574929257125442]",107,127
environment,"[0.5443310539518175, -0.10846522890932807]",108,128
environment,"[0.5443310539518175, -0.10846522890932808]",109,129
environment,"[0.5443310539518176, -0.10846522890932807]",114,134
environment,"[0.5443310539518176, -0.10846522890932807]",115,135
environment,"[0.5443310539518176, -0.10846522890932807]",116,136
environment,"[0.5443310539518176, -0.10846522890932805]",117,137
venezuelan people,"[-0.08084520834544433, 0.6859943405700352]",47,67
venezuelan people,"[-0.10206207261596577, 0.685994340570035]",48,68
venezuelan people,"[-0.10206207261596577, 0.5423261445466404]",49,69
venezuelan people,"[-0.08084520834544434, 0.6859943405700354]",50,70
venezuelan people,"[-0.08084520834544434, 0.6859943405700354]",51,71
venezuelan people,"[-0.08084520834544434, 0.6859943405700353]",52,72
venezuelan people,"[-0.08084520834544434, 0.6859943405700354]",53,73
venezuelan people,"[-0.08084520834544434, 0.6859943405700354]",54,74
venezuelan people,"[-0.11095900821829635, 0.5892556509887896]",55,75
venezuelan people,"[-0.14007888143205532, 0.5892556509887897]",56,76
venezuelan people,"[-0.18365345150671514, 0.5757452501212798]",59,79
venezuelan people,"[-0.17692132101812405, 0.5757452501212796]",60,80
venezuelan people,"[-0.12878337214392385, 0.9707760521071322]",77,97
venezuelan people,"[-0.13592873654160803, 0.9707760521071322]",78,98
venezuelan people,"[-0.10401019349846875, 0.9469425238482128]",79,99
venezuelan people,"[-0.07147416898918633, 0.9469425238482125]",80,100
hillary clinton,"[-0.08084520834544434, 0.6859943405700354]",21,41
hillary clinton,"[-0.08084520834544434, 0.6859943405700354]",22,42
hillary clinton,"[-0.08084520834544434, 0.6859943405700354]",23,43
hillary clinton,"[-0.08084520834544434, 0.6859943405700353]",24,44
hillary clinton,"[-0.08084520834544434, 0.6859943405700354]",25,45
hillary clinton,"[-0.08084520834544434, 0.6859943405700353]",26,46
hillary clinton,"[-0.08084520834544434, 0.6859943405700353]",27,47
hillary clinton,"[-0.08084520834544434, 0.6859943405700352]",28,48
hillary clinton,"[-0.08084520834544434, 0.6859943405700353]",29,49
hillary clinton,"[-0.08084520834544434, 0.6859943405700353]",30,50
hillary clinton,"[-0.08084520834544434, 0.6859943405700353]",31,51
hillary clinton,"[-0.08084520834544434, 0.6859943405700352]",32,52
north korea,"[-0.10206207261596577, 0.5423261445466405]",61,81
north korea,"[-0.10206207261596577, 0.5423261445466404]",62,82
north korea,"[-0.08084520834544434, 0.6859943405700354]",63,83
north korea,"[-0.08084520834544434, 0.6859943405700353]",64,84
north korea,"[-0.08084520834544434, 0.6859943405700354]",65,85
north korea,"[-0.08084520834544434, 0.6859943405700352]",66,86
north korea,"[-0.08084520834544434, 0.6859943405700353]",67,87
north korea,"[-0.08084520834544434, 0.6859943405700353]",68,88
north korea,"[-0.05555555555555555, 0.9999999999999999]",69,89
north korea,"[-0.055555555555555566, 0.9999999999999997]",70,90
north korea,"[-0.055555555555555566, 0.9999999999999999]",71,91
north korea,"[-0.05555555555555555, 0.9999999999999999]",72,92
north korea,"[-0.05555555555555555, 0.9999999999999999]",73,93
north korea,"[-0.055555555555555566, 0.9999999999999997]",74,94
covid-19,"[-0.08084520834544433, 0.6859943405700353]",85,105
covid-19,"[-0.11764705882352941, 0.6859943405700353]",86,106
covid-19,"[0.5197191965064277, -0.10114434748483472]",103,123
covid-19,"[0.607789741118069, -0.10114434748483474]",104,124
covid-19,"[0.6437263095787183, -0.103606084259456]",105,125
covid-19,"[0.6437263095787183, -0.10360608425945601]",106,126
covid-19,"[-0.253842475440605, 0.5706366656979912]",125,145
covid-19,"[-0.23026564952925194, 0.5706366656979911]",126,146
covid-19,"[-0.14661427499966254, 0.6063390625908326]",129,149
covid-19,"[-0.11396057645963797, 0.6063390625908325]",130,150
joe biden,"[-0.05555555555555556, 0.9999999999999999]",53,73
joe biden,"[-0.05555555555555556, 0.9999999999999997]",54,74
joe biden,"[-0.05555555555555555, 0.9999999999999999]",55,75
joe biden,"[-0.05555555555555555, 0.9999999999999999]",56,76
joe biden,"[-0.05555555555555555, 0.9999999999999999]",57,77
joe biden,"[-0.05555555555555555, 0.9999999999999997]",58,78
joe biden,"[-0.05555555555555555, 0.9999999999999999]",59,79
joe biden,"[-0.05555555555555555, 0.9999999999999999]",60,80
joe biden,"[-0.05555555555555555, 0.9999999999999999]",61,81
joe biden,"[-0.055555555555555566, 0.9999999999999997]",62,82
joe biden,"[-0.055555555555555566, 0.9999999999999999]",63,83
joe biden,"[-0.05555555555555555, 0.9999999999999999]",64,84
joe biden,"[-0.05555555555555555, 0.9999999999999999]",65,85
joe biden,"[-0.055555555555555566, 0.9999999999999997]",66,86
joe biden,"[-0.055555555555555566, 0.9999999999999999]",67,87
joe biden,"[-0.05555555555555555, 0.9999999999999999]",68,88
joe biden,"[-0.05555555555555555, 0.9999999999999999]",69,89
joe biden,"[-0.055555555555555566, 0.9999999999999997]",70,90
joe biden,"[-0.1002194704003772, 0.6090943466506019]",109,129
joe biden,"[-0.1002194704003772, 0.6090943466506021]",110,130
joe biden,"[-0.04256282653793739, 0.764077894524985]",111,131
joe biden,"[-0.04256282653793739, 0.7640778945249846]",112,132
joe biden,"[-0.07529303075159159, 0.7640778945249849]",113,133
joe biden,"[-0.14589603651080282, 0.7489830503797115]",114,134
joe biden,"[-0.12252714683860516, 0.8329267300725657]",115,135
joe biden,"[-0.09809737727905717, 0.8329267300725659]",116,136
farmers,"[-0.07624928516630235, 0.9999999999999999]",73,93
farmers,"[-0.05555555555555555, 0.9999999999999999]",74,94
farmers,"[-0.05555555555555555, 0.9999999999999999]",75,95
farmers,"[-0.055555555555555566, 0.9999999999999997]",76,96
farmers,"[-0.055555555555555566, 0.9999999999999999]",77,97
farmers,"[-0.05555555555555555, 0.9999999999999999]",78,98
farmers,"[-0.05555555555555555, 0.9999999999999999]",79,99
farmers,"[-0.055555555555555566, 0.9999999999999997]",80,100
pakistan,"[-0.08084520834544433, 0.6859943405700353]",53,73
pakistan,"[-0.08084520834544433, 0.6859943405700352]",54,74
pakistan,"[-0.08084520834544434, 0.6859943405700354]",55,75
pakistan,"[-0.08084520834544434, 0.6859943405700354]",56,76
pakistan,"[-0.08084520834544434, 0.6859943405700353]",57,77
pakistan,"[-0.08084520834544434, 0.6859943405700352]",58,78
pakistan,"[-0.08084520834544434, 0.6859943405700354]",59,79
pakistan,"[-0.08084520834544434, 0.6859943405700354]",60,80
pakistan,"[-0.08084520834544434, 0.6859943405700353]",61,81
pakistan,"[-0.08084520834544434, 0.6859943405700352]",62,82
pakistan,"[-0.08084520834544434, 0.9999999999999999]",63,83
pakistan,"[-0.05555555555555555, 0.9999999999999999]",64,84
pakistan,"[-0.05555555555555555, 0.9999999999999999]",65,85
pakistan,"[-0.055555555555555566, 0.9999999999999997]",66,86
pakistan,"[-0.055555555555555566, 0.9999999999999999]",67,87
pakistan,"[-0.05555555555555555, 0.9999999999999999]",68,88
pakistan,"[-0.05555555555555555, 0.9999999999999999]",69,89
pakistan,"[-0.055555555555555566, 0.9999999999999997]",70,90
republican party,"[0.8095238095238094, -0.10114434748483472]",0,20
republican party,"[0.8095238095238094, -0.10114434748483472]",1,21
republican party,"[0.8095238095238095, -0.10114434748483472]",2,22
republican party,"[0.8095238095238094, -0.10114434748483472]",3,23
republican party,"[0.8895749936068608, -0.08084520834544433]",4,24
republican party,"[1.0, -0.05882352941176469]",5,25
republican party,"[0.9999999999999999, -0.05882352941176469]",6,26
republican party,"[0.9999999999999999, -0.05882352941176469]",7,27
republican party,"[0.9999999999999999, -0.05882352941176468]",8,28
republican party,"[1.0, -0.05882352941176468]",9,29
republican party,"[0.9999999999999999, -0.05882352941176469]",10,30
republican party,"[0.9999999999999999, -0.05882352941176469]",11,31
republican party,"[0.9999999999999999, -0.05882352941176468]",12,32
republican party,"[1.0, nan]",13,33
investors,"[-0.10206207261596578, 0.5423261445466406]",67,87
investors,"[-0.10206207261596577, 0.5423261445466406]",68,88
investors,"[-0.10206207261596578, 0.5423261445466406]",69,89
investors,"[-0.1020620726159658, 0.5423261445466405]",70,90
investors,"[-0.10206207261596578, 0.5423261445466406]",71,91
investors,"[-0.10206207261596578, 0.5423261445466406]",72,92
investors,"[-0.10206207261596578, 0.6859943405700353]",73,93
investors,"[-0.08084520834544434, 0.6859943405700352]",74,94
taiwan,"[-0.10206207261596577, 0.5423261445466404]",0,20
taiwan,"[-0.10206207261596577, 0.5423261445466405]",10,30
taiwan,"[-0.10206207261596578, 0.5423261445466405]",11,31
taiwan,"[-0.1020620726159658, 0.5423261445466404]",12,32
taiwan,"[-0.10206207261596578, 0.5423261445466405]",13,33
taiwan,"[-0.14852213144650114, 0.5423261445466405]",14,34
women,"[-0.11764705882352938, 0.6859943405700354]",19,39
women,"[-0.08084520834544434, 0.6859943405700352]",20,40
taxpayers,"[-0.10206207261596577, 0.5423261445466405]",33,53
taxpayers,"[-0.10206207261596577, 0.5423261445466404]",34,54
taxpayers,"[-0.10206207261596577, 0.5423261445466404]",35,55
taxpayers,"[-0.10206207261596577, 0.5423261445466404]",36,56
taxpayers,"[-0.1020620726159658, 0.5423261445466405]",42,62
taxpayers,"[-0.10206207261596578, 0.5423261445466405]",43,63
taxpayers,"[-0.10206207261596577, 0.5423261445466405]",44,64
taxpayers,"[-0.10206207261596578, 0.5423261445466405]",45,65
taxpayers,"[-0.1020620726159658, 0.5423261445466404]",46,66
taxpayers,"[-0.10206207261596577, 0.6859943405700352]",55,75
taxpayers,"[-0.08084520834544433, 0.685994340570035]",56,76
taxpayers,"[-0.10206207261596577, 0.6859943405700354]",57,77
taxpayers,"[-0.11764705882352941, 0.6859943405700354]",58,78
passengers,"[-0.05555555555555556, 0.9999999999999999]",87,107
passengers,"[-0.05555555555555556, 0.9999999999999997]",88,108
passengers,"[-0.05555555555555555, 0.9999999999999999]",89,109
passengers,"[-0.05555555555555555, 0.9999999999999999]",90,110
passengers,"[-0.05555555555555555, 0.9999999999999999]",91,111
passengers,"[-0.05555555555555555, 0.9999999999999997]",92,112
passengers,"[-0.05555555555555555, 0.9999999999999999]",93,113
passengers,"[-0.05555555555555555, 0.9999999999999999]",94,114
passengers,"[-0.05555555555555555, 0.9999999999999999]",95,115
passengers,"[-0.055555555555555566, 0.9999999999999997]",96,116
passengers,"[-0.055555555555555566, 0.9999999999999999]",97,117
passengers,"[-0.05555555555555555, 0.9999999999999999]",98,118
passengers,"[-0.05555555555555555, 0.9999999999999999]",99,119
passengers,"[-0.055555555555555566, 0.9999999999999997]",100,120
passengers,"[-0.055555555555555566, 0.9999999999999999]",101,121
passengers,"[-0.05555555555555555, 0.9999999999999999]",102,122
passengers,"[-0.05555555555555555, 0.9999999999999999]",103,123
passengers,"[-0.055555555555555566, 0.9999999999999997]",104,124
iran,"[-0.1264304343560434, 0.5913636636275174]",43,63
iran,"[-0.12643043435604343, 0.5913636636275174]",44,64
iran,"[-0.12643043435604343, 0.5913636636275174]",45,65
iran,"[-0.12643043435604343, 0.5913636636275174]",46,66
iran,"[-0.12643043435604343, 0.5913636636275172]",47,67
iran,"[-0.12643043435604343, 0.5913636636275172]",48,68
iran,"[-0.12643043435604343, 0.6349812749303676]",49,69
iran,"[-0.10401019349846878, 0.6349812749303676]",50,70
iran,"[-0.10401019349846878, 0.6349812749303674]",51,71
iran,"[-0.10401019349846878, 0.6349812749303674]",52,72
iran,"[-0.0714741689891863, 0.9469425238482129]",53,73
iran,"[-0.07147416898918633, 0.9469425238482129]",54,74
iran,"[-0.0714741689891863, 0.9999999999999998]",55,75
iran,"[-0.05555555555555555, 0.9999999999999997]",56,76
iran,"[-0.05555555555555554, 0.9999999999999998]",57,77
iran,"[-0.05555555555555554, 0.9999999999999999]",58,78
iran,"[-0.05555555555555554, 0.9999999999999998]",59,79
iran,"[-0.05555555555555555, 0.9999999999999997]",60,80
victim,"[0.6871842709362768, -0.08574929257125441]",0,20
victim,"[0.6871842709362768, -0.08574929257125442]",1,21
victim,"[0.6871842709362768, -0.0857492925712544]",2,22
victim,"[0.6871842709362768, -0.0857492925712544]",3,23
victim,"[0.6871842709362768, -0.08574929257125438]",4,24
victim,"[0.6871842709362768, -0.08574929257125442]",5,25
victim,"[0.6871842709362768, -0.08574929257125441]",6,26
victim,"[0.6871842709362768, -0.08574929257125441]",7,27
victim,"[0.6871842709362769, -0.08574929257125438]",8,28
victim,"[0.5443310539518176, -0.0857492925712544]",9,29
victim,"[0.6871842709362768, -0.0857492925712544]",10,30
victim,"[0.5443310539518176, -0.10846522890932807]",11,31
victim,"[0.5443310539518175, -0.10846522890932805]",12,32
victim,"[0.5443310539518176, -0.10846522890932807]",13,33
victim,"[0.5443310539518176, -0.10846522890932807]",14,34
victim,"[0.5443310539518176, -0.10846522890932807]",15,35
victim,"[0.5443310539518176, -0.08574929257125441]",16,36
australia,"[0.6871842709362768, -0.08574929257125442]",109,129
uk,"[0.9999999999999999, -0.05882352941176469]",13,33
uk,"[0.6871842709362768, -0.05882352941176469]",14,34
uk,"[0.6871842709362768, -0.08574929257125438]",15,35
uk,"[0.6871842709362769, -0.0857492925712544]",16,36
uk,"[0.6871842709362768, -0.08574929257125442]",17,37
uk,"[0.6871842709362768, -0.08574929257125442]",18,38
uk,"[0.6871842709362768, -0.08574929257125438]",19,39
uk,"[0.6871842709362769, nan]",20,40
syrian civilians,"[-0.14852213144650112, 0.5423261445466405]",9,29
syrian civilians,"[-0.10206207261596578, 0.5423261445466405]",10,30
syrian civilians,"[-0.05555555555555555, 0.9999999999999999]",42,62
syrian civilians,"[-0.05555555555555555, 0.9999999999999999]",43,63
syrian civilians,"[-0.055555555555555566, 0.9999999999999997]",44,64
syrian civilians,"[-0.055555555555555566, 0.9999999999999999]",45,65
syrian civilians,"[-0.05555555555555555, 0.9999999999999999]",46,66
syrian civilians,"[-0.05555555555555555, 0.9999999999999999]",47,67
syrian civilians,"[-0.055555555555555566, 0.9999999999999997]",48,68
syrian civilians,"[-0.055555555555555566, 0.9999999999999999]",49,69
syrian civilians,"[-0.05555555555555555, 0.9999999999999999]",50,70
syrian civilians,"[-0.05555555555555555, 0.9999999999999999]",51,71
syrian civilians,"[-0.055555555555555566, 0.9999999999999997]",52,72
liverpool,"[0.5443310539518176, -0.08574929257125441]",9,29
liverpool,"[0.6871842709362769, -0.08574929257125438]",10,30
liverpool,"[0.6871842709362768, -0.08574929257125441]",11,31
liverpool,"[0.6871842709362768, -0.08574929257125441]",12,32
liverpool,"[0.6871842709362768, -0.08574929257125441]",13,33
liverpool,"[0.6871842709362769, -0.05882352941176468]",14,34
afghanistan,"[-0.05555555555555555, 0.9999999999999999]",117,137
afghanistan,"[-0.08084520834544431, 0.9999999999999998]",118,138
afghanistan,"[-0.08084520834544431, 0.6859943405700354]",119,139
afghanistan,"[-0.08084520834544434, 0.6859943405700354]",120,140
afghanistan,"[-0.08084520834544434, 0.6859943405700354]",121,141
afghanistan,"[-0.08084520834544434, 0.6859943405700354]",122,142
afghanistan,"[-0.10401019349846878, 0.6349812749303676]",123,143
afghanistan,"[-0.10401019349846877, 0.6349812749303676]",124,144
afghanistan,"[-0.10401019349846877, 0.6349812749303675]",125,145
afghanistan,"[-0.10401019349846877, 0.6349812749303675]",126,146
afghanistan,"[-0.10401019349846875, 0.6349812749303676]",127,147
afghanistan,"[-0.10401019349846878, 0.6349812749303675]",128,148
afghanistan,"[-0.10401019349846878, 0.6349812749303674]",129,149
afghanistan,"[-0.10401019349846875, 0.6349812749303674]",130,150
afghanistan,"[-0.10401019349846878, 0.6349812749303675]",131,151
afghanistan,"[-0.10401019349846878, 0.6349812749303675]",132,152
afghanistan,"[-0.10401019349846875, 0.6349812749303674]",133,153
afghanistan,"[-0.10401019349846875, 0.6349812749303674]",134,154
police,"[-0.14852213144650112, 0.5423261445466406]",12,32
police,"[-0.10206207261596577, 0.5423261445466406]",13,33
police,"[-0.10206207261596578, 0.5423261445466405]",14,34
police,"[-0.1020620726159658, 0.5423261445466405]",15,35
police,"[-0.10206207261596578, 0.5423261445466405]",16,36
police,"[-0.08084520834544434, 0.6859943405700353]",17,37
police,"[-0.10206207261596578, 0.6859943405700352]",18,38
economy,"[-0.12171612389003693, 0.5423261445466403]",114,134
economy,"[-0.10206207261596578, 0.6859943405700354]",115,135
economy,"[-0.1176470588235294, 0.6859943405700354]",116,136
facebook,"[-0.05555555555555555, 0.9999999999999999]",0,20
facebook,"[-0.05555555555555555, 0.9999999999999999]",1,21
facebook,"[-0.05555555555555555, 0.9999999999999997]",2,22
facebook,"[-0.05555555555555555, 0.9999999999999999]",3,23
facebook,"[-0.05555555555555555, 0.9999999999999999]",4,24
facebook,"[-0.05555555555555555, 0.9999999999999999]",5,25
facebook,"[-0.055555555555555566, 0.9999999999999997]",6,26
facebook,"[-0.08084520834544434, 0.6859943405700353]",7,27
facebook,"[-0.08084520834544434, 0.6859943405700353]",8,28
facebook,"[-0.08084520834544434, 0.6859943405700354]",9,29
facebook,"[-0.08084520834544434, 0.6859943405700352]",10,30
facebook,"[-0.08084520834544434, 0.6859943405700354]",11,31
facebook,"[-0.08084520834544434, 0.6859943405700353]",12,32
facebook,"[-0.08084520834544434, 0.6859943405700354]",13,33
facebook,"[-0.08084520834544434, 0.6859943405700352]",14,34
customers,"[-0.05555555555555556, 0.9999999999999997]",0,20
customers,"[-0.08084520834544434, 0.6859943405700354]",1,21
customers,"[-0.08084520834544434, 0.6859943405700354]",2,22
customers,"[-0.08084520834544434, 0.6859943405700354]",3,23
customers,"[-0.08084520834544434, 0.6859943405700353]",4,24
customers,"[-0.08084520834544434, 0.6859943405700354]",5,25
customers,"[-0.08084520834544434, 0.6859943405700354]",6,26
customers,"[-0.08084520834544434, 0.6859943405700354]",7,27
customers,"[-0.08084520834544434, 0.6859943405700353]",8,28
customers,"[-0.08084520834544434, 0.6859943405700354]",9,29
customers,"[-0.08084520834544434, 0.6859943405700353]",10,30
customers,"[-0.08084520834544434, 0.6859943405700353]",11,31
customers,"[-0.08084520834544434, 0.6859943405700352]",12,32
refugees,"[-0.07624928516630235, 0.9999999999999999]",1,21
refugees,"[-0.055555555555555566, 0.9999999999999997]",2,22
refugees,"[-0.055555555555555566, 0.9999999999999999]",3,23
refugees,"[-0.05555555555555555, 0.9999999999999999]",4,24
refugees,"[-0.05555555555555555, 0.9999999999999999]",5,25
refugees,"[-0.055555555555555566, 0.9999999999999997]",6,26
immigrants,"[-0.10206207261596577, 0.5423261445466404]",47,67
immigrants,"[-0.14852213144650117, 0.5423261445466404]",48,68
immigrants,"[-0.11764705882352938, 0.6859943405700354]",55,75
immigrants,"[-0.08084520834544434, 0.6859943405700353]",56,76
immigrants,"[-0.08084520834544434, 0.6859943405700354]",57,77
immigrants,"[-0.08084520834544434, 0.6859943405700353]",58,78
immigrants,"[-0.08084520834544434, 0.6859943405700353]",59,79
immigrants,"[-0.08084520834544434, 0.6859943405700352]",60,80
immigrants,"[-0.08084520834544434, 0.6859943405700353]",61,81
immigrants,"[-0.08084520834544434, 0.6859943405700353]",62,82
immigrants,"[-0.08084520834544434, 0.6859943405700353]",63,83
immigrants,"[-0.08084520834544434, 0.6859943405700352]",64,84
barack obama,"[-0.1176470588235294, 0.6859943405700352]",0,20
barack obama,"[-0.11764705882352944, 0.6859943405700354]",9,29
barack obama,"[-0.08084520834544434, 0.6859943405700353]",10,30
hong kong,"[-0.07624928516630235, 0.8892972917998876]",89,109
hong kong,"[-0.1046511627906977, 0.8892972917998875]",90,110
canada,"[-0.10206207261596575, 0.5423261445466404]",51,71
canada,"[-0.10206207261596577, 0.5423261445466404]",52,72
canada,"[-0.08084520834544433, 0.6859943405700354]",53,73
canada,"[-0.10206207261596577, 0.6859943405700354]",54,74
canada,"[-0.10206207261596577, 0.5423261445466405]",55,75
canada,"[-0.10206207261596577, 0.5423261445466404]",56,76
canada,"[-0.10206207261596577, 0.5423261445466405]",57,77
canada,"[-0.10206207261596577, 0.5423261445466405]",58,78
facebook users,"[-0.08084520834544434, 0.6859943405700353]",75,95
facebook users,"[-0.08084520834544434, 0.6859943405700353]",76,96
facebook users,"[-0.08084520834544434, 0.9999999999999999]",77,97
facebook users,"[-0.055555555555555566, 0.9999999999999997]",78,98
bernie sanders,"[0.9999999999999999, -0.05882352941176469]",0,20
bernie sanders,"[0.9999999999999999, -0.05882352941176469]",1,21
bernie sanders,"[0.9999999999999999, -0.05882352941176468]",2,22
bernie sanders,"[1.0, -0.05882352941176468]",3,23
bernie sanders,"[0.9999999999999999, -0.05882352941176469]",4,24
bernie sanders,"[0.9999999999999999, -0.05882352941176469]",5,25
bernie sanders,"[0.9999999999999999, -0.05882352941176468]",6,26
bernie sanders,"[1.0, nan]",7,27
bernie sanders,"[-0.05555555555555556, 0.9999999999999999]",85,105
bernie sanders,"[-0.05555555555555556, 0.9999999999999997]",86,106
bernie sanders,"[-0.05555555555555555, 0.9999999999999999]",87,107
bernie sanders,"[-0.05555555555555555, 0.9999999999999999]",88,108
bernie sanders,"[-0.05555555555555555, 0.9999999999999999]",89,109
bernie sanders,"[-0.05555555555555555, 0.9999999999999997]",90,110
bernie sanders,"[-0.05555555555555555, 0.9999999999999999]",91,111
bernie sanders,"[-0.05555555555555555, 0.9999999999999999]",92,112
bernie sanders,"[-0.05555555555555555, 0.9999999999999999]",93,113
bernie sanders,"[-0.055555555555555566, 0.9999999999999997]",94,114
bernie sanders,"[-0.055555555555555566, 0.9999999999999999]",95,115
bernie sanders,"[-0.05555555555555555, 0.9999999999999999]",96,116
bernie sanders,"[-0.05555555555555555, 0.9999999999999999]",97,117
bernie sanders,"[-0.055555555555555566, 0.9999999999999997]",98,118
bernie sanders,"[-0.055555555555555566, 0.9999999999999999]",99,119
bernie sanders,"[-0.07147416898918632, 0.9999999999999999]",100,120
ted cruz,"[0.6264518021884175, -0.17817416127494962]",0,20
ted cruz,"[0.6264518021884175, -0.1296407447104329]",1,21
ted cruz,"[0.5443310539518176, -0.10846522890932805]",2,22
ted cruz,"[0.5443310539518176, -0.10846522890932807]",3,23
ted cruz,"[0.6871842709362768, -0.0857492925712544]",4,24
ted cruz,"[0.9999999999999999, -0.05882352941176469]",5,25
ted cruz,"[0.9999999999999999, -0.05882352941176468]",6,26
ted cruz,"[1.0, nan]",7,27
indian people,"[-0.09753428933010881, 0.6423577224086273]",111,131
indian people,"[-0.09753428933010881, 0.6423577224086272]",112,132
indian people,"[-0.09753428933010881, 0.6423577224086272]",113,133
indian people,"[-0.09753428933010881, 0.6423577224086272]",114,134
indian people,"[-0.09753428933010881, 0.6423577224086272]",115,135
indian people,"[-0.09753428933010881, 0.6423577224086272]",116,136
indian people,"[-0.09753428933010881, 0.6423577224086272]",117,137
indian people,"[-0.09753428933010881, 0.642357722408627]",118,138
indian people,"[-0.09753428933010881, 0.6423577224086272]",119,139
indian people,"[-0.09753428933010884, 0.642357722408627]",120,140
indian people,"[-0.09753428933010883, 0.6423577224086271]",121,141
indian people,"[-0.09753428933010883, 0.642357722408627]",122,142
indian people,"[-0.09753428933010883, 0.6859943405700353]",123,143
indian people,"[-0.08084520834544434, 0.6859943405700352]",124,144
indian people,"[-0.08084520834544434, 0.6859943405700353]",125,145
indian people,"[-0.08084520834544434, 0.6859943405700353]",126,146
indian people,"[-0.08084520834544434, 0.9999999999999999]",127,147
indian people,"[-0.055555555555555566, 0.9999999999999997]",128,148
victorians,"[-0.08084520834544433, 0.6859943405700353]",91,111
victorians,"[-0.08084520834544433, 0.6859943405700353]",92,112
victorians,"[-0.08084520834544434, 0.6859943405700354]",93,113
victorians,"[-0.08084520834544434, 0.6859943405700354]",94,114
victorians,"[-0.08084520834544434, 0.6859943405700354]",95,115
victorians,"[-0.08084520834544434, 0.6859943405700353]",96,116
victorians,"[-0.10206207261596577, 0.5423261445466405]",97,117
victorians,"[-0.10206207261596578, 0.5423261445466405]",98,118
victorians,"[-0.10206207261596577, 0.5423261445466405]",99,119
victorians,"[-0.10206207261596578, 0.5423261445466404]",100,120
breonna taylor,"[-0.10206207261596577, 0.5423261445466404]",96,116
breonna taylor,"[-0.10206207261596577, 0.5423261445466404]",97,117
breonna taylor,"[-0.10206207261596575, 0.5423261445466405]",98,118
breonna taylor,"[-0.10206207261596575, 0.5423261445466405]",99,119
breonna taylor,"[-0.10206207261596575, 0.5423261445466405]",100,120
breonna taylor,"[-0.10206207261596575, 0.5423261445466404]",101,121
breonna taylor,"[-0.10206207261596575, 0.5423261445466405]",102,122
breonna taylor,"[-0.10206207261596575, 0.5423261445466405]",103,123
breonna taylor,"[-0.10206207261596575, 0.5423261445466405]",104,124
breonna taylor,"[-0.10206207261596581, 0.685994340570035]",105,125
breonna taylor,"[-0.08084520834544434, 0.6859943405700353]",106,126
breonna taylor,"[-0.08084520834544434, 0.6859943405700353]",107,127
breonna taylor,"[-0.08084520834544434, 0.6859943405700353]",108,128
breonna taylor,"[-0.08084520834544434, 0.685994340570035]",109,129
breonna taylor,"[-0.08084520834544434, 0.6859943405700353]",110,130
breonna taylor,"[-0.08084520834544434, 0.9999999999999999]",111,131
breonna taylor,"[-0.05555555555555555, 0.9999999999999999]",112,132
breonna taylor,"[-0.055555555555555566, 0.9999999999999997]",113,133
jacob blake,"[0.9802142573417166, nan]",93,113
jacob blake,"[0.6651290170325914, -0.0700140042014005]",94,114
jacob blake,"[0.6651290170325914, -0.10206207261596575]",95,115
jacob blake,"[0.6651290170325914, -0.10206207261596575]",96,116
jacob blake,"[0.6651290170325914, -0.10206207261596575]",97,117
jacob blake,"[0.6651290170325914, -0.10206207261596575]",98,118
jacob blake,"[0.6651290170325914, -0.10206207261596575]",99,119
jacob blake,"[0.6651290170325915, -0.10206207261596575]",100,120
jacob blake,"[0.6651290170325915, -0.10206207261596575]",101,121
jacob blake,"[0.6651290170325915, -0.10206207261596575]",102,122
jacob blake,"[0.6651290170325915, -0.10206207261596573]",103,123
jacob blake,"[0.6651290170325915, -0.10206207261596571]",104,124
jacob blake,"[0.6651290170325915, -0.10206207261596573]",105,125
jacob blake,"[0.6651290170325915, -0.10206207261596573]",106,126
jacob blake,"[0.6651290170325913, -0.10206207261596571]",107,127
jacob blake,"[0.6651290170325915, -0.10206207261596571]",108,128
jacob blake,"[0.6651290170325915, -0.10206207261596573]",109,129
jacob blake,"[0.6651290170325915, -0.0857492925712544]",110,130
jacob blake,"[0.6871842709362769, nan]",111,131
author,"[-0.10206207261596575, 0.5423261445466404]",17,37
author,"[-0.10206207261596577, 0.5423261445466404]",18,38
author,"[-0.10206207261596575, 0.5423261445466405]",19,39
author,"[-0.10206207261596577, 0.5423261445466405]",20,40
author,"[-0.10206207261596577, 0.5423261445466405]",21,41
author,"[-0.10206207261596577, 0.5423261445466404]",22,42
author,"[-0.08084520834544434, 0.6859943405700354]",23,43
author,"[-0.08084520834544434, 0.6859943405700354]",24,44
author,"[-0.08084520834544434, 0.6859943405700353]",25,45
author,"[-0.08084520834544434, 0.6859943405700352]",26,46
author,"[-0.08084520834544434, 0.6859943405700354]",27,47
author,"[-0.08084520834544434, 0.6859943405700354]",28,48
author,"[-0.08084520834544434, 0.6859943405700353]",29,49
author,"[-0.08084520834544436, 0.6859943405700352]",30,50
author,"[-0.055555555555555566, 0.9999999999999999]",31,51
author,"[-0.05555555555555555, 0.9999999999999999]",32,52
author,"[-0.05555555555555555, 0.9999999999999999]",33,53
author,"[-0.055555555555555566, 0.9999999999999997]",34,54
migrant workers,"[-0.08084520834544433, 0.6859943405700353]",87,107
migrant workers,"[-0.08084520834544433, 0.6859943405700353]",88,108
migrant workers,"[-0.08084520834544433, 0.6859943405700354]",89,109
migrant workers,"[-0.08084520834544434, 0.6859943405700354]",90,110
migrant workers,"[-0.08084520834544434, 0.6859943405700354]",91,111
migrant workers,"[-0.08084520834544434, 0.6859943405700353]",92,112
migrant workers,"[-0.08084520834544434, 0.6859943405700354]",93,113
migrant workers,"[-0.08084520834544434, 0.6859943405700354]",94,114
migrant workers,"[-0.08084520834544434, 0.6859943405700354]",95,115
migrant workers,"[-0.08084520834544434, 0.6859943405700352]",96,116
migrant workers,"[-0.08084520834544434, 0.6859943405700353]",97,117
migrant workers,"[-0.08084520834544434, 0.6859943405700353]",98,118
migrant workers,"[-0.08084520834544434, 0.6859943405700353]",99,119
migrant workers,"[-0.08084520834544434, 0.6859943405700352]",100,120
migrant workers,"[-0.08084520834544434, 0.6859943405700353]",101,121
migrant workers,"[-0.08084520834544434, 0.6859943405700353]",102,122
migrant workers,"[-0.05555555555555555, 0.9999999999999999]",103,123
migrant workers,"[-0.055555555555555566, 0.9999999999999997]",104,124
indonesia,"[-0.05555555555555556, 0.9999999999999999]",5,25
indonesia,"[-0.05555555555555556, 0.9999999999999997]",6,26
indonesia,"[-0.05555555555555555, 0.9999999999999999]",7,27
indonesia,"[-0.05555555555555555, 0.9999999999999999]",8,28
indonesia,"[-0.05555555555555555, 0.9999999999999999]",9,29
indonesia,"[-0.05555555555555555, 0.9999999999999997]",10,30
indonesia,"[-0.05555555555555555, 0.9999999999999999]",11,31
indonesia,"[-0.05555555555555555, 0.9999999999999999]",12,32
indonesia,"[-0.05555555555555555, 0.9999999999999999]",13,33
indonesia,"[-0.055555555555555566, 0.9999999999999997]",14,34
indonesia,"[-0.055555555555555566, 0.9999999999999999]",15,35
indonesia,"[-0.05555555555555555, 0.9999999999999999]",16,36
indonesia,"[-0.05555555555555555, 0.9999999999999999]",17,37
indonesia,"[-0.055555555555555566, 0.9999999999999997]",18,38
indonesia,"[-0.055555555555555566, 0.9999999999999999]",19,39
indonesia,"[-0.05555555555555555, 0.9999999999999999]",20,40
indonesia,"[-0.05555555555555555, 0.9999999999999999]",21,41
indonesia,"[-0.055555555555555566, 0.9999999999999997]",22,42
obamacare,"[0.5443310539518175, -0.1084652289093281]",22,42
obamacare,"[0.5443310539518175, -0.1084652289093281]",23,43
obamacare,"[0.5443310539518175, -0.10846522890932807]",24,44
obamacare,"[0.5443310539518176, -0.08574929257125442]",25,45
obamacare,"[0.6871842709362768, -0.08574929257125441]",26,46
obamacare,"[0.6871842709362768, -0.08574929257125441]",27,47
obamacare,"[0.6871842709362769, -0.08574929257125438]",28,48
obamacare,"[0.6871842709362768, -0.05882352941176469]",29,49
obamacare,"[0.9999999999999999, -0.05882352941176469]",30,50
obamacare,"[0.9999999999999999, -0.05882352941176468]",31,51
obamacare,"[1.0, -0.05882352941176468]",32,52
obamacare,"[0.9999999999999999, -0.05882352941176469]",33,53
obamacare,"[0.9999999999999999, -0.05882352941176469]",34,54
obamacare,"[0.9999999999999999, -0.05882352941176468]",35,55
obamacare,"[1.0, nan]",36,56
yemen,"[-0.05555555555555556, 0.9999999999999999]",27,47
yemen,"[-0.05555555555555556, 0.9999999999999997]",28,48
yemen,"[-0.05555555555555555, 0.9999999999999999]",29,49
yemen,"[-0.05555555555555555, 0.9999999999999999]",30,50
yemen,"[-0.05555555555555555, 0.9999999999999999]",31,51
yemen,"[-0.05555555555555555, 0.9999999999999997]",32,52
yemen,"[-0.05555555555555555, 0.9999999999999999]",33,53
yemen,"[-0.05555555555555555, 0.9999999999999999]",34,54
yemen,"[-0.05555555555555555, 0.9999999999999999]",35,55
yemen,"[-0.055555555555555566, 0.9999999999999997]",36,56
yemen,"[-0.055555555555555566, 0.9999999999999999]",37,57
yemen,"[-0.05555555555555555, 0.9999999999999999]",38,58
yemen,"[-0.05555555555555555, 0.9999999999999999]",39,59
yemen,"[-0.055555555555555566, 0.9999999999999997]",40,60
yemen,"[-0.055555555555555566, 0.9999999999999999]",41,61
yemen,"[-0.05555555555555555, 0.9999999999999999]",42,62
yemen,"[-0.05555555555555555, 0.9999999999999999]",43,63
yemen,"[-0.055555555555555566, 0.9999999999999997]",44,64
huawei,"[-0.05555555555555555, 0.9999999999999999]",59,79
huawei,"[-0.05555555555555555, 0.9999999999999998]",60,80
huawei,"[-0.055555555555555546, 0.9999999999999999]",61,81
huawei,"[-0.05555555555555555, 0.9999999999999999]",62,82
huawei,"[-0.05555555555555555, 0.9999999999999999]",63,83
huawei,"[-0.08084520834544434, 0.9999999999999998]",64,84
huawei,"[-0.08084520834544433, 0.6859943405700354]",65,85
huawei,"[-0.08084520834544433, 0.6859943405700354]",66,86
huawei,"[-0.08084520834544433, 0.6859943405700354]",67,87
huawei,"[-0.08084520834544433, 0.6859943405700354]",68,88
huawei,"[-0.08084520834544433, 0.6859943405700353]",69,89
huawei,"[-0.08084520834544433, 0.6859943405700353]",70,90
huawei,"[-0.08084520834544433, 0.6859943405700353]",71,91
huawei,"[-0.08084520834544433, 0.6859943405700352]",72,92
huawei,"[-0.08084520834544433, 0.6859943405700353]",73,93
huawei,"[-0.08084520834544433, 0.6859943405700353]",74,94
huawei,"[-0.08084520834544433, 0.6859943405700352]",75,95
huawei,"[-0.08084520834544433, 0.6859943405700352]",76,96
asian americans,"[-0.08084520834544433, 0.6859943405700353]",121,141
asian americans,"[-0.10206207261596577, 0.6859943405700352]",122,142
asian americans,"[-0.10206207261596577, 0.5423261445466405]",123,143
asian americans,"[-0.10206207261596577, 0.5423261445466405]",124,144
asian americans,"[-0.10206207261596577, 0.5423261445466405]",125,145
asian americans,"[-0.10206207261596577, 0.5423261445466404]",126,146
asian americans,"[-0.10206207261596577, 0.5423261445466405]",127,147
asian americans,"[-0.10206207261596577, 0.5423261445466405]",128,148
asian americans,"[-0.10206207261596577, 0.5423261445466405]",129,149
asian americans,"[-0.10206207261596577, 0.5423261445466404]",130,150
asian americans,"[-0.10206207261596578, 0.5423261445466406]",131,151
asian americans,"[-0.10206207261596578, 0.5423261445466406]",132,152
asian americans,"[-0.08084520834544434, 0.6859943405700353]",133,153
asian americans,"[-0.08084520834544434, 0.6859943405700352]",134,154
asian americans,"[-0.08084520834544434, 0.6859943405700353]",135,155
asian americans,"[-0.08084520834544434, 0.6859943405700353]",136,156
asian americans,"[-0.08084520834544434, 0.6859943405700353]",137,157
asian americans,"[-0.08084520834544434, 0.6859943405700352]",138,158
muslim women,"[-0.05555555555555555, 0.9999999999999999]",0,20
muslim women,"[-0.05555555555555555, 0.9999999999999999]",1,21
muslim women,"[-0.055555555555555566, 0.9999999999999997]",2,22
muslim women,"[-0.055555555555555566, 0.9999999999999999]",3,23
muslim women,"[-0.05555555555555555, 0.9999999999999999]",4,24
muslim women,"[-0.05555555555555555, 0.9999999999999999]",5,25
muslim women,"[-0.055555555555555566, 0.9999999999999997]",6,26
muslim women,"[-0.055555555555555566, 0.9999999999999999]",7,27
muslim women,"[-0.05555555555555555, 0.9999999999999999]",8,28
muslim women,"[-0.05555555555555555, 0.9999999999999999]",9,29
muslim women,"[-0.055555555555555566, 0.9999999999999997]",10,30
sonny bill williams,"[1.0, nan]",18,38
sonny bill williams,"[1.0, -0.05882352941176469]",19,39
sonny bill williams,"[1.0, -0.05882352941176469]",20,40
sonny bill williams,"[1.0, -0.05882352941176469]",21,41
sonny bill williams,"[1.0, -0.05882352941176469]",22,42
sonny bill williams,"[1.0, -0.05882352941176469]",23,43
sonny bill williams,"[1.0, -0.05882352941176469]",24,44
sonny bill williams,"[0.9999999999999999, -0.05882352941176469]",25,45
sonny bill williams,"[0.9999999999999999, -0.05882352941176469]",26,46
sonny bill williams,"[0.9999999999999999, -0.05882352941176469]",27,47
sonny bill williams,"[1.0, -0.05882352941176469]",28,48
sonny bill williams,"[0.9999999999999999, -0.05882352941176469]",29,49
sonny bill williams,"[0.9999999999999999, -0.05882352941176469]",30,50
sonny bill williams,"[0.9999999999999999, -0.05882352941176468]",31,51
sonny bill williams,"[1.0, -0.05882352941176468]",32,52
sonny bill williams,"[0.9999999999999999, -0.05882352941176469]",33,53
sonny bill williams,"[0.9999999999999999, -0.05882352941176469]",34,54
sonny bill williams,"[0.9999999999999999, -0.05882352941176468]",35,55
sonny bill williams,"[1.0, nan]",36,56
oakland athletics,"[-0.05555555555555556, 0.9999999999999999]",109,129
oakland athletics,"[-0.08084520834544433, 0.9999999999999997]",110,130
oakland athletics,"[-0.08084520834544433, 0.6859943405700354]",111,131
oakland athletics,"[-0.08084520834544434, 0.6859943405700354]",112,132
oakland athletics,"[-0.08084520834544434, 0.6859943405700354]",113,133
oakland athletics,"[-0.08084520834544434, 0.6859943405700353]",114,134
oakland athletics,"[-0.08084520834544434, 0.6859943405700354]",115,135
oakland athletics,"[-0.08084520834544434, 0.6859943405700354]",116,136
oakland athletics,"[-0.08084520834544434, 0.6859943405700354]",117,137
oakland athletics,"[-0.08084520834544434, 0.6859943405700353]",118,138
oakland athletics,"[-0.08084520834544434, 0.6859943405700354]",119,139
oakland athletics,"[-0.08084520834544434, 0.6859943405700353]",120,140
oakland athletics,"[-0.08084520834544434, 0.6859943405700353]",121,141
oakland athletics,"[-0.08084520834544434, 0.6859943405700352]",122,142
oakland athletics,"[-0.08084520834544434, 0.6859943405700353]",123,143
oakland athletics,"[-0.08084520834544434, 0.6859943405700353]",124,144
oakland athletics,"[-0.08084520834544434, 0.6859943405700353]",125,145
oakland athletics,"[-0.08084520834544434, 0.6859943405700352]",126,146
drivers,"[1.0, nan]",32,52
drivers,"[1.0, -0.05882352941176469]",33,53
drivers,"[1.0, -0.05882352941176469]",34,54
drivers,"[1.0, -0.05882352941176469]",35,55
drivers,"[1.0, -0.05882352941176469]",36,56
drivers,"[1.0, -0.05882352941176469]",37,57
drivers,"[1.0, -0.05882352941176469]",38,58
drivers,"[0.9999999999999999, -0.05882352941176469]",39,59
drivers,"[0.9999999999999999, -0.05882352941176469]",40,60
drivers,"[0.9999999999999999, -0.05882352941176469]",41,61
drivers,"[1.0, -0.05882352941176469]",42,62
drivers,"[0.9999999999999999, -0.05882352941176469]",43,63
drivers,"[0.9999999999999999, -0.05882352941176469]",44,64
drivers,"[0.9999999999999999, -0.05882352941176468]",45,65
drivers,"[1.0, -0.05882352941176468]",46,66
drivers,"[0.9999999999999999, -0.05882352941176469]",47,67
drivers,"[0.9999999999999999, -0.05882352941176469]",48,68
drivers,"[0.9999999999999999, -0.05882352941176468]",49,69
drivers,"[1.0, nan]",50,70
rafael nadal,"[-0.05555555555555556, 0.9999999999999999]",41,61
rafael nadal,"[-0.05555555555555556, 0.9999999999999997]",42,62
rafael nadal,"[-0.05555555555555555, 0.9999999999999999]",43,63
rafael nadal,"[-0.05555555555555555, 0.9999999999999999]",44,64
rafael nadal,"[-0.05555555555555555, 0.9999999999999999]",45,65
rafael nadal,"[-0.05555555555555555, 0.9999999999999997]",46,66
rafael nadal,"[-0.05555555555555555, 0.9999999999999999]",47,67
rafael nadal,"[-0.05555555555555555, 0.9999999999999999]",48,68
rafael nadal,"[-0.05555555555555555, 0.9999999999999999]",49,69
rafael nadal,"[-0.055555555555555566, 0.9999999999999997]",50,70
rafael nadal,"[-0.055555555555555566, 0.9999999999999999]",51,71
rafael nadal,"[-0.05555555555555555, 0.9999999999999999]",52,72
rafael nadal,"[-0.05555555555555555, 0.9999999999999999]",53,73
rafael nadal,"[-0.055555555555555566, 0.9999999999999997]",54,74
rafael nadal,"[-0.055555555555555566, 0.9999999999999999]",55,75
rafael nadal,"[-0.05555555555555555, 0.9999999999999999]",56,76
rafael nadal,"[-0.08084520834544434, 0.6859943405700353]",57,77
rafael nadal,"[-0.1176470588235294, 0.685994340570035]",58,78
ruth bader ginsburg,"[1.0, nan]",95,115
ruth bader ginsburg,"[1.0, -0.05882352941176469]",96,116
ruth bader ginsburg,"[1.0, -0.05882352941176469]",97,117
ruth bader ginsburg,"[1.0, -0.05882352941176469]",98,118
ruth bader ginsburg,"[1.0, -0.05882352941176469]",99,119
ruth bader ginsburg,"[1.0, -0.05882352941176469]",100,120
ruth bader ginsburg,"[1.0, -0.05882352941176469]",101,121
ruth bader ginsburg,"[0.9999999999999999, -0.05882352941176469]",102,122
ruth bader ginsburg,"[0.9999999999999999, -0.05882352941176469]",103,123
ruth bader ginsburg,"[0.9999999999999999, -0.05882352941176469]",104,124
ruth bader ginsburg,"[1.0, -0.05882352941176469]",105,125
ruth bader ginsburg,"[0.9999999999999999, -0.05882352941176469]",106,126
ruth bader ginsburg,"[0.9999999999999999, -0.05882352941176469]",107,127
ruth bader ginsburg,"[0.9999999999999999, -0.05882352941176468]",108,128
ruth bader ginsburg,"[1.0, -0.05882352941176468]",109,129
ruth bader ginsburg,"[0.9999999999999999, -0.05882352941176469]",110,130
ruth bader ginsburg,"[0.9999999999999999, -0.05882352941176469]",111,131
ruth bader ginsburg,"[0.9999999999999999, -0.05882352941176468]",112,132
ruth bader ginsburg,"[1.0, nan]",113,133
