americans,"[0.3128821696426213, 0.6262242910851493]",77,97
americans,"[0.44117647058823534, 0.6262242910851494]",78,98
americans,"[0.44117647058823545, 0.6645570174272214]",79,99
americans,"[0.4740949005905619, 0.7872573239902717]",80,100
americans,"[0.5220368976638745, nan]",84,104
americans,"[0.12365591397849462, 0.940892918948963]",85,105
americans,"[0.12365591397849464, 0.9408929189489629]",86,106
americans,"[0.28510247711988235, 0.8817848207518023]",87,107
americans,"[0.32776670100849276, 0.7510409442899901]",88,108
americans,"[0.3102000661760212, 0.6633249580710799]",89,109
americans,"[0.4682848037673723, 0.5006701916776904]",90,110
americans,"[0.6608634798925441, 0.2983508418321852]",92,112
americans,"[0.6645884196979195, 0.3052025160898246]",93,113
americans,"[0.6204143547052253, 0.3077766737177625]",94,114
americans,"[0.60371430421892, 0.2826479689307402]",95,115
americans,"[0.21644542605311687, 0.6199304198780667]",110,130
americans,"[-0.07942084189225325, 0.5775958979049243]",111,131
americans,"[0.07190590370889567, 0.50934493944419]",119,139
americans,"[0.10728526885571867, 0.5100000377218976]",120,140
americans,"[0.59770143950832, -0.04541515269578702]",124,144
americans,"[0.6068660849090084, -0.03566314758107461]",125,145
americans,"[0.6053142907110767, -0.0263066820882328]",126,146
americans,"[0.6046914166760676, -0.01727994780081253]",127,147
americans,"[0.6049173981197841, -2.165267360956675e-19]",128,148
americans,"[0.6210485287363118, -2.165267360956675e-19]",129,149
americans,"[0.6210485287363118, 0.054396048118347695]",130,150
donald trump,"[0.5159518264357448, -0.25112627414771127]",24,44
donald trump,"[0.2666666666666666, 0.5118906968889914]",76,96
hillary clinton,"[-0.21725017863742738, 0.564019190328506]",23,43
hillary clinton,"[-0.20100756305184242, 0.5833833511969478]",24,44
hillary clinton,"[-0.20100756305184242, 0.564019190328506]",25,45
hillary clinton,"[-0.20100756305184245, 0.564019190328506]",26,46
hillary clinton,"[-0.20100756305184242, 0.563160968655823]",27,47
hillary clinton,"[-0.20805340439721737, 0.5631609686558229]",28,48
hillary clinton,"[-0.20805340439721737, 0.5461186812727502]",29,49
hillary clinton,"[-0.20805340439721748, 0.544749058223573]",30,50
hillary clinton,"[-0.19440394783993473, 0.5636018619766344]",31,51
hillary clinton,"[-0.17496355305594133, 0.7216252726004873]",32,52
hillary clinton,"[-0.17633640396464953, 0.7216252726004873]",33,53
hillary clinton,"[-0.17633640396464956, 0.7196763181246415]",34,54
hillary clinton,"[-0.08084520834544433, 0.6859943405700353]",92,112
hillary clinton,"[-0.08084520834544433, 0.6859943405700352]",93,113
hillary clinton,"[-0.10206207261596577, 0.5423261445466405]",94,114
hillary clinton,"[-0.10206207261596577, 0.5423261445466405]",95,115
hillary clinton,"[-0.10206207261596577, 0.5423261445466405]",96,116
united states,"[0.2662174340325011, 0.5294117647058822]",0,20
united states,"[0.6635118348682447, -0.23354968324845687]",18,38
united states,"[0.6716371154852296, -0.06154574548966633]",19,39
united states,"[0.6635118348682447, -0.08058229640253801]",20,40
united states,"[0.6616167640139134, -0.2548235957188128]",21,41
united states,"[0.5443310539518175, -0.09653278674479047]",79,99
united states,"[0.5569620439008865, -0.08478155796818315]",80,100
united states,"[0.5709905915229427, -0.05882352941176469]",81,101
united states,"[0.9999999999999999, nan]",82,102
democratic party,"[0.22075791430770475, 0.5273280443046438]",13,33
democratic party,"[0.5333403464017483, 0.21081851067789192]",97,117
democratic party,"[0.5168390037803013, 0.21086394640171405]",98,118
democratic party,"[0.5168390037803011, 0.21086394640171408]",99,119
democratic party,"[0.5168390037803011, 0.21086394640171408]",100,120
democratic party,"[0.5014439479728897, 0.19111984392564738]",101,121
democratic party,"[0.5010559673853123, 0.18884294096235504]",113,133
democratic party,"[0.5010559673853124, 0.2608745973749754]",114,134
joe biden,"[-0.05555555555555556, 0.9999999999999999]",55,75
joe biden,"[-0.05555555555555556, 0.9999999999999997]",56,76
joe biden,"[-0.05555555555555555, 0.9999999999999999]",57,77
joe biden,"[-0.05555555555555555, 0.9999999999999999]",58,78
joe biden,"[-0.08084520834544434, 0.6859943405700354]",59,79
joe biden,"[-0.08084520834544434, 0.6859943405700353]",60,80
joe biden,"[-0.10206207261596577, 0.5423261445466404]",61,81
joe biden,"[0.5384428705088516, nan]",96,116
joe biden,"[0.6614404372920206, 0.4543511580539914]",97,117
joe biden,"[0.5323138289619324, 0.2910206710415109]",98,118
joe biden,"[0.5182449630257241, 0.2505779669233079]",99,119
joe biden,"[-0.08688100585711449, 0.6859943405700352]",135,155
joe biden,"[-0.10206207261596577, 0.5423261445466403]",136,156
joe biden,"[-0.10206207261596577, 0.5423261445466404]",137,157
iran,"[0.5443310539518176, -0.1084652289093281]",1,21
consumers,"[-0.11764705882352944, 0.6859943405700354]",75,95
consumers,"[-0.08084520834544434, 0.6859943405700354]",76,96
consumers,"[-0.08084520834544434, 0.6859943405700353]",77,97
consumers,"[-0.08084520834544436, 0.6859943405700352]",78,98
george floyd,"[0.530108900637791, 0.15296705882036488]",106,126
public,"[1.0, nan]",84,104
public,"[1.0, -0.05882352941176469]",85,105
public,"[1.0, -0.05882352941176469]",86,106
public,"[1.0, -0.05882352941176469]",87,107
public,"[0.6871842709362768, -0.08574929257125441]",88,108
public,"[0.5443310539518175, -0.10846522890932808]",89,109
public,"[0.5443310539518175, -0.10846522890932807]",90,110
public,"[0.5443310539518176, -0.10846522890932808]",91,111
north korea,"[-0.08084520834544433, 0.6859943405700353]",5,25
north korea,"[-0.08084520834544433, 0.6859943405700352]",6,26
north korea,"[-0.08084520834544433, 0.6859943405700354]",7,27
north korea,"[-0.08084520834544434, 0.6859943405700354]",8,28
north korea,"[-0.08084520834544434, 0.6859943405700354]",9,29
north korea,"[-0.08084520834544434, 0.685994340570035]",10,30
north korea,"[0.07763376175556716, 0.5700877125495688]",54,74
north korea,"[0.18448201388042726, 0.6614378277661477]",55,75
north korea,"[0.18448201388042726, 0.6614378277661475]",56,76
environment,"[0.5443310539518176, -0.10846522890932807]",112,132
environment,"[0.5443310539518176, -0.10846522890932807]",113,133
environment,"[0.5443310539518176, -0.10846522890932807]",114,134
environment,"[0.5443310539518176, -0.10846522890932807]",115,135
environment,"[0.5443310539518176, -0.10846522890932805]",116,136
environment,"[0.5443310539518176, -0.10846522890932805]",122,142
environment,"[0.5443310539518176, -0.08574929257125441]",123,143
environment,"[-0.05555555555555556, 0.9999999999999999]",136,156
environment,"[-0.08084520834544433, 0.6859943405700352]",137,157
environment,"[-0.08084520834544434, 0.6859943405700354]",138,158
environment,"[-0.08084520834544434, 0.6859943405700354]",139,159
environment,"[-0.08084520834544434, 0.6859943405700354]",140,160
environment,"[-0.08084520834544434, 0.6859943405700353]",141,161
environment,"[-0.1176470588235294, 0.6859943405700354]",142,162
lgbt community,"[0.5443310539518176, -0.10846522890932805]",76,96
lgbt community,"[0.5443310539518176, -0.10846522890932805]",77,97
lgbt community,"[0.5443310539518176, -0.10846522890932805]",78,98
lgbt community,"[0.5443310539518176, -0.10846522890932805]",79,99
lgbt community,"[0.5443310539518176, -0.0857492925712544]",80,100
lgbt community,"[0.6871842709362768, -0.05882352941176468]",81,101
lgbt community,"[1.0, nan]",82,102
women,"[-0.1217161238900369, 0.5423261445466404]",28,48
women,"[-0.10206207261596577, 0.5423261445466404]",29,49
women,"[-0.12171612389003691, 0.5423261445466404]",30,50
women,"[0.5443310539518175, -0.10846522890932807]",52,72
women,"[0.5443310539518175, -0.10846522890932807]",53,73
women,"[0.5443310539518175, -0.10846522890932807]",54,74
children,"[-0.14937635992171197, 0.6616591390145993]",59,79
children,"[-0.14937635992171197, 0.6616591390145992]",60,80
children,"[-0.16798421022632323, 0.6616591390145994]",61,81
children,"[-0.149376359921712, 0.6616591390145994]",62,82
children,"[-0.14937635992171203, 0.7001400420140049]",63,83
children,"[-0.13130643285972254, 0.7001400420140049]",64,84
children,"[-0.13130643285972254, 0.7001400420140049]",65,85
children,"[-0.13130643285972254, 0.7001400420140049]",66,86
children,"[-0.13130643285972254, 0.7001400420140049]",67,87
children,"[-0.13130643285972254, 0.7001400420140048]",68,88
children,"[-0.13130643285972254, 0.7481290972721262]",69,89
children,"[-0.11340230290662859, 0.7481290972721263]",70,90
children,"[-0.11340230290662859, 0.7481290972721263]",71,91
children,"[-0.11340230290662859, 0.8091547798786777]",72,92
children,"[-0.09523809523809523, 0.8091547798786777]",73,93
children,"[-0.09523809523809523, 0.889297291799888]",74,94
children,"[-0.07624928516630235, 0.8892972917998878]",75,95
children,"[-0.07624928516630232, 0.8892972917998878]",76,96
children,"[-0.20498001542269692, 0.5700877125495689]",125,145
children,"[-0.20498001542269692, 0.5700877125495689]",126,146
children,"[-0.25877458475338283, 0.5700877125495689]",127,147
children,"[-0.22360679774997896, 0.6]",130,150
children,"[-0.1875, 0.6]",131,151
children,"[-0.18749999999999994, 0.6]",132,152
children,"[-0.1875, 0.7905694150420945]",133,153
children,"[-0.14852213144650114, 0.7905694150420945]",134,154
children,"[-0.11764705882352938, 0.6859943405700353]",135,155
children,"[-0.08084520834544434, 0.685994340570035]",136,156
children,"[-0.08084520834544433, 0.6859943405700353]",137,157
children,"[-0.08084520834544434, 0.6859943405700353]",138,158
children,"[-0.08084520834544434, 0.6859943405700353]",139,159
children,"[-0.08084520834544434, 0.685994340570035]",140,160
russia,"[0.5443310539518176, -0.08574929257125441]",66,86
china,"[-0.05555555555555556, 0.9999999999999999]",148,168
puerto rico,"[1.0, nan]",142,162
puerto rico,"[0.6871842709362768, -0.05882352941176469]",143,163
puerto rico,"[0.7921180343813394, 0.43749999999999994]",144,164
puerto rico,"[0.7921180343813395, 0.3162277660168379]",145,165
puerto rico,"[0.7921180343813395, 0.3162277660168379]",146,166
puerto rico,"[0.7921180343813395, 0.3162277660168379]",147,167
puerto rico,"[0.7921180343813395, 0.3162277660168379]",148,168
bernie sanders,"[0.3253956867279843, 0.6057136482288454]",1,21
bernie sanders,"[0.4103049699311092, 0.6896946665240163]",2,22
bernie sanders,"[0.47777777777777775, 0.6941176470588234]",3,23
bernie sanders,"[0.48460030700039936, 0.6941176470588234]",4,24
bernie sanders,"[0.48460030700039924, 0.7001400420140048]",5,25
bernie sanders,"[0.49239912322395957, 0.7077251935053199]",6,26
bernie sanders,"[0.5011856786864703, 0.7077251935053199]",7,27
bernie sanders,"[0.5011856786864703, 0.8518957889040033]",8,28
taxpayers,"[0.16464638998453554, 0.5294117647058822]",31,51
taxpayers,"[0.18294043331615056, 0.5294117647058821]",32,52
taxpayers,"[0.18294043331615062, 0.5508226327552437]",33,53
taxpayers,"[0.20245779780388534, 0.5508226327552437]",34,54
taxpayers,"[0.20245779780388531, 0.5508226327552437]",35,55
taxpayers,"[0.20245779780388534, 0.5508226327552436]",36,56
taxpayers,"[0.20245779780388531, 0.5508226327552437]",37,57
taxpayers,"[0.04017536880041853, 0.5508226327552437]",38,58
taxpayers,"[-0.14193323895091486, 0.5892556509887896]",65,85
taxpayers,"[-0.11095900821829639, 0.5892556509887898]",66,86
taxpayers,"[-0.11095900821829639, 0.5892556509887896]",67,87
taxpayers,"[-0.11095900821829634, 0.5892556509887896]",68,88
taxpayers,"[-0.11095900821829639, 0.5892556509887895]",69,89
taxpayers,"[-0.11095900821829639, 0.5892556509887896]",70,90
taxpayers,"[-0.11095900821829639, 0.5892556509887895]",71,91
taxpayers,"[-0.11095900821829634, 0.5892556509887896]",72,92
taxpayers,"[-0.11095900821829639, 0.5892556509887895]",73,93
taxpayers,"[-0.11095900821829639, 0.5892556509887896]",74,94
taxpayers,"[-0.10206207261596577, 0.5423261445466404]",93,113
taxpayers,"[-0.10206207261596577, 0.5423261445466404]",94,114
taxpayers,"[-0.10206207261596577, 0.5423261445466405]",95,115
taxpayers,"[-0.10206207261596577, 0.5423261445466405]",96,116
taxpayers,"[-0.10206207261596577, 0.5423261445466405]",97,117
taxpayers,"[-0.10206207261596577, 0.5423261445466404]",98,118
taxpayers,"[-0.10206207261596577, 0.5423261445466405]",99,119
taxpayers,"[-0.10206207261596577, 0.5423261445466405]",100,120
taxpayers,"[-0.10206207261596577, 0.5423261445466405]",101,121
taxpayers,"[-0.10206207261596581, 0.5423261445466404]",102,122
taxpayers,"[-0.10206207261596578, 0.6859943405700354]",103,123
taxpayers,"[-0.1176470588235294, 0.6859943405700354]",104,124
taxpayers,"[-0.11764705882352944, 0.6859943405700354]",107,127
taxpayers,"[-0.08084520834544434, 0.6859943405700354]",108,128
taxpayers,"[-0.08084520834544434, 0.6859943405700353]",109,129
taxpayers,"[-0.08084520834544434, 0.6859943405700352]",110,130
congress,"[-0.10206207261596575, 0.5423261445466404]",3,23
congress,"[-0.1385917857350474, 0.51604684654214]",7,27
congress,"[-0.1385917857350474, 0.51604684654214]",8,28
congress,"[-0.1385917857350474, 0.5160468465421398]",9,29
venezuelan people,"[0.6871842709362768, -0.08574929257125438]",79,99
venezuelan people,"[0.6871842709362769, nan]",80,100
protesters,"[0.5220368976638745, nan]",88,108
protesters,"[0.5220368976638745, -0.08388269992021519]",89,109
protesters,"[0.5220368976638745, -0.08388269992021519]",90,110
protesters,"[0.5220368976638745, -0.08388269992021519]",91,111
protesters,"[0.5917813771642474, -0.08574929257125441]",106,126
syrian civilians,"[0.5443310539518174, nan]",36,56
syrian civilians,"[0.5443310539518175, -0.10846522890932808]",37,57
syrian civilians,"[0.5443310539518175, -0.10846522890932807]",38,58
syrian civilians,"[0.5443310539518175, -0.10846522890932808]",39,59
syrian civilians,"[0.5443310539518175, -0.10846522890932808]",40,60
syrian civilians,"[0.5443310539518175, -0.10846522890932808]",41,61
syrian civilians,"[0.5443310539518175, -0.10846522890932807]",42,62
syrian civilians,"[0.5443310539518176, -0.10846522890932808]",43,63
syrian civilians,"[0.5443310539518176, -0.10846522890932808]",44,64
syrian civilians,"[0.5443310539518176, -0.10846522890932808]",45,65
syrian civilians,"[0.5443310539518176, -0.10846522890932807]",46,66
syrian civilians,"[0.5443310539518176, -0.10846522890932807]",47,67
syrian civilians,"[0.5443310539518176, -0.10846522890932807]",48,68
syrian civilians,"[0.5443310539518176, -0.08574929257125441]",49,69
syrian civilians,"[0.687184270936277, -0.05882352941176468]",50,70
syrian civilians,"[0.9999999999999999, -0.05882352941176469]",51,71
syrian civilians,"[0.9999999999999999, -0.05882352941176469]",52,72
syrian civilians,"[0.9999999999999999, -0.05882352941176468]",53,73
syrian civilians,"[1.0, nan]",54,74
heather heyer,"[0.915872455797979, nan]",20,40
heather heyer,"[0.915872455797979, -0.07893862224383408]",21,41
heather heyer,"[0.9158724557979789, -0.07893862224383405]",22,42
heather heyer,"[0.9158724557979789, -0.07893862224383406]",23,43
heather heyer,"[0.9158724557979789, -0.07893862224383406]",24,44
heather heyer,"[0.9158724557979789, -0.07893862224383408]",25,45
heather heyer,"[0.9158724557979789, -0.07893862224383405]",26,46
heather heyer,"[0.9158724557979789, -0.07893862224383406]",27,47
heather heyer,"[0.9093343108499145, -0.08697078954838228]",28,48
heather heyer,"[0.9093343108499145, -0.08697078954838228]",29,49
heather heyer,"[0.9036899418122455, -0.09513029883089882]",30,50
heather heyer,"[0.8989331499509895, -0.10344536459388357]",31,51
heather heyer,"[0.8989331499509895, -0.10344536459388357]",32,52
heather heyer,"[0.8989331499509896, -0.10344536459388357]",33,53
heather heyer,"[0.8989331499509897, -0.10344536459388354]",34,54
heather heyer,"[0.8989331499509896, -0.10344536459388357]",35,55
heather heyer,"[0.8989331499509896, -0.10344536459388357]",36,56
heather heyer,"[0.8989331499509896, -0.08388269992021521]",37,57
heather heyer,"[0.9728869456463117, -0.10846522890932805]",38,58
students,"[-0.1217161238900369, 0.5423261445466405]",49,69
students,"[-0.10206207261596577, 0.5423261445466405]",50,70
students,"[-0.10206207261596577, 0.6859943405700354]",51,71
students,"[-0.08084520834544434, 0.6859943405700353]",52,72
students,"[-0.08084520834544434, 0.6859943405700354]",53,73
students,"[-0.08084520834544434, 0.6859943405700354]",54,74
students,"[-0.08084520834544434, 0.6859943405700353]",55,75
students,"[-0.08084520834544434, 0.685994340570035]",56,76
students,"[-0.08084520834544434, 0.6859943405700353]",57,77
students,"[-0.11764705882352938, 0.6859943405700353]",58,78
taiwan,"[-0.08084520834544433, 0.6859943405700353]",3,23
taiwan,"[-0.10206207261596577, 0.6859943405700353]",4,24
taiwan,"[-0.14852213144650114, 0.7905694150420948]",5,25
taiwan,"[-0.14852213144650114, 0.7905694150420949]",6,26
taiwan,"[-0.1875, 0.6]",7,27
taiwan,"[-0.18749999999999997, 0.6]",8,28
taiwan,"[-0.1875, 0.6]",9,29
taiwan,"[-0.1875, 0.6]",10,30
taiwan,"[-0.18749999999999997, 0.5999999999999999]",11,31
taiwan,"[-0.1875, 0.5999999999999999]",12,32
taiwan,"[-0.18749999999999997, 0.6]",13,33
taiwan,"[-0.18749999999999997, 0.6]",14,34
taiwan,"[-0.18749999999999997, 0.6]",15,35
taiwan,"[-0.18749999999999997, 0.6]",16,36
taiwan,"[-0.18749999999999997, 0.5999999999999999]",17,37
taiwan,"[-0.18749999999999997, 0.5999999999999999]",18,38
taiwan,"[-0.14852213144650112, 0.7905694150420945]",19,39
taiwan,"[-0.14852213144650112, 0.7905694150420945]",20,40
taiwan,"[-0.10206207261596578, 0.6859943405700353]",21,41
taiwan,"[-0.08084520834544434, 0.6859943405700352]",22,42
yemen,"[-0.11340230290662862, 0.5423261445466405]",31,51
yemen,"[-0.10206207261596577, 0.5423261445466405]",32,52
yemen,"[-0.1217161238900369, 0.5423261445466405]",41,61
woman,"[-0.10206207261596575, 0.5423261445466404]",36,56
woman,"[-0.08084520834544433, 0.6859943405700352]",37,57
woman,"[-0.10206207261596577, 0.6859943405700354]",38,58
woman,"[-0.10206207261596577, 0.5423261445466404]",39,59
woman,"[-0.10206207261596577, 0.5423261445466404]",40,60
woman,"[-0.10206207261596575, 0.5423261445466404]",41,61
woman,"[-0.10206207261596575, 0.5423261445466405]",42,62
woman,"[-0.10206207261596575, 0.5423261445466405]",43,63
woman,"[-0.10206207261596575, 0.5423261445466405]",44,64
woman,"[-0.10206207261596575, 0.5423261445466404]",45,65
woman,"[-0.10206207261596581, 0.5423261445466406]",46,66
woman,"[-0.08084520834544434, 0.6859943405700353]",47,67
woman,"[-0.10206207261596578, 0.6859943405700353]",48,68
woman,"[-0.10206207261596578, 0.5423261445466404]",49,69
woman,"[-0.1020620726159658, 0.5423261445466405]",50,70
woman,"[-0.10206207261596578, 0.5423261445466406]",51,71
woman,"[-0.10206207261596578, 0.5423261445466406]",52,72
woman,"[-0.10206207261596578, 0.5423261445466405]",53,73
israel,"[0.8095238095238094, nan]",4,24
israel,"[0.8095238095238094, -0.10114434748483472]",5,25
israel,"[0.8095238095238094, -0.10114434748483472]",6,26
israel,"[0.8095238095238095, -0.10114434748483472]",7,27
israel,"[0.8095238095238094, -0.08084520834544431]",8,28
israel,"[0.8895749936068608, -0.08084520834544431]",9,29
israel,"[0.8895749936068608, -0.08084520834544433]",10,30
israel,"[0.8895749936068607, -0.08084520834544431]",11,31
israel,"[0.8895749936068608, -0.08084520834544431]",12,32
israel,"[0.8095238095238094, -0.08084520834544434]",13,33
israel,"[0.8095238095238094, -0.10114434748483467]",14,34
israel,"[0.8095238095238094, -0.10114434748483467]",15,35
israel,"[0.8095238095238095, -0.10114434748483467]",16,36
israel,"[0.8095238095238095, -0.10114434748483467]",17,37
israel,"[0.8095238095238096, -0.10114434748483467]",18,38
israel,"[0.8095238095238095, -0.10114434748483467]",19,39
israel,"[0.8095238095238094, -0.10114434748483467]",20,40
israel,"[0.8095238095238094, -0.10114434748483467]",21,41
israel,"[0.8095238095238094, -0.08574929257125441]",22,42
israel,"[0.6871842709362768, nan]",110,130
israel,"[0.6871842709362768, -0.08574929257125441]",111,131
israel,"[0.6871842709362768, -0.08574929257125441]",112,132
israel,"[0.6871842709362768, -0.08574929257125442]",113,133
israel,"[0.6871842709362768, -0.08574929257125442]",114,134
israel,"[0.6871842709362768, -0.0857492925712544]",115,135
israel,"[0.6871842709362769, -0.08574929257125441]",124,144
israel,"[0.6871842709362768, -0.08574929257125442]",125,145
israel,"[0.6871842709362768, -0.08574929257125441]",126,146
israel,"[0.6871842709362768, -0.08574929257125438]",127,147
israel,"[0.6871842709362769, nan]",128,148
migrants,"[1.0, nan]",142,162
migrants,"[0.8895749936068607, 0.40422604172722176]",143,163
migrants,"[0.8895749936068605, 0.4042260417272216]",144,164
migrants,"[0.8895749936068607, 0.4042260417272217]",145,165
migrants,"[0.8895749936068608, 0.4042260417272217]",146,166
migrants,"[0.8895749936068607, 0.4042260417272217]",147,167
migrants,"[0.8895749936068608, 0.4042260417272216]",148,168
passengers,"[-0.08084520834544433, 0.6859943405700352]",21,41
passengers,"[-0.08084520834544433, 0.685994340570035]",22,42
passengers,"[-0.08084520834544434, 0.6859943405700353]",23,43
passengers,"[-0.08084520834544434, 0.9999999999999999]",24,44
passengers,"[-0.05555555555555555, 0.9999999999999999]",25,45
passengers,"[-0.05555555555555555, 0.9999999999999997]",26,46
passengers,"[-0.05555555555555555, 0.9999999999999999]",27,47
passengers,"[-0.05555555555555555, 0.9999999999999999]",28,48
passengers,"[-0.05555555555555555, 0.9999999999999999]",29,49
passengers,"[-0.055555555555555566, 0.9999999999999997]",30,50
passengers,"[-0.055555555555555566, 0.9999999999999999]",31,51
passengers,"[-0.05555555555555555, 0.9999999999999999]",32,52
passengers,"[-0.05555555555555555, 0.9999999999999999]",33,53
passengers,"[-0.055555555555555566, 0.9999999999999997]",34,54
passengers,"[-0.055555555555555566, 0.9999999999999999]",35,55
passengers,"[-0.05555555555555555, 0.9999999999999999]",36,56
passengers,"[-0.05555555555555555, 0.9999999999999999]",37,57
passengers,"[-0.055555555555555566, 0.9999999999999997]",38,58
mexico,"[0.5443310539518174, nan]",42,62
mexico,"[0.5443310539518175, -0.10846522890932808]",43,63
mexico,"[0.5443310539518175, -0.10846522890932807]",44,64
mexico,"[0.5443310539518175, -0.10846522890932807]",45,65
mexico,"[0.5443310539518175, -0.10846522890932807]",46,66
mexico,"[0.5443310539518175, -0.10846522890932807]",47,67
farmers,"[-0.10206207261596575, 0.5423261445466404]",47,67
farmers,"[-0.10206207261596577, 0.5423261445466404]",48,68
farmers,"[-0.10206207261596577, 0.5423261445466405]",49,69
working class,"[-0.05555555555555555, 0.9999999999999999]",0,20
working class,"[-0.05555555555555555, 0.9999999999999999]",1,21
working class,"[-0.08084520834544434, 0.6859943405700353]",2,22
working class,"[-0.08084520834544434, 0.6859943405700354]",3,23
working class,"[-0.08084520834544434, 0.6859943405700354]",4,24
working class,"[-0.08084520834544434, 0.6859943405700354]",5,25
working class,"[-0.08084520834544434, 0.6859943405700353]",6,26
working class,"[-0.10206207261596578, 0.5423261445466405]",7,27
working class,"[-0.10206207261596578, 0.5423261445466405]",8,28
working class,"[-0.10206207261596578, 0.5423261445466406]",9,29
working class,"[-0.10206207261596581, 0.5423261445466405]",10,30
working class,"[-0.10206207261596578, 0.5423261445466406]",11,31
working class,"[-0.10206207261596578, 0.5423261445466406]",12,32
working class,"[-0.10206207261596578, 0.5423261445466406]",13,33
working class,"[-0.10206207261596581, 0.5423261445466405]",14,34
economy,"[-0.08084520834544434, 0.6859943405700354]",0,20
economy,"[-0.10206207261596577, 0.5423261445466405]",1,21
economy,"[-0.10206207261596577, 0.5423261445466404]",2,22
economy,"[-0.10206207261596577, 0.5423261445466405]",3,23
economy,"[-0.10206207261596577, 0.5423261445466405]",4,24
economy,"[-0.10206207261596577, 0.5423261445466405]",5,25
economy,"[-0.10206207261596581, 0.5423261445466404]",6,26
economy,"[-0.10206207261596578, 0.5423261445466405]",7,27
economy,"[-0.10206207261596577, 0.5423261445466405]",8,28
economy,"[-0.10206207261596578, 0.5423261445466405]",9,29
economy,"[-0.14852213144650114, 0.5423261445466404]",10,30
muslims,"[-0.055555555555555566, 0.9999999999999997]",0,20
victim,"[-0.10206207261596577, 0.5423261445466404]",136,156
victim,"[-0.10206207261596577, 0.5423261445466404]",137,157
victim,"[-0.10206207261596577, 0.5423261445466404]",138,158
victim,"[-0.10206207261596577, 0.5423261445466404]",139,159
victim,"[-0.10206207261596577, 0.5423261445466405]",140,160
victim,"[-0.10206207261596577, 0.5423261445466404]",141,161
victim,"[-0.10206207261596577, 0.5423261445466405]",142,162
victim,"[-0.10206207261596577, 0.5423261445466405]",143,163
victim,"[-0.10206207261596577, 0.5423261445466405]",144,164
victim,"[-0.10206207261596581, 0.5423261445466404]",145,165
victim,"[-0.10206207261596578, 0.5423261445466406]",146,166
victim,"[-0.10206207261596578, 0.5423261445466406]",147,167
victim,"[-0.10206207261596578, 0.5423261445466406]",148,168
covid-19,"[-0.05555555555555556, 0.9999999999999999]",85,105
covid-19,"[-0.08084520834544433, 0.9999999999999997]",86,106
covid-19,"[-0.08084520834544433, 0.6859943405700354]",87,107
covid-19,"[-0.08084520834544434, 0.6859943405700354]",88,108
covid-19,"[-0.08084520834544434, 0.6859943405700354]",89,109
covid-19,"[-0.08084520834544434, 0.6859943405700353]",90,110
covid-19,"[-0.08084520834544434, 0.6859943405700354]",91,111
covid-19,"[-0.08084520834544434, 0.6859943405700354]",92,112
covid-19,"[-0.08084520834544434, 0.6859943405700354]",93,113
covid-19,"[-0.08084520834544434, 0.6859943405700353]",94,114
covid-19,"[-0.08084520834544434, 0.6859943405700354]",95,115
covid-19,"[-0.10206207261596578, 0.6859943405700353]",96,116
covid-19,"[-0.10206207261596577, 0.5423261445466406]",97,117
covid-19,"[-0.10206207261596578, 0.5423261445466405]",98,118
covid-19,"[-0.1020620726159658, 0.5423261445466406]",99,119
covid-19,"[-0.10206207261596578, 0.5423261445466406]",100,120
covid-19,"[-0.10206207261596577, 0.5423261445466406]",101,121
covid-19,"[-0.10206207261596578, 0.5423261445466405]",102,122
black people,"[1.0, nan]",88,108
black people,"[0.4066628542202791, 0.8892972917998878]",89,109
black people,"[0.4066628542202791, 0.8892972917998875]",90,110
black people,"[0.40666285422027915, 0.8892972917998876]",91,111
black people,"[0.4066628542202791, 0.8892972917998876]",92,112
black people,"[0.40666285422027915, 0.8892972917998876]",93,113
black people,"[0.40666285422027915, 0.8892972917998875]",94,114
black people,"[0.40666285422027915, 0.8892972917998876]",95,115
black people,"[0.4066628542202791, 0.8892972917998876]",96,116
black people,"[0.40666285422027915, 0.8892972917998876]",97,117
black people,"[0.40666285422027915, 0.8892972917998875]",98,118
black people,"[0.40666285422027915, 0.8892972917998877]",99,119
black people,"[0.4066628542202791, 0.8892972917998877]",100,120
black people,"[0.40666285422027915, 0.8892972917998877]",101,121
black people,"[0.40666285422027915, 0.8892972917998876]",102,122
black people,"[0.40666285422027915, 0.8892972917998877]",103,123
black people,"[0.4066628542202791, 0.8892972917998877]",104,124
black people,"[0.40666285422027915, 0.8892972917998877]",105,125
black people,"[0.35714285714285715, 0.8892972917998878]",106,126
african americans,"[0.5443310539518175, -0.10846522890932808]",0,20
african americans,"[0.5443310539518175, -0.10846522890932807]",1,21
african americans,"[0.5443310539518175, -0.10846522890932807]",2,22
african americans,"[0.5443310539518175, -0.10846522890932807]",3,23
african americans,"[0.5443310539518175, -0.10846522890932807]",4,24
african americans,"[0.5443310539518175, -0.10846522890932808]",5,25
african americans,"[0.5443310539518176, -0.10846522890932805]",11,31
african americans,"[0.5443310539518176, -0.10846522890932805]",12,32
african americans,"[0.5443310539518176, -0.10846522890932805]",13,33
african americans,"[0.5443310539518176, -0.10846522890932805]",14,34
african americans,"[0.5443310539518176, -0.0857492925712544]",15,35
african americans,"[0.6871842709362768, -0.0857492925712544]",16,36
african americans,"[0.6871842709362769, -0.05882352941176468]",17,37
african americans,"[-0.08084520834544433, 0.6859943405700352]",20,40
african americans,"[-0.08084520834544433, 0.685994340570035]",21,41
african americans,"[-0.08084520834544434, 0.6859943405700354]",22,42
african americans,"[-0.08084520834544434, 0.6859943405700353]",23,43
african americans,"[-0.08084520834544434, 0.9999999999999999]",24,44
african americans,"[-0.05555555555555555, 0.9999999999999997]",25,45
african americans,"[-0.05555555555555555, 0.9999999999999999]",26,46
african americans,"[-0.05555555555555555, 0.9999999999999999]",27,47
african americans,"[-0.05555555555555555, 0.9999999999999999]",28,48
african americans,"[-0.055555555555555566, 0.9999999999999997]",29,49
african americans,"[-0.055555555555555566, 0.9999999999999999]",30,50
african americans,"[-0.05555555555555555, 0.9999999999999999]",31,51
african americans,"[-0.05555555555555555, 0.9999999999999999]",32,52
african americans,"[-0.055555555555555566, 0.9999999999999997]",33,53
african americans,"[-0.055555555555555566, 0.9999999999999999]",34,54
african americans,"[-0.05555555555555555, 0.9999999999999999]",35,55
african americans,"[-0.05555555555555555, 0.9999999999999999]",36,56
african americans,"[-0.055555555555555566, 0.9999999999999997]",37,57
african americans,"[0.5443310539518174, nan]",44,64
african americans,"[0.5443310539518175, -0.10846522890932808]",45,65
african americans,"[0.5443310539518175, -0.10846522890932807]",46,66
african americans,"[0.5443310539518175, -0.10846522890932807]",47,67
african americans,"[0.5443310539518175, -0.10846522890932807]",48,68
african americans,"[0.5443310539518175, -0.10846522890932807]",49,69
african americans,"[0.5443310539518175, -0.10846522890932808]",50,70
african americans,"[0.5443310539518176, -0.10846522890932805]",51,71
african americans,"[0.5443310539518176, -0.10846522890932805]",52,72
african americans,"[0.5443310539518176, -0.10846522890932805]",53,73
african americans,"[0.5443310539518176, -0.10846522890932808]",54,74
african americans,"[0.5443310539518176, -0.10846522890932805]",55,75
african americans,"[0.5443310539518176, -0.0857492925712544]",56,76
african americans,"[0.6871842709362768, -0.0857492925712544]",57,77
african americans,"[0.6871842709362769, -0.08574929257125438]",58,78
african americans,"[0.6871842709362768, -0.05882352941176469]",59,79
african americans,"[0.9999999999999999, -0.05882352941176469]",60,80
african americans,"[0.9999999999999999, -0.05882352941176468]",61,81
african americans,"[1.0, nan]",62,82
apple,"[-0.08084520834544433, 0.6859943405700353]",103,123
apple,"[-0.08084520834544433, 0.6859943405700352]",104,124
apple,"[-0.08084520834544434, 0.6859943405700354]",105,125
apple,"[-0.08084520834544434, 0.6859943405700354]",106,126
apple,"[-0.08084520834544434, 0.6859943405700353]",107,127
apple,"[-0.08084520834544434, 0.685994340570035]",108,128
apple,"[-0.08084520834544434, 0.6859943405700353]",109,129
apple,"[-0.08084520834544434, 0.6859943405700354]",110,130
apple,"[-0.08084520834544434, 0.6859943405700353]",111,131
apple,"[-0.08084520834544434, 0.685994340570035]",112,132
apple,"[-0.08084520834544434, 0.6859943405700353]",113,133
apple,"[-0.08084520834544434, 0.9999999999999999]",114,134
apple,"[-0.05555555555555555, 0.9999999999999999]",115,135
apple,"[-0.08084520834544434, 0.9999999999999997]",116,136
apple,"[-0.08084520834544433, 0.6859943405700353]",117,137
apple,"[-0.08084520834544434, 0.6859943405700353]",118,138
apple,"[-0.08084520834544434, 0.6859943405700354]",119,139
apple,"[-0.08084520834544434, 0.6859943405700352]",120,140
jacob blake,"[0.5220368976638745, nan]",93,113
ivanka trump,"[-0.1217161238900369, 0.5423261445466404]",16,36
ivanka trump,"[-0.10206207261596577, 0.5423261445466404]",17,37
ivanka trump,"[-0.10206207261596581, 0.5423261445466403]",18,38
ivanka trump,"[-0.10206207261596578, 0.5423261445466405]",19,39
ivanka trump,"[-0.10206207261596578, 0.6859943405700354]",20,40
ivanka trump,"[-0.08084520834544434, 0.6859943405700353]",21,41
ivanka trump,"[-0.08084520834544434, 0.6859943405700352]",22,42
ivanka trump,"[-0.08084520834544434, 0.6859943405700354]",23,43
ivanka trump,"[-0.08084520834544434, 0.6859943405700354]",24,44
ivanka trump,"[-0.08084520834544434, 0.6859943405700353]",25,45
ivanka trump,"[-0.08084520834544434, 0.6859943405700352]",26,46
britney spears,"[-0.05555555555555556, 0.9999999999999999]",95,115
britney spears,"[-0.05555555555555556, 0.9999999999999997]",96,116
britney spears,"[-0.05555555555555555, 0.9999999999999999]",97,117
britney spears,"[-0.05555555555555555, 0.9999999999999999]",98,118
britney spears,"[-0.05555555555555555, 0.9999999999999999]",99,119
britney spears,"[-0.05555555555555555, 0.9999999999999997]",100,120
britney spears,"[-0.05555555555555555, 0.9999999999999999]",101,121
britney spears,"[-0.05555555555555555, 0.9999999999999999]",102,122
britney spears,"[-0.05555555555555555, 0.9999999999999999]",103,123
britney spears,"[-0.055555555555555566, 0.9999999999999997]",104,124
britney spears,"[-0.055555555555555566, 0.9999999999999999]",105,125
britney spears,"[-0.05555555555555555, 0.9999999999999999]",106,126
britney spears,"[-0.05555555555555555, 0.9999999999999999]",107,127
britney spears,"[-0.055555555555555566, 0.9999999999999997]",108,128
britney spears,"[-0.055555555555555566, 0.9999999999999999]",109,129
britney spears,"[-0.05555555555555555, 0.9999999999999999]",110,130
britney spears,"[-0.05555555555555555, 0.9999999999999999]",111,131
britney spears,"[-0.055555555555555566, 0.9999999999999997]",112,132
michigan,"[0.6871842709362768, 0.9999999999999999]",97,117
michigan,"[0.6871842709362768, 0.6859943405700352]",98,118
michigan,"[0.6871842709362768, 0.6859943405700354]",99,119
michigan,"[0.6871842709362768, 0.6859943405700354]",100,120
michigan,"[0.6871842709362768, 0.6859943405700354]",101,121
michigan,"[0.6871842709362768, 0.6859943405700353]",102,122
michigan,"[0.6871842709362768, 0.6859943405700354]",103,123
michigan,"[0.6871842709362768, 0.6859943405700354]",104,124
michigan,"[0.6871842709362768, 0.6859943405700354]",105,125
michigan,"[0.6871842709362768, 0.6859943405700353]",106,126
michigan,"[0.6871842709362769, 0.6859943405700353]",107,127
michigan,"[0.6871842709362768, 0.6859943405700353]",108,128
michigan,"[0.6871842709362768, 0.6859943405700353]",109,129
michigan,"[0.6871842709362768, 0.685994340570035]",110,130
michigan,"[0.6871842709362769, 0.6859943405700353]",111,131
michigan,"[0.6871842709362768, 0.6859943405700353]",112,132
michigan,"[0.6871842709362768, 0.6859943405700353]",113,133
michigan,"[0.6871842709362769, -0.058823529411764684]",115,135
michigan,"[-0.08084520834544433, 0.6859943405700353]",123,143
michigan,"[-0.08084520834544433, 0.685994340570035]",124,144
michigan,"[-0.08084520834544434, 0.6859943405700354]",125,145
michigan,"[-0.08084520834544434, 0.6859943405700353]",126,146
michigan,"[-0.08084520834544434, 0.6859943405700353]",127,147
michigan,"[-0.08084520834544434, 0.685994340570035]",128,148
michigan,"[-0.08084520834544434, 0.6859943405700354]",129,149
michigan,"[-0.08084520834544434, 0.6859943405700353]",130,150
michigan,"[-0.08084520834544434, 0.6859943405700353]",131,151
michigan,"[-0.08084520834544433, 0.9999999999999997]",132,152
michigan,"[-0.055555555555555566, 0.9999999999999999]",133,153
michigan,"[-0.05555555555555555, 0.9999999999999999]",134,154
michigan,"[-0.05555555555555555, 0.9999999999999999]",135,155
michigan,"[-0.055555555555555566, 0.9999999999999997]",136,156
michigan,"[-0.055555555555555566, 0.9999999999999999]",137,157
michigan,"[-0.05555555555555555, 0.9999999999999999]",138,158
michigan,"[-0.05555555555555555, 0.9999999999999999]",139,159
michigan,"[-0.055555555555555566, 0.9999999999999997]",140,160
qatar,"[0.5443310539518176, -0.0857492925712544]",35,55
qatar,"[0.5443310539518176, -0.0857492925712544]",36,56
qatar,"[0.6871842709362769, -0.058823529411764684]",37,57
isis,"[0.6871842709362769, -0.05882352941176469]",15,35
hunter biden,"[0.5443310539518175, -0.08574929257125438]",114,134
tiktok,"[-0.05555555555555556, 0.9999999999999999]",91,111
tiktok,"[-0.06826932670992003, 0.9999999999999997]",92,112
tiktok,"[-0.09934646294640045, 0.8436490812191955]",93,113
tiktok,"[-0.12541876164199708, 0.6669631606402602]",94,114
tiktok,"[-0.1254187616419971, 0.6669631606402603]",95,115
tiktok,"[-0.1254187616419971, 0.6669631606402603]",96,116
tiktok,"[-0.1254187616419971, 0.6669631606402603]",97,117
tiktok,"[-0.1254187616419971, 0.6669631606402603]",98,118
tiktok,"[-0.1254187616419971, 0.6669631606402603]",99,119
tiktok,"[-0.1254187616419971, 0.6669631606402603]",100,120
tiktok,"[-0.1254187616419971, 0.6669631606402603]",101,121
tiktok,"[-0.1254187616419971, 0.6669631606402603]",102,122
tiktok,"[-0.1254187616419971, 0.6669631606402603]",103,123
tiktok,"[-0.1254187616419971, 0.6669631606402603]",104,124
tiktok,"[-0.1254187616419971, 0.6669631606402603]",105,125
tiktok,"[-0.1254187616419971, 0.6669631606402603]",106,126
tiktok,"[-0.1254187616419971, 0.6669631606402603]",107,127
tiktok,"[-0.1254187616419971, 0.6669631606402603]",108,128
tiktok,"[-0.10206207261596578, 0.6859943405700353]",109,129
tiktok,"[-0.08084520834544434, 0.685994340570035]",110,130
nasa,"[-0.05555555555555556, 0.9999999999999999]",63,83
nasa,"[-0.05555555555555556, 0.9999999999999997]",64,84
nasa,"[-0.05555555555555555, 0.9999999999999999]",65,85
nasa,"[-0.05555555555555555, 0.9999999999999999]",66,86
nasa,"[-0.05555555555555555, 0.9999999999999999]",67,87
nasa,"[-0.05555555555555555, 0.9999999999999997]",68,88
nasa,"[-0.05555555555555555, 0.9999999999999999]",69,89
nasa,"[-0.05555555555555555, 0.9999999999999999]",70,90
nasa,"[-0.05555555555555555, 0.9999999999999999]",71,91
nasa,"[-0.055555555555555566, 0.9999999999999997]",72,92
nasa,"[-0.055555555555555566, 0.9999999999999999]",73,93
nasa,"[-0.05555555555555555, 0.9999999999999999]",74,94
nasa,"[-0.05555555555555555, 0.9999999999999999]",75,95
nasa,"[-0.055555555555555566, 0.9999999999999997]",76,96
nasa,"[-0.055555555555555566, 0.9999999999999999]",77,97
nasa,"[-0.05555555555555555, 0.9999999999999999]",78,98
nasa,"[-0.05555555555555555, 0.9999999999999999]",79,99
nasa,"[-0.055555555555555566, 0.9999999999999997]",80,100
brazil,"[-0.05555555555555556, 0.9999999999999999]",89,109
brazil,"[-0.05555555555555556, 0.9999999999999997]",90,110
brazil,"[-0.05555555555555555, 0.9999999999999999]",91,111
brazil,"[-0.05555555555555555, 0.9999999999999999]",92,112
brazil,"[-0.05555555555555555, 0.9999999999999999]",93,113
brazil,"[-0.05555555555555555, 0.9999999999999997]",94,114
brazil,"[-0.05555555555555555, 0.9999999999999999]",95,115
brazil,"[-0.05555555555555555, 0.9999999999999999]",96,116
brazil,"[-0.05555555555555555, 0.9999999999999999]",97,117
brazil,"[-0.055555555555555566, 0.9999999999999997]",98,118
brazil,"[-0.055555555555555566, 0.9999999999999999]",99,119
brazil,"[-0.05555555555555555, 0.9999999999999999]",100,120
brazil,"[-0.05555555555555555, 0.9999999999999999]",101,121
brazil,"[-0.08084520834544434, 0.9999999999999997]",102,122
brazil,"[-0.08084520834544433, 0.6859943405700353]",103,123
brazil,"[-0.08084520834544434, 0.6859943405700353]",104,124
brazil,"[-0.08084520834544434, 0.6859943405700354]",105,125
brazil,"[-0.08084520834544434, 0.6859943405700352]",106,126
kashmiris,"[-0.08084520834544433, 0.6859943405700352]",17,37
kashmiris,"[-0.10206207261596577, 0.5423261445466403]",18,38
kashmiris,"[-0.10206207261596577, 0.5423261445466404]",19,39
kashmiris,"[-0.10206207261596577, 0.5423261445466405]",20,40
kashmiris,"[-0.10206207261596575, 0.5423261445466405]",21,41
kashmiris,"[-0.10206207261596575, 0.6859943405700353]",22,42
kashmiris,"[-0.08084520834544434, 0.6859943405700354]",23,43
kashmiris,"[-0.08084520834544434, 0.6859943405700354]",24,44
kashmiris,"[-0.08084520834544434, 0.6859943405700354]",25,45
kashmiris,"[-0.08084520834544434, 0.6859943405700353]",26,46
kashmiris,"[-0.08084520834544434, 0.6859943405700353]",27,47
kashmiris,"[-0.08084520834544434, 0.6859943405700353]",28,48
kashmiris,"[-0.08084520834544434, 0.6859943405700353]",29,49
kashmiris,"[-0.08084520834544434, 0.685994340570035]",30,50
kashmiris,"[-0.08084520834544434, 0.6859943405700353]",31,51
kashmiris,"[-0.08084520834544434, 0.6859943405700353]",32,52
kashmiris,"[-0.08084520834544434, 0.6859943405700353]",33,53
kashmiris,"[-0.08084520834544434, 0.685994340570035]",34,54
california residents,"[-0.05555555555555556, 0.9999999999999999]",27,47
california residents,"[-0.05555555555555556, 0.9999999999999997]",28,48
california residents,"[-0.05555555555555555, 0.9999999999999999]",29,49
california residents,"[-0.05555555555555555, 0.9999999999999999]",30,50
california residents,"[-0.05555555555555555, 0.9999999999999999]",31,51
california residents,"[-0.05555555555555555, 0.9999999999999997]",32,52
california residents,"[-0.05555555555555555, 0.9999999999999999]",33,53
california residents,"[-0.05555555555555555, 0.9999999999999999]",34,54
california residents,"[-0.05555555555555555, 0.9999999999999999]",35,55
california residents,"[-0.055555555555555566, 0.9999999999999997]",36,56
california residents,"[-0.055555555555555566, 0.9999999999999999]",37,57
california residents,"[-0.05555555555555555, 0.9999999999999999]",38,58
california residents,"[-0.05555555555555555, 0.9999999999999999]",39,59
california residents,"[-0.055555555555555566, 0.9999999999999997]",40,60
california residents,"[-0.055555555555555566, 0.9999999999999999]",41,61
california residents,"[-0.05555555555555555, 0.9999999999999999]",42,62
california residents,"[-0.08084520834544434, 0.6859943405700353]",43,63
california residents,"[-0.08084520834544433, 0.685994340570035]",44,64
country,"[1.0, nan]",48,68
country,"[1.0, -0.05882352941176469]",49,69
country,"[1.0, -0.05882352941176469]",50,70
country,"[1.0, -0.05882352941176469]",51,71
country,"[1.0, -0.05882352941176469]",52,72
country,"[1.0, -0.05882352941176469]",53,73
country,"[1.0, -0.05882352941176469]",54,74
country,"[0.9999999999999999, -0.05882352941176469]",55,75
country,"[0.9999999999999999, -0.05882352941176469]",56,76
country,"[0.9999999999999999, -0.05882352941176469]",57,77
country,"[1.0, -0.05882352941176469]",58,78
country,"[0.9999999999999999, -0.05882352941176469]",59,79
country,"[0.9999999999999999, -0.05882352941176469]",60,80
country,"[0.9999999999999999, -0.05882352941176468]",61,81
country,"[1.0, -0.05882352941176468]",62,82
country,"[0.9999999999999999, -0.05882352941176469]",63,83
country,"[0.9999999999999999, -0.05882352941176469]",64,84
country,"[0.9999999999999999, -0.05882352941176468]",65,85
country,"[1.0, nan]",66,86
twitter,"[0.6871842709362768, -0.05882352941176469]",146,166
twitter,"[0.6871842709362768, -0.08574929257125441]",147,167
twitter,"[0.6871842709362768, -0.08574929257125441]",148,168
author,"[-0.10206207261596577, 0.5423261445466404]",19,39
author,"[-0.10206207261596577, 0.685994340570035]",20,40
author,"[-0.08084520834544434, 0.6859943405700354]",21,41
author,"[-0.08084520834544434, 0.6859943405700354]",22,42
author,"[-0.08084520834544434, 0.6859943405700353]",23,43
author,"[-0.08084520834544434, 0.6859943405700352]",24,44
author,"[-0.08084520834544434, 0.9999999999999999]",25,45
author,"[-0.05555555555555555, 0.9999999999999999]",26,46
author,"[-0.05555555555555555, 0.9999999999999999]",27,47
author,"[-0.055555555555555566, 0.9999999999999997]",28,48
author,"[-0.055555555555555566, 0.9999999999999999]",29,49
author,"[-0.05555555555555555, 0.9999999999999999]",30,50
author,"[-0.05555555555555555, 0.9999999999999999]",31,51
author,"[-0.055555555555555566, 0.9999999999999997]",32,52
author,"[-0.055555555555555566, 0.9999999999999999]",33,53
author,"[-0.05555555555555555, 0.9999999999999999]",34,54
author,"[-0.05555555555555555, 0.9999999999999999]",35,55
author,"[-0.08084520834544433, 0.685994340570035]",36,56
nra,"[1.0, nan]",33,53
nra,"[0.6871842709362768, 0.6859943405700353]",34,54
nra,"[0.6871842709362768, 0.6859943405700353]",35,55
nra,"[0.6871842709362768, 0.6859943405700354]",36,56
nra,"[0.6871842709362768, 0.6859943405700354]",37,57
nra,"[0.6871842709362768, 0.6859943405700354]",38,58
nra,"[0.6871842709362768, 0.6859943405700353]",39,59
nra,"[0.6871842709362768, 0.6859943405700354]",40,60
nra,"[0.5443310539518176, 0.5423261445466404]",41,61
nra,"[0.5443310539518176, 0.5423261445466404]",42,62
nra,"[0.5443310539518175, 0.5423261445466404]",43,63
nra,"[0.5443310539518176, 0.5423261445466406]",44,64
nra,"[0.5443310539518176, 0.5423261445466406]",45,65
nra,"[0.5443310539518176, 0.5423261445466406]",46,66
nra,"[0.5443310539518176, 0.5423261445466405]",47,67
nra,"[0.5443310539518176, 0.5423261445466406]",48,68
nra,"[0.5443310539518176, 0.5423261445466406]",49,69
nra,"[0.5443310539518176, 0.5423261445466406]",50,70
nra,"[0.5443310539518176, 0.685994340570035]",51,71
asylum-seekers,"[0.6871842709362768, nan]",54,74
asylum-seekers,"[0.6871842709362768, -0.08574929257125441]",55,75
asylum-seekers,"[0.6871842709362768, -0.0857492925712544]",56,76
asylum-seekers,"[0.6871842709362768, -0.08574929257125442]",57,77
asylum-seekers,"[0.6871842709362768, -0.08574929257125442]",58,78
asylum-seekers,"[0.6871842709362768, -0.08574929257125442]",59,79
asylum-seekers,"[0.6871842709362768, -0.0857492925712544]",60,80
asylum-seekers,"[0.6871842709362768, -0.08574929257125442]",61,81
asylum-seekers,"[0.6871842709362768, -0.08574929257125442]",62,82
asylum-seekers,"[0.6871842709362768, -0.0857492925712544]",63,83
asylum-seekers,"[0.6871842709362769, -0.08574929257125438]",64,84
asylum-seekers,"[0.6871842709362768, -0.0857492925712544]",65,85
asylum-seekers,"[0.6871842709362768, -0.0857492925712544]",66,86
asylum-seekers,"[0.6871842709362768, -0.0857492925712544]",67,87
asylum-seekers,"[0.6871842709362769, -0.08574929257125438]",68,88
asylum-seekers,"[0.6871842709362768, -0.0857492925712544]",69,89
asylum-seekers,"[0.6871842709362768, -0.0857492925712544]",70,90
asylum-seekers,"[0.6871842709362768, -0.05882352941176468]",71,91
asylum-seekers,"[1.0, nan]",72,92
google employees,"[1.0, nan]",50,70
google employees,"[0.9999999999999999, -0.05882352941176469]",51,71
google employees,"[0.9999999999999999, -0.0588235294117647]",52,72
google employees,"[1.0, -0.05882352941176469]",53,73
google employees,"[1.0, -0.05882352941176469]",54,74
google employees,"[1.0, -0.05882352941176469]",55,75
google employees,"[0.9999999999999999, -0.05882352941176469]",56,76
google employees,"[0.9999999999999998, -0.05882352941176469]",57,77
google employees,"[0.9999999999999998, -0.05882352941176469]",58,78
google employees,"[0.9999999999999998, -0.05882352941176469]",59,79
google employees,"[0.9999999999999999, -0.05882352941176469]",60,80
google employees,"[0.9999999999999998, -0.05882352941176469]",61,81
google employees,"[0.9999999999999998, -0.05882352941176469]",62,82
google employees,"[0.9999999999999998, -0.058823529411764705]",63,83
google employees,"[0.9999999999999999, -0.05882352941176469]",64,84
google employees,"[0.9999999999999998, -0.05882352941176469]",65,85
google employees,"[0.9999999999999998, -0.05882352941176469]",66,86
google employees,"[0.9999999999999998, -0.058823529411764705]",67,87
google employees,"[0.9999999999999999, nan]",68,88
tara reade,"[-0.05555555555555556, 0.9999999999999999]",85,105
tara reade,"[-0.05555555555555556, 0.9999999999999997]",86,106
tara reade,"[-0.05555555555555555, 0.9999999999999999]",87,107
tara reade,"[-0.05555555555555555, 0.9999999999999999]",88,108
tara reade,"[-0.05555555555555555, 0.9999999999999999]",89,109
tara reade,"[-0.05555555555555555, 0.9999999999999997]",90,110
tara reade,"[-0.05555555555555555, 0.9999999999999999]",91,111
tara reade,"[-0.05555555555555555, 0.9999999999999999]",92,112
tara reade,"[-0.05555555555555555, 0.9999999999999999]",93,113
tara reade,"[-0.055555555555555566, 0.9999999999999997]",94,114
tara reade,"[-0.055555555555555566, 0.9999999999999999]",95,115
tara reade,"[-0.05555555555555555, 0.9999999999999999]",96,116
tara reade,"[-0.05555555555555555, 0.9999999999999999]",97,117
tara reade,"[-0.055555555555555566, 0.9999999999999997]",98,118
tara reade,"[-0.055555555555555566, 0.9999999999999999]",99,119
tara reade,"[-0.05555555555555555, 0.9999999999999999]",100,120
tara reade,"[-0.05555555555555555, 0.9999999999999999]",101,121
tara reade,"[-0.055555555555555566, 0.9999999999999997]",102,122
