donald trump,"[-0.05418760190205776, 0.5019047688023743]",75,105
donald trump,"[0.6260091031239089, 0.362000855555028]",130,160
donald trump,"[0.6143443372271902, 0.28365431446558775]",131,161
donald trump,"[0.6260091031239088, 0.28365431446558775]",132,162
united states,"[0.5085392478101128, -0.02462098426794413]",0,30
united states,"[0.5141653433540346, 0.103351328850389]",1,31
united states,"[0.5085392478101128, 0.04790010407745921]",2,32
united states,"[0.5352526782563616, 0.0679246323869631]",3,33
united states,"[0.5352526782563616, 0.06792463238696309]",4,34
united states,"[0.5310543057882465, -0.06734735952251078]",5,35
united states,"[0.5310543057882465, -0.11338085538893197]",6,36
united states,"[0.5184004458410926, -0.15184943999628206]",7,37
united states,"[0.5137697839139083, 0.034199278402838484]",114,144
united states,"[0.5150082901906791, 0.06571520774535253]",115,145
united states,"[0.6363937936157266, 0.0726965717508985]",116,146
united states,"[0.6350528962771199, 0.07953559537197225]",117,147
united states,"[0.6481757386927925, 0.09497523711603362]",118,148
united states,"[0.6481757386927928, 0.09497523711603362]",119,149
united states,"[0.6632495930809971, 0.11062441971717743]",120,150
united states,"[0.7143684639845277, 0.13970610450942594]",121,151
united states,"[0.7143684639845277, 0.1397061045094259]",122,152
united states,"[0.7162841483294792, 0.14657902694650274]",123,153
united states,"[0.7162841483294791, 0.14657902694650274]",124,154
united states,"[0.7162841483294792, 0.153470540363008]",125,155
united states,"[0.718795288428261, 0.15347054036300797]",126,156
united states,"[0.6379092519234089, -0.057126204699798344]",127,157
united states,"[0.5684458442522548, -0.04361368176919727]",128,158
united states,"[0.5478201951114507, -0.03473667371459377]",129,159
united states,"[0.5478201951114506, -0.05120915564991892]",130,160
united states,"[0.5478201951114507, -0.05120915564991891]",131,161
united states,"[0.5746409615634943, -0.03473667371459377]",132,162
hillary clinton,"[0.5317740466583563, 0.33921482740775527]",13,43
hillary clinton,"[0.5624408876365983, 0.3651902706020814]",14,44
hillary clinton,"[0.5885785316946441, 0.3396244250992406]",15,45
hillary clinton,"[0.577509805862466, 0.3570811820125697]",16,46
hillary clinton,"[0.6591105269431354, 0.27784054959757176]",17,47
hillary clinton,"[0.6180809799100577, 0.34156664606664666]",18,48
hillary clinton,"[0.6759576189948178, 0.165710094588782]",19,49
hillary clinton,"[0.13267584199341717, 0.5173223957754468]",20,50
joe biden,"[0.22983626600787915, 0.526109515654156]",87,117
democratic party,"[0.5760184328847832, -0.1217161238900369]",43,73
democratic party,"[0.5760184328847832, -0.11496024978590208]",44,74
democratic party,"[0.6002450479987809, -0.11496024978590207]",45,75
democratic party,"[0.5012495759575605, -0.11496024978590207]",46,76
democratic party,"[0.5012495759575606, -0.12242643660393257]",49,79
democratic party,"[0.556348640264187, -0.06666666666666667]",83,113
democratic party,"[0.5563486402641871, -0.06666666666666664]",84,114
ukraine,"[0.8374172400364513, 0.15648722273981333]",125,155
ukraine,"[0.8340425710729997, 0.18564837581202578]",126,156
ukraine,"[0.740284712335928, 0.172115729819824]",127,157
ukraine,"[0.7547177003786525, 0.19750250566434951]",128,158
ukraine,"[0.7469107649625003, 0.16135874369200784]",129,159
ukraine,"[0.7445182736637636, 0.15582242373097577]",130,160
ukraine,"[0.7103520664285448, 0.1602811106153522]",131,161
ukraine,"[0.7103520664285446, 0.18530754071741404]",132,162
ukraine,"[0.7248199234422623, 0.22316444954674566]",133,163
ukraine,"[0.7208259524763526, 0.24754964776346344]",134,164
ukraine,"[0.7114109934273655, 0.23544608427385016]",135,165
ukraine,"[0.7016669042103266, 0.22572946824169127]",136,166
ukraine,"[0.6875797977482384, 0.21194875380189554]",137,167
ukraine,"[0.610001022101737, 0.16530709374535515]",138,168
migrants,"[0.5362916143780118, -0.21320071635561044]",42,72
migrants,"[0.19308582308458774, 0.5257718045780893]",134,164
migrants,"[0.14524822344353167, 0.5644771243350628]",135,165
migrants,"[0.14524822344353167, 0.5644771243350628]",136,166
migrants,"[0.14524822344353172, 0.6460430094377044]",137,167
migrants,"[0.17300166896532737, 0.6460430094377045]",138,168
public,"[0.14019303852301104, 0.6618600670863714]",79,109
public,"[0.2639891389559913, 0.6618600670863714]",80,110
public,"[0.11767718009527316, 0.6416236526819377]",81,111
public,"[0.14019303852301107, 0.6813156254133328]",82,112
public,"[0.08896462411136108, 0.5558202679039026]",83,113
public,"[0.5690388752282826, 0.10050378152592122]",114,144
public,"[0.5690388752282824, 0.10050378152592122]",115,145
public,"[0.5690388752282824, 0.10050378152592122]",116,146
public,"[0.5690388752282826, 0.10050378152592124]",117,147
public,"[0.6169626059518164, 0.12349309560582475]",118,148
public,"[0.6169626059518164, 0.12349309560582476]",119,149
public,"[0.6169626059518163, 0.12349309560582478]",120,150
public,"[0.6266687418332113, 0.13245323570650439]",121,151
public,"[0.6377034598607214, 0.1417317342540624]",122,152
public,"[0.6377034598607215, 0.1417317342540624]",123,153
public,"[0.6377034598607215, 0.14173173425406238]",124,154
public,"[0.6501666152876974, nan]",125,155
republican party,"[-0.060138477932426354, 0.8117077033708012]",129,159
republican party,"[-0.07082408745875919, 0.8117077033708011]",130,160
republican party,"[-0.07082408745875916, 0.7505683356701914]",131,161
republican party,"[-0.08099238707340588, 0.7505683356701913]",132,162
republican party,"[-0.09085547303895386, 0.7017932675554325]",133,163
republican party,"[-0.08099238707340584, 0.7017932675554325]",134,164
republican party,"[-0.08099238707340584, 0.7017932675554325]",135,165
republican party,"[-0.09085547303895386, 0.7017932675554323]",136,166
republican party,"[-0.09085547303895385, 0.7017932675554325]",137,167
republican party,"[-0.1005672910308538, 0.6618600670863711]",138,168
george floyd,"[1.0, nan]",77,107
george floyd,"[0.2290590270878706, 0.6040081760305662]",105,135
george floyd,"[-0.05628987235917733, 0.6515698238142522]",106,136
india,"[-0.05143444998736396, 0.9429769057410687]",77,107
india,"[-0.0700140042014005, 0.9429769057410686]",78,108
india,"[-0.0803707427642494, 0.918338446772816]",79,109
india,"[-0.09942088604805867, 0.918338446772816]",80,110
india,"[-0.11831100657046274, 0.9528351047490353]",81,111
india,"[-0.10625894230234116, 0.9528351047490358]",82,112
india,"[-0.1244350061767322, 0.8674274835138744]",83,113
india,"[-0.12443500617673221, 0.8674274835138744]",84,114
india,"[-0.1465450417666823, 0.8674274835138743]",85,115
india,"[-0.14654504176668223, 0.7873028596582223]",86,116
india,"[-0.16022256999957513, 0.7677778933947437]",87,117
india,"[-0.16022256999957518, 0.7677778933947438]",88,118
india,"[-0.16022256999957515, 0.7677778933947437]",89,119
india,"[-0.16022256999957518, 0.7677778933947437]",90,120
india,"[-0.16022256999957518, 0.7677778933947437]",91,121
india,"[-0.16022256999957524, 0.7677778933947439]",92,122
india,"[-0.16022256999957527, 0.7677778933947437]",93,123
india,"[-0.16022256999957527, 0.7677778933947437]",94,124
india,"[-0.1602225699995752, 0.7677778933947438]",95,125
india,"[-0.17400151033966477, 0.7496587917803458]",96,126
india,"[-0.18793978208656006, 0.7328291430041598]",97,127
india,"[-0.2149225231614852, 0.7328291430041597]",98,128
india,"[-0.198638474853995, 0.6630631228582773]",99,129
india,"[-0.198638474853995, 0.6630631228582773]",100,130
india,"[-0.198638474853995, 0.6713568986339891]",101,131
india,"[-0.21112068596251682, 0.6713568986339891]",102,132
india,"[-0.22282825891079314, 0.6513893039953277]",103,133
india,"[-0.2228282589107931, 0.6513893039953277]",104,134
india,"[-0.22285008898845474, 0.5414519631925806]",105,135
india,"[-0.19785641464180811, 0.5414519631925806]",106,136
india,"[-0.17339267431426203, 0.5730430859703116]",107,137
india,"[-0.16298130358347593, 0.5730430859703115]",108,138
india,"[-0.13840499028188857, 0.556130421530448]",109,139
india,"[-0.12336517647515467, 0.556130421530448]",110,140
india,"[-0.13217697479480842, 0.5769289993274851]",111,141
india,"[-0.11693850651410917, 0.5769289993274851]",112,142
india,"[-0.11693850651410917, 0.5769289993274851]",113,143
india,"[-0.09369506251395567, 0.7415574306773289]",114,144
india,"[-0.09369506251395565, 0.7498687844430797]",115,145
india,"[-0.0866093069948841, 0.7498687844430797]",116,146
india,"[-0.0866093069948841, 0.7498687844430798]",117,147
india,"[-0.08660930699488413, 0.7498687844430799]",118,148
india,"[-0.08660930699488414, 0.7498687844430799]",119,149
india,"[-0.08660930699488413, 0.7498687844430799]",120,150
india,"[-0.08660930699488413, 0.7498687844430799]",121,151
india,"[-0.08660930699488413, 0.74986878444308]",122,152
india,"[-0.08660930699488414, 0.7498687844430799]",123,153
india,"[-0.08660930699488414, 0.7587553559370124]",124,154
india,"[-0.07955989004383686, 0.768243069090937]",125,155
india,"[-0.0905258530472377, 0.7682430690909371]",126,156
taxpayers,"[0.05375716238481065, 0.5008354224706332]",57,87
taxpayers,"[-0.10803395392536079, 0.5180653234396058]",58,88
taxpayers,"[-0.10803395392536076, 0.5180653234396058]",59,89
taxpayers,"[-0.09885932441184297, 0.537678608059421]",60,90
taxpayers,"[-0.0988593244118429, 0.5376786080594212]",61,91
taxpayers,"[-0.09885932441184297, 0.5376786080594212]",62,92
taxpayers,"[-0.08971226080325136, 0.5601120336112039]",63,93
taxpayers,"[-0.08971226080325136, 0.5601120336112037]",64,94
children,"[0.5636018619766344, 0.14267527500128432]",83,113
children,"[0.5636018619766344, 0.10591532039601309]",84,114
children,"[0.5636018619766344, 0.1059153203960131]",85,115
children,"[0.5036630526336384, 0.1059153203960131]",86,116
children,"[0.5036630526336383, 0.07604617709126886]",87,117
children,"[0.5036630526336385, 0.07604617709126886]",88,118
children,"[0.5036630526336386, 0.07604617709126886]",89,119
children,"[0.5036630526336386, 0.07604617709126882]",90,120
children,"[0.5036630526336385, 0.07604617709126886]",91,121
children,"[0.5036630526336388, 0.0760461770912688]",92,122
children,"[0.5036630526336388, 0.07604617709126886]",93,123
russia,"[0.08700614961064575, 0.5376786080594212]",51,81
russia,"[0.21968738758187323, 0.5376786080594214]",52,82
russia,"[0.2196873875818732, 0.5376786080594214]",53,83
russia,"[0.28554577240814055, 0.6618600670863704]",54,84
russia,"[0.28554577240814055, 0.6618600670863705]",55,85
russia,"[0.31047081711472274, 0.7017932675554318]",56,86
russia,"[0.3399556198020438, 0.7505683356701912]",57,87
russia,"[0.37586548707766454, 0.8117077033708007]",58,88
russia,"[0.6943650748294137, nan]",59,89
uk,"[-0.12579840102930387, 0.5288171490151498]",51,81
uk,"[-0.11055743550291153, 0.5288171490151498]",52,82
uk,"[-0.11055743550291153, 0.5288171490151498]",53,83
uk,"[-0.11055743550291153, 0.5288171490151498]",54,84
uk,"[-0.11055743550291153, 0.5641958549009206]",55,85
uk,"[-0.09490964347370245, 0.5641958549009206]",56,86
uk,"[-0.09490964347370244, 0.5641958549009206]",57,87
uk,"[-0.09490964347370244, 0.5641958549009207]",58,88
uk,"[-0.09490964347370245, 0.604570320967098]",59,89
uk,"[-0.0786499974301113, 0.6045703209670978]",60,90
uk,"[-0.07864999743011127, 0.604570320967098]",61,91
uk,"[-0.0786499974301113, 0.6045703209670981]",62,92
uk,"[-0.0786499974301113, 0.6045703209670981]",63,93
uk,"[-0.0786499974301113, 0.6045703209670978]",64,94
uk,"[-0.07864999743011127, 0.651441415453445]",65,95
uk,"[-0.06150847891314039, 0.651441415453445]",66,96
uk,"[-0.06150847891314039, 0.651441415453445]",67,97
uk,"[-0.06150847891314039, 0.6514414154534449]",68,98
uk,"[-0.06150847891314039, 0.6514414154534449]",69,99
uk,"[-0.04861527926641233, 0.8911654477393954]",70,100
uk,"[-0.04861527926641233, 0.8911654477393953]",71,101
uk,"[-0.04861527926641233, 0.8911654477393955]",72,102
uk,"[-0.04861527926641234, 0.8911654477393955]",73,103
uk,"[-0.04861527926641233, 0.8911654477393954]",74,104
uk,"[-0.04861527926641233, 0.8911654477393953]",75,105
uk,"[-0.035714285714285726, 0.9999999999999996]",76,106
students,"[0.5413081687180261, -0.08998425413316948]",63,93
students,"[0.5413081687180261, -0.08998425413316953]",64,94
students,"[0.5413081687180261, -0.08998425413316953]",65,95
students,"[0.5413081687180261, -0.08998425413316953]",66,96
students,"[0.5413081687180261, -0.08998425413316948]",67,97
students,"[0.5413081687180261, -0.08998425413316953]",68,98
students,"[0.5413081687180261, -0.07692307692307693]",69,99
woman,"[-0.1313903615566014, 0.5019047688023744]",1,31
woman,"[-0.1313903615566014, 0.5019047688023743]",2,32
woman,"[-0.1313903615566014, 0.5019047688023744]",3,33
woman,"[-0.14510737311598043, 0.5019047688023743]",4,34
woman,"[-0.1313903615566014, 0.5019047688023744]",5,35
woman,"[-0.11741705457846555, 0.5621659313326852]",6,36
woman,"[-0.11741705457846555, 0.5621659313326853]",7,37
woman,"[-0.1174170545784656, 0.5621659313326852]",8,38
china,"[-0.059456436769311775, 0.8598493500953701]",75,105
china,"[-0.05945643676931175, 0.85984935009537]",76,106
china,"[-0.06290427967469972, 0.9696469252915492]",77,107
china,"[-0.06290427967469972, 0.6660552088156934]",78,108
china,"[-0.08050764858994133, 0.5853694070049638]",79,109
china,"[-0.09627599802967594, 0.5853694070049638]",80,110
china,"[-0.09627599802967596, 0.5403242918919066]",81,111
china,"[-0.09627599802967593, 0.5403242918919064]",82,112
china,"[-0.09627599802967596, 0.5403242918919067]",83,113
china,"[-0.09627599802967594, 0.5403242918919067]",84,114
china,"[-0.09627599802967594, 0.5403242918919067]",85,115
china,"[-0.09627599802967593, 0.5403242918919067]",86,116
china,"[-0.09627599802967594, 0.5403242918919068]",87,117
china,"[-0.09627599802967594, 0.5403242918919068]",88,118
china,"[-0.10867960308672976, 0.5197988993269962]",89,119
china,"[-0.1257095966342456, 0.5197988993269964]",90,120
china,"[-0.12570959663424577, 0.5018594337134187]",101,131
china,"[-0.1260144024690417, 0.5018594337134185]",102,132
afghanistan,"[-0.08738275920531945, 0.5555555555555555]",33,63
afghanistan,"[-0.06419407387663692, 0.5555555555555556]",34,64
afghanistan,"[-0.0641940738766369, 0.5555555555555556]",35,65
afghanistan,"[-0.06419407387663692, 0.5555555555555556]",36,66
afghanistan,"[-0.06419407387663692, 0.5555555555555556]",37,67
afghanistan,"[-0.0641940738766369, 0.5555555555555555]",38,68
afghanistan,"[-0.06419407387663689, 0.5555555555555556]",39,69
afghanistan,"[-0.0641940738766369, 0.5555555555555556]",40,70
afghanistan,"[-0.051434449987363934, 0.693888666488711]",41,71
afghanistan,"[-0.051434449987363934, 0.693888666488711]",42,72
afghanistan,"[-0.035714285714285726, 0.9999999999999994]",43,73
afghanistan,"[-0.035714285714285726, 0.9999999999999992]",44,74
afghanistan,"[-0.035714285714285726, 0.9999999999999992]",45,75
afghanistan,"[-0.035714285714285726, 0.999999999999999]",46,76
afghanistan,"[-0.035714285714285726, 0.9999999999999994]",47,77
afghanistan,"[-0.051434449987363934, 0.9999999999999992]",48,78
afghanistan,"[-0.05143444998736393, 0.6938886664887108]",49,79
afghanistan,"[-0.05143444998736393, 0.6938886664887107]",50,80
afghanistan,"[-0.05143444998736392, 0.6938886664887108]",51,81
afghanistan,"[-0.051434449987363996, 0.6938886664887108]",52,82
afghanistan,"[-0.051434449987363906, 0.6938886664887108]",53,83
afghanistan,"[-0.051434449987363996, 0.6938886664887108]",54,84
afghanistan,"[-0.051434449987363996, 0.6938886664887108]",55,85
afghanistan,"[-0.05143444998736398, 0.693888666488711]",56,86
afghanistan,"[-0.051434449987363906, 0.6938886664887108]",57,87
afghanistan,"[-0.05143444998736397, 0.6938886664887108]",58,88
afghanistan,"[0.79740146596026, 0.5573528148306802]",107,137
afghanistan,"[0.5982085351987244, 0.0755705925229999]",108,138
afghanistan,"[0.5982085351987244, 0.025838863528419305]",109,139
afghanistan,"[0.5982085351987244, 0.02583886352841932]",110,140
afghanistan,"[0.5982085351987244, 0.025838863528419326]",111,141
afghanistan,"[0.5982085351987244, 0.025838863528419322]",112,142
afghanistan,"[0.5982085351987245, 0.02583886352841932]",113,143
afghanistan,"[0.5982085351987246, 0.025838863528419305]",114,144
afghanistan,"[0.5913070527806401, 0.025838863528419326]",115,145
afghanistan,"[0.5913070527806401, 0.01903319701534545]",116,146
afghanistan,"[0.59130705278064, 0.019033197015345456]",117,147
afghanistan,"[0.59130705278064, 0.019033197015345445]",118,148
afghanistan,"[0.5913070527806399, 0.019033197015345452]",119,149
afghanistan,"[0.59130705278064, 0.019033197015345456]",120,150
afghanistan,"[0.5913070527806398, 0.019033197015345456]",121,151
afghanistan,"[0.5913070527806399, 0.019033197015345452]",122,152
afghanistan,"[0.5913070527806397, 0.019033197015345456]",123,153
afghanistan,"[0.5982085351987246, 0.02583886352841932]",124,154
afghanistan,"[0.5982085351987246, 0.02583886352841932]",125,155
afghanistan,"[0.5982085351987247, 0.025838863528419312]",126,156
afghanistan,"[0.5982085351987245, 0.07228181235327598]",127,157
afghanistan,"[0.7472305118749902, 0.07228181235327596]",128,158
afghanistan,"[0.7472305118749902, 0.07228181235327598]",129,159
afghanistan,"[0.7472305118749902, 0.07228181235327596]",130,160
afghanistan,"[0.7472305118749902, 0.07228181235327595]",131,161
afghanistan,"[0.6973170969022008, 0.049313709354240766]",132,162
afghanistan,"[0.6909658623135964, 0.04931370935424075]",133,163
afghanistan,"[0.6909658623135964, 0.043135975554381235]",134,164
afghanistan,"[0.6973170969022006, -0.06264423737283911]",135,165
congress,"[0.6943650748294137, -0.03703703703703704]",91,121
congress,"[0.6943650748294136, -0.053376051268362396]",92,122
congress,"[0.6943650748294136, -0.053376051268362396]",93,123
congress,"[0.6943650748294136, -0.053376051268362396]",94,124
congress,"[0.6943650748294136, -0.0533760512683624]",95,125
congress,"[0.6943650748294136, -0.0533760512683624]",96,126
syria,"[0.9999999999999999, nan]",85,115
syria,"[1.0, -0.037037037037037035]",86,116
syria,"[1.0, -0.03703703703703702]",87,117
syria,"[1.0, -0.03703703703703702]",88,118
syria,"[0.9999999999999998, -0.037037037037037035]",89,119
syria,"[1.0, -0.03703703703703704]",90,120
syria,"[1.0, -0.03703703703703704]",91,121
syria,"[1.0, -0.037037037037037035]",92,122
syria,"[0.9999999999999999, -0.03703703703703703]",93,123
syria,"[1.0, -0.03703703703703704]",94,124
syria,"[1.0, -0.03703703703703704]",95,125
syria,"[1.0, -0.037037037037037035]",96,126
syria,"[1.0, -0.03703703703703703]",97,127
syria,"[1.0, -0.03703703703703703]",98,128
syria,"[1.0, -0.03703703703703702]",99,129
syria,"[1.0, -0.037037037037037014]",100,130
syria,"[1.0, -0.03703703703703702]",101,131
syria,"[1.0, -0.03703703703703703]",102,132
syria,"[1.0, -0.03703703703703702]",103,133
syria,"[1.0, -0.037037037037037014]",104,134
syria,"[1.0, -0.037037037037037014]",105,135
syria,"[1.0, -0.03703703703703702]",106,136
syria,"[1.0, -0.03703703703703702]",107,137
syria,"[1.0, -0.037037037037037014]",108,138
syria,"[0.9999999999999999, -0.037037037037037014]",109,139
syria,"[1.0, -0.03703703703703702]",110,140
syria,"[1.0, -0.03703703703703702]",111,141
syria,"[1.0, -0.037037037037037014]",112,142
syria,"[0.9999999999999999, nan]",113,143
north korea,"[-0.055851107285707566, 0.9157920060364314]",11,41
north korea,"[-0.05585110728570756, 0.9157920060364313]",12,42
north korea,"[-0.07148069005748958, 0.9157920060364313]",13,43
north korea,"[-0.08708419614771507, 0.8164965809277258]",14,44
north korea,"[-0.08708419614771507, 0.6696901137726677]",15,45
north korea,"[-0.08708419614771509, 0.6696901137726676]",16,46
north korea,"[-0.10508747970294638, 0.6249668122217125]",17,47
north korea,"[-0.10508747970294638, 0.6249668122217126]",18,48
north korea,"[-0.12241329578528223, 0.5857773767696522]",19,49
north korea,"[-0.12241329578528219, 0.5857773767696524]",20,50
north korea,"[-0.12241329578528219, 0.6249668122217124]",21,51
north korea,"[-0.10508747970294642, 0.6249668122217125]",22,52
north korea,"[-0.10508747970294638, 0.6249668122217124]",23,53
north korea,"[-0.10508747970294638, 0.6249668122217124]",24,54
north korea,"[-0.11500036686125958, 0.6249668122217124]",25,55
north korea,"[-0.11500036686125963, 0.6111570152505691]",26,56
north korea,"[-0.11500036686125961, 0.6111570152505691]",27,57
north korea,"[-0.12497396646852953, 0.6111570152505691]",28,58
north korea,"[-0.12497396646852951, 0.5982833875377321]",29,59
north korea,"[-0.12497396646852955, 0.598283387537732]",30,60
north korea,"[-0.11500036686125961, 0.6111570152505691]",31,61
north korea,"[-0.11500036686125961, 0.6111570152505691]",32,62
north korea,"[-0.11500036686125961, 0.6111570152505691]",33,63
north korea,"[-0.11500036686125964, 0.6111570152505691]",34,64
north korea,"[-0.11500036686125961, 0.6111570152505691]",35,65
north korea,"[-0.11500036686125964, 0.6111570152505691]",36,66
north korea,"[-0.11500036686125964, 0.6111570152505691]",37,67
north korea,"[-0.11500036686125964, 0.611157015250569]",38,68
environment,"[-0.04861527926641233, 0.9999999999999992]",61,91
environment,"[-0.035714285714285726, 0.999999999999999]",62,92
environment,"[-0.035714285714285726, 0.9999999999999994]",63,93
environment,"[-0.03571428571428573, 0.9999999999999992]",64,94
environment,"[-0.03571428571428573, 0.9999999999999992]",65,95
environment,"[-0.03571428571428573, 0.999999999999999]",66,96
environment,"[-0.03571428571428573, 0.9999999999999991]",67,97
environment,"[-0.03571428571428573, 0.9999999999999991]",68,98
environment,"[-0.03571428571428573, 0.9999999999999991]",69,99
environment,"[-0.03571428571428572, 0.9999999999999989]",70,100
environment,"[-0.03571428571428572, 0.9999999999999991]",71,101
environment,"[-0.03571428571428573, 0.9999999999999991]",72,102
environment,"[-0.03571428571428573, 0.9999999999999991]",73,103
environment,"[-0.03571428571428572, 0.9999999999999989]",74,104
environment,"[0.6943650748294136, -0.03703703703703703]",127,157
environment,"[0.6943650748294135, -0.053376051268362375]",128,158
environment,"[0.6943650748294136, -0.053376051268362375]",129,159
environment,"[0.6943650748294136, -0.053376051268362396]",130,160
environment,"[0.6943650748294135, -0.053376051268362396]",131,161
environment,"[0.6943650748294136, -0.0533760512683624]",135,165
environment,"[0.6943650748294137, -0.053376051268362416]",136,166
environment,"[0.6943650748294137, -0.053376051268362416]",137,167
environment,"[0.6943650748294137, -0.0533760512683624]",138,168
syrian people,"[0.6943650748294136, -0.053376051268362416]",0,30
syrian people,"[-0.06419407387663689, 0.5555555555555555]",31,61
syrian people,"[-0.06419407387663689, 0.5555555555555554]",32,62
syrian people,"[-0.06419407387663689, 0.5555555555555554]",33,63
syrian people,"[-0.0755928946018455, 0.5555555555555555]",34,64
syrian people,"[1.0, -0.03703703703703702]",65,95
syrian people,"[1.0, -0.037037037037037014]",66,96
syrian people,"[1.0, -0.03703703703703702]",67,97
syrian people,"[1.0, -0.03703703703703703]",68,98
syrian people,"[1.0, -0.03703703703703702]",69,99
syrian people,"[1.0, -0.037037037037037014]",70,100
syrian people,"[1.0, -0.037037037037037014]",71,101
syrian people,"[1.0, -0.03703703703703702]",72,102
syrian people,"[1.0, -0.03703703703703702]",73,103
syrian people,"[1.0, -0.037037037037037014]",74,104
syrian people,"[0.9999999999999999, -0.037037037037037014]",75,105
syrian people,"[1.0, -0.03703703703703702]",76,106
syrian people,"[1.0, -0.03703703703703702]",77,107
syrian people,"[1.0, -0.037037037037037014]",78,108
syrian people,"[0.6943650748294135, -0.03703703703703702]",79,109
cnn,"[0.6619470178552355, -0.09455143815519584]",20,50
cnn,"[0.6619470178552355, -0.09455143815519584]",21,51
cnn,"[0.6619470178552356, -0.09455143815519584]",22,52
cnn,"[0.6619470178552356, -0.0945514381551959]",23,53
cnn,"[0.6619470178552357, -0.09455143815519586]",24,54
cnn,"[0.6619470178552358, -0.09455143815519586]",25,55
cnn,"[0.6619470178552358, -0.09455143815519584]",26,56
cnn,"[0.6285455689428366, -0.09455143815519586]",27,57
cnn,"[0.6619470178552358, -0.09455143815519584]",28,58
cnn,"[0.7019340213028498, -0.08421519210665193]",29,59
cnn,"[0.7019340213028498, -0.0842151921066519]",30,60
cnn,"[0.70193402130285, -0.08421519210665192]",31,61
cnn,"[0.6619470178552358, -0.08421519210665195]",32,62
cnn,"[0.6619470178552358, -0.09455143815519587]",33,63
cnn,"[0.6619470178552358, -0.09455143815519584]",34,64
cnn,"[0.6619470178552357, nan]",35,65
covid-19,"[0.6067880364121374, 0.8911654477393955]",75,105
covid-19,"[0.21504301290430147, 0.6058047645908206]",76,106
covid-19,"[0.5021862316272272, 0.06243905410544622]",114,144
covid-19,"[0.5021862316272272, 0.11479280427897043]",115,145
covid-19,"[0.6110478128258089, 0.11479280427897043]",116,146
covid-19,"[0.675593431663969, -0.08998425413316953]",117,147
venezuela,"[-0.05143444998736397, 0.6938886664887112]",37,67
venezuela,"[-0.05143444998736396, 0.693888666488711]",38,68
venezuela,"[-0.05143444998736396, 0.693888666488711]",39,69
venezuela,"[-0.051434449987363955, 0.693888666488711]",40,70
venezuela,"[-0.06419407387663692, 0.693888666488711]",41,71
venezuela,"[-0.06419407387663692, 0.5555555555555556]",42,72
venezuela,"[-0.06419407387663692, 0.5555555555555556]",43,73
venezuela,"[-0.0641940738766369, 0.5555555555555555]",44,74
venezuela,"[0.11433547811483372, 0.5274154303922256]",45,75
venezuela,"[0.5865557254410005, -0.08370786705565372]",66,96
venezuela,"[0.5865557254410005, -0.08370786705565372]",67,97
venezuela,"[0.5865557254410005, -0.08370786705565371]",68,98
venezuela,"[0.5865557254410004, -0.08370786705565372]",69,99
venezuela,"[0.6166056070866243, -0.07392212709545727]",70,100
venezuela,"[0.6166056070866242, -0.07392212709545727]",71,101
venezuela,"[0.6166056070866242, -0.07392212709545727]",72,102
venezuela,"[0.616605607086624, nan]",73,103
women,"[-0.06419407387663689, 0.5555555555555554]",52,82
women,"[-0.06419407387663689, 0.5555555555555554]",53,83
women,"[-0.06419407387663689, 0.5555555555555555]",54,84
women,"[-0.06419407387663688, 0.5555555555555555]",55,85
women,"[-0.06419407387663689, 0.5555555555555554]",56,86
women,"[-0.06419407387663689, 0.5555555555555554]",57,87
women,"[-0.06419407387663688, 0.5555555555555554]",58,88
customers,"[0.6943650748294137, -0.03703703703703704]",91,121
customers,"[0.6943650748294136, -0.053376051268362396]",92,122
customers,"[0.6943650748294136, -0.053376051268362396]",93,123
customers,"[0.6943650748294136, -0.053376051268362396]",94,124
customers,"[0.6943650748294136, -0.0533760512683624]",95,125
customers,"[0.6943650748294136, -0.0533760512683624]",96,126
customers,"[0.6943650748294136, -0.053376051268362375]",115,145
customers,"[0.6943650748294138, -0.053376051268362375]",116,146
customers,"[0.6943650748294137, -0.053376051268362375]",117,147
customers,"[0.6943650748294137, -0.053376051268362375]",118,148
customers,"[0.6943650748294136, -0.037037037037037014]",119,149
germany,"[0.9999999999999999, nan]",129,159
germany,"[1.0, -0.037037037037037035]",130,160
germany,"[0.6943650748294136, -0.03703703703703702]",131,161
germany,"[0.6943650748294136, -0.0533760512683624]",132,162
germany,"[0.5563486402641868, -0.05337605126836241]",133,163
germany,"[0.556348640264187, -0.06666666666666668]",134,164
germany,"[0.556348640264187, -0.06666666666666668]",135,165
germany,"[0.5563486402641871, -0.06666666666666665]",136,166
germany,"[0.556348640264187, -0.06666666666666667]",137,167
germany,"[0.5563486402641872, -0.06666666666666665]",138,168
lgbt community,"[1.0, -0.03703703703703703]",0,30
lgbt community,"[1.0, -0.03703703703703702]",1,31
lgbt community,"[1.0, -0.037037037037037014]",2,32
lgbt community,"[1.0, -0.037037037037037014]",3,33
lgbt community,"[1.0, -0.03703703703703702]",4,34
lgbt community,"[1.0, -0.03703703703703702]",5,35
lgbt community,"[1.0, -0.037037037037037014]",6,36
lgbt community,"[0.6943650748294135, -0.05337605126836241]",7,37
lgbt community,"[0.6943650748294137, -0.05337605126836241]",8,38
lgbt community,"[0.6943650748294136, -0.053376051268362416]",9,39
lgbt community,"[0.6943650748294136, -0.05337605126836243]",10,40
lgbt community,"[0.6943650748294136, -0.03703703703703702]",11,41
man,"[-0.13900960937138318, 0.5310850045437944]",35,65
man,"[-0.13900960937138315, 0.5310850045437944]",36,66
man,"[-0.13900960937138315, 0.5310850045437944]",37,67
man,"[-0.13900960937138312, 0.5310850045437944]",38,68
man,"[-0.15352206215727943, 0.5310850045437944]",41,71
man,"[-0.13900960937138312, 0.5310850045437943]",42,72
man,"[-0.13900960937138312, 0.5310850045437943]",43,73
man,"[-0.1390096093713831, 0.5310850045437943]",44,74
man,"[-0.1390096093713831, 0.5948496901286523]",45,75
man,"[-0.12422599874998824, 0.5948496901286523]",46,76
man,"[-0.12422599874998824, 0.5948496901286522]",47,77
man,"[-0.12422599874998824, 0.5948496901286522]",48,78
man,"[-0.12422599874998824, 0.5948496901286522]",49,79
man,"[-0.12422599874998824, 0.5948496901286524]",50,80
man,"[-0.12422599874998824, 0.5948496901286522]",51,81
man,"[-0.12422599874998824, 0.5948496901286522]",52,82
man,"[-0.12422599874998824, 0.679366220486757]",53,83
man,"[-0.1088662107903634, 0.6793662204867573]",54,84
man,"[-0.10886621079036345, 0.800640769025436]",55,85
man,"[-0.09245003270420492, 0.800640769025436]",56,86
man,"[-0.09245003270420492, 0.800640769025436]",57,87
man,"[-0.09245003270420492, 0.8006407690254361]",58,88
man,"[-0.06419407387663689, 0.6938886664887108]",59,89
man,"[-0.05143444998736392, 0.6938886664887108]",60,90
man,"[-0.05143444998736392, 0.6938886664887108]",61,91
man,"[-0.05143444998736394, 0.6938886664887108]",62,92
julian assange,"[0.8207432288962923, 0.2444444444444445]",53,83
julian assange,"[0.8207432288962921, 0.1081574631481751]",54,84
julian assange,"[0.8207432288962923, 0.10815746314817512]",55,85
julian assange,"[0.8207432288962924, 0.1081574631481751]",56,86
julian assange,"[0.8207432288962923, 0.10815746314817512]",57,87
julian assange,"[0.8207432288962925, 0.10815746314817513]",58,88
julian assange,"[0.8207432288962924, 0.10815746314817515]",59,89
julian assange,"[0.8207432288962924, 0.10815746314817515]",60,90
julian assange,"[0.8207432288962925, 0.10815746314817516]",61,91
julian assange,"[0.8207432288962926, 0.10815746314817516]",62,92
julian assange,"[0.8207432288962925, 0.10815746314817518]",63,93
julian assange,"[0.8207432288962927, 0.10815746314817516]",64,94
julian assange,"[0.8207432288962927, 0.10815746314817519]",65,95
julian assange,"[0.8207432288962927, 0.10815746314817519]",66,96
julian assange,"[0.8207432288962926, 0.10815746314817519]",67,97
julian assange,"[0.8207432288962927, 0.10815746314817518]",68,98
julian assange,"[0.8207432288962927, 0.10815746314817519]",69,99
julian assange,"[0.8303644653273947, 0.11496024978590211]",70,100
julian assange,"[0.8303644653273947, 0.11496024978590211]",71,101
julian assange,"[0.8303644653273947, 0.1149602497859021]",72,102
julian assange,"[0.8303644653273948, 0.11496024978590211]",73,103
julian assange,"[0.8303644653273948, 0.11496024978590211]",74,104
julian assange,"[0.8303644653273948, 0.11496024978590211]",75,105
julian assange,"[0.8303644653273947, 0.1149602497859021]",76,106
julian assange,"[0.8409815238898009, 0.12195282722994778]",77,107
julian assange,"[0.840981523889801, 0.12195282722994778]",78,108
julian assange,"[0.9803328653372417, 0.16094880314558724]",79,109
julian assange,"[0.9803328653372417, 0.16094880314558718]",80,110
julian assange,"[1.0, nan]",81,111
palestinians,"[-0.05143444998736397, 0.6938886664887111]",15,45
palestinians,"[-0.05143444998736396, 0.6938886664887111]",16,46
palestinians,"[-0.05143444998736396, 0.9999999999999998]",17,47
palestinians,"[-0.03571428571428572, 0.9999999999999997]",18,48
palestinians,"[-0.05143444998736395, 0.693888666488711]",19,49
palestinians,"[-0.07407407407407407, 0.693888666488711]",20,50
palestinians,"[-0.09245003270420483, 0.8006407690254358]",21,51
palestinians,"[-0.09245003270420483, 0.8006407690254358]",22,52
palestinians,"[-0.09245003270420485, 0.8006407690254358]",23,53
palestinians,"[-0.09245003270420485, 0.8006407690254358]",24,54
palestinians,"[-0.09245003270420485, 0.8006407690254358]",25,55
palestinians,"[-0.09245003270420485, 0.8006407690254359]",26,56
palestinians,"[-0.09245003270420488, 0.8006407690254359]",27,57
palestinians,"[-0.09245003270420485, 0.8006407690254359]",28,58
palestinians,"[-0.10886621079036353, 0.6793662204867573]",29,59
palestinians,"[-0.10886621079036352, 0.6793662204867572]",30,60
palestinians,"[-0.10886621079036353, 0.6793662204867572]",31,61
palestinians,"[-0.10886621079036352, 0.679366220486757]",32,62
palestinians,"[-0.10886621079036356, 0.6793662204867571]",33,63
palestinians,"[-0.1088662107903635, 0.6793662204867571]",34,64
palestinians,"[-0.10886621079036353, 0.6793662204867571]",35,65
palestinians,"[-0.10886621079036347, 0.6793662204867571]",36,66
palestinians,"[-0.1088662107903635, 0.6793662204867571]",37,67
palestinians,"[-0.10886621079036345, 0.6793662204867571]",38,68
palestinians,"[-0.10886621079036347, 0.6793662204867571]",39,69
palestinians,"[-0.10886621079036342, 0.6793662204867571]",40,70
palestinians,"[-0.10886621079036342, 0.6793662204867571]",41,71
palestinians,"[-0.10886621079036342, 0.6793662204867571]",42,72
palestinians,"[-0.07559289460184553, 0.5555555555555555]",43,73
palestinians,"[-0.06419407387663688, 0.5555555555555555]",44,74
palestinians,"[-0.08738275920531946, 0.5555555555555555]",45,75
nigeria,"[-0.051434449987363955, 0.6938886664887111]",13,43
nigeria,"[-0.05143444998736396, 0.693888666488711]",14,44
nigeria,"[-0.05143444998736396, 0.693888666488711]",15,45
nigeria,"[-0.05143444998736396, 0.6938886664887111]",16,46
nigeria,"[-0.05143444998736395, 0.693888666488711]",17,47
nigeria,"[-0.05143444998736395, 0.693888666488711]",18,48
nigeria,"[-0.06419407387663692, 0.5555555555555556]",19,49
nigeria,"[-0.0641940738766369, 0.5555555555555555]",20,50
nigeria,"[-0.0641940738766369, 0.693888666488711]",21,51
nigeria,"[-0.051434449987363934, 0.693888666488711]",22,52
nigeria,"[-0.0641940738766369, 0.5555555555555555]",23,53
nigeria,"[-0.06419407387663689, 0.5555555555555554]",24,54
nigeria,"[-0.0641940738766369, 0.5555555555555555]",25,55
nigeria,"[-0.0641940738766369, 0.5555555555555554]",26,56
europe,"[-0.0641940738766369, 0.5555555555555554]",12,42
europe,"[-0.06419407387663689, 0.5555555555555554]",13,43
europe,"[-0.06419407387663689, 0.5555555555555554]",14,44
europe,"[-0.06419407387663689, 0.5555555555555555]",15,45
europe,"[-0.06419407387663689, 0.5555555555555554]",16,46
europe,"[-0.06419407387663688, 0.5555555555555554]",17,47
europe,"[-0.06419407387663688, 0.5555555555555554]",18,48
europe,"[-0.06419407387663688, 0.5555555555555554]",19,49
europe,"[-0.06419407387663688, 0.5555555555555554]",20,50
manchester united,"[0.6943650748294135, -0.05337605126836238]",22,52
manchester united,"[0.6943650748294135, -0.053376051268362396]",23,53
manchester united,"[0.6943650748294136, -0.053376051268362396]",24,54
manchester united,"[0.6943650748294136, -0.0533760512683624]",25,55
manchester united,"[0.6943650748294137, -0.05337605126836239]",26,56
manchester united,"[0.6943650748294135, -0.05337605126836237]",27,57
manchester united,"[0.6943650748294136, -0.05337605126836239]",28,58
manchester united,"[0.6943650748294137, -0.05337605126836239]",29,59
manchester united,"[0.6943650748294137, -0.053376051268362375]",30,60
manchester united,"[0.6943650748294136, -0.053376051268362354]",31,61
manchester united,"[0.6943650748294137, -0.053376051268362375]",32,62
manchester united,"[1.0, -0.03703703703703702]",33,63
manchester united,"[1.0, -0.037037037037037014]",34,64
manchester united,"[1.0, -0.03703703703703702]",35,65
manchester united,"[1.0, -0.03703703703703703]",36,66
manchester united,"[0.6943650748294138, -0.0533760512683624]",37,67
manchester united,"[0.6943650748294138, -0.0533760512683624]",38,68
manchester united,"[0.6943650748294137, -0.05337605126836241]",39,69
manchester united,"[0.6943650748294137, -0.053376051268362416]",40,70
manchester united,"[0.6943650748294136, -0.053376051268362416]",41,71
manchester united,"[0.6943650748294137, -0.05337605126836243]",42,72
manchester united,"[0.6943650748294135, -0.0533760512683624]",43,73
manchester united,"[0.6943650748294137, -0.053376051268362416]",44,74
manchester united,"[0.6943650748294136, -0.05337605126836239]",45,75
manchester united,"[0.6943650748294137, -0.0533760512683624]",46,76
manchester united,"[0.6943650748294135, -0.03703703703703702]",47,77
taiwan,"[0.7507353270628474, nan]",129,159
taiwan,"[0.7290148043997554, 0.3087890377243902]",130,160
taiwan,"[0.7290148043997554, 0.19088542889273336]",131,161
taiwan,"[0.7853872454147008, 0.2249606353329238]",132,162
taiwan,"[0.8552669065744808, 0.2249606353329238]",133,163
taiwan,"[0.8552669065744806, 0.2249606353329238]",134,164
taiwan,"[0.8552669065744807, 0.22496063533292374]",135,165
taiwan,"[0.8552669065744807, 0.2249606353329238]",136,166
taiwan,"[0.8552669065744807, 0.22496063533292374]",137,167
taiwan,"[0.8552669065744807, 0.22496063533292376]",138,168
colin kaepernick,"[0.5563486402641873, -0.06666666666666661]",0,30
colin kaepernick,"[0.5563486402641872, -0.0666666666666666]",1,31
colin kaepernick,"[0.5563486402641873, -0.0666666666666666]",2,32
colin kaepernick,"[0.5563486402641873, -0.0666666666666666]",3,33
colin kaepernick,"[0.5563486402641873, -0.06666666666666661]",4,34
colin kaepernick,"[0.5563486402641873, -0.0666666666666666]",5,35
colin kaepernick,"[0.5563486402641873, -0.0666666666666666]",6,36
colin kaepernick,"[0.5563486402641873, -0.0666666666666666]",7,37
colin kaepernick,"[0.5563486402641874, -0.0666666666666666]",8,38
colin kaepernick,"[0.5563486402641875, -0.0666666666666666]",9,39
police,"[0.5563486402641874, -0.06666666666666661]",109,139
police,"[0.5563486402641874, -0.06666666666666658]",110,140
police,"[0.5563486402641873, -0.06666666666666661]",111,141
police,"[0.5563486402641875, -0.06666666666666661]",112,142
police,"[0.6943650748294136, -0.05337605126836236]",113,143
police,"[0.6943650748294136, -0.053376051268362375]",114,144
police,"[0.6943650748294135, nan]",115,145
european union,"[0.7867647058823534, -0.06870229007633588]",0,30
european union,"[0.7867647058823534, -0.06870229007633591]",1,31
european union,"[0.7867647058823534, -0.06870229007633588]",2,32
european union,"[0.7867647058823534, -0.0687022900763359]",3,33
european union,"[0.7867647058823534, -0.0687022900763359]",4,34
european union,"[0.7867647058823534, -0.06870229007633592]",5,35
european union,"[0.7867647058823534, -0.06870229007633591]",6,36
european union,"[0.7094721329069632, -0.06870229007633591]",7,37
european union,"[0.7867647058823534, -0.06870229007633591]",8,38
european union,"[0.7867647058823534, -0.06870229007633592]",9,39
european union,"[0.7867647058823534, -0.06870229007633591]",10,40
european union,"[0.7867647058823534, -0.050443327230531854]",11,41
michael flynn,"[-0.05143444998736394, 0.693888666488711]",1,31
michael flynn,"[-0.0641940738766369, 0.693888666488711]",2,32
michael flynn,"[-0.0641940738766369, 0.5555555555555555]",3,33
michael flynn,"[-0.0641940738766369, 0.5555555555555555]",4,34
michael flynn,"[-0.06419407387663689, 0.5555555555555556]",5,35
michael flynn,"[-0.06419407387663692, 0.5555555555555556]",6,36
michael flynn,"[-0.0641940738766369, 0.5555555555555556]",7,37
michael flynn,"[-0.0641940738766369, 0.5555555555555555]",8,38
michael flynn,"[-0.06419407387663689, 0.5555555555555555]",9,39
michael flynn,"[-0.06419407387663692, 0.5555555555555555]",10,40
michael flynn,"[-0.0641940738766369, 0.5555555555555555]",11,41
michael flynn,"[-0.0641940738766369, 0.5555555555555555]",12,42
michael flynn,"[-0.06419407387663689, 0.5555555555555556]",13,43
michael flynn,"[-0.06419407387663689, 0.5555555555555555]",14,44
michael flynn,"[-0.06419407387663689, 0.5555555555555555]",15,45
michael flynn,"[-0.06419407387663689, 0.5555555555555555]",16,46
michael flynn,"[-0.06419407387663688, 0.5555555555555556]",17,47
michael flynn,"[-0.07559289460184551, 0.5555555555555555]",18,48
michael flynn,"[-0.06419407387663689, 0.5555555555555555]",27,57
michael flynn,"[-0.06419407387663689, 0.5555555555555555]",28,58
investors,"[0.5563486402641873, -0.0666666666666666]",0,30
investors,"[0.5563486402641874, -0.06666666666666661]",1,31
investors,"[0.5563486402641874, -0.06666666666666661]",2,32
tara reade,"[1.0, nan]",75,105
tara reade,"[0.8639187954496622, -0.037037037037037035]",76,106
tara reade,"[0.8639187954496622, -0.051358710806256466]",77,107
tara reade,"[0.8639187954496623, -0.051358710806256466]",78,108
tara reade,"[0.8639187954496622, -0.05135871080625647]",79,109
tara reade,"[0.8639187954496623, -0.05135871080625647]",80,110
tara reade,"[0.8639187954496623, -0.05135871080625647]",81,111
tara reade,"[0.8639187954496624, -0.05135871080625647]",82,112
tara reade,"[0.8639187954496623, -0.05135871080625647]",83,113
tara reade,"[0.8639187954496625, -0.05135871080625648]",84,114
tara reade,"[0.8639187954496627, -0.05135871080625648]",85,115
tara reade,"[0.8639187954496627, -0.05135871080625648]",86,116
tara reade,"[0.8639187954496627, -0.051358710806256494]",87,117
tara reade,"[0.8639187954496628, -0.05135871080625648]",88,118
tara reade,"[0.8639187954496629, -0.05135871080625648]",89,119
tara reade,"[0.8639187954496629, -0.05135871080625648]",90,120
tara reade,"[0.8639187954496628, -0.051358710806256494]",91,121
tara reade,"[0.8639187954496629, -0.05135871080625648]",92,122
tara reade,"[0.8639187954496629, -0.05135871080625648]",93,123
tara reade,"[0.8639187954496629, -0.05135871080625648]",94,124
tara reade,"[0.8639187954496628, -0.051358710806256494]",95,125
tara reade,"[0.8639187954496629, -0.051358710806256494]",96,126
tara reade,"[0.8639187954496629, -0.05135871080625648]",97,127
tara reade,"[0.8639187954496629, -0.05135871080625648]",98,128
tara reade,"[0.8639187954496628, -0.05135871080625648]",99,129
tara reade,"[0.8639187954496629, -0.05135871080625648]",100,130
tara reade,"[0.8639187954496629, -0.05135871080625648]",101,131
tara reade,"[0.8639187954496629, -0.05135871080625648]",102,132
tara reade,"[0.8639187954496628, nan]",103,133
climate change,"[-0.03571428571428572, 0.9999999999999989]",0,30
protesters,"[0.9999999999999999, nan]",77,107
protesters,"[1.0, -0.037037037037037035]",78,108
protesters,"[1.0, -0.03703703703703702]",79,109
protesters,"[1.0, -0.03703703703703702]",80,110
protesters,"[0.9999999999999998, -0.037037037037037035]",81,111
protesters,"[1.0, -0.03703703703703704]",82,112
protesters,"[1.0, -0.03703703703703704]",83,113
protesters,"[1.0, -0.037037037037037035]",84,114
protesters,"[0.9999999999999999, -0.03703703703703703]",85,115
protesters,"[1.0, -0.03703703703703704]",86,116
protesters,"[1.0, -0.03703703703703704]",87,117
protesters,"[1.0, -0.037037037037037035]",88,118
protesters,"[1.0, -0.03703703703703703]",89,119
protesters,"[1.0, -0.03703703703703703]",90,120
protesters,"[0.6943650748294138, -0.03703703703703702]",91,121
protesters,"[0.6943650748294138, -0.0533760512683624]",92,122
protesters,"[0.6943650748294137, -0.053376051268362416]",93,123
protesters,"[0.6943650748294138, -0.05337605126836241]",94,124
protesters,"[0.6943650748294137, -0.05337605126836241]",95,125
motorists,"[0.9999999999999999, nan]",23,53
motorists,"[1.0, -0.037037037037037035]",24,54
motorists,"[1.0, -0.03703703703703702]",25,55
motorists,"[1.0, -0.03703703703703702]",26,56
motorists,"[0.9999999999999998, -0.037037037037037035]",27,57
motorists,"[1.0, -0.03703703703703704]",28,58
motorists,"[1.0, -0.03703703703703704]",29,59
motorists,"[1.0, -0.037037037037037035]",30,60
motorists,"[0.9999999999999999, -0.03703703703703703]",31,61
motorists,"[1.0, -0.03703703703703704]",32,62
motorists,"[0.6943650748294137, -0.03703703703703704]",33,63
motorists,"[0.6943650748294137, -0.053376051268362396]",34,64
motorists,"[0.6943650748294136, -0.053376051268362416]",35,65
motorists,"[0.6943650748294138, -0.05337605126836241]",36,66
motorists,"[0.6943650748294137, -0.05337605126836241]",37,67
motorists,"[0.6943650748294138, -0.05337605126836241]",38,68
motorists,"[0.6943650748294136, -0.053376051268362416]",39,69
motorists,"[0.6943650748294138, -0.0533760512683624]",40,70
native americans,"[0.5563486402641867, -0.05337605126836238]",131,161
native americans,"[0.5563486402641867, -0.06666666666666668]",132,162
native americans,"[0.6943650748294136, -0.0533760512683624]",133,163
native americans,"[0.6943650748294136, -0.0533760512683624]",134,164
native americans,"[0.6943650748294136, -0.053376051268362416]",135,165
native americans,"[0.6943650748294136, -0.053376051268362416]",136,166
syrian refugees,"[-0.04861527926641234, 0.8911654477393957]",11,41
syrian refugees,"[-0.048615279266412334, 0.8911654477393955]",12,42
syrian refugees,"[-0.048615279266412334, 0.8911654477393954]",13,43
syrian refugees,"[-0.04861527926641231, 0.8911654477393953]",14,44
syrian refugees,"[-0.07001400420140048, 0.6058047645908206]",15,45
syrian refugees,"[-0.07001400420140048, 0.6058047645908207]",16,46
syrian refugees,"[-0.07001400420140048, 0.6058047645908207]",17,47
syrian refugees,"[-0.07001400420140048, 0.6058047645908206]",18,48
syrian refugees,"[-0.0700140042014005, 0.6058047645908207]",19,49
syrian refugees,"[-0.07001400420140051, 0.6058047645908207]",20,50
syrian refugees,"[-0.07001400420140051, 0.6058047645908207]",21,51
syrian refugees,"[-0.07001400420140051, 0.6058047645908206]",22,52
syrian refugees,"[-0.07001400420140053, 0.6058047645908207]",23,53
syrian refugees,"[-0.07001400420140055, 0.6058047645908207]",24,54
syrian refugees,"[-0.07001400420140054, 0.6058047645908207]",25,55
syrian refugees,"[-0.07001400420140054, 0.6058047645908207]",26,56
syrian refugees,"[-0.07001400420140055, 0.6058047645908208]",27,57
syrian refugees,"[-0.07001400420140055, 0.6058047645908208]",28,58
syrian refugees,"[-0.07001400420140055, 0.6058047645908208]",29,59
syrian refugees,"[-0.07001400420140055, 0.6058047645908208]",30,60
syrian refugees,"[-0.05143444998736392, 0.6938886664887108]",31,61
syrian refugees,"[-0.05143444998736392, 0.6938886664887108]",32,62
syrian refugees,"[-0.05143444998736392, 0.6938886664887108]",33,63
syrian refugees,"[-0.05143444998736394, 0.6938886664887108]",34,64
syrian refugees,"[-0.05143444998736392, 0.6938886664887108]",35,65
syrian refugees,"[-0.05143444998736392, 0.6938886664887108]",36,66
syrian refugees,"[-0.05143444998736392, 0.6938886664887108]",37,67
syrian refugees,"[-0.05143444998736394, 0.6938886664887108]",38,68
isis,"[-0.06419407387663689, 0.5555555555555555]",22,52
isis,"[-0.0641940738766369, 0.5555555555555556]",23,53
isis,"[-0.06419407387663689, 0.5555555555555555]",24,54
isis,"[-0.06419407387663689, 0.6938886664887108]",25,55
isis,"[-0.05143444998736392, 0.6938886664887107]",26,56
isis,"[-0.05143444998736392, 0.6938886664887108]",27,57
isis,"[-0.05143444998736392, 0.6938886664887108]",28,58
isis,"[-0.051434449987363906, 0.6938886664887108]",29,59
isis,"[-0.051434449987363955, 0.6938886664887108]",30,60
isis,"[-0.05143444998736392, 0.6938886664887108]",31,61
isis,"[-0.05143444998736392, 0.6938886664887108]",32,62
isis,"[-0.05143444998736392, 0.6938886664887108]",33,63
isis,"[-0.05143444998736394, 0.6938886664887108]",34,64
citizens,"[0.5563486402641874, -0.06666666666666662]",0,30
citizens,"[0.5563486402641874, -0.06666666666666662]",1,31
citizens,"[0.5563486402641874, -0.0666666666666666]",2,32
citizens,"[0.5563486402641873, -0.06666666666666661]",3,33
citizens,"[0.5563486402641874, -0.06666666666666661]",4,34
citizens,"[0.5563486402641874, -0.06666666666666661]",5,35
john mccain,"[-0.06419407387663692, 0.5555555555555555]",6,36
john mccain,"[-0.06419407387663689, 0.5555555555555556]",7,37
john mccain,"[-0.0641940738766369, 0.5555555555555556]",8,38
john mccain,"[-0.0641940738766369, 0.5555555555555556]",9,39
john mccain,"[-0.0641940738766369, 0.5555555555555555]",10,40
john mccain,"[-0.06419407387663688, 0.5555555555555556]",11,41
john mccain,"[-0.06419407387663689, 0.5555555555555555]",12,42
john mccain,"[-0.06419407387663689, 0.5555555555555555]",13,43
john mccain,"[-0.0641940738766369, 0.5555555555555555]",14,44
john mccain,"[-0.05143444998736392, 0.6938886664887108]",15,45
john mccain,"[-0.051434449987363955, 0.693888666488711]",16,46
john mccain,"[-0.05143444998736392, 0.6938886664887108]",17,47
john mccain,"[-0.051434449987363955, 0.6938886664887108]",18,48
john mccain,"[-0.05143444998736394, 0.6938886664887108]",19,49
john mccain,"[-0.051434449987363955, 0.693888666488711]",20,50
john mccain,"[-0.03571428571428573, 0.9999999999999991]",21,51
john mccain,"[-0.03571428571428572, 0.9999999999999989]",22,52
john mccain,"[-0.03571428571428572, 0.9999999999999991]",23,53
john mccain,"[-0.03571428571428573, 0.9999999999999991]",24,54
john mccain,"[-0.03571428571428573, 0.9999999999999991]",25,55
john mccain,"[-0.03571428571428572, 0.9999999999999989]",26,56
iranian people,"[-0.05143444998736395, 0.693888666488711]",83,113
iranian people,"[-0.05143444998736395, 0.693888666488711]",84,114
iranian people,"[-0.05143444998736395, 0.693888666488711]",85,115
iranian people,"[-0.05143444998736395, 0.693888666488711]",86,116
iranian people,"[-0.05143444998736395, 0.693888666488711]",87,117
iranian people,"[-0.05143444998736395, 0.693888666488711]",88,118
iranian people,"[-0.05143444998736394, 0.693888666488711]",89,119
iranian people,"[-0.05143444998736395, 0.6938886664887108]",90,120
iranian people,"[-0.051434449987363934, 0.693888666488711]",91,121
iranian people,"[-0.051434449987363934, 0.693888666488711]",92,122
iranian people,"[-0.05143444998736397, 0.693888666488711]",93,123
iranian people,"[-0.051434449987363934, 0.6938886664887108]",94,124
iranian people,"[-0.05143444998736392, 0.6938886664887107]",95,125
iranian people,"[-0.05143444998736392, 0.6938886664887107]",96,126
iranian people,"[-0.05143444998736397, 0.6938886664887108]",97,127
iranian people,"[-0.05143444998736397, 0.6938886664887106]",98,128
iranian people,"[-0.05143444998736392, 0.6938886664887107]",99,129
iranian people,"[-0.05143444998736397, 0.6938886664887108]",100,130
iranian people,"[-0.05143444998736397, 0.6938886664887108]",101,131
iranian people,"[-0.05143444998736397, 0.6938886664887106]",102,132
iranian people,"[-0.05143444998736394, 0.6938886664887107]",103,133
iranian people,"[-0.05143444998736397, 0.6938886664887108]",104,134
iranian people,"[-0.05143444998736397, 0.6938886664887108]",105,135
iranian people,"[-0.03571428571428572, 0.9999999999999989]",106,136
iranian people,"[-0.03571428571428572, 0.9999999999999991]",107,137
iranian people,"[-0.03571428571428573, 0.9999999999999991]",108,138
iranian people,"[-0.03571428571428573, 0.9999999999999991]",109,139
iranian people,"[-0.03571428571428572, 0.9999999999999989]",110,140
breonna taylor,"[0.5563486402641873, -0.06666666666666662]",109,139
breonna taylor,"[0.5563486402641873, -0.06666666666666665]",110,140
breonna taylor,"[0.5563486402641875, nan]",111,141
hong kong,"[0.9999999999999999, nan]",77,107
hong kong,"[1.0, -0.037037037037037035]",78,108
voters,"[0.606788036412138, -0.07269657175089851]",112,142
voters,"[0.6067880364121379, -0.07269657175089853]",113,143
voters,"[0.6067880364121379, -0.0726965717508985]",114,144
voters,"[0.606788036412138, -0.053376051268362375]",115,145
voters,"[0.6943650748294139, -0.05337605126836236]",116,146
voters,"[0.6943650748294138, -0.05337605126836236]",117,147
voters,"[0.6943650748294138, -0.05337605126836236]",118,148
voters,"[0.6943650748294138, -0.05337605126836234]",119,149
voters,"[0.6943650748294139, -0.05337605126836236]",120,150
voters,"[0.6943650748294139, -0.05337605126836236]",121,151
voters,"[0.6943650748294139, -0.05337605126836236]",122,152
voters,"[0.6943650748294138, -0.05337605126836239]",123,153
voters,"[0.6943650748294138, -0.053376051268362375]",124,154
voters,"[0.6943650748294138, -0.053376051268362375]",125,155
voters,"[0.6943650748294138, -0.053376051268362375]",126,156
voters,"[0.6943650748294137, -0.05337605126836239]",127,157
voters,"[1.0, -0.03703703703703702]",128,158
voters,"[1.0, -0.03703703703703702]",129,159
voters,"[1.0, -0.037037037037037014]",130,160
voters,"[0.9999999999999999, nan]",131,161
theresa may,"[0.5563486402641872, -0.06666666666666662]",23,53
theresa may,"[0.5563486402641872, -0.06666666666666662]",24,54
theresa may,"[0.5563486402641873, -0.06666666666666661]",25,55
theresa may,"[0.5563486402641873, -0.0666666666666666]",26,56
theresa may,"[0.5563486402641873, -0.0666666666666666]",27,57
theresa may,"[0.5563486402641873, -0.0666666666666666]",28,58
theresa may,"[0.5563486402641874, -0.0666666666666666]",29,59
theresa may,"[0.5563486402641873, -0.06666666666666661]",30,60
theresa may,"[0.5563486402641873, -0.05337605126836236]",31,61
theresa may,"[0.6943650748294139, -0.053376051268362375]",32,62
theresa may,"[0.6943650748294138, -0.037037037037037014]",33,63
theresa may,"[1.0, -0.03703703703703702]",34,64
theresa may,"[1.0, -0.03703703703703702]",35,65
theresa may,"[1.0, -0.037037037037037014]",36,66
theresa may,"[0.9999999999999999, -0.037037037037037014]",37,67
theresa may,"[1.0, -0.03703703703703702]",38,68
theresa may,"[1.0, -0.03703703703703702]",39,69
theresa may,"[1.0, -0.037037037037037014]",40,70
theresa may,"[0.9999999999999999, nan]",41,71
theresa may,"[-0.03571428571428572, 1.0]",53,83
theresa may,"[-0.03571428571428572, 0.9999999999999998]",54,84
theresa may,"[-0.035714285714285726, 0.9999999999999998]",55,85
theresa may,"[-0.03571428571428572, 0.9999999999999997]",56,86
theresa may,"[-0.03571428571428572, 0.9999999999999999]",57,87
theresa may,"[-0.035714285714285726, 0.9999999999999999]",58,88
theresa may,"[-0.035714285714285726, 0.9999999999999998]",59,89
theresa may,"[-0.03571428571428572, 0.9999999999999996]",60,90
theresa may,"[-0.03571428571428572, 0.9999999999999997]",61,91
theresa may,"[-0.035714285714285726, 0.9999999999999997]",62,92
theresa may,"[-0.035714285714285726, 0.9999999999999997]",63,93
theresa may,"[-0.03571428571428572, 0.9999999999999993]",64,94
theresa may,"[-0.035714285714285726, 0.9999999999999994]",65,95
theresa may,"[-0.035714285714285726, 0.9999999999999992]",66,96
theresa may,"[-0.035714285714285726, 0.9999999999999992]",67,97
theresa may,"[-0.035714285714285726, 0.999999999999999]",68,98
theresa may,"[-0.035714285714285726, 0.9999999999999994]",69,99
theresa may,"[-0.03571428571428573, 0.9999999999999992]",70,100
theresa may,"[-0.03571428571428573, 0.9999999999999992]",71,101
theresa may,"[-0.03571428571428573, 0.999999999999999]",72,102
theresa may,"[-0.03571428571428573, 0.9999999999999991]",73,103
theresa may,"[-0.03571428571428573, 0.9999999999999991]",74,104
theresa may,"[-0.03571428571428573, 0.9999999999999991]",75,105
theresa may,"[-0.03571428571428572, 0.9999999999999989]",76,106
theresa may,"[-0.03571428571428572, 0.9999999999999991]",77,107
theresa may,"[-0.03571428571428573, 0.9999999999999991]",78,108
theresa may,"[-0.03571428571428573, 0.9999999999999991]",79,109
theresa may,"[-0.03571428571428572, 0.9999999999999989]",80,110
venezuelans,"[-0.05143444998736394, 0.693888666488711]",37,67
venezuelans,"[-0.05143444998736394, 0.693888666488711]",38,68
parents,"[0.5563486402641871, -0.05337605126836239]",110,140
parents,"[0.5563486402641872, -0.0666666666666667]",111,141
parents,"[0.6943650748294137, -0.053376051268362396]",112,142
parents,"[0.6943650748294136, -0.05337605126836242]",113,143
parents,"[0.6943650748294138, -0.05337605126836241]",114,144
parents,"[0.6943650748294138, -0.05337605126836241]",115,145
parents,"[0.6943650748294138, -0.0533760512683624]",116,146
parents,"[0.6943650748294136, -0.053376051268362416]",117,147
parents,"[0.6943650748294138, -0.05337605126836239]",118,148
parents,"[0.6943650748294138, -0.05337605126836239]",119,149
parents,"[0.6943650748294138, -0.053376051268362375]",120,150
parents,"[0.6943650748294136, -0.053376051268362375]",121,151
parents,"[0.6943650748294136, -0.053376051268362375]",122,152
parents,"[0.6943650748294137, -0.053376051268362375]",123,153
parents,"[0.6943650748294136, -0.053376051268362375]",124,154
parents,"[0.6943650748294135, -0.053376051268362375]",125,155
parents,"[0.6943650748294136, -0.053376051268362375]",126,156
parents,"[0.6943650748294137, -0.05337605126836236]",127,157
parents,"[0.6943650748294136, -0.053376051268362375]",128,158
parents,"[0.6943650748294135, nan]",129,159
american democracy,"[0.9999999999999999, nan]",85,115
american democracy,"[1.0, -0.037037037037037035]",86,116
american democracy,"[1.0, -0.03703703703703702]",87,117
american democracy,"[0.6943650748294136, -0.03703703703703702]",88,118
american democracy,"[0.6943650748294135, -0.05337605126836241]",89,119
american democracy,"[0.6943650748294136, -0.05337605126836241]",90,120
american democracy,"[0.6943650748294136, -0.053376051268362416]",91,121
american democracy,"[0.5563486402641871, -0.0533760512683624]",92,122
american democracy,"[0.6943650748294136, nan]",132,162
american democracy,"[0.6943650748294135, -0.05337605126836238]",133,163
american democracy,"[0.6943650748294136, -0.053376051268362375]",134,164
american democracy,"[0.6943650748294135, -0.05337605126836238]",135,165
american democracy,"[0.6943650748294135, -0.05337605126836238]",136,166
american democracy,"[0.6943650748294135, -0.03703703703703704]",137,167
american democracy,"[1.0, -0.03703703703703704]",138,168
chinese citizens,"[0.6943650748294136, nan]",138,168
boris johnson,"[0.6943650748294137, -0.05337605126836236]",0,30
boris johnson,"[0.6943650748294138, -0.05337605126836236]",1,31
boris johnson,"[0.6943650748294138, -0.05337605126836236]",2,32
boris johnson,"[0.6943650748294136, -0.053376051268362375]",3,33
boris johnson,"[0.6943650748294136, -0.05337605126836236]",4,34
boris johnson,"[0.6943650748294136, -0.05337605126836236]",5,35
boris johnson,"[0.6943650748294136, -0.053376051268362375]",6,36
boris johnson,"[0.6943650748294135, -0.053376051268362375]",7,37
boris johnson,"[0.6943650748294136, -0.053376051268362375]",8,38
boris johnson,"[0.6943650748294136, -0.05337605126836236]",9,39
boris johnson,"[0.6943650748294136, -0.053376051268362375]",10,40
boris johnson,"[0.6943650748294135, nan]",11,41
residents,"[-0.05143444998736397, 0.6938886664887111]",97,127
residents,"[-0.05143444998736396, 0.693888666488711]",98,128
residents,"[-0.05143444998736396, 0.6938886664887111]",99,129
residents,"[-0.051434449987363955, 0.693888666488711]",100,130
residents,"[-0.05143444998736395, 0.693888666488711]",101,131
residents,"[-0.05143444998736395, 0.693888666488711]",102,132
residents,"[-0.05143444998736397, 0.693888666488711]",103,133
residents,"[-0.05143444998736397, 0.6938886664887108]",104,134
residents,"[-0.051434449987363934, 0.693888666488711]",105,135
residents,"[-0.051434449987363934, 0.693888666488711]",106,136
residents,"[-0.05143444998736397, 0.6938886664887111]",107,137
residents,"[-0.051434449987363955, 0.6938886664887108]",108,138
residents,"[-0.05143444998736392, 0.6938886664887107]",109,139
residents,"[-0.05143444998736397, 0.6938886664887108]",110,140
residents,"[-0.05143444998736397, 0.6938886664887108]",111,141
residents,"[-0.035714285714285726, 0.999999999999999]",112,142
residents,"[-0.035714285714285726, 0.9999999999999994]",113,143
residents,"[-0.03571428571428573, 0.9999999999999992]",114,144
residents,"[-0.03571428571428573, 0.9999999999999992]",115,145
residents,"[-0.03571428571428573, 0.999999999999999]",116,146
residents,"[-0.03571428571428573, 0.9999999999999991]",117,147
residents,"[-0.03571428571428573, 0.9999999999999991]",118,148
residents,"[-0.03571428571428573, 0.9999999999999991]",119,149
residents,"[-0.03571428571428572, 0.9999999999999989]",120,150
residents,"[-0.03571428571428572, 0.9999999999999991]",121,151
residents,"[-0.03571428571428573, 0.9999999999999991]",122,152
residents,"[-0.03571428571428573, 0.9999999999999991]",123,153
residents,"[-0.03571428571428572, 0.9999999999999989]",124,154
patients,"[-0.05143444998736395, 0.693888666488711]",107,137
patients,"[-0.05143444998736395, 0.693888666488711]",108,138
patients,"[-0.05143444998736395, 0.693888666488711]",109,139
patients,"[-0.05143444998736394, 0.693888666488711]",110,140
patients,"[-0.05143444998736395, 0.693888666488711]",111,141
patients,"[-0.05143444998736395, 0.693888666488711]",112,142
patients,"[-0.051434449987363975, 0.693888666488711]",113,143
patients,"[-0.051434449987363934, 0.6938886664887108]",114,144
patients,"[-0.05143444998736397, 0.693888666488711]",115,145
patients,"[-0.051434449987363934, 0.693888666488711]",116,146
patients,"[-0.05143444998736397, 0.693888666488711]",117,147
patients,"[-0.05143444998736392, 0.6938886664887108]",118,148
patients,"[-0.051434449987363955, 0.6938886664887108]",119,149
patients,"[-0.05143444998736392, 0.693888666488711]",120,150
patients,"[-0.051434449987363955, 0.6938886664887108]",121,151
patients,"[-0.05143444998736392, 0.6938886664887108]",122,152
patients,"[-0.051434449987363955, 0.6938886664887108]",123,153
patients,"[-0.05143444998736392, 0.693888666488711]",124,154
patients,"[-0.07407407407407406, 0.6938886664887108]",125,155
patients,"[-0.07407407407407406, 0.6938886664887108]",129,159
patients,"[-0.051434449987363996, 0.6938886664887107]",130,160
patients,"[-0.051434449987363996, 0.6938886664887108]",131,161
patients,"[-0.051434449987363906, 0.6938886664887108]",132,162
patients,"[-0.05143444998736398, 0.693888666488711]",133,163
patients,"[-0.05143444998736398, 0.6938886664887107]",134,164
james comey,"[0.37586548707766476, 0.8911654477393957]",5,35
james comey,"[0.33995561980204414, 0.8117077033708012]",6,36
james comey,"[0.33995561980204414, 0.7505683356701914]",7,37
james comey,"[0.3399556198020441, 0.7505683356701914]",8,38
james comey,"[0.33995561980204403, 0.7505683356701915]",9,39
james comey,"[0.33995561980204403, 0.7505683356701915]",10,40
james comey,"[0.33995561980204403, 0.7505683356701914]",11,41
james comey,"[0.3399556198020441, 0.7505683356701914]",12,42
james comey,"[0.339955619802044, 0.811707703370801]",13,43
james comey,"[0.33995561980204403, 0.7505683356701914]",14,44
james comey,"[0.339955619802044, 0.7505683356701914]",15,45
james comey,"[0.33995561980204403, 0.7505683356701917]",16,46
james comey,"[0.3399556198020439, 0.7505683356701914]",17,47
james comey,"[0.339955619802044, 0.7505683356701912]",18,48
james comey,"[0.3399556198020439, 0.7505683356701912]",19,49
james comey,"[0.3399556198020439, 0.7505683356701912]",20,50
james comey,"[0.33995561980204386, 0.7505683356701913]",21,51
james comey,"[0.3399556198020439, 0.7505683356701912]",22,52
james comey,"[0.3399556198020439, 0.7505683356701912]",23,53
james comey,"[0.3399556198020439, 0.7505683356701912]",24,54
james comey,"[0.33995561980204386, 0.7505683356701912]",25,55
james comey,"[0.3399556198020438, 0.7505683356701912]",26,56
james comey,"[0.3399556198020438, 0.7505683356701912]",27,57
james comey,"[0.33995561980204375, 0.7505683356701914]",28,58
james comey,"[0.33995561980204375, 0.7505683356701912]",29,59
james comey,"[0.3104708171147227, 0.7505683356701912]",30,60
james comey,"[0.31047081711472274, 0.7017932675554319]",31,61
james comey,"[0.31047081711472274, 0.7017932675554318]",32,62
meghan markle,"[-0.05143444998736395, 0.693888666488711]",97,127
meghan markle,"[-0.05143444998736395, 0.693888666488711]",98,128
meghan markle,"[-0.05143444998736394, 0.693888666488711]",99,129
meghan markle,"[-0.051434449987363934, 0.6938886664887108]",100,130
meghan markle,"[-0.05143444998736394, 0.693888666488711]",101,131
meghan markle,"[-0.051434449987363955, 0.693888666488711]",102,132
meghan markle,"[-0.05143444998736394, 0.693888666488711]",103,133
meghan markle,"[-0.051434449987363934, 0.6938886664887108]",104,134
meghan markle,"[-0.05143444998736395, 0.693888666488711]",105,135
meghan markle,"[-0.05143444998736395, 0.693888666488711]",106,136
meghan markle,"[-0.051434449987363934, 0.693888666488711]",107,137
meghan markle,"[-0.05143444998736392, 0.6938886664887108]",108,138
meghan markle,"[-0.051434449987363934, 0.6938886664887108]",109,139
meghan markle,"[-0.051434449987363934, 0.6938886664887108]",110,140
meghan markle,"[-0.05143444998736392, 0.6938886664887108]",111,141
meghan markle,"[-0.05143444998736392, 0.6938886664887108]",112,142
meghan markle,"[-0.051434449987363934, 0.6938886664887108]",113,143
meghan markle,"[-0.05143444998736392, 0.6938886664887108]",114,144
meghan markle,"[-0.05143444998736392, 0.6938886664887108]",115,145
meghan markle,"[-0.05143444998736392, 0.6938886664887108]",116,146
meghan markle,"[-0.05143444998736392, 0.6938886664887108]",117,147
meghan markle,"[-0.05143444998736392, 0.6938886664887108]",118,148
meghan markle,"[-0.05143444998736392, 0.6938886664887108]",119,149
meghan markle,"[-0.05143444998736394, 0.6938886664887108]",120,150
meghan markle,"[-0.05143444998736392, 0.9999999999999991]",121,151
meghan markle,"[-0.03571428571428573, 0.9999999999999991]",122,152
meghan markle,"[-0.03571428571428573, 0.9999999999999991]",123,153
meghan markle,"[-0.03571428571428572, 0.9999999999999989]",124,154
california taxpayers,"[0.6943650748294136, -0.0533760512683624]",0,30
california taxpayers,"[0.9999999999999999, -0.03703703703703703]",1,31
california taxpayers,"[1.0, -0.03703703703703704]",2,32
california taxpayers,"[1.0, -0.03703703703703704]",3,33
california taxpayers,"[1.0, -0.037037037037037035]",4,34
california taxpayers,"[1.0, -0.03703703703703703]",5,35
california taxpayers,"[1.0, -0.03703703703703703]",6,36
california taxpayers,"[1.0, -0.03703703703703702]",7,37
california taxpayers,"[1.0, -0.037037037037037014]",8,38
california taxpayers,"[1.0, -0.03703703703703702]",9,39
california taxpayers,"[1.0, -0.03703703703703703]",10,40
california taxpayers,"[1.0, -0.03703703703703702]",11,41
california taxpayers,"[1.0, -0.037037037037037014]",12,42
california taxpayers,"[1.0, -0.037037037037037014]",13,43
california taxpayers,"[1.0, -0.03703703703703702]",14,44
california taxpayers,"[1.0, -0.03703703703703702]",15,45
california taxpayers,"[1.0, -0.037037037037037014]",16,46
california taxpayers,"[0.9999999999999999, -0.037037037037037014]",17,47
california taxpayers,"[1.0, -0.03703703703703702]",18,48
california taxpayers,"[1.0, -0.03703703703703702]",19,49
california taxpayers,"[1.0, -0.037037037037037014]",20,50
california taxpayers,"[0.9999999999999999, nan]",21,51
jewish community,"[0.9999999999999999, nan]",75,105
jewish community,"[1.0, -0.037037037037037035]",76,106
jewish community,"[1.0, -0.03703703703703702]",77,107
jewish community,"[1.0, -0.03703703703703702]",78,108
jewish community,"[0.9999999999999998, -0.037037037037037035]",79,109
jewish community,"[1.0, -0.03703703703703704]",80,110
jewish community,"[0.6943650748294136, -0.03703703703703704]",81,111
jewish community,"[0.6943650748294136, -0.053376051268362396]",82,112
jewish community,"[0.6943650748294136, -0.05337605126836241]",83,113
jewish community,"[0.6943650748294137, -0.053376051268362416]",84,114
jewish community,"[0.6943650748294137, -0.053376051268362416]",85,115
jewish community,"[0.6943650748294137, -0.0533760512683624]",86,116
jewish community,"[0.6943650748294135, -0.053376051268362416]",87,117
jewish community,"[0.6943650748294138, -0.0533760512683624]",88,118
jewish community,"[0.6943650748294137, -0.05337605126836239]",89,119
jewish community,"[0.6943650748294138, -0.05337605126836239]",90,120
jewish community,"[0.6943650748294136, -0.05337605126836239]",91,121
jewish community,"[0.6943650748294138, -0.053376051268362375]",92,122
jewish community,"[0.6943650748294137, -0.05337605126836236]",93,123
jewish community,"[0.6943650748294139, -0.053376051268362375]",94,124
jewish community,"[0.6943650748294137, -0.053376051268362375]",95,125
jewish community,"[0.6943650748294138, -0.053376051268362375]",96,126
jewish community,"[0.6943650748294137, -0.053376051268362375]",97,127
jewish community,"[0.6943650748294138, -0.053376051268362375]",98,128
jewish community,"[0.6943650748294136, -0.053376051268362375]",99,129
jewish community,"[0.6943650748294138, -0.053376051268362375]",100,130
jewish community,"[0.6943650748294137, -0.053376051268362375]",101,131
jewish community,"[0.6943650748294137, -0.053376051268362375]",102,132
jewish community,"[0.6943650748294136, nan]",103,133
nikolas cruz,"[0.6943650748294136, 1.0]",23,53
nikolas cruz,"[0.6943650748294136, 0.693888666488711]",24,54
nikolas cruz,"[0.6943650748294136, 0.693888666488711]",25,55
nikolas cruz,"[0.6943650748294137, 0.693888666488711]",26,56
central american migrants,"[0.6943650748294136, 1.0]",39,69
central american migrants,"[0.6943650748294136, 0.693888666488711]",40,70
central american migrants,"[0.6943650748294136, 0.693888666488711]",41,71
central american migrants,"[0.6943650748294137, 0.693888666488711]",42,72
central american migrants,"[0.6943650748294136, 0.693888666488711]",43,73
central american migrants,"[0.6943650748294136, 0.693888666488711]",44,74
central american migrants,"[0.6943650748294137, 0.693888666488711]",45,75
central american migrants,"[0.6943650748294137, 0.6938886664887108]",46,76
central american migrants,"[0.6943650748294136, 0.693888666488711]",47,77
central american migrants,"[0.6943650748294137, 0.693888666488711]",48,78
central american migrants,"[0.6943650748294137, 0.693888666488711]",49,79
central american migrants,"[0.6943650748294137, 0.6938886664887108]",50,80
central american migrants,"[0.6943650748294137, 0.6938886664887108]",51,81
central american migrants,"[0.6943650748294138, 0.6938886664887107]",52,82
central american migrants,"[0.6943650748294138, 0.6938886664887107]",53,83
central american migrants,"[0.6943650748294137, 0.6938886664887107]",54,84
central american migrants,"[0.5563486402641873, 0.6938886664887107]",55,85
central american migrants,"[0.5563486402641873, 0.5555555555555554]",56,86
central american migrants,"[0.5563486402641873, 0.5555555555555554]",57,87
central american migrants,"[0.5563486402641873, 0.5555555555555554]",58,88
central american migrants,"[0.5563486402641873, 0.5555555555555554]",59,89
central american migrants,"[0.5563486402641874, 0.5555555555555554]",60,90
central american migrants,"[0.5563486402641874, 0.5555555555555554]",61,91
central american migrants,"[0.5563486402641874, 0.5555555555555554]",62,92
central american migrants,"[0.5563486402641873, 0.5555555555555554]",63,93
central american migrants,"[0.5563486402641874, 0.5555555555555554]",64,94
central american migrants,"[0.5563486402641874, 0.5555555555555554]",65,95
central american migrants,"[0.5563486402641874, 0.5555555555555554]",66,96
central american migrants,"[0.6943650748294136, nan]",67,97
covid-19 patients,"[-0.03571428571428572, 1.0]",77,107
covid-19 patients,"[-0.03571428571428572, 0.9999999999999998]",78,108
covid-19 patients,"[-0.05143444998736394, 0.9999999999999998]",79,109
covid-19 patients,"[-0.05143444998736394, 0.693888666488711]",80,110
covid-19 patients,"[-0.05143444998736394, 0.693888666488711]",81,111
covid-19 patients,"[-0.051434449987363934, 0.693888666488711]",82,112
twitter users,"[0.9999999999999999, nan]",135,165
twitter users,"[1.0, -0.037037037037037035]",136,166
twitter users,"[1.0, -0.03703703703703702]",137,167
twitter users,"[0.6943650748294136, -0.03703703703703702]",138,168
australians,"[0.6943650748294136, nan]",75,105
australians,"[0.6943650748294136, -0.05337605126836241]",76,106
australians,"[0.6943650748294136, -0.0533760512683624]",77,107
australians,"[0.6943650748294136, -0.0533760512683624]",78,108
australians,"[0.6943650748294136, -0.0533760512683624]",79,109
australians,"[0.6943650748294136, -0.05337605126836241]",80,110
australians,"[0.6943650748294135, -0.0533760512683624]",81,111
australians,"[0.6943650748294137, -0.0533760512683624]",82,112
australians,"[0.6943650748294135, -0.05337605126836239]",83,113
australians,"[0.6943650748294137, -0.05337605126836239]",84,114
australians,"[0.6943650748294136, -0.05337605126836239]",85,115
australians,"[0.6943650748294137, -0.05337605126836239]",86,116
australians,"[0.6943650748294136, -0.053376051268362375]",87,117
australians,"[0.6943650748294139, -0.05337605126836234]",88,118
australians,"[0.5563486402641873, -0.06666666666666664]",89,119
australians,"[0.5563486402641873, -0.06666666666666664]",90,120
australians,"[0.5563486402641873, -0.06666666666666661]",91,121
australians,"[0.5563486402641873, -0.06666666666666664]",92,122
australians,"[0.5563486402641873, -0.06666666666666662]",93,123
australians,"[0.5563486402641873, -0.06666666666666662]",94,124
australians,"[0.5563486402641873, -0.0666666666666666]",95,125
australians,"[0.5563486402641874, -0.06666666666666661]",96,126
australians,"[0.5563486402641874, -0.06666666666666661]",97,127
australians,"[0.5563486402641874, -0.06666666666666661]",98,128
australians,"[0.5563486402641873, -0.0666666666666666]",99,129
australians,"[0.5563486402641874, -0.06666666666666661]",100,130
australians,"[0.5563486402641874, -0.053376051268362375]",101,131
illinois residents,"[0.9999999999999999, nan]",75,105
illinois residents,"[1.0, -0.037037037037037035]",76,106
illinois residents,"[1.0, -0.03703703703703702]",77,107
illinois residents,"[1.0, -0.03703703703703702]",78,108
illinois residents,"[0.9999999999999998, -0.037037037037037035]",79,109
illinois residents,"[1.0, -0.03703703703703704]",80,110
illinois residents,"[1.0, -0.03703703703703704]",81,111
illinois residents,"[1.0, -0.037037037037037035]",82,112
illinois residents,"[0.9999999999999999, -0.03703703703703703]",83,113
illinois residents,"[1.0, -0.03703703703703704]",84,114
illinois residents,"[1.0, -0.03703703703703704]",85,115
illinois residents,"[1.0, -0.037037037037037035]",86,116
illinois residents,"[1.0, -0.03703703703703703]",87,117
illinois residents,"[1.0, -0.03703703703703703]",88,118
illinois residents,"[1.0, -0.03703703703703702]",89,119
illinois residents,"[1.0, -0.037037037037037014]",90,120
illinois residents,"[1.0, -0.03703703703703702]",91,121
illinois residents,"[0.6943650748294138, -0.03703703703703703]",92,122
illinois residents,"[0.6943650748294138, -0.0533760512683624]",93,123
illinois residents,"[0.6943650748294138, -0.0533760512683624]",94,124
illinois residents,"[0.6943650748294137, -0.05337605126836243]",95,125
illinois residents,"[0.6943650748294137, -0.053376051268362416]",96,126
illinois residents,"[0.6943650748294137, -0.053376051268362416]",97,127
illinois residents,"[0.6943650748294137, -0.053376051268362416]",98,128
john kasich,"[-0.06419407387663688, 0.5555555555555554]",5,35
john kasich,"[-0.051434449987363955, 0.6938886664887108]",6,36
the environment,"[0.9999999999999999, nan]",33,63
the environment,"[1.0, -0.037037037037037035]",34,64
the environment,"[1.0, -0.03703703703703702]",35,65
the environment,"[1.0, -0.03703703703703702]",36,66
the environment,"[0.9999999999999998, -0.037037037037037035]",37,67
the environment,"[1.0, -0.03703703703703704]",38,68
the environment,"[1.0, -0.03703703703703704]",39,69
the environment,"[1.0, -0.037037037037037035]",40,70
the environment,"[0.9999999999999999, -0.03703703703703703]",41,71
the environment,"[1.0, -0.03703703703703704]",42,72
the environment,"[1.0, -0.03703703703703704]",43,73
the environment,"[1.0, -0.037037037037037035]",44,74
the environment,"[1.0, -0.03703703703703703]",45,75
the environment,"[1.0, -0.03703703703703703]",46,76
the environment,"[0.6943650748294138, -0.0533760512683624]",47,77
the environment,"[0.6943650748294138, -0.0533760512683624]",48,78
the environment,"[0.6943650748294137, -0.05337605126836241]",49,79
the environment,"[0.6943650748294138, -0.05337605126836242]",50,80
the environment,"[0.6943650748294137, -0.05337605126836241]",51,81
the environment,"[0.6943650748294138, -0.0533760512683624]",52,82
the environment,"[0.6943650748294136, -0.0533760512683624]",53,83
the environment,"[0.6943650748294137, -0.053376051268362416]",54,84
the environment,"[0.6943650748294136, -0.05337605126836239]",55,85
the environment,"[0.6943650748294137, -0.0533760512683624]",56,86
the environment,"[0.6943650748294135, -0.053376051268362375]",57,87
the environment,"[0.6943650748294137, -0.05337605126836239]",58,88
the environment,"[0.6943650748294136, -0.053376051268362375]",59,89
the environment,"[0.6943650748294138, -0.053376051268362375]",60,90
the environment,"[0.6943650748294136, -0.037037037037037014]",61,91
jacob blake,"[0.8912801198842258, nan]",83,113
jacob blake,"[0.891280119884226, -0.0504433272305318]",84,114
jacob blake,"[0.891280119884226, -0.05044332723053184]",85,115
jacob blake,"[0.891280119884226, -0.05044332723053185]",86,116
jacob blake,"[0.8912801198842262, -0.05044332723053185]",87,117
jacob blake,"[0.8912801198842263, -0.050443327230531805]",88,118
jacob blake,"[0.8912801198842263, -0.050443327230531805]",89,119
jacob blake,"[0.8912801198842264, -0.050443327230531805]",90,120
jacob blake,"[0.8912801198842263, -0.05044332723053185]",91,121
jacob blake,"[0.8912801198842264, -0.0504433272305318]",92,122
jacob blake,"[0.8912801198842265, -0.0504433272305318]",93,123
jacob blake,"[0.8912801198842265, -0.0504433272305318]",94,124
jacob blake,"[0.8912801198842264, -0.05044332723053183]",95,125
jacob blake,"[0.8912801198842266, -0.050443327230531784]",96,126
jacob blake,"[0.8912801198842266, -0.05044332723053182]",97,127
jacob blake,"[0.8912801198842266, -0.05044332723053182]",98,128
jacob blake,"[0.8912801198842266, -0.05044332723053182]",99,129
jacob blake,"[0.8912801198842266, -0.050443327230531784]",100,130
jacob blake,"[0.8912801198842266, -0.05044332723053182]",101,131
jacob blake,"[0.8912801198842266, -0.05044332723053182]",102,132
jacob blake,"[0.8912801198842266, -0.05044332723053182]",103,133
jacob blake,"[0.8912801198842267, -0.05044332723053182]",104,134
jacob blake,"[0.8912801198842267, -0.05044332723053183]",105,135
jacob blake,"[0.8912801198842267, -0.05044332723053182]",106,136
jacob blake,"[0.8912801198842266, -0.05044332723053182]",107,137
jacob blake,"[0.8912801198842267, -0.05044332723053182]",108,138
jacob blake,"[0.8912801198842267, -0.05044332723053183]",109,139
jacob blake,"[0.8912801198842267, -0.037037037037037014]",110,140
jacob blake,"[0.9999999999999999, nan]",111,141
chinese people,"[0.9999999999999999, nan]",137,167
chinese people,"[1.0, -0.037037037037037035]",138,168
