americans,"[0.5077530996034361, 0.3531984737396083]",51,113
americans,"[0.5298510010015814, 0.34609407585534646]",52,114
americans,"[0.5324788303336827, 0.3512611715620057]",53,115
americans,"[0.5354227522448077, 0.3566425344975256]",54,116
americans,"[0.538452680839378, 0.3574853011101808]",55,117
americans,"[0.5601525994358945, 0.35748530111018073]",56,118
americans,"[0.5620713505049536, 0.3632806485367079]",57,119
americans,"[0.5656074163566271, 0.36166492490481145]",58,120
americans,"[0.5727677066727647, 0.3530652381539971]",59,121
americans,"[0.5972140406276467, 0.3148017056366804]",60,122
americans,"[0.5972140406276466, 0.31114545408692096]",61,123
americans,"[0.5909122779977287, 0.3101795451718513]",62,124
americans,"[0.5999242882097638, 0.33897110264087305]",63,125
americans,"[0.6411584682321567, 0.32845627216917744]",64,126
americans,"[0.5978240155071273, 0.3496285045471357]",65,127
americans,"[0.5937903351770399, 0.2965264564122221]",66,128
americans,"[0.51944935455098, 0.2960248720069588]",67,129
donald trump,"[0.502358059793032, 0.3732373699341221]",105,167
donald trump,"[0.502358059793032, 0.3199309174377101]",106,168
hillary clinton,"[0.622913813301722, 0.5986946387118092]",0,62
hillary clinton,"[0.6315213361989318, 0.6172800752085162]",1,63
hillary clinton,"[0.6333818600404743, 0.6220409902691625]",2,64
hillary clinton,"[0.6346784527873182, 0.6227650563978951]",3,65
hillary clinton,"[0.6319790041579519, 0.6288784735070747]",4,66
hillary clinton,"[0.6333260837494424, 0.6283947802609652]",5,67
hillary clinton,"[0.6323424685324552, 0.6277736981435385]",6,68
hillary clinton,"[0.6397294112727517, 0.6582608663529336]",7,69
hillary clinton,"[0.6635382307245464, 0.6711186205685904]",8,70
hillary clinton,"[0.6775846523691312, 0.6815163286397474]",9,71
hillary clinton,"[0.6876690548031019, 0.6835082744571027]",10,72
hillary clinton,"[0.6887932230689071, 0.7057417082157815]",11,73
hillary clinton,"[0.6983034426938147, 0.7288489688134754]",12,74
hillary clinton,"[0.6681647076961565, 0.7325849850808163]",13,75
hillary clinton,"[0.758137227650909, 0.7143684342392124]",14,76
hillary clinton,"[0.7453136124376611, 0.7050786995838072]",15,77
hillary clinton,"[0.7498137851626284, 0.699884007194827]",16,78
hillary clinton,"[0.7713243179120813, 0.6511272549231099]",17,79
hillary clinton,"[0.7334267126964814, 0.5389489053099851]",18,80
hillary clinton,"[0.6875952862994767, 0.4327423942260346]",19,81
democratic party,"[0.11684016880173156, 0.5015871013190611]",39,101
democratic party,"[0.13387169958457013, 0.5206921655188513]",40,102
democratic party,"[0.15117053525550667, 0.5255417380692968]",41,103
democratic party,"[0.1511705352555067, 0.5195992722369824]",42,104
democratic party,"[0.16877974672351845, 0.5103456213130096]",43,105
democratic party,"[0.1479149212107146, 0.5302786438033734]",44,106
democratic party,"[0.14791492121071456, 0.5509076966388536]",45,107
democratic party,"[0.15795102982814263, 0.5617336175422732]",46,108
democratic party,"[0.14759321197718547, 0.5413626675769402]",47,109
democratic party,"[0.16473858610227016, 0.5122943073787939]",48,110
democratic party,"[0.1361275232795683, 0.5259188494953398]",49,111
democratic party,"[0.1361275232795683, 0.5259188494953398]",50,112
democratic party,"[0.1361275232795683, 0.5259188494953397]",51,113
joe biden,"[0.06917930479305837, 0.6391761242174739]",20,82
joe biden,"[0.06273618010672642, 0.6252057812940857]",21,83
joe biden,"[0.13056397911261708, 0.612056372482123]",22,84
joe biden,"[0.1305639791126171, 0.5185629788417314]",23,85
joe biden,"[0.1305639791126171, 0.5185629788417314]",24,86
joe biden,"[0.1305639791126171, 0.5185629788417313]",25,87
joe biden,"[0.13056397911261713, 0.5185629788417313]",26,88
joe biden,"[0.13056397911261713, 0.5185629788417312]",27,89
joe biden,"[0.13056397911261716, 0.5185629788417313]",28,90
joe biden,"[0.13056397911261716, 0.5185629788417313]",29,91
joe biden,"[0.1305639791126172, 0.5185629788417312]",30,92
joe biden,"[0.13056397911261716, 0.5185629788417311]",31,93
joe biden,"[0.13056397911261716, 0.5185629788417312]",32,94
joe biden,"[0.13056397911261716, 0.5185629788417311]",33,95
joe biden,"[0.13056397911261716, 0.5185629788417311]",34,96
joe biden,"[0.13056397911261716, 0.5185629788417311]",35,97
joe biden,"[0.13056397911261716, 0.5185629788417312]",36,98
joe biden,"[0.13056397911261716, 0.5185629788417312]",37,99
joe biden,"[0.13056397911261716, 0.5185629788417312]",38,100
joe biden,"[0.13056397911261716, 0.518562978841731]",39,101
joe biden,"[0.13056397911261716, 0.5185629788417311]",40,102
joe biden,"[0.5374979685399144, 0.2774213615587386]",52,114
joe biden,"[0.5142736551403508, 0.33885851165748376]",53,115
joe biden,"[0.6055785191846833, 0.2707738691828081]",54,116
joe biden,"[0.6653346870423615, 0.3955533049735935]",55,117
joe biden,"[0.6027469405533339, 0.39385503756900814]",56,118
joe biden,"[0.5868444419300405, 0.4051931013998183]",57,119
joe biden,"[0.5427185420462827, 0.4025015735583348]",58,120
joe biden,"[0.5221286159867637, 0.3428955866398799]",59,121
joe biden,"[0.5256220328488539, 0.3686597482750745]",60,122
joe biden,"[0.5250373488488076, 0.367898022147851]",61,123
joe biden,"[0.5174414344360287, 0.3599918356686895]",62,124
joe biden,"[0.5146804308452417, 0.35628738419856515]",63,125
joe biden,"[0.5136657627030602, 0.34806743975293597]",64,126
joe biden,"[0.5058397885904167, 0.33985722183513406]",65,127
joe biden,"[0.5058397885904168, 0.3316929970911157]",66,128
ukraine,"[0.5009295044288842, 0.23059310275535527]",95,157
george floyd,"[1.0, nan]",45,107
george floyd,"[0.5124664539254782, 0.24783408088642686]",46,108
george floyd,"[0.5151302174297386, 0.13430852483996358]",47,109
george floyd,"[0.5157073562579918, 0.1390592153527546]",48,110
george floyd,"[0.5157073562579919, 0.13767473265642308]",49,111
north korea,"[0.06061639038077214, 0.5884389414473133]",42,104
north korea,"[0.5676462121975464, -0.02417547385148619]",75,137
afghanistan,"[0.5541351588698695, -0.029888722213602715]",74,136
fox news,"[0.5751536210124331, -0.04869419849497176]",82,144
fox news,"[0.6005882239015892, -0.04869419849497176]",83,145
fox news,"[0.6005882239015891, -0.048694198494971745]",84,146
fox news,"[0.6005882239015891, -0.048694198494971766]",85,147
fox news,"[0.6005882239015891, -0.048694198494971766]",86,148
fox news,"[0.6005882239015891, -0.048694198494971766]",87,149
fox news,"[0.600588223901589, -0.04869419849497174]",88,150
fox news,"[0.6005882239015891, -0.04869419849497176]",89,151
fox news,"[0.6005882239015891, -0.04869419849497176]",90,152
fox news,"[0.6005882239015891, -0.04869419849497176]",91,153
fox news,"[0.6005882239015891, -0.04869419849497174]",92,154
fox news,"[0.600588223901589, -0.048694198494971766]",93,155
ted cruz,"[-0.057862464677326766, 0.508698958660102]",12,74
ted cruz,"[-0.04877323473996472, 0.5086989586601018]",13,75
ted cruz,"[-0.04187314900782692, 0.5964200519792269]",14,76
ted cruz,"[-0.04187314900782691, 0.5964200519792269]",15,77
ted cruz,"[-0.04187314900782691, 0.5964200519792271]",16,78
ted cruz,"[-0.041873149007826904, 0.596420051979227]",17,79
ted cruz,"[-0.041873149007826904, 0.596420051979227]",18,80
ted cruz,"[-0.04187314900782689, 0.596420051979227]",19,81
ted cruz,"[-0.04187314900782688, 0.5964200519792271]",20,82
ted cruz,"[-0.04187314900782688, 0.596420051979227]",21,83
ted cruz,"[-0.0362195239056005, 0.6263730505693084]",22,84
ted cruz,"[-0.0362195239056005, 0.6608349880537456]",23,85
ted cruz,"[-0.0362195239056005, 0.6263730505693083]",24,86
ted cruz,"[-0.0362195239056005, 0.6263730505693081]",25,87
ted cruz,"[-0.0362195239056005, 0.6263730505693081]",26,88
ted cruz,"[-0.0362195239056005, 0.6263730505693081]",27,89
ted cruz,"[-0.036219523905600494, 0.6263730505693081]",28,90
ted cruz,"[-0.036219523905600494, 0.6263730505693081]",29,91
ted cruz,"[-0.036219523905600494, 0.6263730505693081]",30,92
ted cruz,"[-0.036219523905600494, 0.6263730505693081]",31,93
ted cruz,"[-0.036219523905600494, 0.6263730505693081]",32,94
ted cruz,"[-0.0362195239056005, 0.6263730505693081]",33,95
ted cruz,"[-0.0362195239056005, 0.6263730505693081]",34,96
ted cruz,"[-0.0362195239056005, 0.6263730505693081]",35,97
ted cruz,"[-0.03621952390560051, 0.6263730505693083]",36,98
ted cruz,"[-0.030217307273289074, 0.6608349880537457]",37,99
ted cruz,"[-0.030217307273289088, 0.6608349880537457]",38,100
ted cruz,"[-0.030217307273289074, 0.6608349880537457]",39,101
ted cruz,"[-0.030217307273289074, 0.6608349880537456]",40,102
ted cruz,"[-0.030217307273289074, 0.6608349880537456]",41,103
ted cruz,"[-0.030217307273289088, 0.6608349880537457]",42,104
ted cruz,"[-0.03021730727328908, 0.6608349880537456]",43,105
ted cruz,"[-0.030217307273289074, 0.6608349880537456]",44,106
ted cruz,"[-0.030217307273289067, 0.6608349880537456]",45,107
ted cruz,"[-0.03021730727328908, 0.6608349880537457]",46,108
ted cruz,"[-0.030217307273289074, 0.6608349880537456]",47,109
ted cruz,"[-0.030217307273289074, 0.6608349880537456]",48,110
ted cruz,"[-0.030217307273289067, 0.6608349880537456]",49,111
ted cruz,"[-0.030217307273289074, 0.6608349880537456]",50,112
ted cruz,"[-0.030217307273289074, 0.6608349880537456]",51,113
ted cruz,"[-0.030217307273289067, 0.6608349880537455]",52,114
ted cruz,"[-0.030217307273289067, 0.6608349880537456]",53,115
ted cruz,"[-0.030217307273289074, 0.6608349880537456]",54,116
ted cruz,"[-0.030217307273289074, 0.6608349880537456]",55,117
ted cruz,"[-0.030217307273289067, 0.6608349880537455]",56,118
ted cruz,"[-0.030217307273289067, 0.6608349880537456]",57,119
ted cruz,"[-0.030217307273289067, 0.6608349880537456]",58,120
ted cruz,"[-0.030217307273289067, 0.6608349880537456]",59,121
ted cruz,"[0.061875767409296095, 0.6199674364756572]",60,122
ted cruz,"[0.061875767409296095, 0.5858066937612358]",61,123
ted cruz,"[0.061875767409296095, 0.5858066937612358]",62,124
ted cruz,"[0.061875767409296095, 0.5858066937612358]",63,125
ted cruz,"[0.061875767409296095, 0.5858066937612357]",64,126
ted cruz,"[0.7011894655987546, -0.024175473851486197]",68,130
ted cruz,"[0.7011894655987547, -0.024175473851486197]",69,131
ted cruz,"[0.7011894655987548, -0.0241754738514862]",70,132
ted cruz,"[0.7011894655987548, -0.024175473851486193]",71,133
ted cruz,"[0.7011894655987547, -0.024175473851486197]",72,134
ted cruz,"[0.701189465598755, -0.0241754738514862]",73,135
ted cruz,"[0.701189465598755, -0.0241754738514862]",74,136
ted cruz,"[0.7011894655987548, -0.024175473851486197]",75,137
ted cruz,"[0.7011894655987547, -0.024175473851486204]",76,138
ted cruz,"[0.7011894655987547, -0.024175473851486207]",77,139
ted cruz,"[0.701189465598755, -0.024175473851486207]",78,140
ted cruz,"[0.7011894655987547, -0.024175473851486197]",79,141
ted cruz,"[0.7011894655987547, -0.02417547385148621]",80,142
ted cruz,"[0.7011894655987548, -0.024175473851486204]",81,143
ted cruz,"[0.7011894655987551, -0.024175473851486204]",82,144
ted cruz,"[0.7011894655987548, -0.024175473851486204]",83,145
ted cruz,"[1.0, -0.016949152542372867]",84,146
ted cruz,"[1.0, -0.01694915254237287]",85,147
ted cruz,"[1.0, -0.01694915254237287]",86,148
ted cruz,"[1.0, -0.016949152542372867]",87,149
ted cruz,"[1.0, -0.016949152542372864]",88,150
ted cruz,"[1.0, -0.01694915254237287]",89,151
ted cruz,"[1.0, -0.01694915254237287]",90,152
ted cruz,"[1.0, -0.016949152542372867]",91,153
ted cruz,"[1.0, -0.016949152542372867]",92,154
ted cruz,"[1.0, -0.016949152542372867]",93,155
ted cruz,"[1.0, -0.016949152542372867]",94,156
ted cruz,"[1.0, -0.016949152542372867]",95,157
ted cruz,"[0.701189465598755, -0.02417547385148619]",96,158
ted cruz,"[0.701189465598755, -0.024175473851486183]",97,159
ted cruz,"[0.701189465598755, -0.024175473851486193]",98,160
ted cruz,"[0.701189465598755, -0.024175473851486187]",99,161
ted cruz,"[0.7011894655987551, -0.02417547385148619]",100,162
ted cruz,"[0.701189465598755, -0.02417547385148619]",101,163
ted cruz,"[0.701189465598755, -0.024175473851486193]",102,164
ted cruz,"[0.701189465598755, -0.024175473851486193]",103,165
ted cruz,"[0.7011894655987551, -0.02417547385148619]",104,166
ted cruz,"[0.7011894655987551, -0.02417547385148619]",105,167
ted cruz,"[0.7011894655987551, -0.02417547385148619]",106,168
bernie sanders,"[-0.03219447538692733, 0.5674803065350239]",43,105
bernie sanders,"[-0.02936101097573518, 0.5674803065350239]",44,106
bernie sanders,"[-0.029361010975735173, 0.5674803065350238]",45,107
bernie sanders,"[-0.02936101097573518, 0.5674803065350237]",46,108
bernie sanders,"[-0.029361010975735173, 0.5674803065350238]",47,109
bernie sanders,"[-0.02936101097573518, 0.5674803065350237]",48,110
bernie sanders,"[-0.029361010975735173, 0.5674803065350237]",49,111
bernie sanders,"[-0.02936101097573518, 0.5674803065350235]",50,112
bernie sanders,"[-0.029361010975735173, 0.5674803065350236]",51,113
bernie sanders,"[-0.029361010975735173, 0.5674803065350235]",52,114
bernie sanders,"[-0.029361010975735173, 0.5674803065350235]",53,115
bernie sanders,"[-0.029361010975735173, 0.5674803065350232]",54,116
bernie sanders,"[-0.029361010975735173, 0.5674803065350233]",55,117
bernie sanders,"[-0.029361010975735173, 0.5674803065350233]",56,118
bernie sanders,"[-0.029361010975735173, 0.7010887416930995]",57,119
bernie sanders,"[-0.023769134427076406, 0.7010887416930994]",58,120
bernie sanders,"[-0.023769134427076406, 0.7010887416930995]",59,121
bernie sanders,"[-0.02376913442707641, 0.7010887416930995]",60,122
bernie sanders,"[-0.02376913442707641, 0.7010887416930995]",61,123
bernie sanders,"[-0.02376913442707641, 0.7010887416930994]",62,124
bernie sanders,"[-0.023769134427076406, 0.7010887416930996]",63,125
bernie sanders,"[-0.023769134427076403, 0.7010887416930996]",64,126
bernie sanders,"[-0.023769134427076403, 0.7010887416930996]",65,127
bernie sanders,"[-0.023769134427076403, 0.7010887416930995]",66,128
bernie sanders,"[-0.02376913442707641, 0.7010887416930996]",67,129
bernie sanders,"[-0.023769134427076403, 0.7010887416930995]",68,130
bernie sanders,"[-0.023769134427076403, 0.7010887416930996]",69,131
bernie sanders,"[-0.023769134427076403, 0.7010887416930995]",70,132
bernie sanders,"[-0.023769134427076406, 0.7010887416930995]",71,133
bernie sanders,"[-0.02376913442707641, 0.7010887416930995]",72,134
bernie sanders,"[-0.02376913442707641, 0.7010887416930995]",73,135
bernie sanders,"[-0.02376913442707641, 0.7010887416930994]",74,136
bernie sanders,"[-0.023769134427076417, 0.9999999999999998]",75,137
bernie sanders,"[-0.016666666666666677, 0.9999999999999996]",76,138
bernie sanders,"[-0.016666666666666677, 0.9999999999999998]",77,139
bernie sanders,"[-0.01666666666666668, 0.9999999999999993]",78,140
bernie sanders,"[-0.016666666666666677, 0.9999999999999998]",79,141
bernie sanders,"[-0.016666666666666677, 0.9999999999999996]",80,142
bernie sanders,"[-0.016666666666666677, 0.9999999999999998]",81,143
bernie sanders,"[-0.016666666666666677, 0.9999999999999993]",82,144
bernie sanders,"[-0.016666666666666677, 0.9999999999999998]",83,145
bernie sanders,"[-0.016666666666666677, 0.9999999999999996]",84,146
bernie sanders,"[-0.016666666666666677, 0.9999999999999998]",85,147
bernie sanders,"[-0.016666666666666677, 0.9999999999999993]",86,148
bernie sanders,"[-0.016666666666666677, 0.9999999999999997]",87,149
bernie sanders,"[-0.016666666666666677, 0.9999999999999997]",88,150
bernie sanders,"[-0.016666666666666677, 0.9999999999999997]",89,151
bernie sanders,"[-0.016666666666666673, 0.9999999999999994]",90,152
bernie sanders,"[-0.016666666666666673, 0.9999999999999997]",91,153
bernie sanders,"[-0.016666666666666677, 0.9999999999999997]",92,154
bernie sanders,"[-0.016666666666666677, 0.9999999999999997]",93,155
bernie sanders,"[-0.016666666666666673, 0.9999999999999994]",94,156
bernie sanders,"[-0.016666666666666673, 0.9999999999999997]",95,157
bernie sanders,"[-0.016666666666666673, 0.9999999999999994]",96,158
bernie sanders,"[-0.016666666666666673, 0.9999999999999997]",97,159
bernie sanders,"[-0.01666666666666667, 0.9999999999999992]",98,160
bernie sanders,"[-0.01666666666666667, 0.9999999999999997]",99,161
bernie sanders,"[-0.016666666666666673, 0.9999999999999994]",100,162
bernie sanders,"[-0.016666666666666673, 0.9999999999999997]",101,163
bernie sanders,"[-0.01666666666666667, 0.9999999999999992]",102,164
women,"[0.5113718907544229, -0.06189844605901727]",68,130
nancy pelosi,"[-0.06766167620900064, 0.5216162018759187]",48,110
nancy pelosi,"[-0.06225799457564098, 0.5216162018759187]",49,111
nancy pelosi,"[-0.06225799457564097, 0.5216162018759187]",50,112
nancy pelosi,"[-0.06225799457564098, 0.5216162018759188]",51,113
nancy pelosi,"[-0.062257994575640956, 0.5216162018759188]",52,114
nancy pelosi,"[-0.07690467937193164, 0.5216162018759188]",53,115
jamal khashoggi,"[0.5676462121975467, 0.7010887416930995]",7,69
jamal khashoggi,"[0.6195469181897234, 0.7214900866993804]",8,70
jamal khashoggi,"[0.19635769680903772, 0.685035577920417]",9,71
jamal khashoggi,"[0.19635769680903772, 0.6850355779204171]",10,72
jamal khashoggi,"[0.21607771552226607, 0.6782008994921098]",11,73
jamal khashoggi,"[0.210764450979414, 0.6481113556372016]",12,74
jamal khashoggi,"[0.24748018872676109, 0.7322715916292897]",13,75
jamal khashoggi,"[0.21076445097941396, 0.7322715916292898]",14,76
jamal khashoggi,"[0.21076445097941396, 0.6481113556372017]",15,77
jamal khashoggi,"[0.21076445097941396, 0.6481113556372017]",16,78
jamal khashoggi,"[0.2055407433791599, 0.6412735544534235]",17,79
jamal khashoggi,"[0.2055407433791599, 0.6412735544534235]",18,80
jamal khashoggi,"[0.2055407433791599, 0.6412735544534235]",19,81
jamal khashoggi,"[0.20554074337915998, 0.6412735544534235]",20,82
jamal khashoggi,"[0.1769826088146623, 0.6412735544534235]",21,83
jamal khashoggi,"[0.17146937735799533, 0.621430938635072]",22,84
jamal khashoggi,"[0.17146937735799536, 0.621430938635072]",23,85
jamal khashoggi,"[0.17146937735799536, 0.6214309386350719]",24,86
jamal khashoggi,"[0.17146937735799536, 0.6214309386350721]",25,87
jamal khashoggi,"[0.17146937735799536, 0.6214309386350721]",26,88
jamal khashoggi,"[0.1714693773579954, 0.6214309386350719]",27,89
jamal khashoggi,"[0.1714693773579954, 0.6214309386350721]",28,90
jamal khashoggi,"[0.1714693773579954, 0.621430938635072]",29,91
jamal khashoggi,"[0.1714693773579954, 0.621430938635072]",30,92
jamal khashoggi,"[0.1714693773579954, 0.6214309386350719]",31,93
jamal khashoggi,"[0.1714693773579954, 0.621430938635072]",32,94
jamal khashoggi,"[0.1714693773579954, 0.621430938635072]",33,95
jamal khashoggi,"[0.1714693773579954, 0.621430938635072]",34,96
jamal khashoggi,"[0.17146937735799542, 0.621430938635072]",35,97
jamal khashoggi,"[0.1714693773579954, 0.621430938635072]",36,98
jamal khashoggi,"[0.1714693773579954, 0.621430938635072]",37,99
jamal khashoggi,"[0.17146937735799536, 0.621430938635072]",38,100
jamal khashoggi,"[0.17146937735799542, 0.621430938635072]",39,101
jamal khashoggi,"[0.1714693773579954, 0.621430938635072]",40,102
jamal khashoggi,"[0.17146937735799536, 0.621430938635072]",41,103
jamal khashoggi,"[0.17146937735799536, 0.621430938635072]",42,104
jamal khashoggi,"[0.17146937735799536, 0.621430938635072]",43,105
jamal khashoggi,"[0.17146937735799536, 0.621430938635072]",44,106
jamal khashoggi,"[0.17146937735799536, 0.621430938635072]",45,107
jamal khashoggi,"[0.17146937735799536, 0.621430938635072]",46,108
jamal khashoggi,"[0.17146937735799536, 0.621430938635072]",47,109
jamal khashoggi,"[0.17146937735799536, 0.621430938635072]",48,110
jamal khashoggi,"[0.17146937735799536, 0.621430938635072]",49,111
jamal khashoggi,"[0.17146937735799536, 0.621430938635072]",50,112
jamal khashoggi,"[0.16603129946136497, 0.6145469386375715]",51,113
jamal khashoggi,"[0.16603129946136494, 0.6145469386375715]",52,114
jamal khashoggi,"[0.16603129946136502, 0.6145469386375715]",53,115
jamal khashoggi,"[0.16603129946136502, 0.6145469386375715]",54,116
jamal khashoggi,"[0.16603129946136502, 0.6145469386375715]",55,117
jamal khashoggi,"[0.166031299461365, 0.6145469386375713]",56,118
jamal khashoggi,"[0.1660312994613649, 0.6145469386375715]",57,119
jamal khashoggi,"[0.16603129946136497, 0.6145469386375715]",58,120
jamal khashoggi,"[0.16603129946136497, 0.6145469386375715]",59,121
jamal khashoggi,"[0.16603129946136497, 0.6145469386375713]",60,122
jamal khashoggi,"[0.16603129946136494, 0.6145469386375713]",61,123
jamal khashoggi,"[0.16603129946136494, 0.6145469386375713]",62,124
jamal khashoggi,"[0.1444854000921856, 0.5725983343138685]",63,125
jamal khashoggi,"[0.14448540009218566, 0.5725983343138684]",64,126
jamal khashoggi,"[0.1444854000921856, 0.5725983343138685]",65,127
jamal khashoggi,"[0.14448540009218566, 0.5725983343138685]",66,128
jamal khashoggi,"[0.17381371890528977, 0.5925851650779772]",67,129
jamal khashoggi,"[0.15820303185832163, 0.5384349240145968]",68,130
venezuela,"[0.5580163217303455, -0.08471737420873576]",13,75
venezuela,"[0.5507035702288781, 0.08378220120838843]",14,76
venezuela,"[0.5912779607765253, 0.28891126971372044]",15,77
venezuela,"[0.5912779607765253, 0.2624244101044172]",16,78
venezuela,"[0.5912779607765252, 0.26242441010441725]",17,79
venezuela,"[0.5571256024504627, 0.26242441010441725]",18,80
venezuela,"[0.5571256024504627, 0.2383355563376859]",19,81
venezuela,"[0.5415577782994452, 0.22624363380508894]",20,82
venezuela,"[0.5415577782994453, 0.22624363380508897]",21,83
venezuela,"[0.5415577782994453, 0.22624363380508894]",22,84
venezuela,"[0.5415577782994453, 0.2262436338050889]",23,85
venezuela,"[0.5415577782994453, 0.226243633805089]",24,86
venezuela,"[0.5415577782994454, 0.22624363380508894]",25,87
venezuela,"[0.5415577782994454, 0.22624363380508894]",26,88
venezuela,"[0.5415577782994455, 0.22624363380508897]",27,89
venezuela,"[0.5415577782994455, 0.22624363380508902]",28,90
venezuela,"[0.5415577782994455, 0.22624363380508897]",29,91
venezuela,"[0.5415577782994455, 0.22624363380508897]",30,92
venezuela,"[0.5415577782994455, 0.22624363380508905]",31,93
venezuela,"[0.5415577782994455, 0.226243633805089]",32,94
venezuela,"[0.5415577782994455, 0.226243633805089]",33,95
venezuela,"[0.5415577782994455, 0.226243633805089]",34,96
venezuela,"[0.5415577782994455, 0.226243633805089]",35,97
venezuela,"[0.5415577782994455, 0.226243633805089]",36,98
venezuela,"[0.5415577782994455, 0.23833555633768577]",37,99
venezuela,"[0.5571256024504632, 0.23833555633768577]",38,100
venezuela,"[0.557125602450463, 0.23833555633768574]",39,101
venezuela,"[0.5571256024504632, 0.23833555633768574]",40,102
venezuela,"[0.5415577782994455, 0.22624363380508902]",41,103
venezuela,"[0.5415577782994455, 0.226243633805089]",42,104
venezuela,"[0.5267928574870864, 0.21460642988496642]",43,105
venezuela,"[0.5267928574870864, 0.21460642988496648]",44,106
venezuela,"[0.5267928574870863, 0.21460642988496642]",45,107
venezuela,"[0.5267928574870862, 0.21460642988496642]",46,108
venezuela,"[0.5267928574870864, 0.21460642988496648]",47,109
venezuela,"[0.5267928574870862, 0.21460642988496648]",48,110
venezuela,"[0.5267928574870862, 0.226243633805089]",49,111
venezuela,"[0.5113673393566107, 0.25084027573809936]",64,126
venezuela,"[0.5475305170433694, 0.27783840683727884]",65,127
venezuela,"[0.5475305170433693, 0.2778384068372789]",66,128
venezuela,"[0.5475305170433693, 0.27783840683727884]",67,129
venezuela,"[0.5475305170433694, 0.28891126971372055]",68,130
venezuela,"[0.5615966514427403, 0.2889112697137205]",69,131
venezuela,"[0.6019712102576782, 0.31839711195475157]",70,132
venezuela,"[0.6019712102576782, 0.3295029748574343]",71,133
venezuela,"[0.616552653479652, 0.37318224814267403]",72,134
venezuela,"[0.684573673889508, 0.5354791836513454]",73,135
obamacare,"[1.0, -0.016949152542372864]",42,104
obamacare,"[0.9999999999999998, nan]",43,105
james comey,"[0.23675943415507467, 0.6893163099455687]",31,93
james comey,"[0.4562690531561427, 0.7006346567718831]",32,94
james comey,"[0.5199275996048878, 0.16116459280507625]",33,95
kamala harris,"[1.0, nan]",11,73
kamala harris,"[0.7011894655987544, 0.7010887416930994]",12,74
kamala harris,"[0.7011894655987545, 0.7010887416930994]",13,75
kamala harris,"[0.7011894655987545, 0.7010887416930994]",14,76
kamala harris,"[0.48305084745762716, 0.7010887416930993]",15,77
protesters,"[0.8661498237841877, nan]",45,107
protesters,"[0.7481092150620915, 0.4871223004474547]",46,108
protesters,"[0.7481092150620915, 0.4871223004474547]",47,109
protesters,"[0.7481092150620915, 0.4871223004474547]",48,110
protesters,"[0.7481092150620915, 0.4871223004474545]",49,111
protesters,"[0.7481092150620917, 0.48712230044745464]",50,112
protesters,"[0.7481092150620918, 0.4871223004474546]",51,113
protesters,"[0.7481092150620917, 0.48712230044745464]",52,114
protesters,"[0.7481092150620916, 0.48712230044745447]",53,115
protesters,"[0.7481092150620918, 0.4871223004474545]",54,116
protesters,"[0.7481092150620918, 0.4871223004474545]",55,117
protesters,"[0.7481092150620918, 0.5042984782126227]",56,118
protesters,"[0.7721080787664267, 0.5042984782126226]",57,119
protesters,"[0.7721080787664267, 0.5042984782126226]",58,120
protesters,"[0.5286725422290033, 0.5234206122842574]",59,121
protesters,"[0.5504000376096349, 0.35364436020512086]",60,122
protesters,"[0.5504000376096347, 0.35364436020512086]",61,123
protesters,"[0.5286725422290032, 0.3373743731295491]",62,124
protesters,"[0.5286725422290032, 0.35364436020512097]",63,125
millennials,"[0.7011894655987551, -0.02417547385148619]",79,141
millennials,"[0.7011894655987551, -0.024175473851486204]",80,142
millennials,"[0.7011894655987551, -0.024175473851486197]",81,143
millennials,"[0.7011894655987551, -0.024175473851486204]",82,144
millennials,"[0.7011894655987551, -0.024175473851486193]",83,145
millennials,"[0.7011894655987551, -0.024175473851486204]",84,146
millennials,"[0.7011894655987551, -0.024175473851486197]",85,147
millennials,"[0.7011894655987551, -0.024175473851486204]",86,148
millennials,"[0.701189465598755, -0.024175473851486193]",87,149
millennials,"[0.7011894655987551, -0.024175473851486193]",88,150
millennials,"[0.7011894655987551, -0.024175473851486193]",89,151
millennials,"[0.7011894655987551, -0.024175473851486193]",90,152
millennials,"[0.7011894655987551, -0.024175473851486197]",91,153
millennials,"[0.7011894655987551, -0.024175473851486193]",92,154
millennials,"[0.7011894655987551, -0.024175473851486193]",93,155
millennials,"[0.7011894655987551, -0.024175473851486193]",94,156
millennials,"[0.7011894655987551, -0.024175473851486197]",95,157
millennials,"[0.7011894655987551, -0.024175473851486193]",96,158
millennials,"[0.7011894655987551, -0.024175473851486197]",97,159
millennials,"[0.7011894655987551, -0.02417547385148619]",98,160
millennials,"[0.701189465598755, -0.024175473851486197]",99,161
millennials,"[0.7011894655987551, -0.02417547385148619]",100,162
millennials,"[0.7011894655987551, -0.024175473851486197]",101,163
millennials,"[0.5676462121975464, -0.02986738455447492]",102,164
millennials,"[0.5676462121975462, -0.024175473851486187]",103,165
mexico,"[-0.029361010975735173, 0.5674803065350228]",74,136
heather heyer,"[0.8267418853474711, -0.044237395520380876]",0,62
heather heyer,"[0.8267418853474711, -0.044237395520380876]",1,63
heather heyer,"[0.8267418853474708, -0.044237395520380855]",2,64
heather heyer,"[0.8267418853474711, -0.044237395520380876]",3,65
heather heyer,"[0.8267418853474711, -0.044237395520380876]",4,66
heather heyer,"[0.8267418853474711, -0.044237395520380876]",5,67
heather heyer,"[0.8267418853474708, -0.04423739552038086]",6,68
heather heyer,"[0.826741885347471, -0.044237395520380876]",7,69
heather heyer,"[0.8208802880904496, -0.04682618158643391]",8,70
heather heyer,"[0.7970329809747978, -0.051158608439758085]",9,71
heather heyer,"[0.7970329809747976, -0.051158608439758065]",10,72
heather heyer,"[0.7970329809747977, -0.05115860843975808]",11,73
heather heyer,"[0.7970329809747978, -0.05115860843975808]",12,74
heather heyer,"[0.7970329809747978, -0.05115860843975809]",13,75
heather heyer,"[0.7921260620226629, -0.053702161354105465]",14,76
heather heyer,"[0.792126062022663, -0.05370216135410547]",15,77
heather heyer,"[0.7921260620226631, -0.05370216135410547]",16,78
heather heyer,"[0.7921260620226631, -0.053702161354105465]",17,79
heather heyer,"[0.7921260620226629, -0.05370216135410547]",18,80
heather heyer,"[0.7921260620226629, -0.05370216135410549]",19,81
heather heyer,"[0.792126062022663, -0.05370216135410549]",20,82
heather heyer,"[0.792126062022663, -0.05370216135410548]",21,83
heather heyer,"[0.792126062022663, -0.05370216135410548]",22,84
heather heyer,"[0.7921260620226629, -0.05370216135410548]",23,85
heather heyer,"[0.792126062022663, -0.05370216135410548]",24,86
heather heyer,"[0.792126062022663, -0.053702161354105465]",25,87
heather heyer,"[0.7921260620226629, -0.053702161354105465]",26,88
heather heyer,"[0.792126062022663, -0.05370216135410548]",27,89
heather heyer,"[0.7921260620226631, -0.05370216135410548]",28,90
heather heyer,"[0.7921260620226631, -0.05370216135410548]",29,91
heather heyer,"[0.792126062022663, -0.053702161354105465]",30,92
heather heyer,"[0.7921260620226629, -0.053702161354105465]",31,93
heather heyer,"[0.7921260620226629, -0.053702161354105465]",32,94
heather heyer,"[0.7921260620226629, -0.053702161354105465]",33,95
heather heyer,"[0.7921260620226627, -0.053702161354105465]",34,96
heather heyer,"[0.792126062022663, -0.053702161354105465]",35,97
heather heyer,"[0.792126062022663, -0.053702161354105465]",36,98
heather heyer,"[0.792126062022663, -0.04846443040304837]",37,99
heather heyer,"[0.8495597702287914, -0.06647490464389491]",38,100
voters,"[0.5835585150955644, 0.3711730688611413]",0,62
voters,"[0.5835585150955647, 0.3711730688611413]",1,63
voters,"[0.5835585150955644, 0.3711730688611413]",2,64
voters,"[0.5835585150955647, 0.3711730688611413]",3,65
voters,"[0.5835585150955647, 0.3711730688611413]",4,66
voters,"[0.5835585150955647, 0.3711730688611413]",5,67
voters,"[0.5835585150955644, 0.3711730688611413]",6,68
voters,"[0.5279358069085819, 0.37117306886114126]",7,69
voters,"[0.5676462121975464, -0.029867384554474935]",10,72
voters,"[0.5676462121975464, -0.029867384554474935]",11,73
voters,"[0.5676462121975463, -0.029867384554474928]",12,74
voters,"[0.5676462121975464, -0.02417547385148619]",13,75
voters,"[0.7011894655987551, -0.024175473851486187]",14,76
voters,"[0.701189465598755, -0.024175473851486197]",15,77
voters,"[0.7011894655987548, -0.016949152542372867]",16,78
facebook,"[0.5883558861472478, 0.37017802286294105]",56,118
facebook,"[0.5883558861472478, 0.370178022862941]",57,119
facebook,"[0.5883558861472478, 0.37017802286294105]",58,120
facebook,"[0.5948222922201496, -0.0528762645014139]",68,130
paul manafort,"[0.5676462121975463, -0.024175473851486197]",69,131
twitter,"[0.701189465598755, -0.0241754738514862]",20,82
twitter,"[0.7011894655987548, -0.0241754738514862]",21,83
twitter,"[0.7011894655987548, -0.02417547385148619]",22,84
twitter,"[0.701189465598755, -0.024175473851486197]",23,85
twitter,"[0.7011894655987551, -0.024175473851486197]",24,86
twitter,"[0.701189465598755, -0.024175473851486197]",25,87
twitter,"[0.701189465598755, -0.02417547385148619]",26,88
twitter,"[0.701189465598755, -0.024175473851486197]",27,89
twitter,"[0.7011894655987551, -0.024175473851486197]",28,90
twitter,"[0.701189465598755, -0.024175473851486197]",29,91
twitter,"[0.7011894655987548, -0.024175473851486193]",30,92
twitter,"[0.701189465598755, -0.024175473851486204]",31,93
twitter,"[0.701189465598755, -0.024175473851486197]",32,94
twitter,"[0.701189465598755, -0.0241754738514862]",33,95
twitter,"[0.7011894655987548, -0.0241754738514862]",34,96
twitter,"[0.701189465598755, -0.024175473851486193]",35,97
twitter,"[0.701189465598755, -0.0241754738514862]",36,98
twitter,"[0.7011894655987548, -0.024175473851486193]",37,99
twitter,"[0.7011894655987548, -0.024175473851486197]",38,100
twitter,"[0.7011894655987548, -0.024175473851486197]",39,101
twitter,"[0.701189465598755, -0.024175473851486197]",40,102
twitter,"[0.7011894655987548, -0.024175473851486204]",41,103
twitter,"[0.7011894655987548, -0.02417547385148619]",42,104
twitter,"[0.7011894655987548, -0.024175473851486197]",43,105
twitter,"[0.701189465598755, -0.024175473851486193]",44,106
twitter,"[0.5676462121975464, -0.029867384554474928]",45,107
twitter,"[0.5676462121975464, -0.029867384554474914]",46,108
twitter,"[0.5676462121975464, -0.02986738455447492]",47,109
twitter,"[0.5676462121975464, -0.02986738455447492]",48,110
twitter,"[0.5676462121975464, -0.02986738455447492]",49,111
twitter,"[0.5676462121975464, -0.029867384554474914]",50,112
twitter,"[0.5676462121975464, -0.02986738455447492]",51,113
twitter,"[0.5676462121975464, -0.02986738455447492]",52,114
canada,"[0.05530973451327431, 0.5014518776823962]",6,68
canada,"[0.07272428328850367, 0.5014518776823962]",7,69
canada,"[0.07272428328850365, 0.5014518776823962]",8,70
canada,"[0.07272428328850365, 0.5014518776823962]",9,71
canada,"[0.07272428328850365, 0.5014518776823963]",10,72
canada,"[0.07272428328850365, 0.5526918300071307]",11,73
canada,"[0.09302474420353979, 0.552691830007131]",12,74
canada,"[0.09302474420353979, 0.5526918300071307]",13,75
canada,"[0.09302474420353979, 0.5526918300071308]",14,76
canada,"[0.09302474420353979, 0.5526918300071308]",15,77
canada,"[0.09302474420353979, 0.552691830007131]",16,78
canada,"[0.07272428328850367, 0.5014518776823959]",17,79
canada,"[0.07272428328850367, 0.5014518776823959]",18,80
canada,"[0.07272428328850367, 0.5014518776823959]",19,81
canada,"[0.07272428328850368, 0.501451877682396]",20,82
canada,"[0.0727242832885037, 0.5014518776823961]",21,83
canada,"[0.05530973451327436, 0.5014518776823962]",27,89
canada,"[-0.062189054726368154, 0.5443037974683547]",28,90
canada,"[-0.06218905472636817, 0.5443037974683549]",29,91
canada,"[-0.062189054726368154, 0.5443037974683549]",30,92
canada,"[-0.062189054726368154, 0.5443037974683549]",31,93
canada,"[-0.062189054726368154, 0.5443037974683547]",32,94
canada,"[-0.06218905472636817, 0.544303797468355]",33,95
canada,"[-0.06218905472636817, 0.544303797468355]",34,96
canada,"[-0.05331911679747284, 0.596822120985586]",35,97
canada,"[-0.05331911679747281, 0.5968221209855861]",36,98
canada,"[-0.05331911679747284, 0.5968221209855861]",37,99
canada,"[-0.05331911679747284, 0.5968221209855861]",38,100
canada,"[-0.05331911679747284, 0.596822120985586]",39,101
canada,"[-0.05331911679747281, 0.5968221209855861]",40,102
canada,"[-0.05331911679747284, 0.5968221209855862]",41,103
canada,"[-0.043484289355285186, 0.6636475199963742]",42,104
canada,"[-0.043484289355285186, 0.6636475199963742]",43,105
canada,"[-0.043484289355285186, 0.6636475199963742]",44,106
canada,"[-0.04348428935528519, 0.6636475199963741]",45,107
canada,"[-0.043484289355285186, 0.6636475199963741]",46,108
canada,"[-0.05331911679747281, 0.6636475199963741]",47,109
canada,"[-0.05331911679747281, 0.5968221209855861]",48,110
canada,"[-0.05331911679747283, 0.5968221209855862]",49,111
canada,"[-0.053319116797472796, 0.5968221209855862]",50,112
canada,"[-0.0533191167974728, 0.5968221209855862]",51,113
canada,"[-0.0533191167974728, 0.5968221209855861]",52,114
canada,"[-0.053319116797472824, 0.5968221209855862]",53,115
canada,"[-0.05331911679747276, 0.5968221209855862]",54,116
canada,"[-0.05331911679747281, 0.5968221209855862]",55,117
canada,"[-0.053319116797472824, 0.5968221209855861]",56,118
canada,"[-0.053319116797472824, 0.5968221209855862]",57,119
canada,"[-0.053319116797472824, 0.5968221209855862]",58,120
canada,"[-0.04348428935528519, 0.6636475199963741]",59,121
canada,"[-0.04348428935528519, 0.6636475199963742]",60,122
canada,"[-0.04348428935528519, 0.6636475199963741]",61,123
canada,"[-0.04348428935528519, 0.6636475199963741]",62,124
canada,"[-0.04348428935528519, 0.7206246790631047]",63,125
canada,"[-0.04571428571428572, 0.7206246790631047]",64,126
truth,"[0.5676462121975466, nan]",75,137
covid-19,"[0.4830508474576272, 0.7010887416930995]",43,105
tara reade,"[0.9999999999999999, nan]",43,105
tara reade,"[0.8662156301195083, -0.016949152542372878]",44,106
tara reade,"[0.8662156301195083, -0.023295832412408266]",45,107
tara reade,"[0.8662156301195083, -0.023295832412408256]",46,108
tara reade,"[0.8662156301195082, -0.023295832412408263]",47,109
tara reade,"[0.8662156301195083, -0.023295832412408266]",48,110
tara reade,"[0.8662156301195084, -0.023295832412408266]",49,111
tara reade,"[0.8662156301195082, -0.023295832412408263]",50,112
tara reade,"[0.8662156301195081, -0.023295832412408263]",51,113
tara reade,"[0.8662156301195082, -0.02329583241240826]",52,114
tara reade,"[0.8662156301195082, -0.023295832412408266]",53,115
tara reade,"[0.8662156301195082, -0.02329583241240826]",54,116
tara reade,"[0.866215630119508, -0.023295832412408263]",55,117
tara reade,"[0.8662156301195081, -0.02329583241240826]",56,118
tara reade,"[0.8662156301195081, -0.023295832412408263]",57,119
tara reade,"[0.8662156301195081, -0.02329583241240825]",58,120
tara reade,"[0.866215630119508, -0.023295832412408256]",59,121
tara reade,"[0.866215630119508, -0.023295832412408256]",60,122
tara reade,"[0.866215630119508, -0.02329583241240826]",61,123
tara reade,"[0.866215630119508, -0.02329583241240825]",62,124
tara reade,"[0.866215630119508, -0.023295832412408252]",63,125
tara reade,"[0.8662156301195079, -0.023295832412408252]",64,126
tara reade,"[0.8662156301195079, -0.023295832412408252]",65,127
tara reade,"[0.8662156301195079, -0.02329583241240825]",66,128
tara reade,"[0.8662156301195079, -0.02329583241240825]",67,129
tara reade,"[0.8662156301195079, -0.02329583241240825]",68,130
tara reade,"[0.8662156301195079, -0.023295832412408252]",69,131
tara reade,"[0.8662156301195079, -0.02329583241240825]",70,132
tara reade,"[0.8662156301195079, -0.02329583241240825]",71,133
tara reade,"[0.8662156301195079, -0.02329583241240825]",72,134
tara reade,"[0.8662156301195079, -0.023295832412408252]",73,135
tara reade,"[0.866215630119508, -0.023295832412408242]",74,136
tara reade,"[0.8662156301195078, -0.02329583241240825]",75,137
tara reade,"[0.8662156301195079, -0.023295832412408242]",76,138
tara reade,"[0.8662156301195079, -0.02329583241240825]",77,139
tara reade,"[0.8662156301195079, -0.023295832412408245]",78,140
tara reade,"[0.8662156301195076, -0.023295832412408245]",79,141
tara reade,"[0.8662156301195079, -0.023295832412408245]",80,142
tara reade,"[0.8662156301195079, -0.02329583241240825]",81,143
tara reade,"[0.8662156301195079, -0.023295832412408245]",82,144
tara reade,"[0.8662156301195076, -0.023295832412408245]",83,145
tara reade,"[0.8662156301195078, -0.02329583241240824]",84,146
tara reade,"[0.8662156301195079, -0.02329583241240825]",85,147
tara reade,"[0.8662156301195078, -0.02329583241240824]",86,148
tara reade,"[0.8662156301195076, -0.023295832412408235]",87,149
tara reade,"[0.8662156301195076, -0.023295832412408235]",88,150
tara reade,"[0.8662156301195078, -0.023295832412408242]",89,151
tara reade,"[0.8662156301195076, -0.02329583241240823]",90,152
tara reade,"[0.8662156301195075, -0.023295832412408235]",91,153
tara reade,"[0.8662156301195076, -0.023295832412408235]",92,154
tara reade,"[0.8662156301195076, -0.023295832412408242]",93,155
tara reade,"[0.8662156301195076, -0.02329583241240823]",94,156
tara reade,"[0.8662156301195075, -0.023295832412408235]",95,157
tara reade,"[0.8662156301195076, -0.02329583241240823]",96,158
tara reade,"[0.8662156301195075, -0.023295832412408235]",97,159
tara reade,"[0.8662156301195076, -0.02329583241240823]",98,160
tara reade,"[0.8662156301195075, -0.023295832412408235]",99,161
tara reade,"[0.8662156301195076, -0.02329583241240823]",100,162
tara reade,"[0.8662156301195075, -0.023295832412408235]",101,163
tara reade,"[0.8662156301195076, -0.02329583241240823]",102,164
tara reade,"[0.8662156301195075, nan]",103,165
the constitution,"[-0.03389830508474576, 0.7010887416930996]",101,163
the constitution,"[-0.0237691344270764, 0.7010887416930994]",102,164
the constitution,"[-0.0237691344270764, 0.7010887416930995]",103,165
the constitution,"[-0.016666666666666677, 0.9999999999999997]",104,166
the constitution,"[-0.016666666666666677, 0.9999999999999997]",105,167
the constitution,"[-0.016666666666666673, 0.9999999999999994]",106,168
earth,"[0.5676462121975467, nan]",67,129
earth,"[0.6352162959701053, -0.046716732305019354]",73,135
earth,"[0.6352162959701052, -0.05771579152715136]",74,136
earth,"[0.6352162959701053, -0.05771579152715137]",75,137
earth,"[0.6352162959701053, -0.049477069599529334]",76,138
earth,"[0.692926968194507, -0.04947706959952933]",77,139
earth,"[0.6929269681945069, -0.04947706959952932]",78,140
earth,"[0.6929269681945068, -0.04947706959952933]",79,141
earth,"[0.6929269681945068, -0.04947706959952933]",80,142
earth,"[0.6929269681945069, -0.049477069599529334]",81,143
earth,"[0.6929269681945067, -0.04947706959952932]",82,144
earth,"[0.6929269681945066, -0.04947706959952932]",83,145
earth,"[0.6929269681945066, -0.049477069599529334]",84,146
earth,"[0.6929269681945067, -0.049477069599529334]",85,147
earth,"[0.6929269681945065, -0.049477069599529314]",86,148
earth,"[0.6929269681945067, -0.049477069599529314]",87,149
earth,"[0.6929269681945065, -0.04947706959952933]",88,150
earth,"[0.6929269681945067, -0.049477069599529314]",89,151
earth,"[0.6929269681945067, -0.04947706959952932]",90,152
earth,"[0.6929269681945067, -0.049477069599529314]",91,153
earth,"[0.6929269681945067, -0.049477069599529334]",92,154
earth,"[0.6929269681945067, -0.049477069599529314]",93,155
earth,"[0.6929269681945067, -0.049477069599529314]",94,156
earth,"[0.6929269681945067, -0.049477069599529314]",95,157
earth,"[0.6929269681945067, -0.049477069599529334]",96,158
earth,"[0.6929269681945067, -0.04947706959952932]",97,159
earth,"[0.6929269681945067, -0.04947706959952932]",98,160
earth,"[0.6929269681945067, -0.04947706959952932]",99,161
earth,"[0.6352162959701052, -0.05771579152715137]",100,162
earth,"[0.6352162959701053, -0.049477069599529334]",101,163
earth,"[0.6929269681945065, -0.049477069599529334]",102,164
earth,"[0.6929269681945066, -0.049477069599529334]",103,165
earth,"[0.6929269681945066, -0.049477069599529334]",104,166
earth,"[0.6929269681945065, -0.049477069599529334]",105,167
earth,"[0.6929269681945065, -0.049477069599529334]",106,168
nbc,"[0.5142377945248844, -0.04671673230501936]",43,105
nbc,"[0.5142377945248844, -0.04671673230501936]",44,106
nbc,"[0.5142377945248843, -0.03275257506773941]",45,107
brett kavanaugh,"[-0.029361010975735173, 0.5674803065350231]",67,129
brett kavanaugh,"[-0.023769134427076403, 0.7010887416930995]",68,130
stormy daniels,"[0.10003030040758656, 0.6674224391196111]",0,62
stormy daniels,"[0.10003030040758654, 0.667422439119611]",1,63
stormy daniels,"[0.10003030040758654, 0.667422439119611]",2,64
stormy daniels,"[0.10003030040758655, 0.667422439119611]",3,65
stormy daniels,"[0.10003030040758655, 0.6674224391196111]",4,66
stormy daniels,"[0.09412388203357269, 0.6540342522702711]",5,67
stormy daniels,"[0.09412388203357269, 0.6540342522702712]",6,68
stormy daniels,"[0.09412388203357268, 0.6540342522702712]",7,69
stormy daniels,"[0.09412388203357269, 0.6540342522702712]",8,70
stormy daniels,"[0.09412388203357268, 0.6540342522702712]",9,71
stormy daniels,"[0.05860626540200374, 0.6540342522702712]",10,72
stormy daniels,"[0.05860626540200375, 0.5194421237443622]",11,73
stormy daniels,"[0.058606265402003754, 0.5194421237443622]",12,74
stormy daniels,"[0.05860626540200376, 0.5194421237443622]",13,75
stormy daniels,"[0.0522883338640155, 0.5074459396030112]",14,76
stormy daniels,"[0.052288333864015483, 0.5074459396030111]",15,77
stormy daniels,"[0.052288333864015483, 0.5074459396030112]",16,78
stormy daniels,"[0.052288333864015483, 0.5074459396030111]",17,79
stormy daniels,"[0.052288333864015483, 0.507445939603011]",18,80
stormy daniels,"[0.052288333864015483, 0.507445939603011]",19,81
stormy daniels,"[0.052288333864015483, 0.5074459396030111]",20,82
stormy daniels,"[0.052288333864015483, 0.5074459396030111]",21,83
stormy daniels,"[0.052288333864015483, 0.507445939603011]",22,84
stormy daniels,"[0.05228833386401551, 0.507445939603011]",23,85
stormy daniels,"[0.05228833386401551, 0.5074459396030111]",24,86
stormy daniels,"[0.05228833386401551, 0.5074459396030111]",25,87
stormy daniels,"[0.05228833386401551, 0.5074459396030112]",26,88
stormy daniels,"[0.05228833386401551, 0.5074459396030112]",27,89
stormy daniels,"[0.05228833386401551, 0.5074459396030112]",28,90
stormy daniels,"[0.05228833386401551, 0.5074459396030112]",29,91
stormy daniels,"[0.05228833386401551, 0.5074459396030112]",30,92
stormy daniels,"[0.05228833386401551, 0.5074459396030112]",31,93
stormy daniels,"[0.052288333864015504, 0.5074459396030112]",32,94
stormy daniels,"[0.052288333864015504, 0.5074459396030112]",33,95
stormy daniels,"[0.052288333864015504, 0.5074459396030112]",34,96
stormy daniels,"[0.052288333864015504, 0.5074459396030111]",35,97
stormy daniels,"[0.052288333864015504, 0.5074459396030112]",36,98
stormy daniels,"[0.052288333864015504, 0.5074459396030112]",37,99
stormy daniels,"[0.052288333864015504, 0.5074459396030112]",38,100
stormy daniels,"[0.052288333864015504, 0.5074459396030111]",39,101
stormy daniels,"[0.052288333864015504, 0.5074459396030112]",40,102
stormy daniels,"[0.052288333864015504, 0.5074459396030112]",41,103
stormy daniels,"[0.052288333864015504, 0.5074459396030111]",42,104
stormy daniels,"[0.052288333864015504, 0.5074459396030111]",43,105
stormy daniels,"[0.052288333864015504, 0.5074459396030112]",44,106
stormy daniels,"[0.052288333864015504, 0.5074459396030112]",45,107
stormy daniels,"[0.052288333864015504, 0.5074459396030112]",46,108
stormy daniels,"[0.052288333864015504, 0.5074459396030111]",47,109
stormy daniels,"[0.052288333864015504, 0.6262126856349297]",48,110
stormy daniels,"[0.08249890474241006, 0.6262126856349297]",49,111
stormy daniels,"[0.08249890474241006, 0.6262126856349298]",50,112
stormy daniels,"[0.08249890474241009, 0.6262126856349297]",51,113
stormy daniels,"[0.08249890474241009, 0.6262126856349297]",52,114
stormy daniels,"[0.08249890474241009, 0.6262126856349297]",53,115
stormy daniels,"[0.12184075825124867, 0.6352827591526592]",54,116
police,"[0.5574356135706039, 0.24759378423606912]",0,62
police,"[0.5574356135706039, 0.24759378423606912]",1,63
police,"[0.5574356135706039, 0.27994625547792684]",2,64
police,"[0.6161663873899254, 0.27994625547792684]",3,65
police,"[0.6161663873899255, 0.27994625547792684]",4,66
police,"[0.6161663873899254, 0.27994625547792684]",5,67
police,"[0.6161663873899255, 0.27994625547792684]",6,68
police,"[0.6161663873899255, 0.27994625547792684]",7,69
police,"[0.6161663873899255, 0.32258958354055195]",8,70
merrick garland,"[-0.029361010975735166, 0.567480306535023]",27,89
merrick garland,"[-0.029361010975735173, 0.5674803065350229]",28,90
merrick garland,"[-0.029361010975735166, 0.567480306535023]",29,91
merrick garland,"[-0.029361010975735173, 0.5674803065350229]",30,92
ilhan omar,"[0.7011894655987544, nan]",14,76
ilhan omar,"[0.8095475474846541, 0.5674803065350238]",15,77
ilhan omar,"[0.6494252873563218, 0.3834128905580744]",16,78
ilhan omar,"[0.6494252873563219, 0.2982456140350877]",17,79
ilhan omar,"[0.5522689637013797, 0.2982456140350877]",18,80
ilhan omar,"[0.46491228070175433, 0.5518254055364693]",73,135
ilhan omar,"[0.5522689637013802, 0.6948083337796515]",74,136
ilhan omar,"[0.38383719923841375, 0.5674803065350231]",75,137
ilhan omar,"[-0.023769134427076403, 0.7010887416930995]",76,138
ilhan omar,"[-0.016666666666666673, 0.9999999999999997]",77,139
ilhan omar,"[-0.01666666666666667, 0.9999999999999992]",78,140
lebanon,"[0.5676462121975466, -0.029867384554474942]",0,62
lebanon,"[0.5676462121975465, -0.029867384554474942]",1,63
lebanon,"[0.5676462121975466, -0.02986738455447495]",2,64
lebanon,"[0.5676462121975463, -0.029867384554474942]",3,65
lebanon,"[0.5676462121975466, -0.02986738455447495]",4,66
lebanon,"[0.5676462121975465, -0.02986738455447495]",5,67
lebanon,"[0.5676462121975466, -0.029867384554474956]",6,68
lebanon,"[0.552638864447289, -0.03525997226921803]",7,69
lebanon,"[0.552638864447289, -0.03525997226921802]",8,70
lebanon,"[0.5526388644472889, -0.03525997226921802]",9,71
lebanon,"[0.552638864447289, -0.035259972269218016]",10,72
lebanon,"[0.5526388644472889, -0.035259972269218016]",11,73
lebanon,"[0.6851107272433605, -0.028540381098447833]",12,74
lebanon,"[0.6851107272433604, -0.02854038109844783]",13,75
lebanon,"[0.6851107272433605, -0.02854038109844783]",14,76
lebanon,"[0.6851107272433604, -0.02854038109844783]",15,77
lebanon,"[0.6851107272433605, -0.02854038109844783]",16,78
lebanon,"[0.6851107272433604, -0.02854038109844783]",17,79
lebanon,"[0.6851107272433605, -0.02854038109844783]",18,80
lebanon,"[0.6851107272433603, -0.028540381098447837]",19,81
lebanon,"[0.6851107272433605, -0.02854038109844783]",20,82
lebanon,"[0.6851107272433602, -0.028540381098447837]",21,83
lebanon,"[0.6851107272433605, -0.028540381098447823]",22,84
lebanon,"[0.6851107272433602, -0.028540381098447837]",23,85
lebanon,"[0.6851107272433605, -0.02854038109844783]",24,86
lebanon,"[0.6851107272433602, -0.028540381098447837]",25,87
lebanon,"[0.6851107272433605, -0.028540381098447816]",26,88
lebanon,"[0.6851107272433602, -0.028540381098447837]",27,89
lebanon,"[0.6851107272433603, -0.028540381098447837]",28,90
lebanon,"[0.6851107272433602, -0.028540381098447837]",29,91
lebanon,"[0.6851107272433603, -0.028540381098447823]",30,92
lebanon,"[0.6851107272433602, -0.028540381098447837]",31,93
lebanon,"[0.6851107272433603, -0.028540381098447837]",32,94
lebanon,"[0.6851107272433602, -0.028540381098447837]",33,95
lebanon,"[0.6851107272433603, -0.028540381098447823]",34,96
lebanon,"[0.6851107272433602, -0.028540381098447823]",35,97
lebanon,"[0.6851107272433603, -0.028540381098447823]",36,98
lebanon,"[0.6851107272433602, -0.028540381098447823]",37,99
lebanon,"[0.6851107272433603, -0.028540381098447816]",38,100
lebanon,"[0.6851107272433602, -0.028540381098447823]",39,101
lebanon,"[0.6851107272433603, -0.028540381098447823]",40,102
lebanon,"[0.6851107272433602, -0.028540381098447823]",41,103
lebanon,"[0.6851107272433603, -0.028540381098447816]",42,104
lebanon,"[0.6851107272433602, -0.024175473851486197]",43,105
iraq,"[0.6161663873899258, -0.05598925109558542]",8,70
iraq,"[0.5574356135706041, -0.06189844605901729]",9,71
iraq,"[0.5574356135706041, -0.06189844605901729]",10,72
iraq,"[0.557435613570604, -0.06189844605901727]",11,73
iraq,"[0.557435613570604, -0.06189844605901727]",12,74
iraq,"[0.5113718907544229, -0.06748575116481823]",13,75
iraq,"[0.5113718907544229, -0.06748575116481823]",14,76
iraq,"[0.5113718907544229, -0.06748575116481824]",15,77
iraq,"[0.5113718907544229, -0.06748575116481823]",16,78
iraq,"[0.5113718907544228, -0.06748575116481824]",17,79
iraq,"[0.5113718907544229, -0.06748575116481824]",18,80
iraq,"[0.5113718907544229, -0.06748575116481824]",19,81
iraq,"[0.5113718907544229, -0.06748575116481824]",20,82
iraq,"[0.5113718907544228, -0.06748575116481823]",21,83
iraq,"[0.5113718907544229, -0.06748575116481823]",22,84
iraq,"[0.5113718907544229, -0.06748575116481823]",23,85
iraq,"[0.5113718907544229, -0.06189844605901726]",24,86
iraq,"[0.5574356135706039, -0.06189844605901727]",25,87
iraq,"[0.5574356135706037, -0.05598925109558539]",26,88
iraq,"[0.6161663873899255, -0.05598925109558539]",27,89
iraq,"[0.6161663873899255, -0.05598925109558539]",28,90
iraq,"[0.6161663873899252, -0.05598925109558542]",29,91
iraq,"[0.6161663873899255, -0.05598925109558539]",30,92
iraq,"[0.6161663873899255, -0.05598925109558539]",31,93
iraq,"[0.6161663873899255, -0.05598925109558539]",32,94
iraq,"[0.6161663873899252, -0.05598925109558539]",33,95
iraq,"[0.6161663873899252, -0.05598925109558539]",34,96
iraq,"[0.6161663873899252, -0.05598925109558539]",35,97
iraq,"[0.6161663873899255, -0.05598925109558539]",36,98
iraq,"[0.6161663873899252, -0.05598925109558539]",37,99
iraq,"[0.6161663873899255, -0.05598925109558539]",38,100
iraq,"[0.6161663873899255, -0.05598925109558539]",39,101
iraq,"[0.6161663873899255, -0.04962916669854653]",40,102
george soros,"[0.814277360023978, nan]",7,69
george soros,"[0.7533507240540993, 0.36027832574513324]",8,70
george soros,"[0.7533507240540994, 0.3602783257451333]",9,71
george soros,"[0.7533507240540994, 0.3602783257451333]",10,72
george soros,"[0.7533507240540994, 0.3602783257451333]",11,73
george soros,"[0.7533507240540992, 0.36027832574513335]",12,74
george soros,"[0.7533507240540993, 0.36027832574513335]",13,75
george soros,"[0.7533507240540992, 0.36027832574513335]",14,76
george soros,"[0.7533507240540992, 0.3602783257451333]",15,77
george soros,"[0.7533507240540992, 0.36027832574513347]",16,78
george soros,"[0.7533507240540992, 0.3602783257451334]",17,79
george soros,"[0.7533507240540992, 0.3602783257451334]",18,80
george soros,"[0.7043899429580278, 0.33363858370255023]",19,81
george soros,"[0.704389942958028, 0.33363858370255034]",20,82
george soros,"[0.7043899429580279, 0.33363858370255034]",21,83
george soros,"[0.7043899429580279, 0.3336385837025504]",22,84
george soros,"[0.7043899429580278, 0.33363858370255023]",23,85
george soros,"[0.7043899429580278, 0.33363858370255034]",24,86
george soros,"[0.7043899429580279, 0.33363858370255034]",25,87
george soros,"[0.7043899429580278, 0.3336385837025504]",26,88
george soros,"[0.7043899429580278, 0.33363858370255023]",27,89
george soros,"[0.7043899429580279, 0.3602783257451334]",28,90
george soros,"[0.7533507240540992, 0.3602783257451334]",29,91
george soros,"[0.7533507240540991, 0.36027832574513335]",30,92
george soros,"[0.7533507240540992, 0.3602783257451334]",31,93
george soros,"[0.7533507240540992, 0.36027832574513347]",32,94
george soros,"[0.7533507240540992, 0.3602783257451334]",33,95
george soros,"[0.7533507240540991, 0.3602783257451334]",34,96
george soros,"[0.7533507240540992, 0.3602783257451334]",35,97
george soros,"[0.7533507240540993, 0.3602783257451335]",36,98
george soros,"[0.7533507240540993, 0.36027832574513347]",37,99
george soros,"[0.7533507240540993, 0.36027832574513347]",38,100
george soros,"[0.7533507240540994, 0.3602783257451334]",39,101
george soros,"[0.7533507240540993, 0.393081676719139]",40,102
george soros,"[0.8142773600239777, 0.39308167671913896]",41,103
george soros,"[0.8142773600239777, 0.393081676719139]",42,104
george soros,"[0.8142773600239778, 0.3930816767191389]",43,105
george soros,"[0.8142773600239779, 0.39308167671913896]",44,106
george soros,"[0.7533507240540993, 0.3602783257451333]",45,107
george soros,"[0.7533507240540993, 0.36027832574513335]",46,108
george soros,"[0.7533507240540992, 0.36027832574513335]",47,109
george soros,"[0.7533507240540991, 0.36027832574513335]",48,110
george soros,"[0.7533507240540992, 0.3602783257451333]",49,111
george soros,"[0.7533507240540991, 0.36027832574513335]",50,112
george soros,"[0.7533507240540993, 0.36027832574513335]",51,113
george soros,"[0.7533507240540991, 0.3602783257451333]",52,114
george soros,"[0.5142377945248844, 0.3602783257451333]",53,115
george soros,"[0.5142377945248844, 0.2335836615250964]",54,116
george soros,"[0.5142377945248846, 0.2335836615250965]",55,117
asylum seekers,"[-0.03936542650440982, 0.560673212024292]",74,136
asylum seekers,"[-0.02760262237369414, 0.8142406160610732]",75,137
asylum seekers,"[-0.02760262237369414, 0.8142406160610733]",76,138
asylum seekers,"[-0.02760262237369414, 0.8929216671225884]",77,139
asylum seekers,"[-0.022511258444537392, 0.8929216671225885]",78,140
asylum seekers,"[-0.022511258444537392, 0.8929216671225884]",79,141
asylum seekers,"[-0.022511258444537392, 0.8929216671225885]",80,142
asylum seekers,"[-0.022511258444537392, 0.8929216671225884]",81,143
jews,"[0.5676462121975465, -0.029867384554474914]",49,111
jews,"[0.5676462121975465, -0.02986738455447492]",50,112
jews,"[0.5676462121975465, -0.029867384554474907]",51,113
jews,"[0.5676462121975464, -0.029867384554474914]",52,114
jews,"[0.5676462121975466, -0.029867384554474914]",53,115
jews,"[0.5676462121975466, -0.029867384554474914]",54,116
jews,"[0.5676462121975466, -0.029867384554474907]",55,117
jews,"[0.5676462121975465, -0.029867384554474914]",56,118
jews,"[0.5676462121975465, -0.029867384554474914]",57,119
jews,"[0.5676462121975465, -0.029867384554474914]",58,120
jews,"[0.5676462121975465, -0.029867384554474907]",59,121
jews,"[0.5676462121975464, -0.029867384554474914]",60,122
jews,"[0.5676462121975466, -0.029867384554474907]",61,123
jews,"[0.5676462121975466, -0.029867384554474914]",62,124
jews,"[0.5676462121975466, -0.029867384554474907]",63,125
jews,"[0.5676462121975464, -0.029867384554474914]",64,126
jews,"[0.5676462121975465, -0.029867384554474907]",65,127
jews,"[0.5676462121975465, -0.029867384554474907]",66,128
jews,"[0.5676462121975465, -0.029867384554474907]",67,129
jews,"[0.5676462121975463, nan]",68,130
afghans,"[0.9699113008357008, nan]",74,136
afghans,"[0.8717006441359402, 0.42274683622963155]",75,137
afghans,"[0.87170064413594, 0.42274683622963155]",76,138
afghans,"[0.87170064413594, 0.4227468362296316]",77,139
afghans,"[0.87170064413594, 0.42274683622963155]",78,140
afghans,"[0.8717006441359401, 0.4227468362296316]",79,141
afghans,"[0.8717006441359401, 0.4227468362296316]",80,142
afghans,"[0.87170064413594, 0.42274683622963166]",81,143
afghans,"[0.87170064413594, 0.42274683622963155]",82,144
afghans,"[0.87170064413594, 0.42274683622963166]",83,145
afghans,"[0.87170064413594, 0.4227468362296316]",84,146
afghans,"[0.8717006441359398, 0.42274683622963166]",85,147
afghans,"[0.8717006441359397, 0.42274683622963155]",86,148
afghans,"[0.8717006441359398, 0.4227468362296316]",87,149
afghans,"[0.8717006441359398, 0.4227468362296316]",88,150
afghans,"[0.8717006441359398, 0.4227468362296316]",89,151
afghans,"[0.8717006441359397, 0.42274683622963155]",90,152
afghans,"[0.8717006441359398, 0.4227468362296316]",91,153
afghans,"[0.87170064413594, 0.4227468362296316]",92,154
afghans,"[0.8717006441359398, 0.4227468362296316]",93,155
afghans,"[0.8717006441359398, 0.42274683622963155]",94,156
afghans,"[0.8717006441359398, 0.4227468362296316]",95,157
afghans,"[0.87170064413594, 0.4227468362296316]",96,158
afghans,"[0.8717006441359398, 0.4227468362296316]",97,159
afghans,"[0.8717006441359398, 0.42274683622963155]",98,160
afghans,"[0.8717006441359398, 0.4227468362296316]",99,161
afghans,"[0.87170064413594, 0.4227468362296316]",100,162
afghans,"[0.8717006441359398, 0.42274683622963166]",101,163
afghans,"[0.8717006441359398, 0.42274683622963155]",102,164
afghans,"[0.8717006441359396, 0.42274683622963166]",103,165
afghans,"[0.8717006441359396, 0.4227468362296316]",104,166
afghans,"[0.8717006441359396, 0.42274683622963166]",105,167
afghans,"[0.8717006441359395, 0.42274683622963155]",106,168
hungary,"[0.5676462121975467, -0.02417547385148619]",92,154
hungary,"[0.5676462121975466, -0.029867384554474942]",93,155
hungary,"[0.5676462121975466, -0.029867384554474945]",94,156
hungary,"[0.5676462121975465, -0.029867384554474935]",95,157
hungary,"[0.5676462121975466, -0.02986738455447495]",96,158
hungary,"[0.5676462121975466, -0.029867384554474942]",97,159
hungary,"[0.5676462121975467, -0.02986738455447495]",98,160
hungary,"[0.5676462121975466, -0.029867384554474935]",99,161
sarah palin,"[-0.03419927840283851, 0.5674803065350231]",17,79
sarah palin,"[-0.029361010975735173, 0.567480306535023]",18,80
sarah palin,"[-0.029361010975735173, 0.567480306535023]",19,81
sarah palin,"[-0.029361010975735173, 0.567480306535023]",20,82
sarah palin,"[-0.029361010975735173, 0.7010887416930992]",21,83
sarah palin,"[-0.023769134427076406, 0.7010887416930995]",22,84
sarah palin,"[-0.0237691344270764, 0.7010887416930994]",23,85
sarah palin,"[-0.023769134427076406, 0.7010887416930995]",24,86
sarah palin,"[-0.0237691344270764, 0.7010887416930993]",25,87
sarah palin,"[-0.023769134427076396, 0.7010887416930996]",26,88
sarah palin,"[-0.0237691344270764, 0.7010887416930994]",27,89
sarah palin,"[-0.0237691344270764, 0.7010887416930995]",28,90
sarah palin,"[-0.0237691344270764, 0.7010887416930993]",29,91
sarah palin,"[-0.023769134427076403, 0.7010887416930995]",30,92
sarah palin,"[-0.023769134427076396, 0.7010887416930994]",31,93
sarah palin,"[-0.023769134427076403, 0.7010887416930994]",32,94
sarah palin,"[-0.023769134427076403, 0.7010887416930994]",33,95
sarah palin,"[-0.023769134427076403, 0.7010887416930995]",34,96
sarah palin,"[-0.023769134427076396, 0.7010887416930995]",35,97
sarah palin,"[-0.023769134427076403, 0.7010887416930994]",36,98
sarah palin,"[-0.023769134427076403, 0.7010887416930994]",37,99
sarah palin,"[-0.023769134427076403, 0.7010887416930995]",38,100
sarah palin,"[-0.023769134427076403, 0.7010887416930994]",39,101
sarah palin,"[-0.023769134427076403, 0.7010887416930995]",40,102
sarah palin,"[-0.023769134427076396, 0.7010887416930994]",41,103
sarah palin,"[-0.023769134427076403, 0.7010887416930995]",42,104
sarah palin,"[-0.023769134427076403, 0.7010887416930994]",43,105
sarah palin,"[-0.023769134427076403, 0.7010887416930995]",44,106
sarah palin,"[-0.023769134427076396, 0.7010887416930994]",45,107
haiti,"[0.701189465598755, -0.01694915254237287]",48,110
chicago residents,"[0.7011894655987544, nan]",49,111
chicago residents,"[0.7011894655987545, -0.024175473851486197]",50,112
american families,"[0.7011894655987552, -0.024175473851486193]",0,62
american families,"[0.7011894655987553, -0.02417547385148619]",1,63
american families,"[0.7011894655987552, -0.024175473851486193]",2,64
american families,"[0.7011894655987552, -0.024175473851486193]",3,65
american families,"[0.7011894655987552, -0.024175473851486193]",4,66
american families,"[0.7011894655987553, -0.02417547385148619]",5,67
american families,"[0.7011894655987552, -0.024175473851486193]",6,68
american families,"[0.7011894655987552, -0.02417547385148619]",7,69
american families,"[0.7011894655987552, -0.024175473851486193]",8,70
american families,"[0.7011894655987552, -0.024175473851486187]",9,71
american families,"[0.7011894655987552, -0.024175473851486193]",10,72
alabama,"[0.5676462121975465, -0.02986738455447492]",34,96
alabama,"[0.5676462121975464, -0.02986738455447492]",35,97
alabama,"[0.5676462121975465, -0.02986738455447492]",36,98
alabama,"[0.5676462121975464, -0.029867384554474907]",37,99
alabama,"[0.5676462121975464, -0.029867384554474914]",38,100
alabama,"[0.5676462121975463, -0.029867384554474907]",39,101
alabama,"[0.5676462121975464, -0.029867384554474914]",40,102
alabama,"[0.5676462121975462, -0.024175473851486197]",41,103
alabama,"[0.7011894655987551, -0.02417547385148619]",42,104
alabama,"[0.7011894655987551, -0.016949152542372867]",43,105
alabama,"[1.0, -0.016949152542372864]",44,106
alabama,"[0.9999999999999998, nan]",45,107
jacob blake,"[0.5450415695155737, nan]",51,113
jacob blake,"[0.5450415695155737, -0.02369029794314255]",52,114
jacob blake,"[0.5450415695155738, -0.023690297943142553]",53,115
jacob blake,"[0.5450415695155738, -0.023690297943142546]",54,116
jacob blake,"[0.5450415695155738, -0.023690297943142542]",55,117
jacob blake,"[0.5450415695155738, -0.02369029794314255]",56,118
jacob blake,"[0.5450415695155738, -0.023690297943142546]",57,119
jacob blake,"[0.5450415695155738, -0.02369029794314255]",58,120
bernie sanders supporters,"[0.701189465598755, -0.024175473851486197]",9,71
bernie sanders supporters,"[0.701189465598755, -0.024175473851486193]",10,72
bernie sanders supporters,"[0.701189465598755, -0.024175473851486197]",11,73
bernie sanders supporters,"[0.7011894655987548, -0.01694915254237286]",12,74
john kasich,"[-0.029361010975735215, 0.5674803065350235]",5,67
john kasich,"[-0.023769134427076417, 0.7010887416931003]",6,68
transgender people,"[0.5676462121975463, -0.024175473851486197]",7,69
transgender people,"[0.701189465598755, -0.02417547385148619]",8,70
transgender people,"[0.7011894655987548, -0.01694915254237286]",9,71
world,"[0.5676462121975465, -0.029867384554474935]",9,71
world,"[0.5676462121975464, -0.029867384554474935]",10,72
world,"[0.5676462121975465, -0.029867384554474935]",11,73
world,"[0.5676462121975464, -0.02986738455447492]",12,74
world,"[0.5676462121975465, -0.029867384554474935]",13,75
world,"[0.5676462121975464, -0.024175473851486197]",14,76
world,"[0.7011894655987551, -0.024175473851486197]",15,77
world,"[0.7011894655987552, -0.024175473851486193]",16,78
world,"[0.7011894655987551, -0.024175473851486197]",17,79
world,"[0.7011894655987551, -0.024175473851486193]",18,80
world,"[0.7011894655987551, -0.024175473851486197]",19,81
world,"[0.7011894655987552, -0.024175473851486193]",20,82
world,"[0.7011894655987551, -0.024175473851486197]",21,83
world,"[0.7011894655987551, -0.024175473851486193]",22,84
world,"[0.7011894655987551, -0.024175473851486197]",23,85
world,"[0.7011894655987552, -0.02417547385148619]",24,86
world,"[0.7011894655987553, -0.024175473851486193]",25,87
world,"[0.7011894655987553, -0.024175473851486193]",26,88
world,"[0.7011894655987553, -0.024175473851486193]",27,89
world,"[0.7011894655987553, -0.024175473851486187]",28,90
world,"[0.7011894655987553, -0.024175473851486193]",29,91
world,"[0.7011894655987553, -0.024175473851486193]",30,92
world,"[0.7011894655987553, -0.024175473851486193]",31,93
world,"[0.7011894655987553, -0.024175473851486187]",32,94
world,"[0.7011894655987553, -0.024175473851486193]",33,95
world,"[0.7011894655987553, -0.024175473851486187]",34,96
world,"[0.7011894655987553, -0.024175473851486193]",35,97
world,"[0.7011894655987552, -0.024175473851486187]",36,98
world,"[0.7011894655987553, -0.024175473851486193]",37,99
world,"[0.7011894655987553, -0.024175473851486187]",38,100
world,"[0.7011894655987553, -0.024175473851486193]",39,101
world,"[0.7011894655987553, -0.016949152542372864]",40,102
brazil,"[-0.029361010975735173, 0.5674803065350231]",0,62
brazil,"[-0.029361010975735173, 0.567480306535023]",1,63
brazil,"[-0.029361010975735173, 0.567480306535023]",2,64
brazil,"[-0.029361010975735173, 0.567480306535023]",3,65
brazil,"[-0.029361010975735173, 0.5674803065350231]",4,66
brazil,"[-0.029361010975735173, 0.567480306535023]",5,67
brazil,"[-0.029361010975735173, 0.567480306535023]",6,68
brazil,"[-0.029361010975735173, 0.5674803065350231]",7,69
brazil,"[-0.0237691344270764, 0.7010887416930995]",8,70
brazil,"[-0.0237691344270764, 0.7010887416930995]",9,71
brazil,"[-0.023769134427076403, 0.7010887416930995]",10,72
brazil,"[-0.023769134427076396, 0.7010887416930995]",11,73
brazil,"[-0.023769134427076403, 0.7010887416930995]",12,74
brazil,"[-0.0237691344270764, 0.7010887416930995]",13,75
brazil,"[-0.023769134427076403, 0.7010887416930995]",14,76
department of justice,"[-0.023769134427076406, 0.7010887416930994]",0,62
department of justice,"[-0.023769134427076406, 0.7010887416930995]",1,63
department of justice,"[-0.023769134427076417, 0.7010887416930993]",2,64
department of justice,"[-0.029361010975735173, 0.5674803065350231]",19,81
patients,"[-0.016666666666666663, 0.9999999999999999]",11,73
patients,"[-0.016666666666666663, 0.9999999999999999]",12,74
patients,"[-0.016666666666666663, 0.9999999999999999]",13,75
patients,"[-0.016666666666666666, 0.9999999999999997]",14,76
patients,"[-0.016666666666666666, 1.0]",15,77
patients,"[-0.016666666666666673, 0.9999999999999999]",16,78
patients,"[-0.016666666666666673, 1.0]",17,79
patients,"[-0.016666666666666673, 0.9999999999999997]",18,80
patients,"[-0.016666666666666673, 1.0]",19,81
patients,"[-0.016666666666666677, 1.0]",20,82
patients,"[0.4830508474576272, 0.7010887416930996]",21,83
patients,"[0.5676462121975463, -0.02417547385148619]",71,133
patients,"[0.7011894655987551, -0.02417547385148619]",72,134
patients,"[0.7011894655987552, -0.02417547385148619]",73,135
debbie wasserman schultz,"[-0.032104387685452096, 0.7010887416930996]",12,74
debbie wasserman schultz,"[-0.023769134427076403, 0.7010887416930995]",13,75
syrian government,"[-0.029361010975735177, 0.5674803065350238]",0,62
syrian government,"[-0.02936101097573518, 0.5674803065350237]",1,63
syrian government,"[-0.02936101097573518, 0.5674803065350238]",2,64
syrian government,"[-0.02936101097573518, 0.7010887416930995]",3,65
syrian government,"[-0.03389830508474576, 0.7010887416930996]",4,66
keith lamont scott,"[0.9999999999999998, nan]",17,79
michigan,"[-0.016666666666666677, 0.9999999999999993]",0,62
michigan,"[-0.016666666666666677, 0.9999999999999998]",1,63
michigan,"[-0.016666666666666677, 0.9999999999999996]",2,64
michigan,"[-0.016666666666666677, 0.9999999999999998]",3,65
michigan,"[-0.016666666666666677, 0.9999999999999993]",4,66
michigan,"[-0.016666666666666677, 0.9999999999999997]",5,67
michigan,"[-0.016666666666666677, 0.9999999999999997]",6,68
michigan,"[-0.016666666666666677, 0.9999999999999997]",7,69
michigan,"[-0.0237691344270764, 0.7010887416930994]",8,70
michigan,"[-0.0237691344270764, 0.7010887416930995]",9,71
michigan,"[-0.023769134427076403, 0.7010887416930995]",10,72
michigan,"[-0.0237691344270764, 0.7010887416930995]",11,73
michigan,"[-0.0237691344270764, 0.7010887416930994]",12,74
michigan,"[-0.023769134427076403, 0.7010887416930995]",13,75
michigan,"[-0.0237691344270764, 0.7010887416930994]",14,76
michigan,"[-0.0237691344270764, 0.7010887416930995]",15,77
michigan,"[-0.023769134427076396, 0.7010887416930995]",16,78
michigan,"[-0.023769134427076403, 0.7010887416930995]",17,79
michigan,"[-0.0237691344270764, 0.7010887416930994]",18,80
michigan,"[-0.0237691344270764, 0.7010887416930995]",19,81
michigan,"[-0.023769134427076396, 0.7010887416930994]",20,82
science,"[0.7011894655987551, -0.024175473851486197]",0,62
science,"[0.7011894655987551, -0.024175473851486204]",1,63
science,"[0.7011894655987551, -0.024175473851486197]",2,64
science,"[0.7011894655987551, -0.024175473851486204]",3,65
science,"[0.7011894655987551, -0.024175473851486197]",4,66
science,"[0.701189465598755, -0.024175473851486204]",5,67
science,"[0.7011894655987551, -0.024175473851486193]",6,68
science,"[0.701189465598755, -0.024175473851486204]",7,69
science,"[0.7011894655987551, -0.024175473851486197]",8,70
science,"[0.701189465598755, -0.024175473851486204]",9,71
science,"[0.701189465598755, -0.0241754738514862]",10,72
science,"[0.701189465598755, -0.0241754738514862]",11,73
science,"[0.701189465598755, -0.024175473851486193]",12,74
science,"[0.701189465598755, -0.0241754738514862]",13,75
science,"[0.701189465598755, -0.0241754738514862]",14,76
science,"[0.5676462121975463, -0.024175473851486193]",15,77
science,"[0.5676462121975464, -0.02986738455447492]",16,78
science,"[0.5676462121975463, -0.02986738455447492]",17,79
science,"[0.5676462121975464, -0.02986738455447492]",18,80
science,"[0.5676462121975463, -0.02986738455447492]",19,81
science,"[0.5676462121975464, -0.02986738455447492]",20,82
science,"[0.5676462121975463, -0.02986738455447492]",21,83
science,"[0.5676462121975464, -0.029867384554474914]",22,84
science,"[0.5676462121975463, -0.02986738455447492]",23,85
science,"[0.5676462121975464, -0.029867384554474914]",24,86
science,"[0.5676462121975463, -0.02986738455447492]",25,87
science,"[0.7011894655987551, -0.024175473851486187]",26,88
science,"[0.7011894655987551, -0.02417547385148619]",27,89
science,"[0.7011894655987551, -0.02417547385148619]",28,90
science,"[0.7011894655987551, -0.024175473851486193]",29,91
science,"[0.7011894655987551, -0.02417547385148619]",30,92
science,"[0.7011894655987551, nan]",31,93
roy moore,"[0.4830508474576267, 0.7010887416930994]",45,107
tesla,"[1.0, nan]",0,62
tesla,"[1.0, -0.016949152542372878]",1,63
tesla,"[1.0, -0.016949152542372878]",2,64
tesla,"[0.7011894655987545, -0.024175473851486193]",3,65
tesla,"[0.7011894655987546, -0.02417547385148619]",4,66
tesla,"[0.7011894655987545, -0.024175473851486197]",5,67
tesla,"[0.7011894655987547, -0.024175473851486193]",6,68
tesla,"[0.7011894655987546, -0.024175473851486197]",7,69
tesla,"[0.7011894655987546, -0.02417547385148619]",8,70
tesla,"[0.7011894655987548, -0.024175473851486197]",9,71
tesla,"[0.7011894655987548, -0.024175473851486197]",10,72
tesla,"[0.7011894655987548, -0.024175473851486204]",11,73
tesla,"[0.7011894655987548, -0.024175473851486193]",12,74
tesla,"[0.701189465598755, -0.024175473851486197]",13,75
tesla,"[0.7011894655987551, -0.0241754738514862]",14,76
tesla,"[0.701189465598755, -0.0241754738514862]",15,77
paul pelosi,"[0.7011894655987544, nan]",103,165
paul pelosi,"[0.7011894655987545, -0.02417547385148619]",104,166
paul pelosi,"[0.7011894655987545, -0.02417547385148619]",105,167
paul pelosi,"[0.7011894655987545, -0.02417547385148619]",106,168
the economy,"[-0.029361010975735177, 0.5674803065350239]",102,164
the economy,"[-0.029361010975735177, 0.5674803065350239]",103,165
the economy,"[-0.029361010975735177, 0.5674803065350238]",104,166
the economy,"[-0.029361010975735177, 0.5674803065350237]",105,167
the economy,"[-0.02936101097573518, 0.5674803065350238]",106,168
susan collins,"[0.5676462121975467, nan]",56,118
susan collins,"[0.5676462121975467, -0.02986738455447495]",57,119
susan collins,"[0.5676462121975466, -0.029867384554474945]",58,120
susan collins,"[0.5676462121975466, -0.029867384554474942]",59,121
susan collins,"[0.5676462121975466, -0.029867384554474935]",60,122
susan collins,"[0.5676462121975466, -0.02986738455447495]",61,123
susan collins,"[0.5676462121975467, -0.029867384554474942]",62,124
susan collins,"[0.5676462121975466, -0.029867384554474942]",63,125
susan collins,"[0.5676462121975466, -0.029867384554474935]",64,126
susan collins,"[0.5676462121975466, -0.0241754738514862]",65,127
susan collins,"[0.701189465598755, -0.0241754738514862]",66,128
susan collins,"[0.7011894655987548, -0.0241754738514862]",67,129
susan collins,"[0.7011894655987548, -0.024175473851486193]",68,130
susan collins,"[0.701189465598755, -0.0241754738514862]",69,131
susan collins,"[0.701189465598755, -0.0241754738514862]",70,132
susan collins,"[0.701189465598755, -0.0241754738514862]",71,133
susan collins,"[0.7011894655987548, -0.024175473851486193]",72,134
susan collins,"[0.7011894655987548, -0.0241754738514862]",73,135
susan collins,"[0.701189465598755, -0.0241754738514862]",74,136
susan collins,"[0.7011894655987548, -0.024175473851486197]",75,137
susan collins,"[0.7011894655987548, -0.024175473851486193]",76,138
susan collins,"[0.701189465598755, -0.024175473851486197]",77,139
susan collins,"[0.7011894655987551, -0.024175473851486197]",78,140
susan collins,"[0.701189465598755, -0.024175473851486197]",79,141
susan collins,"[0.7011894655987548, -0.024175473851486193]",80,142
susan collins,"[0.701189465598755, -0.024175473851486197]",81,143
susan collins,"[0.7011894655987551, -0.024175473851486197]",82,144
susan collins,"[0.7011894655987548, -0.024175473851486204]",83,145
susan collins,"[0.7011894655987548, -0.024175473851486197]",84,146
susan collins,"[0.701189465598755, -0.024175473851486204]",85,147
susan collins,"[0.701189465598755, -0.024175473851486197]",86,148
susan collins,"[0.7011894655987548, -0.024175473851486204]",87,149
susan collins,"[0.7011894655987548, -0.0241754738514862]",88,150
susan collins,"[0.7011894655987548, -0.024175473851486197]",89,151
susan collins,"[0.701189465598755, -0.0241754738514862]",90,152
susan collins,"[0.7011894655987548, -0.024175473851486204]",91,153
susan collins,"[0.7011894655987548, -0.0241754738514862]",92,154
susan collins,"[0.7011894655987548, -0.024175473851486197]",93,155
susan collins,"[0.7011894655987548, -0.024175473851486193]",94,156
susan collins,"[0.7011894655987548, -0.024175473851486204]",95,157
susan collins,"[0.7011894655987548, -0.0241754738514862]",96,158
susan collins,"[0.7011894655987548, -0.024175473851486197]",97,159
susan collins,"[0.7011894655987548, -0.024175473851486193]",98,160
susan collins,"[0.7011894655987548, -0.024175473851486204]",99,161
susan collins,"[0.7011894655987548, -0.024175473851486204]",100,162
susan collins,"[0.701189465598755, -0.02417547385148619]",101,163
susan collins,"[0.701189465598755, -0.02417547385148619]",102,164
susan collins,"[0.701189465598755, -0.02417547385148619]",103,165
susan collins,"[0.701189465598755, -0.024175473851486197]",104,166
susan collins,"[0.701189465598755, -0.02417547385148619]",105,167
susan collins,"[0.701189465598755, -0.02417547385148619]",106,168
catalonia,"[-0.020291031398236424, 0.9999999999999997]",41,103
catalonia,"[-0.01666666666666667, 0.9999999999999992]",42,104
nikolas cruz,"[0.6206848285854083, 0.29391264472659434]",0,62
nikolas cruz,"[0.6206848285854083, 0.29391264472659434]",1,63
nikolas cruz,"[0.6206848285854082, 0.2939126447265944]",2,64
nikolas cruz,"[0.6206848285854083, 0.2939126447265944]",3,65
nikolas cruz,"[0.6206848285854083, 0.2939126447265943]",4,66
nikolas cruz,"[0.6206848285854083, 0.2939126447265943]",5,67
nikolas cruz,"[0.6206848285854083, 0.2939126447265944]",6,68
nikolas cruz,"[0.6206848285854082, 0.2939126447265944]",7,69
nikolas cruz,"[0.6206848285854082, 0.29391264472659434]",8,70
nikolas cruz,"[0.6206848285854082, 0.29391264472659434]",9,71
nikolas cruz,"[0.6206848285854082, 0.29391264472659434]",10,72
nikolas cruz,"[0.6206848285854082, 0.29391264472659434]",11,73
nikolas cruz,"[0.49791815738831435, 0.567480306535023]",50,112
nikolas cruz,"[-0.0237691344270764, 0.7010887416930994]",51,113
meghan mccain,"[-0.029361010975735166, 0.567480306535023]",47,109
meghan mccain,"[-0.029361010975735173, 0.5674803065350229]",48,110
meghan mccain,"[-0.029361010975735166, 0.567480306535023]",49,111
meghan mccain,"[-0.04187314900782694, 0.567480306535023]",50,112
lindsey graham,"[-0.029361010975735173, 0.5674803065350232]",67,129
lindsey graham,"[-0.029361010975735173, 0.5674803065350232]",68,130
lindsey graham,"[-0.029361010975735173, 0.7010887416930994]",69,131
lindsey graham,"[-0.023769134427076413, 0.7010887416930995]",70,132
lindsey graham,"[-0.023769134427076406, 0.7010887416930995]",71,133
lindsey graham,"[-0.023769134427076406, 0.7010887416930995]",72,134
lindsey graham,"[-0.023769134427076406, 0.7010887416930994]",73,135
lindsey graham,"[-0.023769134427076413, 0.7010887416930994]",74,136
lindsey graham,"[-0.02376913442707641, 0.7010887416930994]",75,137
lindsey graham,"[-0.02376913442707641, 0.7010887416930994]",76,138
lindsey graham,"[-0.02376913442707641, 0.7010887416930994]",77,139
lindsey graham,"[-0.023769134427076417, 0.7010887416930995]",78,140
lindsey graham,"[-0.02376913442707641, 0.7010887416930994]",79,141
lindsey graham,"[-0.02376913442707641, 0.7010887416930995]",80,142
lindsey graham,"[-0.02376913442707641, 0.7010887416930993]",81,143
lindsey graham,"[-0.023769134427076417, 0.7010887416930995]",82,144
lindsey graham,"[-0.023769134427076406, 0.7010887416930994]",83,145
lindsey graham,"[-0.023769134427076406, 0.7010887416930995]",84,146
lindsey graham,"[-0.02376913442707641, 0.7010887416930993]",85,147
lindsey graham,"[-0.023769134427076413, 0.7010887416930995]",86,148
lindsey graham,"[-0.023769134427076406, 0.7010887416930994]",87,149
lindsey graham,"[-0.02376913442707641, 0.7010887416930995]",88,150
lindsey graham,"[-0.02376913442707641, 0.7010887416930993]",89,151
lindsey graham,"[-0.02376913442707641, 0.7010887416930994]",90,152
lindsey graham,"[-0.02376913442707641, 0.7010887416930994]",91,153
lindsey graham,"[-0.02376913442707641, 0.7010887416930994]",92,154
lindsey graham,"[-0.02376913442707641, 0.7010887416930993]",93,155
lindsey graham,"[-0.02376913442707641, 0.7010887416930994]",94,156
lindsey graham,"[-0.02376913442707641, 0.7010887416930994]",95,157
lindsey graham,"[-0.02376913442707641, 0.7010887416930994]",96,158
lindsey graham,"[-0.02376913442707641, 0.7010887416930993]",97,159
lindsey graham,"[-0.02376913442707641, 0.7010887416930994]",98,160
lindsey graham,"[-0.023769134427076406, 0.7010887416930993]",99,161
lindsey graham,"[-0.023769134427076406, 0.7010887416930994]",100,162
lindsey graham,"[-0.023769134427076403, 0.7010887416930993]",101,163
lindsey graham,"[-0.023769134427076406, 0.7010887416930994]",102,164
lindsey graham,"[-0.023769134427076406, 0.7010887416930993]",103,165
lindsey graham,"[-0.023769134427076406, 0.7010887416930994]",104,166
lindsey graham,"[-0.023769134427076403, 0.7010887416930993]",105,167
syrian rebels,"[-0.0237691344270764, 0.7010887416930994]",3,65
syrian rebels,"[-0.03389830508474577, 0.7010887416930995]",4,66
afghan women,"[-0.023769134427076413, 0.9999999999999999]",75,137
afghan women,"[-0.016666666666666663, 0.9999999999999999]",76,138
afghan women,"[-0.016666666666666663, 0.9999999999999999]",77,139
afghan women,"[-0.016666666666666666, 0.9999999999999997]",78,140
afghan women,"[-0.016666666666666666, 1.0]",79,141
afghan women,"[-0.016666666666666673, 0.9999999999999999]",80,142
afghan women,"[-0.016666666666666673, 1.0]",81,143
afghan women,"[-0.016666666666666673, 0.9999999999999997]",82,144
afghan women,"[-0.016666666666666673, 1.0]",83,145
afghan women,"[-0.016666666666666677, 1.0]",84,146
afghan women,"[-0.016666666666666677, 1.0]",85,147
afghan women,"[-0.016666666666666677, 0.9999999999999998]",86,148
afghan women,"[-0.016666666666666677, 1.0]",87,149
afghan women,"[-0.016666666666666677, 1.0]",88,150
afghan women,"[-0.016666666666666677, 1.0]",89,151
afghan women,"[-0.016666666666666677, 0.9999999999999996]",90,152
afghan women,"[-0.016666666666666677, 1.0]",91,153
afghan women,"[-0.02376913442707641, 1.0]",92,154
afghan women,"[-0.02376913442707641, 0.7010887416930996]",93,155
afghan women,"[-0.02376913442707641, 0.7010887416930995]",94,156
afghan women,"[-0.023769134427076406, 0.7010887416930995]",95,157
afghan women,"[-0.023769134427076403, 0.7010887416930996]",96,158
afghan women,"[-0.023769134427076406, 0.7010887416930995]",97,159
afghan women,"[-0.023769134427076403, 0.7010887416930995]",98,160
afghan women,"[-0.023769134427076403, 0.7010887416930995]",99,161
afghan women,"[-0.023769134427076403, 0.7010887416930996]",100,162
afghan women,"[-0.023769134427076406, 0.7010887416930996]",101,163
afghan women,"[-0.023769134427076403, 0.7010887416930995]",102,164
afghan women,"[-0.023769134427076403, 0.7010887416930996]",103,165
afghan women,"[-0.023769134427076403, 0.7010887416930996]",104,166
afghan women,"[-0.023769134427076403, 0.7010887416930996]",105,167
afghan women,"[-0.023769134427076403, 0.7010887416930995]",106,168
japan,"[-0.023769134427076413, 0.7010887416930995]",3,65
japan,"[-0.023769134427076413, 0.7010887416930995]",4,66
japan,"[-0.023769134427076413, 0.7010887416930995]",5,67
japan,"[-0.023769134427076413, 0.7010887416930994]",6,68
japan,"[-0.023769134427076413, 0.7010887416930995]",7,69
japan,"[-0.029361010975735173, 0.567480306535023]",41,103
japan,"[-0.029361010975735173, 0.5674803065350229]",42,104
japan,"[-0.029361010975735173, 0.567480306535023]",43,105
japan,"[-0.029361010975735173, 0.5674803065350231]",44,106
japan,"[-0.029361010975735173, 0.567480306535023]",45,107
japan,"[-0.029361010975735173, 0.5674803065350229]",46,108
japan,"[-0.029361010975735173, 0.5674803065350229]",47,109
japan,"[-0.029361010975735173, 0.567480306535023]",48,110
japan,"[-0.029361010975735173, 0.5674803065350229]",49,111
japan,"[-0.029361010975735173, 0.5674803065350229]",50,112
japan,"[-0.029361010975735173, 0.567480306535023]",51,113
japan,"[-0.029361010975735173, 0.567480306535023]",52,114
japan,"[-0.029361010975735173, 0.567480306535023]",53,115
japan,"[-0.029361010975735173, 0.5674803065350229]",54,116
japan,"[-0.029361010975735173, 0.567480306535023]",55,117
japan,"[-0.029361010975735173, 0.5674803065350229]",56,118
japan,"[-0.029361010975735173, 0.567480306535023]",57,119
japan,"[-0.029361010975735173, 0.5674803065350229]",58,120
japan,"[-0.029361010975735173, 0.567480306535023]",59,121
japan,"[-0.029361010975735173, 0.5674803065350229]",60,122
japan,"[-0.029361010975735173, 0.567480306535023]",61,123
japan,"[-0.029361010975735173, 0.5674803065350229]",62,124
consumer,"[0.5676462121975466, nan]",72,134
consumer,"[0.7011894655987544, -0.02417547385148618]",73,135
consumer,"[0.7011894655987545, -0.024175473851486187]",74,136
consumer,"[0.7011894655987544, -0.024175473851486187]",75,137
consumer,"[0.7011894655987546, -0.02417547385148618]",76,138
consumer,"[0.7011894655987545, -0.02417547385148619]",77,139
consumer,"[0.7011894655987547, -0.024175473851486187]",78,140
consumer,"[0.7011894655987546, -0.024175473851486197]",79,141
consumer,"[0.7011894655987548, -0.02417547385148619]",80,142
consumer,"[0.7011894655987548, -0.0241754738514862]",81,143
consumer,"[0.701189465598755, -0.024175473851486197]",82,144
consumer,"[0.701189465598755, -0.0241754738514862]",83,145
consumer,"[0.701189465598755, -0.024175473851486193]",84,146
consumer,"[0.7011894655987551, -0.024175473851486197]",85,147
consumer,"[0.7011894655987551, -0.024175473851486197]",86,148
consumer,"[0.7011894655987551, -0.024175473851486197]",87,149
consumer,"[0.7011894655987551, -0.024175473851486193]",88,150
consumer,"[0.7011894655987551, -0.024175473851486197]",89,151
consumer,"[0.7011894655987551, -0.024175473851486197]",90,152
consumer,"[0.7011894655987551, -0.024175473851486197]",91,153
consumer,"[0.7011894655987551, -0.024175473851486193]",92,154
consumer,"[0.7011894655987551, -0.0241754738514862]",93,155
consumer,"[0.7011894655987552, -0.0241754738514862]",94,156
consumer,"[0.7011894655987551, -0.0241754738514862]",95,157
consumer,"[0.7011894655987552, -0.024175473851486193]",96,158
consumer,"[0.7011894655987551, -0.024175473851486197]",97,159
consumer,"[0.7011894655987552, -0.024175473851486193]",98,160
consumer,"[0.7011894655987551, -0.024175473851486197]",99,161
consumer,"[0.7011894655987552, -0.024175473851486193]",100,162
consumer,"[0.7011894655987551, -0.024175473851486204]",101,163
consumer,"[0.7011894655987551, -0.024175473851486197]",102,164
consumer,"[0.5676462121975465, -0.029867384554474928]",103,165
consumer,"[0.5676462121975464, -0.02986738455447492]",104,166
consumer,"[0.5676462121975465, -0.029867384554474925]",105,167
consumer,"[0.5676462121975465, -0.02986738455447492]",106,168
muslim brotherhood,"[0.5676462121975467, -0.02417547385148619]",19,81
muslim brotherhood,"[0.5676462121975467, -0.02986738455447495]",20,82
muslim brotherhood,"[0.7011894655987545, -0.024175473851486183]",21,83
muslim brotherhood,"[0.7011894655987544, -0.024175473851486183]",22,84
muslim brotherhood,"[0.7011894655987545, -0.024175473851486193]",23,85
muslim brotherhood,"[0.7011894655987545, -0.02417547385148619]",24,86
muslim brotherhood,"[0.7011894655987547, -0.024175473851486197]",25,87
muslim brotherhood,"[0.7011894655987546, -0.02417547385148619]",26,88
muslim brotherhood,"[0.7011894655987547, -0.024175473851486197]",27,89
muslim brotherhood,"[0.7011894655987547, -0.024175473851486197]",28,90
muslim brotherhood,"[0.7011894655987548, -0.0241754738514862]",29,91
muslim brotherhood,"[0.7011894655987548, -0.024175473851486193]",30,92
muslim brotherhood,"[0.7011894655987548, -0.024175473851486197]",31,93
muslim brotherhood,"[0.7011894655987551, -0.024175473851486197]",32,94
muslim brotherhood,"[0.7011894655987551, -0.024175473851486197]",33,95
muslim brotherhood,"[0.7011894655987551, -0.024175473851486197]",34,96
muslim brotherhood,"[0.7011894655987548, -0.024175473851486204]",35,97
muslim brotherhood,"[0.701189465598755, -0.024175473851486197]",36,98
muslim brotherhood,"[0.701189465598755, -0.0241754738514862]",37,99
muslim brotherhood,"[0.701189465598755, -0.02417547385148619]",38,100
muslim brotherhood,"[0.7011894655987548, -0.0241754738514862]",39,101
muslim brotherhood,"[0.7011894655987551, -0.024175473851486197]",40,102
muslim brotherhood,"[0.7011894655987551, -0.0241754738514862]",41,103
muslim brotherhood,"[1.0, -0.016949152542372867]",42,104
muslim brotherhood,"[1.0, -0.016949152542372867]",43,105
muslim brotherhood,"[1.0, -0.01694915254237287]",44,106
muslim brotherhood,"[1.0, -0.01694915254237287]",45,107
muslim brotherhood,"[1.0, -0.016949152542372867]",46,108
muslim brotherhood,"[1.0, -0.016949152542372864]",47,109
muslim brotherhood,"[1.0, -0.01694915254237287]",48,110
muslim brotherhood,"[1.0, -0.01694915254237287]",49,111
muslim brotherhood,"[1.0, -0.016949152542372867]",50,112
muslim brotherhood,"[1.0, -0.016949152542372867]",51,113
muslim brotherhood,"[1.0, -0.016949152542372867]",52,114
muslim brotherhood,"[1.0, -0.016949152542372867]",53,115
muslim brotherhood,"[1.0, -0.016949152542372867]",54,116
muslim brotherhood,"[1.0, -0.016949152542372867]",55,117
muslim brotherhood,"[1.0, -0.016949152542372867]",56,118
muslim brotherhood,"[1.0, -0.016949152542372867]",57,119
muslim brotherhood,"[1.0, -0.016949152542372867]",58,120
muslim brotherhood,"[1.0, -0.016949152542372867]",59,121
muslim brotherhood,"[1.0, -0.016949152542372867]",60,122
muslim brotherhood,"[1.0, -0.016949152542372867]",61,123
muslim brotherhood,"[1.0, -0.016949152542372867]",62,124
muslim brotherhood,"[1.0, -0.016949152542372864]",63,125
muslim brotherhood,"[1.0, -0.016949152542372867]",64,126
muslim brotherhood,"[1.0, -0.016949152542372867]",65,127
muslim brotherhood,"[1.0, -0.016949152542372867]",66,128
muslim brotherhood,"[1.0, -0.016949152542372867]",67,129
muslim brotherhood,"[1.0, -0.016949152542372867]",68,130
muslim brotherhood,"[1.0, -0.016949152542372867]",69,131
muslim brotherhood,"[1.0, -0.016949152542372867]",70,132
muslim brotherhood,"[1.0, -0.016949152542372867]",71,133
muslim brotherhood,"[1.0, -0.016949152542372867]",72,134
muslim brotherhood,"[1.0, -0.016949152542372867]",73,135
muslim brotherhood,"[1.0, -0.016949152542372864]",74,136
muslim brotherhood,"[0.9999999999999998, -0.016949152542372864]",75,137
muslim brotherhood,"[1.0, -0.016949152542372867]",76,138
muslim brotherhood,"[1.0, -0.016949152542372867]",77,139
muslim brotherhood,"[1.0, -0.016949152542372864]",78,140
muslim brotherhood,"[0.9999999999999998, nan]",79,141
covid-19 patients,"[-0.023769134427076413, 0.7010887416930994]",48,110
covid-19 patients,"[-0.02376913442707641, 0.7010887416930994]",49,111
covid-19 patients,"[-0.023769134427076413, 0.7010887416930994]",50,112
covid-19 patients,"[-0.02376913442707641, 0.7010887416930993]",51,113
covid-19 patients,"[-0.02376913442707641, 0.7010887416930995]",52,114
covid-19 patients,"[-0.023769134427076413, 0.7010887416930994]",53,115
covid-19 patients,"[-0.023769134427076417, 0.7010887416930995]",54,116
covid-19 patients,"[-0.02376913442707641, 0.7010887416930995]",55,117
covid-19 patients,"[-0.023769134427076413, 0.7010887416930996]",56,118
covid-19 patients,"[-0.02376913442707641, 0.7010887416930994]",57,119
covid-19 patients,"[-0.023769134427076413, 0.7010887416930995]",58,120
covid-19 patients,"[-0.02936101097573518, 0.7010887416930995]",59,121
covid-19 patients,"[-0.029361010975735177, 0.5674803065350233]",60,122
covid-19 patients,"[-0.029361010975735177, 0.5674803065350233]",61,123
covid-19 patients,"[-0.029361010975735177, 0.5674803065350233]",62,124
covid-19 patients,"[-0.029361010975735173, 0.5674803065350232]",63,125
covid-19 patients,"[-0.029361010975735166, 0.5674803065350233]",64,126
covid-19 patients,"[-0.029361010975735173, 0.5674803065350233]",65,127
covid-19 patients,"[-0.029361010975735173, 0.5674803065350233]",66,128
covid-19 patients,"[-0.029361010975735173, 0.5674803065350232]",67,129
covid-19 patients,"[-0.029361010975735173, 0.5674803065350232]",68,130
covid-19 patients,"[-0.029361010975735173, 0.5674803065350232]",69,131
covid-19 patients,"[-0.029361010975735173, 0.5674803065350232]",70,132
covid-19 patients,"[-0.029361010975735173, 0.5674803065350231]",71,133
covid-19 patients,"[-0.029361010975735173, 0.5674803065350232]",72,134
covid-19 patients,"[-0.029361010975735173, 0.5674803065350231]",73,135
tiktok,"[0.4830508474576272, 0.7010887416930994]",51,113
tiktok,"[0.38383719923841353, 0.8094272134003794]",52,114
tiktok,"[0.38383719923841353, 0.8094272134003795]",53,115
tiktok,"[0.3838371992384136, 0.8094272134003794]",54,116
tiktok,"[0.38383719923841353, 0.8094272134003795]",55,117
tiktok,"[0.3838371992384136, 0.8094272134003795]",56,118
tiktok,"[0.3838371992384136, 0.8094272134003794]",57,119
tiktok,"[0.38383719923841353, 0.8094272134003795]",58,120
tiktok,"[0.38383719923841353, 0.8094272134003795]",59,121
tiktok,"[0.3838371992384136, 0.8094272134003795]",60,122
tiktok,"[0.3838371992384136, 0.8094272134003795]",61,123
tiktok,"[0.38383719923841353, 0.8094272134003796]",62,124
tiktok,"[0.3838371992384136, 0.8094272134003797]",63,125
tiktok,"[0.38383719923841353, 0.8094272134003795]",64,126
tiktok,"[0.38383719923841353, 0.8094272134003795]",65,127
tiktok,"[0.38383719923841353, 0.8094272134003797]",66,128
tiktok,"[0.38383719923841353, 0.8094272134003797]",67,129
tiktok,"[0.38383719923841353, 0.8094272134003797]",68,130
tiktok,"[0.38383719923841353, 0.8094272134003797]",69,131
tiktok,"[0.38383719923841353, 0.8094272134003797]",70,132
tiktok,"[0.38383719923841353, 0.8094272134003797]",71,133
tiktok,"[0.3838371992384135, 0.8094272134003797]",72,134
tiktok,"[0.3838371992384135, 0.8094272134003797]",73,135
tiktok,"[0.3838371992384135, 0.8094272134003797]",74,136
tiktok,"[0.3838371992384135, 0.8094272134003797]",75,137
tiktok,"[0.3838371992384135, 0.8094272134003797]",76,138
tiktok,"[0.3838371992384135, 0.8094272134003797]",77,139
tiktok,"[0.3838371992384135, 0.8094272134003797]",78,140
tiktok,"[0.3838371992384134, 0.8094272134003797]",79,141
tiktok,"[0.3838371992384136, 0.8094272134003797]",80,142
tiktok,"[0.3838371992384136, 0.8094272134003797]",81,143
tiktok,"[0.3838371992384136, 0.8094272134003797]",82,144
tiktok,"[0.38383719923841353, 0.8094272134003797]",83,145
tiktok,"[0.38383719923841353, 0.8094272134003797]",84,146
tiktok,"[0.3838371992384136, 0.8094272134003797]",85,147
tiktok,"[0.38383719923841353, 0.8094272134003797]",86,148
tiktok,"[0.38383719923841353, 0.8094272134003799]",87,149
tiktok,"[0.38383719923841353, 0.8094272134003798]",88,150
tiktok,"[0.3838371992384136, 0.8094272134003797]",89,151
tiktok,"[0.38383719923841353, 0.8094272134003799]",90,152
tiktok,"[0.3838371992384134, 0.8094272134003799]",91,153
tiktok,"[0.38383719923841353, 0.8094272134003798]",92,154
tiktok,"[0.3838371992384136, 0.8094272134003797]",93,155
tiktok,"[0.38383719923841353, 0.8094272134003799]",94,156
tiktok,"[0.3838371992384134, 0.8094272134003799]",95,157
tiktok,"[0.3838371992384135, 0.8094272134003799]",96,158
tiktok,"[0.3838371992384135, 0.8094272134003799]",97,159
tiktok,"[0.3838371992384135, 0.8094272134003799]",98,160
tiktok,"[0.38383719923841336, 0.8094272134003799]",99,161
tiktok,"[0.3838371992384135, 0.8094272134003799]",100,162
tiktok,"[0.3838371992384135, 0.8094272134003799]",101,163
tiktok,"[0.3838371992384135, 0.8094272134003799]",102,164
tiktok,"[0.38383719923841336, 0.8094272134003799]",103,165
tiktok,"[0.3838371992384135, 0.80942721340038]",104,166
tiktok,"[0.3838371992384135, 0.8094272134003799]",105,167
tiktok,"[0.3838371992384135, 0.8094272134003799]",106,168
president joe biden,"[0.5676462121975467, -0.024175473851486187]",69,131
president joe biden,"[0.5676462121975467, -0.029867384554474945]",70,132
president joe biden,"[0.5676462121975466, -0.029867384554474942]",71,133
president joe biden,"[0.5676462121975466, -0.02986738455447494]",72,134
president joe biden,"[0.5676462121975466, -0.029867384554474942]",73,135
president joe biden,"[0.5676462121975466, -0.029867384554474935]",74,136
president joe biden,"[0.5676462121975467, -0.029867384554474935]",75,137
president joe biden,"[0.5676462121975466, -0.029867384554474935]",76,138
president joe biden,"[0.5676462121975466, -0.029867384554474942]",77,139
president joe biden,"[0.5676462121975466, -0.029867384554474935]",78,140
president joe biden,"[0.5676462121975466, -0.029867384554474935]",79,141
president joe biden,"[0.5676462121975466, -0.029867384554474928]",80,142
president joe biden,"[0.5676462121975465, -0.029867384554474935]",81,143
president joe biden,"[0.5676462121975466, -0.029867384554474935]",82,144
president joe biden,"[0.5676462121975466, -0.029867384554474935]",83,145
president joe biden,"[0.5676462121975466, -0.02986738455447492]",84,146
president joe biden,"[0.5676462121975466, -0.029867384554474935]",85,147
president joe biden,"[0.5676462121975466, -0.029867384554474935]",86,148
president joe biden,"[0.5676462121975466, -0.029867384554474935]",87,149
president joe biden,"[0.5676462121975466, -0.02986738455447492]",88,150
president joe biden,"[0.5676462121975466, -0.029867384554474935]",89,151
president joe biden,"[0.5676462121975466, -0.029867384554474935]",90,152
president joe biden,"[0.5676462121975466, -0.029867384554474935]",91,153
president joe biden,"[0.5676462121975466, -0.02986738455447492]",92,154
president joe biden,"[0.5676462121975466, -0.029867384554474928]",93,155
president joe biden,"[0.5676462121975466, -0.029867384554474928]",94,156
president joe biden,"[0.5676462121975466, -0.029867384554474928]",95,157
president joe biden,"[0.5676462121975466, -0.029867384554474935]",96,158
unvaccinated americans,"[1.0, nan]",72,134
unvaccinated americans,"[1.0, -0.016949152542372878]",73,135
unvaccinated americans,"[0.7011894655987545, -0.016949152542372878]",74,136
bitcoin,"[1.0, nan]",100,162
bitcoin,"[1.0, -0.016949152542372878]",101,163
bitcoin,"[1.0, -0.016949152542372878]",102,164
bitcoin,"[1.0, -0.016949152542372874]",103,165
bitcoin,"[0.7011894655987546, -0.02417547385148619]",104,166
bitcoin,"[0.7011894655987546, -0.024175473851486197]",105,167
bitcoin,"[0.7011894655987547, -0.02417547385148619]",106,168
