donald trump,"[-0.14891665726176204, 0.5730599321524547]",32,42
donald trump,"[-0.25026801153652395, 0.6170028626281072]",33,43
donald trump,"[0.5024536480271232, -0.7364596943186588]",41,51
donald trump,"[0.6253340162347635, -0.44801076831712433]",42,52
donald trump,"[0.5538518076322566, -0.6897304947150051]",43,53
donald trump,"[-0.5580497041012545, 0.8449261121262417]",48,58
donald trump,"[-0.5062895554167107, 0.8257228238447706]",49,59
donald trump,"[-0.4067446084099803, 0.9344767269690312]",50,60
donald trump,"[-0.3803194146278324, 0.9749260901357233]",51,61
donald trump,"[-0.208012573584461, 0.7829788109226404]",52,62
donald trump,"[-0.12677313820927752, 0.6758707444866038]",53,63
donald trump,"[-0.5597981638650338, 0.6070904726966304]",55,65
donald trump,"[-0.46952911726842045, 0.5853788045966373]",56,66
donald trump,"[-0.6260786103814878, 0.8429851832591492]",57,67
donald trump,"[-0.49548432489382044, 0.8528302369713157]",58,68
donald trump,"[-0.19337195197919543, 0.6129796573969949]",59,69
donald trump,"[-0.31751582331191475, 0.5059524396911902]",63,73
donald trump,"[-0.5698625576924398, 0.6278601280897678]",72,82
donald trump,"[0.6226129205271588, 0.018735003362699218]",79,89
donald trump,"[0.6356608256882637, 0.07018624063435962]",80,90
donald trump,"[0.6628489803598699, nan]",81,91
donald trump,"[0.707028034398488, nan]",95,105
donald trump,"[0.5221309694515157, -0.2257062826218164]",96,106
donald trump,"[-0.4086937333573753, 0.5773662128716636]",104,114
donald trump,"[-0.3690329381422603, 0.6518638052902603]",115,125
donald trump,"[-0.46057101580423293, 0.6989784641998522]",116,126
donald trump,"[-0.33012603513152433, 0.5462592954352151]",117,127
donald trump,"[-0.18959322290400496, 0.5671526219670433]",118,128
donald trump,"[-0.1188643277625491, 0.5180853184726927]",120,130
donald trump,"[-0.2532010069923793, 0.7097505755774447]",127,137
donald trump,"[-0.1852620681583391, 0.7506319489516572]",128,138
donald trump,"[-0.13271218656114264, 0.5333463928273934]",129,139
donald trump,"[-2.0931401433662272e-19, 0.5333463928273934]",130,140
donald trump,"[-0.22633936510629635, 0.587605960347241]",132,142
donald trump,"[-0.3779644730092272, 0.8001322641986387]",133,143
donald trump,"[-0.35210141981546395, 0.8143450710459554]",134,144
donald trump,"[0.3535533905932738, 0.5749889084999459]",135,145
donald trump,"[0.576556660197055, -0.363696483726654]",137,147
donald trump,"[0.7941013883159839, -0.363696483726654]",138,148
donald trump,"[0.8002304995805998, -0.33517751522573636]",139,149
donald trump,"[0.8504200642707614, -0.2857142857142858]",140,150
donald trump,"[0.8551861104941368, -0.21821789023599236]",141,151
donald trump,"[0.9449111825230679, -0.17937400083354382]",142,152
donald trump,"[0.9687500000000003, -0.14285714285714288]",143,153
covid-19,"[0.6246995795682195, -0.32534862273225096]",102,112
covid-19,"[0.6654735373071674, -0.06902628054688187]",103,113
covid-19,"[0.7671178999793398, -0.1551528652363127]",104,114
covid-19,"[0.7984728359197494, -0.2917287898041639]",105,115
covid-19,"[0.743823593814319, -0.011532236493260595]",106,116
covid-19,"[0.7458015572353518, 0.01667955776490202]",107,117
covid-19,"[0.795374692298626, -0.13294724692969848]",108,118
covid-19,"[0.6723745253011655, -0.2460339156525615]",109,119
covid-19,"[0.5878116121254162, -0.05971792013662196]",110,120
covid-19,"[-0.3906773911820652, 0.5185932431026837]",117,127
covid-19,"[-0.29439319641192047, 0.5110690495457096]",119,129
covid-19,"[-0.34696206682845604, 0.554621025311776]",120,130
covid-19,"[-0.17167901505579045, 0.5991446895152782]",121,131
covid-19,"[-0.12800931662986512, 0.7959903476805692]",122,132
covid-19,"[-0.13809393582540827, 0.644072072643823]",123,133
covid-19,"[-0.024933146342977587, 0.5283515777912167]",124,134
covid-19,"[0.4079024842480998, 0.5642181773706738]",134,144
covid-19,"[0.5359948719841413, 0.565090905158132]",135,145
covid-19,"[0.6648053074273256, 0.1919429739874785]",136,146
covid-19,"[0.8451956828432803, 0.23426064283290907]",137,147
covid-19,"[0.909843130950804, 0.23426064283290912]",138,148
covid-19,"[0.9152868810647014, 0.27717394687343333]",139,149
covid-19,"[0.9324203543549051, 0.31273139581104736]",140,150
covid-19,"[0.9400888087440419, 0.46817347160456285]",141,151
covid-19,"[0.9924251460208702, 0.7245419340779374]",142,152
covid-19,"[0.9768029595261932, -0.29277002188456]",143,153
joe biden,"[0.6798896969362016, -0.7090061909746673]",113,123
joe biden,"[0.5144957554275265, -0.680336051416609]",114,124
joe biden,"[0.5075647261379697, -0.6699739946729657]",115,125
joe biden,"[0.5263157894736841, -0.5378528742004771]",116,126
joe biden,"[0.5681551542753168, -0.52999894000318]",117,127
joe biden,"[0.5929270612815712, -0.49653542711735354]",118,128
joe biden,"[0.5929270612815712, -0.49653542711735354]",119,129
joe biden,"[0.5203649096309798, -0.49653542711735354]",120,130
joe biden,"[-0.6063390625908324, 0.6926356448094153]",123,133
joe biden,"[-0.709885207532891, 0.6833800757959477]",124,134
joe biden,"[-0.45232785041549367, 0.5216720300383333]",125,135
hillary clinton,"[-0.011618485308504338, 0.9320070332440737]",20,30
china,"[0.8077806958015601, -0.363696483726654]",0,10
china,"[0.7559289460184545, -0.36369648372665403]",1,11
china,"[0.8077806958015601, -0.36369648372665403]",2,12
china,"[0.8077806958015601, -0.28867513459481287]",3,13
china,"[0.7456011350793257, -0.2672612419124244]",18,28
china,"[0.7456011350793257, nan]",19,29
china,"[0.7470178808339961, -0.26363525200414833]",31,41
china,"[0.7470178808339961, -0.4375949744936836]",32,42
china,"[0.7470178808339961, -0.43759497449368356]",33,43
china,"[0.7470178808339961, -0.43759497449368356]",34,44
china,"[0.7470178808339961, -0.17960530202677488]",35,45
china,"[0.7071067811865478, -0.04637388957601679]",36,46
china,"[0.5590169943749475, 0.48795003647426655]",37,47
china,"[0.5, nan]",39,49
china,"[0.5455447255899812, -0.5222329678670936]",58,68
china,"[0.5455447255899812, -0.34188172937891376]",59,69
china,"[0.5773502691896258, -0.27565892320998553]",60,70
china,"[-0.15075567228888181, 0.6163156344279368]",63,73
china,"[-0.05698028822981899, 0.6163156344279368]",65,75
china,"[-0.05076730825668094, 0.5807971670914014]",66,76
china,"[0.0747017880833996, 0.6402570405815029]",67,77
china,"[0.4472135954999579, 0.6515837655350015]",72,82
china,"[0.3812464258315117, 0.5822088423841009]",73,83
china,"[0.1928971288681648, 0.6515837655350016]",74,84
china,"[-0.26726124191242445, 0.5184758473652126]",76,86
china,"[0.9687499999999999, 1.0]",95,105
china,"[0.8665407417674355, 0.10762440050012628]",96,106
china,"[-0.1202090449815296, 0.8652899256018457]",107,117
china,"[-0.050507627227610555, 0.8652899256018457]",108,118
china,"[-0.06554735253444623, 0.682288239221013]",109,119
china,"[1.2023581552721256e-17, 0.682288239221013]",110,120
china,"[0.5303300858899106, 0.0]",131,141
china,"[0.533001790889026, 0.0]",132,142
china,"[-0.18898223650461365, 0.6546536707079773]",140,150
china,"[-0.18898223650461365, 1.0]",141,151
china,"[-0.12499999999999994, 1.0]",142,152
vladimir putin,"[-0.12499999999999999, 0.6546536707079771]",12,22
vladimir putin,"[0.5152098373193084, -0.3118315179038567]",52,62
vladimir putin,"[0.5152098373193084, -0.3118315179038567]",53,63
vladimir putin,"[0.5276448530110862, -0.21530818817230277]",54,64
vladimir putin,"[-0.6172133998483676, 0.5041183773141629]",63,73
vladimir putin,"[-0.4082482904638631, 0.5070925528371099]",64,74
vladimir putin,"[0.9999999999999999, nan]",99,109
vladimir putin,"[0.6614378277661477, -0.14285714285714285]",100,110
vladimir putin,"[1.0, nan]",134,144
vladimir putin,"[1.0, -0.14285714285714285]",135,145
vladimir putin,"[0.9999999999999999, -0.14285714285714285]",136,146
vladimir putin,"[0.9999999999999999, -0.14285714285714288]",137,147
vladimir putin,"[0.9999999999999998, -0.14285714285714288]",138,148
vladimir putin,"[0.9999999999999998, -0.1428571428571429]",139,149
vladimir putin,"[0.9999999999999997, -0.1428571428571429]",140,150
vladimir putin,"[0.9999999999999997, -0.1428571428571429]",141,151
vladimir putin,"[0.9999999999999996, nan]",142,152
vladimir putin,"[0.6614378277661477, nan]",144,154
russia,"[0.6719319439596787, -0.5555555555555556]",3,13
russia,"[0.5668434311252412, -0.4833807587490452]",4,14
russia,"[-0.158113883008419, 0.5773502691896257]",39,49
russia,"[0.05976143046671967, 0.5773502691896258]",40,50
russia,"[0.6030226891555274, -0.29277002188455997]",43,53
russia,"[0.6614378277661477, -0.21821789023599242]",44,54
russia,"[-0.3119251469460217, 0.8079621855688686]",63,73
russia,"[-0.24239308278185975, 0.7313071356019153]",64,74
republican party,"[-0.18898223650461365, 0.6546536707079773]",1,11
republican party,"[-0.18898223650461365, 0.6546536707079773]",2,12
republican party,"[0.614192268639994, -0.27565892320998553]",12,22
republican party,"[0.6141922686399941, nan]",13,23
republican party,"[-0.18898223650461363, 0.6546536707079772]",21,31
republican party,"[-0.22941573387056174, 0.6546536707079772]",22,32
republican party,"[0.5735393346764042, -0.408248290463863]",39,49
republican party,"[-0.18898223650461365, 0.6546536707079773]",44,54
republican party,"[-0.28571428571428575, 1.0]",45,55
republican party,"[-0.18898223650461365, 0.6546536707079773]",46,56
republican party,"[-0.18898223650461365, 0.6546536707079773]",47,57
republican party,"[-0.18898223650461365, 0.6546536707079774]",48,58
republican party,"[-0.28571428571428575, 1.0]",74,84
republican party,"[-0.28571428571428575, 1.0]",75,85
republican party,"[-0.28571428571428575, 1.0]",76,86
republican party,"[-0.18898223650461365, 1.0]",77,87
republican party,"[-0.12499999999999994, 1.0]",78,88
republican party,"[0.6614378277661477, 1.0]",95,105
republican party,"[0.6614378277661477, 0.6546536707079773]",96,106
republican party,"[0.6614378277661477, 0.6546536707079773]",97,107
republican party,"[0.6614378277661477, 0.6546536707079773]",98,108
republican party,"[0.5, 0.6546536707079773]",99,109
republican party,"[0.5, 0.4879500364742665]",100,110
republican party,"[0.5, 0.4879500364742666]",101,111
republican party,"[0.599588444285752, -0.5319148936170213]",123,133
republican party,"[0.5995884442857521, -0.6883951004425773]",124,134
republican party,"[0.5703234321017339, -0.6883951004425773]",125,135
republican party,"[-0.2672612419124244, 0.8824975032927695]",135,145
republican party,"[-0.26726124191242445, 0.5184758473652126]",136,146
isis,"[0.6625413488689132, 0.1324532357065044]",0,10
isis,"[0.5983660736054126, 0.4256282653793743]",1,11
isis,"[0.7753298418327284, 0.14350946197048198]",2,12
isis,"[0.7753298418327285, 0.43355498476206]",3,13
isis,"[0.6933752452815365, 0.29767027889379355]",4,14
isis,"[-0.25354627641855504, 0.5163977794943223]",35,45
isis,"[-0.10910894511799624, 0.8703882797784893]",36,46
isis,"[-0.16205093088804107, 0.9263671131731709]",37,47
isis,"[-0.16205093088804107, 0.7006490497453708]",38,48
isis,"[-0.23759548165574576, 0.7006490497453708]",39,49
isis,"[-0.23759548165574576, 0.6666666666666669]",40,50
isis,"[-0.10910894511799621, 0.5698028822981898]",41,51
isis,"[0.14433756729740643, 0.5698028822981898]",42,52
isis,"[0.6614378277661477, -0.21821789023599236]",52,62
isis,"[0.6614378277661477, -0.21821789023599236]",53,63
isis,"[0.6614378277661477, -0.1428571428571429]",54,64
isis,"[0.6614378277661476, nan]",55,65
isis,"[0.8029550685469662, -0.2182178902359924]",71,81
isis,"[0.8838834764831844, -0.2036532699906392]",72,82
isis,"[0.75, -0.29032258064516125]",73,83
isis,"[0.8838834764831844, -0.2036532699906392]",74,84
isis,"[0.8838834764831844, -0.20365326999063915]",75,85
isis,"[0.8838834764831844, -0.20365326999063915]",76,86
isis,"[0.8838834764831845, -0.20365326999063915]",77,87
isis,"[0.8838834764831845, -0.20365326999063915]",78,88
isis,"[0.8838834764831845, -0.1428571428571429]",79,89
united states,"[0.6614378277661477, 1.0]",0,10
united states,"[0.6614378277661477, 0.6546536707079773]",1,11
united states,"[0.5, 0.6546536707079773]",2,12
united states,"[0.5, 0.4879500364742666]",3,13
united states,"[0.5, 0.4879500364742665]",4,14
united states,"[0.5976143046671969, 0.14907119849998593]",5,15
united states,"[0.5976143046671969, -2.1627008652456507e-17]",6,16
united states,"[0.5976143046671968, -2.0006354770986863e-17]",7,17
united states,"[0.7559289460184544, -0.29277002188455997]",8,18
united states,"[0.7559289460184544, -0.3333333333333334]",9,19
united states,"[0.7559289460184544, -0.4472135954999581]",10,20
united states,"[1.0, -0.3333333333333334]",11,21
united states,"[1.0, -0.3333333333333334]",12,22
united states,"[0.7559289460184544, -0.3333333333333334]",13,23
united states,"[-0.18898223650461365, 0.6546536707079773]",18,28
united states,"[-0.18898223650461365, 0.6546536707079773]",19,29
united states,"[-0.28571428571428575, 0.6546536707079773]",20,30
united states,"[-0.28571428571428575, 0.6546536707079773]",21,31
united states,"[-0.22941573387056172, 0.6546536707079774]",22,32
united states,"[0.6614378277661477, -0.2182178902359924]",31,41
united states,"[0.6614378277661477, -0.21821789023599242]",32,42
united states,"[0.6614378277661477, -0.21821789023599242]",33,43
united states,"[0.5, -0.21821789023599242]",34,44
united states,"[0.7559289460184545, 0.14907119849998593]",35,45
united states,"[0.7559289460184544, -0.14907119849998599]",36,46
united states,"[0.7130240959073807, 0.0975900072948533]",37,47
united states,"[0.875, 0.09759000729485329]",38,48
united states,"[0.8750000000000001, 0.14285714285714285]",39,49
united states,"[0.8750000000000001, 0.0975900072948533]",40,50
united states,"[0.8750000000000001, 0.0975900072948533]",41,51
united states,"[0.8750000000000001, 0.09759000729485331]",42,52
united states,"[0.5281643011010201, -0.23809523809523808]",43,53
united states,"[0.6614378277661477, nan]",95,105
united states,"[0.6614378277661477, -0.2182178902359924]",96,106
united states,"[0.6614378277661477, -0.21821789023599236]",102,112
united states,"[0.6614378277661476, nan]",103,113
united states,"[0.6614378277661477, -0.21821789023599236]",133,143
united states,"[0.6614378277661477, -0.21821789023599236]",134,144
united states,"[0.6614378277661476, -0.1428571428571429]",135,145
facebook,"[-0.18898223650461363, 0.6546536707079772]",21,31
facebook,"[-0.18898223650461363, 0.6546536707079772]",22,32
facebook,"[-0.12499999999999997, 1.0]",23,33
facebook,"[-0.12499999999999997, 1.0]",24,34
facebook,"[-0.18898223650461363, 0.6546536707079773]",25,35
facebook,"[-0.18898223650461365, 0.6546536707079773]",26,36
facebook,"[-0.18898223650461365, 0.6546536707079773]",27,37
facebook,"[-0.28571428571428575, 0.6546536707079774]",28,38
facebook,"[0.5345224838248488, -0.21821789023599242]",41,51
facebook,"[0.5345224838248488, -0.3110855084191276]",42,52
facebook,"[0.5345224838248488, -0.31108550841912763]",44,54
facebook,"[0.5735393346764044, -0.4173650061841514]",45,55
facebook,"[0.5735393346764043, -0.5477225575051661]",46,56
facebook,"[0.7470178808339961, -0.5388159060803247]",47,57
facebook,"[0.7470178808339961, -0.7293249574894727]",48,58
facebook,"[0.5976143046671969, -0.7293249574894727]",49,59
facebook,"[-0.3771571432023571, 0.6236095644623235]",62,72
facebook,"[-0.4714464290029463, 0.6236095644623235]",63,73
facebook,"[-0.47144642900294625, 0.5204472455316335]",64,74
facebook,"[-0.2886751345948129, 0.5477225575051661]",65,75
facebook,"[0.7456011350793257, -0.2672612419124244]",70,80
facebook,"[0.453247103886681, 0.5956833971812706]",73,83
facebook,"[0.40824829046386313, 0.5956833971812706]",74,84
facebook,"[0.40824829046386313, 0.5956833971812706]",75,85
facebook,"[0.40824829046386313, 0.5956833971812706]",76,86
facebook,"[0.408248290463863, 0.5956833971812706]",77,87
facebook,"[0.4677071733467427, 0.6549531463278075]",78,88
facebook,"[0.5345224838248487, 0.6546536707079773]",79,89
facebook,"[0.6614378277661477, 0.6546536707079773]",80,90
facebook,"[0.9999999999999996, nan]",81,91
facebook,"[0.5345224838248488, -0.3110855084191277]",124,134
north korea,"[-0.22941573387056172, 0.6546536707079773]",0,10
north korea,"[-0.18898223650461363, 0.6546536707079773]",1,11
north korea,"[-0.18898223650461365, 0.6546536707079773]",2,12
north korea,"[-0.18898223650461365, 0.6546536707079773]",3,13
north korea,"[-0.18898223650461365, 0.6546536707079774]",4,14
north korea,"[0.06622661785325216, 0.5]",45,55
north korea,"[-0.08111071056538126, 0.6350006350009525]",46,56
north korea,"[-0.08111071056538127, 0.6350006350009526]",47,57
north korea,"[-0.08111071056538127, 0.7419354838709676]",48,58
north korea,"[-0.25000000000000006, 0.8824975032927695]",49,59
north korea,"[-0.32444284226152503, 0.8890008890013337]",50,60
north korea,"[0.5345224838248488, 0.10369516947304255]",54,64
north korea,"[0.5345224838248488, 0.10369516947304251]",55,65
north korea,"[0.5345224838248488, 0.10369516947304253]",56,66
north korea,"[0.5345224838248487, 0.10369516947304254]",57,67
north korea,"[0.8838834764831845, -0.1428571428571429]",58,68
north korea,"[0.9999999999999996, nan]",59,69
government,"[0.6614378277661477, -0.2636352520041483]",22,32
government,"[0.8728715609439694, -0.42107596053325946]",23,33
government,"[0.9285714285714287, -0.4210759605332594]",24,34
government,"[0.8728715609439694, -0.408248290463863]",25,35
government,"[0.8029550685469661, -0.2672612419124244]",26,36
government,"[0.8029550685469661, -0.2672612419124244]",27,37
government,"[0.802955068546966, -0.2672612419124244]",28,38
government,"[0.7456011350793257, -0.29277002188456]",29,39
government,"[0.75, -0.2036532699906392]",49,59
government,"[0.8838834764831844, -0.2036532699906392]",50,60
government,"[0.8838834764831844, -0.20365326999063918]",51,61
government,"[0.8838834764831844, -0.2036532699906392]",52,62
government,"[0.8029550685469661, -0.20365326999063918]",53,63
government,"[0.8838834764831844, -0.20365326999063918]",54,64
government,"[0.8029550685469661, -0.2672612419124244]",55,65
government,"[0.802955068546966, -0.2672612419124244]",56,66
government,"[0.7456011350793257, -0.29277002188455997]",57,67
government,"[-0.12499999999999997, 1.0]",68,78
government,"[-0.12499999999999997, 1.0]",69,79
government,"[-0.12499999999999997, 1.0]",70,80
government,"[-0.12499999999999997, 1.0]",71,81
government,"[-0.12499999999999997, 1.0]",72,82
government,"[-0.12499999999999997, 1.0]",73,83
government,"[-0.18898223650461365, 1.0]",74,84
government,"[1.0, nan]",95,105
government,"[0.8838834764831843, -0.14285714285714285]",96,106
government,"[0.8685990362153793, 0.2258064516129032]",97,107
government,"[0.8685990362153794, 0.026198125853112274]",98,108
government,"[0.737043474095502, -0.10314212462587935]",99,109
government,"[0.737043474095502, -0.10314212462587935]",100,110
government,"[0.7370434740955019, -0.10314212462587935]",101,111
government,"[0.7370434740955019, -0.10314212462587938]",102,112
government,"[0.7370434740955019, 0.026198125853112278]",103,113
government,"[0.7500000000000001, 0.22580645161290322]",104,114
government,"[0.8838834764831845, -0.1428571428571429]",105,115
government,"[-0.18898223650461363, 1.0]",107,117
government,"[-0.12499999999999997, 1.0]",108,118
government,"[-0.1889822365046136, 1.0]",109,119
government,"[-0.18898223650461363, 0.6546536707079773]",110,120
government,"[0.6614378277661477, -0.21821789023599242]",130,140
government,"[0.6614378277661476, nan]",131,141
taliban,"[0.5772895321748549, 0.9449111825230679]",127,137
taliban,"[0.7238870588789896, 0.06884283908215141]",128,138
taliban,"[0.7238870588789896, -0.047649070349234664]",129,139
taliban,"[0.7238870588789896, -0.04764907034923468]",130,140
taliban,"[0.7238870588789896, -0.047649070349234664]",131,141
taliban,"[0.7238870588789896, -0.04764907034923469]",132,142
taliban,"[0.6525179122289485, -0.047649070349234664]",133,143
taliban,"[0.7238870588789896, -0.04764907034923469]",134,144
taliban,"[0.7485206199113849, -0.2113701265354594]",135,145
villain,"[-0.20549873413169661, 0.6546536707079772]",25,35
villain,"[-0.18898223650461365, 0.6546536707079773]",26,36
villain,"[-0.18898223650461365, 1.0]",27,37
villain,"[-0.12499999999999997, 1.0]",28,38
villain,"[-0.18898223650461365, 0.6546536707079773]",29,39
villain,"[-0.18898223650461365, 0.6546536707079774]",30,40
villain,"[0.5, -0.29277002188455997]",36,46
villain,"[0.5, -0.21821789023599242]",37,47
villain,"[0.6614378277661477, -0.21821789023599242]",38,48
villain,"[0.5, -0.21821789023599242]",39,49
villain,"[0.6614378277661477, -0.21821789023599245]",40,50
villain,"[0.5, -0.29277002188456]",41,51
villain,"[0.5, -0.29277002188456]",42,52
villain,"[-0.18898223650461363, 0.6546536707079772]",95,105
villain,"[-0.1889822365046136, 0.6546536707079772]",96,106
villain,"[-0.18898223650461363, 0.6546536707079773]",97,107
villain,"[-0.18898223650461365, 0.6546536707079773]",98,108
villain,"[-0.18898223650461365, 0.6546536707079773]",99,109
villain,"[-0.18898223650461365, 0.6546536707079773]",100,110
villain,"[-0.18898223650461365, 1.0]",101,111
villain,"[-0.18898223650461365, 1.0]",102,112
villain,"[0.6614378277661477, -0.14285714285714285]",104,114
villain,"[0.6614378277661477, -0.2182178902359924]",105,115
villain,"[0.6614378277661477, -0.21821789023599242]",106,116
villain,"[0.5, -0.29277002188455997]",108,118
villain,"[0.5, -0.29277002188456]",109,119
villain,"[0.5, -0.29277002188456]",110,120
cnn,"[-0.12499999999999997, 1.0]",0,10
cnn,"[-0.12499999999999997, 1.0]",1,11
cnn,"[-0.12499999999999997, 1.0]",2,12
cnn,"[-0.12499999999999997, 1.0]",3,13
cnn,"[-0.12499999999999994, 1.0]",4,14
trump administration,"[-0.1889822365046136, 0.6546536707079772]",55,65
trump administration,"[-0.24999999999999997, 0.6546536707079772]",56,66
trump administration,"[0.7559289460184544, -0.4472135954999581]",68,78
trump administration,"[0.6614378277661477, -0.21821789023599236]",80,90
trump administration,"[0.6614378277661476, nan]",81,91
iran,"[-0.1889822365046136, 0.9456108576893003]",39,49
iran,"[-0.1889822365046136, 0.9686196045011366]",40,50
iran,"[-0.23622779563076704, 1.0]",41,51
iran,"[-0.18898223650461363, 0.6546536707079773]",42,52
iran,"[-0.18898223650461363, 0.6546536707079773]",43,53
iran,"[-0.18898223650461365, 0.6546536707079773]",44,54
iran,"[-0.18898223650461365, 0.6546536707079773]",45,55
iran,"[-0.18898223650461365, 0.6546536707079774]",46,56
iran,"[1.0, nan]",53,63
iran,"[0.6614378277661477, -0.14285714285714285]",54,64
iran,"[0.6614378277661477, -0.2182178902359924]",55,65
iran,"[-0.18898223650461363, 0.6546536707079772]",73,83
iran,"[-0.25, 0.6546536707079772]",74,84
iran,"[-0.23622779563076704, 0.6064496310619684]",78,88
iran,"[-0.23622779563076698, 0.6064496310619684]",79,89
iran,"[-0.23622779563076693, 0.6064496310619684]",80,90
congress,"[-0.18898223650461363, 0.6546536707079772]",55,65
congress,"[-0.24999999999999997, 0.6546536707079772]",56,66
congress,"[-0.3779644730092272, 0.74535599249993]",57,67
congress,"[-0.28571428571428575, 1.0]",58,68
congress,"[-0.28571428571428575, 1.0]",59,69
congress,"[-0.28571428571428575, 1.0]",60,70
congress,"[-0.3779644730092273, 1.0]",61,71
congress,"[-0.3779644730092273, 0.7453559924999301]",62,72
congress,"[-0.3779644730092273, 0.6546536707079773]",63,73
inflation,"[-0.25, 0.6546536707079773]",128,138
inflation,"[-0.18898223650461365, 0.6546536707079773]",131,141
inflation,"[-0.18898223650461365, 0.6546536707079774]",132,142
climate change,"[-0.18898223650461363, 0.6546536707079772]",30,40
climate change,"[-0.25, 0.6546536707079773]",31,41
climate change,"[-0.18898223650461365, 0.6546536707079773]",35,45
climate change,"[-0.18898223650461365, 0.6546536707079774]",36,46
climate change,"[0.6614378277661477, -0.14285714285714285]",111,121
climate change,"[0.5, -0.2182178902359924]",112,122
climate change,"[0.5, -0.29277002188455997]",113,123
climate change,"[0.5, -0.29277002188455997]",114,124
climate change,"[0.5, -0.29277002188455997]",115,125
climate change,"[-0.22941573387056174, 0.6546536707079773]",120,130
twitter,"[0.5, -0.29277002188455997]",17,27
twitter,"[0.5, -0.29277002188455997]",18,28
twitter,"[0.6614378277661477, -0.21821789023599242]",22,32
twitter,"[0.6614378277661476, -0.14285714285714288]",23,33
twitter,"[0.6614378277661477, -0.14285714285714285]",67,77
twitter,"[0.6614378277661477, -0.2182178902359924]",68,78
twitter,"[0.6614378277661477, -0.21821789023599242]",69,79
twitter,"[0.6614378277661477, -0.21821789023599242]",70,80
twitter,"[0.6614378277661477, -0.21821789023599242]",71,81
twitter,"[0.5, -0.21821789023599236]",72,82
twitter,"[0.5, -0.29277002188456]",73,83
twitter,"[0.6614378277661477, -0.21821789023599245]",74,84
twitter,"[0.6614378277661476, nan]",75,85
fbi,"[0.5, 0.48795003647426655]",0,10
fbi,"[0.5, 0.48795003647426655]",1,11
fbi,"[0.5, 0.48795003647426655]",2,12
fbi,"[0.5, 0.6546536707079773]",3,13
fbi,"[0.5, nan]",4,14
fbi,"[-0.18898223650461363, 0.6546536707079772]",134,144
fbi,"[-0.18898223650461363, 0.6546536707079772]",135,145
fbi,"[-0.18898223650461363, 0.6546536707079772]",136,146
fbi,"[-0.12499999999999997, 1.0]",137,147
fbi,"[-0.12499999999999997, 1.0]",138,148
fbi,"[-0.12499999999999997, 1.0]",139,149
fbi,"[-0.12499999999999997, 1.0]",140,150
fbi,"[-0.12499999999999994, 1.0]",141,151
police,"[-0.12499999999999999, 1.0]",43,53
police,"[-0.12499999999999997, 1.0]",44,54
police,"[-0.12499999999999997, 1.0]",45,55
police,"[-0.12499999999999997, 1.0]",46,56
police,"[-0.18898223650461363, 0.6546536707079773]",47,57
police,"[-0.18898223650461365, 0.6546536707079773]",48,58
police,"[-0.18898223650461365, 0.6546536707079773]",49,59
police,"[-0.28571428571428575, 0.6546536707079774]",50,60
police,"[0.6614378277661477, nan]",65,75
police,"[1.0, -0.14285714285714285]",66,76
police,"[0.9999999999999999, -0.14285714285714285]",67,77
police,"[0.6614378277661477, -0.14285714285714288]",68,78
police,"[0.6614378277661477, -0.21821789023599242]",69,79
police,"[0.5, -0.21821789023599245]",70,80
police,"[0.5, -0.29277002188456]",71,81
police,"[0.5, -0.29277002188456]",72,82
police,"[0.5, nan]",73,83
police,"[0.9452941770058043, nan]",97,107
police,"[0.59030127770114, -0.18898223650461357]",98,108
police,"[0.5281643011010202, -0.07273929674533079]",99,109
police,"[0.5281643011010202, -0.0727392967453308]",100,110
police,"[0.5281643011010201, 1.0813504326228253e-17]",101,111
police,"[0.5903012777011399, 1.0813504326228253e-17]",102,112
police,"[0.5903012777011399, -1.694207128940066e-17]",103,113
police,"[0.59030127770114, -4.4697646905029577e-17]",104,114
police,"[0.59030127770114, 0.6546536707079773]",105,115
police,"[-0.12499999999999994, 1.0]",106,116
police,"[0.6614378277661477, -0.21821789023599236]",130,140
police,"[0.9999999999999997, -0.1428571428571429]",131,141
police,"[0.9999999999999997, -0.1428571428571429]",132,142
police,"[0.9999999999999996, nan]",133,143
mitch mcconnell,"[0.7456011350793257, 0.4879500364742666]",66,76
mitch mcconnell,"[0.8029550685469661, 0.2672612419124244]",67,77
mitch mcconnell,"[0.8029550685469661, 0.26726124191242434]",68,78
mitch mcconnell,"[0.5345224838248488, 0.10369516947304254]",73,83
mitch mcconnell,"[0.6614378277661476, -0.1428571428571429]",74,84
mitch mcconnell,"[-0.056980288229819015, 0.6546536707079773]",112,122
mitch mcconnell,"[0.7559289460184544, 0.33333333333333337]",113,123
mitch mcconnell,"[0.7559289460184544, 0.1490711984999859]",114,124
mitch mcconnell,"[0.7559289460184544, 0.14907119849998596]",115,125
mitch mcconnell,"[0.7559289460184544, 0.14907119849998596]",116,126
mitch mcconnell,"[0.7559289460184544, 0.149071198499986]",117,127
mitch mcconnell,"[0.5976143046671967, 0.14907119849998596]",118,128
mitch mcconnell,"[0.5000000000000001, 0.14907119849998593]",119,129
mitch mcconnell,"[-0.18898223650461363, 0.6546536707079773]",122,132
mitch mcconnell,"[-0.18898223650461365, 0.6546536707079773]",123,133
mitch mcconnell,"[-0.18898223650461365, 0.6546536707079773]",124,134
andrew cuomo,"[-0.03220783132004154, 0.986558528576524]",127,137
andrew cuomo,"[-0.03220783132004154, 0.9833379522825871]",128,138
andrew cuomo,"[-0.01590711907439445, 0.986558528576524]",129,139
andrew cuomo,"[-0.015907119074394443, 0.986558528576524]",130,140
andrew cuomo,"[1.3338038262247862e-17, 0.9921593040474269]",131,141
andrew cuomo,"[-5.39749545566595e-19, 0.9921593040474269]",132,142
andrew cuomo,"[-5.39749545566595e-19, 0.9921593040474268]",133,143
andrew cuomo,"[-1.441753735338105e-17, 0.9921593040474268]",134,144
andrew cuomo,"[0.9999999999999996, nan]",135,145
google,"[1.0, nan]",27,37
google,"[1.0, -0.14285714285714285]",28,38
google,"[0.9999999999999999, -0.14285714285714285]",29,39
google,"[0.43355498476205995, 0.5184758473652127]",31,41
google,"[0.26726124191242445, 0.7467286566323439]",35,45
google,"[0.2294157338705617, 0.746728656632344]",36,46
google,"[0.2294157338705617, 0.746728656632344]",37,47
google,"[0.2294157338705617, 0.746728656632344]",38,48
boris johnson,"[-0.32444284226152503, 0.8017837257372732]",122,132
ted cruz,"[-0.12499999999999999, 1.0]",31,41
ted cruz,"[-0.12499999999999997, 1.0]",32,42
ted cruz,"[-0.12499999999999997, 1.0]",33,43
ted cruz,"[-0.12499999999999997, 1.0]",34,44
ted cruz,"[-0.12499999999999997, 1.0]",35,45
ted cruz,"[-0.12499999999999997, 1.0]",36,46
ted cruz,"[-0.12499999999999997, 1.0]",37,47
ted cruz,"[-0.12499999999999994, 1.0]",38,48
james comey,"[0.5810480379709638, -0.14285714285714285]",11,21
james comey,"[0.5734146386569556, -0.21702543382205694]",12,22
james comey,"[0.9799118698777319, -0.1729171253112705]",13,23
james comey,"[0.9799118698777319, -0.1729171253112705]",14,24
james comey,"[0.9799118698777319, -0.1729171253112705]",15,25
james comey,"[0.979911869877732, -0.1729171253112705]",16,26
james comey,"[0.979911869877732, -0.17291712531127051]",17,27
james comey,"[0.979911869877732, -0.17291712531127046]",18,28
james comey,"[0.979911869877732, nan]",19,29
harvey weinstein,"[0.47918635750341565, 1.0]",35,45
harvey weinstein,"[0.447213595499958, 0.8079621855688683]",36,46
harvey weinstein,"[0.43133109281375365, 0.7828813612588128]",37,47
harvey weinstein,"[0.3913118960624632, 0.7460329735591031]",38,48
harvey weinstein,"[0.3913118960624632, 0.7184212081070995]",39,49
harvey weinstein,"[0.3913118960624632, 0.7184212081070995]",40,50
harvey weinstein,"[0.23577978128575378, 0.5303300858899105]",41,51
harvey weinstein,"[0.17206180040292127, 0.5303300858899106]",42,52
harvey weinstein,"[0.5448623679425841, -0.09759000729485331]",43,53
apple,"[-0.18898223650461365, 0.6546536707079773]",46,56
apple,"[-0.18898223650461365, 1.0]",47,57
apple,"[-0.12499999999999994, 1.0]",48,58
apple,"[0.9999999999999998, -0.1428571428571429]",132,142
apple,"[0.9999999999999997, -0.1428571428571429]",133,143
apple,"[0.9999999999999997, -0.1428571428571429]",134,144
apple,"[0.9999999999999996, nan]",135,145
bernie sanders,"[0.5, -0.06666666666666667]",0,10
bernie sanders,"[0.8838834764831844, nan]",109,119
bernie sanders,"[1.0, -0.14285714285714285]",110,120
bernie sanders,"[0.6614378277661477, -0.14285714285714285]",111,121
bernie sanders,"[0.6614378277661477, -0.21821789023599242]",112,122
bernie sanders,"[0.6614378277661477, -0.21821789023599242]",113,123
bernie sanders,"[0.6614378277661477, -0.21821789023599242]",114,124
bernie sanders,"[0.6614378277661477, -0.21821789023599242]",115,125
bernie sanders,"[0.6614378277661477, -0.21821789023599236]",116,126
bernie sanders,"[0.6614378277661476, nan]",117,127
fire,"[1.0, nan]",117,127
fire,"[1.0, -0.14285714285714285]",118,128
fire,"[0.6614378277661477, -0.2182178902359924]",119,129
fire,"[0.6614378277661477, -0.21821789023599242]",120,130
fire,"[0.6614378277661477, -0.21821789023599242]",121,131
fire,"[0.6614378277661477, -0.21821789023599242]",122,132
fire,"[0.6614378277661477, -0.21821789023599236]",123,133
fire,"[0.6614378277661477, -0.21821789023599236]",124,134
media,"[-0.18898223650461363, 0.6546536707079772]",36,46
media,"[0.6614378277661477, -0.1428571428571429]",43,53
media,"[0.9999999999999997, -0.1428571428571429]",44,54
media,"[0.9999999999999996, nan]",45,55
suspect,"[0.9999999999999999, -0.14285714285714288]",0,10
suspect,"[-0.18898223650461363, 0.6546536707079772]",36,46
suspect,"[-0.25, 0.6546536707079772]",37,47
elon musk,"[0.6614378277661477, -0.14285714285714285]",53,63
elon musk,"[0.6614378277661477, -0.2182178902359924]",54,64
elon musk,"[0.6614378277661477, -0.21821789023599242]",55,65
elon musk,"[0.5, -0.29277002188455997]",57,67
elon musk,"[0.5, -0.29277002188456]",58,68
elon musk,"[0.5, -0.29277002188456]",59,69
elon musk,"[0.6614378277661477, -0.21821789023599242]",60,70
elon musk,"[0.6614378277661476, nan]",61,71
amazon,"[-0.18898223650461363, 1.0]",33,43
amazon,"[-0.12499999999999997, 1.0]",34,44
amazon,"[-0.12499999999999997, 1.0]",35,45
amazon,"[-0.12499999999999997, 1.0]",36,46
amazon,"[-0.12499999999999997, 1.0]",37,47
amazon,"[-0.12499999999999997, 1.0]",38,48
amazon,"[-0.12499999999999997, 1.0]",39,49
amazon,"[-0.12499999999999994, 1.0]",40,50
cancer,"[-0.18898223650461363, 0.6546536707079772]",43,53
cancer,"[-0.18898223650461363, 0.6546536707079772]",44,54
cancer,"[-0.18898223650461363, 1.0]",45,55
cancer,"[-0.12499999999999997, 1.0]",46,56
cancer,"[-0.18898223650461363, 0.6546536707079773]",47,57
cancer,"[-0.18898223650461365, 0.6546536707079773]",48,58
cancer,"[-0.18898223650461365, 0.6546536707079773]",49,59
cancer,"[-0.18898223650461365, 0.6546536707079774]",50,60
protesters,"[0.9999999999999999, nan]",97,107
protesters,"[0.8838834764831843, -0.14285714285714285]",98,108
protesters,"[0.8838834764831843, -0.2036532699906392]",99,109
protesters,"[0.8838834764831844, -0.2036532699906392]",100,110
protesters,"[0.8838834764831843, -0.20365326999063915]",101,111
protesters,"[0.8838834764831844, -0.20365326999063915]",102,112
protesters,"[0.8838834764831844, -0.20365326999063915]",103,113
protesters,"[0.802955068546966, -0.20365326999063915]",104,114
protesters,"[0.8029550685469659, nan]",105,115
hackers,"[0.6614378277661477, nan]",11,21
hackers,"[0.6614378277661477, -0.2182178902359924]",12,22
hackers,"[0.5, -0.29277002188455997]",13,23
hackers,"[0.5, -0.29277002188456]",18,28
hackers,"[0.5, -0.21821789023599236]",19,29
israel,"[-0.18898223650461363, 0.6546536707079772]",33,43
israel,"[-0.18898223650461363, 0.6546536707079772]",34,44
israel,"[-0.18898223650461363, 1.0]",35,45
israel,"[-0.18898223650461363, 1.0]",36,46
israel,"[-0.18898223650461363, 0.6546536707079773]",37,47
israel,"[-0.18898223650461365, 0.6546536707079773]",38,48
israel,"[-0.18898223650461365, 0.6546536707079773]",39,49
israel,"[-0.18898223650461365, 0.6546536707079774]",40,50
israel,"[0.6614378277661477, -0.14285714285714285]",47,57
israel,"[0.6614378277661477, -0.2182178902359924]",48,58
israel,"[0.6614378277661477, -0.21821789023599242]",49,59
israel,"[0.6614378277661477, -0.21821789023599242]",50,60
israel,"[0.6614378277661477, -0.21821789023599242]",51,61
israel,"[0.6614378277661477, -0.21821789023599245]",53,63
israel,"[-0.12499999999999999, 1.0]",121,131
israel,"[-0.12499999999999997, 1.0]",122,132
israel,"[-0.12499999999999997, 1.0]",123,133
israel,"[-0.12499999999999997, 1.0]",124,134
israel,"[-0.12499999999999997, 1.0]",125,135
israel,"[-0.12499999999999997, 1.0]",126,136
israel,"[-0.18898223650461365, 0.6546536707079773]",127,137
israel,"[-0.28571428571428575, 0.6546536707079774]",128,138
theresa may,"[-0.18898223650461363, 0.6546536707079772]",61,71
theresa may,"[-0.28571428571428575, 0.6546536707079772]",62,72
theresa may,"[-0.28571428571428575, 0.6546536707079773]",65,75
theresa may,"[-0.18898223650461365, 0.6546536707079773]",66,76
theresa may,"[-0.18898223650461365, 0.6546536707079773]",67,77
theresa may,"[-0.25, 0.6546536707079774]",68,78
theresa may,"[-0.24854790640048002, 0.6546536707079772]",69,79
theresa may,"[-0.08219949365267862, 0.5773502691896257]",70,80
theresa may,"[0.031068488300060027, 0.5773502691896258]",71,81
theresa may,"[0.031068488300060027, 0.5773502691896258]",72,82
theresa may,"[0.031068488300060013, 0.5773502691896258]",73,83
theresa may,"[0.031068488300060027, 0.5773502691896257]",74,84
theresa may,"[0.031068488300060013, 0.5773502691896257]",75,85
theresa may,"[0.031068488300060013, 0.5773502691896258]",76,86
theresa may,"[0.9999999999999996, nan]",78,88
kim jong un,"[0.5, nan]",48,58
kim jong un,"[-0.18898223650461365, 0.6546536707079773]",54,64
kim jong un,"[-0.18898223650461365, 0.6546536707079773]",55,65
kim jong un,"[-0.18898223650461365, 0.6546536707079773]",56,66
kim jong un,"[-0.12499999999999997, 1.0]",57,67
kim jong un,"[-0.12499999999999994, 1.0]",58,68
xi jinping,"[-0.12499999999999999, 1.0]",43,53
xi jinping,"[-0.12499999999999997, 1.0]",44,54
xi jinping,"[-0.12499999999999997, 1.0]",45,55
xi jinping,"[-0.12499999999999997, 1.0]",46,56
xi jinping,"[-0.12499999999999997, 1.0]",47,57
xi jinping,"[-0.18898223650461365, 1.0]",48,58
xi jinping,"[-0.18898223650461365, 0.6546536707079773]",49,59
xi jinping,"[-0.18898223650461365, 0.6546536707079774]",50,60
xi jinping,"[1.0, nan]",133,143
xi jinping,"[0.6614378277661477, -0.14285714285714285]",134,144
xi jinping,"[0.6614378277661477, -0.2182178902359924]",135,145
xi jinping,"[0.6614378277661477, -0.21821789023599242]",136,146
xi jinping,"[0.6614378277661477, -0.21821789023599242]",137,147
xi jinping,"[0.6614378277661477, -0.21821789023599242]",138,148
xi jinping,"[0.6614378277661477, -0.21821789023599236]",139,149
xi jinping,"[0.6614378277661477, -0.21821789023599236]",140,150
xi jinping,"[0.6614378277661476, nan]",141,151
politicians,"[-0.17677669529663687, 1.0]",55,65
politicians,"[-0.12499999999999997, 1.0]",56,66
politicians,"[-0.12499999999999997, 1.0]",57,67
politicians,"[-0.12499999999999997, 1.0]",58,68
politicians,"[-0.12499999999999997, 1.0]",59,69
politicians,"[-0.12499999999999997, 1.0]",60,70
politicians,"[-0.12499999999999997, 1.0]",61,71
politicians,"[-0.12499999999999994, 1.0]",62,72
politicians,"[-0.12499999999999999, 1.0]",107,117
politicians,"[-0.12499999999999997, 1.0]",108,118
politicians,"[-0.12499999999999997, 1.0]",109,119
politicians,"[-0.12499999999999997, 1.0]",110,120
politicians,"[-0.12499999999999997, 1.0]",111,121
politicians,"[-0.1767766952966369, 1.0]",112,122
politicians,"[-0.1767766952966369, 0.8824975032927695]",113,123
politicians,"[-0.17677669529663692, 0.8824975032927695]",114,124
nicolás maduro,"[0.59030127770114, -0.18898223650461357]",69,79
nicolás maduro,"[0.9452941770058043, -0.18898223650461357]",70,80
nicolás maduro,"[0.6401843996644797, -0.2606936229533505]",71,81
nicolás maduro,"[-0.27863910628767646, 0.6546536707079773]",79,89
nicolás maduro,"[-0.18898223650461365, 0.6546536707079774]",80,90
federal government,"[-0.28571428571428575, 0.6546536707079772]",55,65
federal government,"[-0.18898223650461365, 0.6546536707079773]",56,66
federal government,"[-0.12499999999999997, 1.0]",57,67
federal government,"[-0.12499999999999997, 1.0]",58,68
federal government,"[-0.18898223650461365, 1.0]",59,69
federal government,"[-0.18898223650461365, 0.6546536707079774]",60,70
robert mueller,"[0.6614378277661477, 1.0]",69,79
robert mueller,"[0.6614378277661477, 0.6546536707079773]",70,80
robert mueller,"[0.6614378277661477, 0.6546536707079773]",71,81
robert mueller,"[0.5, 0.6546536707079773]",72,82
robert mueller,"[0.5, 0.4879500364742665]",73,83
kim jong-un,"[1.0, -0.14285714285714285]",0,10
kim jong-un,"[0.9999999999999999, -0.14285714285714285]",1,11
kim jong-un,"[0.9999999999999999, -0.14285714285714288]",2,12
kim jong-un,"[0.9999999999999998, -0.14285714285714288]",3,13
kim jong-un,"[0.9999999999999998, -0.1428571428571429]",4,14
kim jong-un,"[0.9999999999999997, -0.1428571428571429]",5,15
kim jong-un,"[0.9999999999999997, -0.1428571428571429]",6,16
kim jong-un,"[0.9999999999999996, nan]",7,17
kim jong-un,"[-0.4780914437337575, 0.5773502691896258]",35,45
kim jong-un,"[-0.4780914437337574, 0.5773502691896258]",36,46
kim jong-un,"[-0.4780914437337575, 0.74535599249993]",37,47
kim jong-un,"[-0.4780914437337574, 0.5773502691896258]",38,48
saudi arabia,"[-0.12499999999999999, 1.0]",59,69
saudi arabia,"[-0.12499999999999997, 1.0]",60,70
saudi arabia,"[-0.1889822365046136, 1.0]",61,71
saudi arabia,"[-0.18898223650461363, 0.6546536707079773]",62,72
nfl,"[-0.18898223650461363, 0.6546536707079772]",35,45
nfl,"[-0.18898223650461363, 0.6546536707079772]",36,46
nfl,"[-0.18898223650461363, 0.6546536707079773]",37,47
nfl,"[-0.18898223650461365, 0.6546536707079773]",38,48
nfl,"[0.8029550685469661, -0.20365326999063915]",43,53
nfl,"[0.8838834764831844, -0.20365326999063915]",44,54
nfl,"[0.8838834764831845, -0.20365326999063915]",45,55
nfl,"[0.8838834764831845, -0.20365326999063915]",46,56
nfl,"[0.5345224838248488, -0.1428571428571429]",47,57
virus,"[0.922721569239401, nan]",95,105
virus,"[0.922721569239401, -0.1955795646794894]",96,106
virus,"[0.911429582301971, -0.22792115291927587]",97,107
virus,"[0.911429582301971, -0.22792115291927587]",98,108
virus,"[0.9045340337332908, -0.2632299212583555]",99,109
virus,"[0.9045340337332907, -0.2632299212583555]",100,110
virus,"[0.9045340337332907, -0.20473438320094323]",101,111
virus,"[0.9645788568769382, -0.20473438320094323]",102,112
virus,"[0.9645788568769382, -0.21821789023599236]",103,113
virus,"[-0.18898223650461363, 0.6546536707079772]",113,123
virus,"[-0.1889822365046136, 0.6546536707079772]",114,124
virus,"[-0.18898223650461363, 0.6546536707079773]",115,125
virus,"[-0.18898223650461365, 0.6546536707079773]",116,126
virus,"[-0.18898223650461365, 0.6546536707079773]",117,127
virus,"[-0.18898223650461365, 0.6546536707079773]",118,128
virus,"[-0.18898223650461365, 1.0]",119,129
virus,"[-0.12499999999999994, 1.0]",120,130
cdc,"[0.6614378277661477, 1.0]",104,114
cdc,"[0.6614378277661477, 0.6546536707079773]",105,115
cdc,"[0.6614378277661477, 0.6546536707079773]",106,116
cdc,"[0.5, 0.6546536707079773]",107,117
cdc,"[0.5, 0.4879500364742665]",108,118
cdc,"[0.5, 0.4879500364742665]",109,119
cdc,"[0.5, 0.48795003647426655]",110,120
cdc,"[0.5, 0.48795003647426655]",111,121
cdc,"[0.6614378277661476, nan]",112,122
youtube,"[1.0, nan]",45,55
youtube,"[1.0, -0.14285714285714285]",46,56
youtube,"[0.9999999999999999, -0.14285714285714285]",47,57
youtube,"[0.9999999999999999, -0.14285714285714288]",48,58
youtube,"[0.9999999999999998, -0.14285714285714288]",49,59
youtube,"[0.9999999999999998, -0.1428571428571429]",50,60
youtube,"[0.9999999999999997, -0.1428571428571429]",51,61
youtube,"[0.9999999999999997, -0.1428571428571429]",52,62
youtube,"[0.9999999999999996, nan]",53,63
youtube,"[0.5, 0.6546536707079772]",125,135
white house,"[-0.12499999999999999, 1.0]",109,119
white house,"[-0.12499999999999997, 1.0]",110,120
white house,"[-0.12499999999999997, 1.0]",111,121
white house,"[-0.12499999999999997, 1.0]",112,122
white house,"[-0.12499999999999997, 1.0]",113,123
white house,"[-0.12499999999999997, 1.0]",114,124
white house,"[-0.18898223650461365, 0.6546536707079773]",115,125
white house,"[-0.18898223650461365, 0.6546536707079774]",116,126
white house,"[-0.18898223650461363, 0.6546536707079772]",135,145
white house,"[-0.18898223650461363, 0.6546536707079772]",136,146
white house,"[-0.12499999999999997, 1.0]",137,147
white house,"[-0.12499999999999997, 1.0]",138,148
white house,"[-0.12499999999999997, 1.0]",139,149
white house,"[-0.12499999999999997, 1.0]",140,150
white house,"[-0.12499999999999997, 1.0]",141,151
white house,"[-0.12499999999999994, 1.0]",142,152
department of justice,"[0.6614378277661476, nan]",3,13
rodrigo duterte,"[-0.17677669529663687, 1.0]",9,19
rodrigo duterte,"[-0.18898223650461363, 1.0]",10,20
rodrigo duterte,"[-0.1889822365046136, 0.6546536707079773]",11,21
rodrigo duterte,"[-0.18898223650461363, 0.6546536707079773]",12,22
rodrigo duterte,"[-0.18898223650461365, 0.6546536707079773]",13,23
rodrigo duterte,"[-0.18898223650461365, 0.6546536707079773]",14,24
rodrigo duterte,"[-0.18898223650461365, 0.6546536707079773]",15,25
rodrigo duterte,"[-0.18898223650461365, 0.6546536707079774]",16,26
european union,"[1.0, nan]",47,57
european union,"[1.0, -0.14285714285714285]",48,58
european union,"[0.9999999999999999, -0.14285714285714285]",49,59
european union,"[0.9999999999999999, -0.14285714285714288]",50,60
european union,"[0.9999999999999998, -0.14285714285714288]",51,61
european union,"[0.9999999999999998, -0.1428571428571429]",52,62
european union,"[0.9999999999999997, -0.1428571428571429]",53,63
european union,"[0.9999999999999997, -0.1428571428571429]",54,64
european union,"[0.9999999999999996, nan]",55,65
nbc,"[0.6614378277661477, -0.14285714285714285]",67,77
nbc,"[0.6614378277661477, -0.21821789023599242]",68,78
nbc,"[0.6614378277661477, -0.21821789023599242]",69,79
nbc,"[0.6614378277661477, -0.21821789023599242]",70,80
nbc,"[0.9999999999999998, -0.14285714285714288]",71,81
nbc,"[0.9999999999999998, -0.1428571428571429]",72,82
nbc,"[0.9999999999999997, -0.1428571428571429]",73,83
nbc,"[0.9999999999999997, -0.1428571428571429]",74,84
nbc,"[0.9999999999999996, nan]",75,85
nicolas maduro,"[1.0, nan]",97,107
nicolas maduro,"[1.0, -0.14285714285714285]",98,108
nicolas maduro,"[0.9999999999999999, -0.14285714285714285]",99,109
nicolas maduro,"[0.9999999999999999, -0.14285714285714288]",100,110
nicolas maduro,"[0.9999999999999998, -0.14285714285714288]",101,111
nicolas maduro,"[0.9999999999999998, -0.1428571428571429]",102,112
nicolas maduro,"[0.9999999999999997, -0.1428571428571429]",103,113
nicolas maduro,"[0.9999999999999997, -0.1428571428571429]",104,114
nicolas maduro,"[0.9999999999999996, nan]",105,115
hamas,"[1.0, nan]",37,47
hamas,"[0.6614378277661477, -0.14285714285714285]",38,48
hamas,"[0.6614378277661477, -0.2182178902359924]",39,49
hamas,"[0.6614378277661477, -0.21821789023599242]",40,50
hamas,"[0.6614378277661477, -0.21821789023599242]",41,51
hamas,"[0.6614378277661477, -0.21821789023599242]",42,52
hamas,"[0.6614378277661477, -0.21821789023599236]",43,53
hamas,"[0.6614378277661477, -0.21821789023599236]",44,54
hamas,"[0.6614378277661476, nan]",45,55
society,"[-0.18898223650461363, 0.6546536707079772]",104,114
society,"[-0.18898223650461363, 0.6546536707079772]",105,115
society,"[-0.18898223650461363, 0.6546536707079772]",106,116
society,"[-0.25, 0.6546536707079773]",107,117
society,"[-0.18898223650461363, 0.6546536707079773]",108,118
society,"[-0.18898223650461365, 0.6546536707079773]",109,119
society,"[-0.18898223650461365, 0.6546536707079773]",110,120
society,"[-0.18898223650461365, 0.6546536707079774]",111,121
cia,"[0.6614378277661477, -0.2182178902359924]",0,10
cia,"[0.6614378277661477, -0.21821789023599242]",1,11
cia,"[0.6614378277661477, -0.21821789023599242]",2,12
cia,"[0.6614378277661477, -0.21821789023599236]",3,13
cia,"[0.6614378277661477, -0.21821789023599236]",4,14
cia,"[0.6614378277661477, -0.1428571428571429]",5,15
cia,"[0.9999999999999996, nan]",6,16
gunman,"[-0.18898223650461363, 0.6546536707079772]",121,131
gunman,"[-0.18898223650461363, 0.6546536707079772]",122,132
gunman,"[-0.18898223650461363, 0.6546536707079772]",123,133
gunman,"[-0.18898223650461365, 0.6546536707079773]",124,134
gunman,"[-0.18898223650461365, 1.0]",125,135
gunman,"[-0.18898223650461365, 1.0]",126,136
gunman,"[-0.18898223650461365, 0.6546536707079773]",127,137
gunman,"[-0.18898223650461365, 0.6546536707079774]",128,138
john kerry,"[-0.18898223650461363, 1.0]",9,19
john kerry,"[-0.12499999999999997, 1.0]",10,20
john kerry,"[-0.1767766952966369, 1.0]",11,21
brexit,"[0.6614378277661477, nan]",3,13
brexit,"[0.6614378277661477, -0.2182178902359924]",4,14
brexit,"[0.5, -0.29277002188455997]",5,15
brexit,"[0.5, -0.29277002188455997]",7,17
brexit,"[0.5, -0.29277002188455997]",8,18
brexit,"[0.5, -0.21821789023599236]",9,19
brexit,"[0.6614378277661477, -0.21821789023599236]",10,20
brexit,"[0.6614378277661476, -0.1428571428571429]",11,21
attackers,"[1.0, -0.21821789023599242]",0,10
attackers,"[0.6614378277661477, -0.14285714285714288]",1,11
attackers,"[0.6614378277661477, -0.21821789023599245]",2,12
attackers,"[0.6614378277661477, -0.21821789023599245]",3,13
attackers,"[0.6614378277661477, -0.21821789023599242]",4,14
attackers,"[0.6614378277661476, nan]",5,15
recep tayyip erdogan,"[0.6614378277661477, -0.14285714285714285]",1,11
recep tayyip erdogan,"[0.6614378277661477, -0.21821789023599242]",2,12
recep tayyip erdogan,"[0.9354143466934854, -0.2036532699906392]",3,13
recep tayyip erdogan,"[0.9354143466934854, -0.31108550841912763]",4,14
recep tayyip erdogan,"[0.8237544710479139, -0.4082482904638631]",5,15
recep tayyip erdogan,"[0.8237544710479139, -0.408248290463863]",6,16
recep tayyip erdogan,"[0.8237544710479139, -0.408248290463863]",7,17
recep tayyip erdogan,"[0.8237544710479138, -0.408248290463863]",8,18
recep tayyip erdogan,"[0.8237544710479138, -0.33333333333333337]",9,19
recep tayyip erdogan,"[0.6614378277661477, -0.21821789023599236]",10,20
recep tayyip erdogan,"[0.6614378277661476, -0.1428571428571429]",11,21
kanye west,"[1.0, nan]",5,15
kanye west,"[1.0, -0.14285714285714285]",6,16
kanye west,"[0.9999999999999999, -0.14285714285714285]",7,17
kanye west,"[0.9999999999999999, -0.14285714285714288]",8,18
kanye west,"[0.9999999999999998, -0.14285714285714288]",9,19
kanye west,"[0.9999999999999998, -0.1428571428571429]",10,20
kanye west,"[0.9999999999999997, -0.1428571428571429]",11,21
kanye west,"[0.9999999999999997, -0.1428571428571429]",12,22
kanye west,"[0.9999999999999996, nan]",13,23
roger stone,"[0.6614378277661477, -0.14285714285714285]",65,75
roger stone,"[0.5, -0.2182178902359924]",66,76
roger stone,"[0.5, -0.29277002188455997]",67,77
roger stone,"[0.5, -0.29277002188455997]",68,78
roger stone,"[0.5, -0.29277002188455997]",69,79
roger stone,"[0.5, -0.29277002188456]",70,80
kevin spacey,"[0.9999999999999999, nan]",35,45
derek chauvin,"[1.0, nan]",97,107
derek chauvin,"[0.6614378277661477, -0.14285714285714285]",98,108
derek chauvin,"[0.6614378277661477, -0.2182178902359924]",99,109
derek chauvin,"[0.6614378277661477, -0.21821789023599242]",100,110
derek chauvin,"[0.6614378277661477, -0.21821789023599242]",101,111
derek chauvin,"[0.6614378277661477, -0.21821789023599242]",102,112
derek chauvin,"[0.6614378277661477, -0.21821789023599236]",103,113
derek chauvin,"[0.6614378277661477, -0.21821789023599236]",104,114
derek chauvin,"[0.6614378277661476, nan]",105,115
derek chauvin,"[-0.1889822365046136, 0.6546536707079772]",119,129
derek chauvin,"[-0.2672612419124244, 0.6546536707079772]",120,130
derek chauvin,"[-0.2672612419124244, 0.5184758473652127]",121,131
derek chauvin,"[-0.26726124191242445, 0.5184758473652127]",122,132
derek chauvin,"[-0.2672612419124245, 0.5184758473652128]",123,133
derek chauvin,"[-0.2672612419124245, 0.8824975032927697]",124,134
derek chauvin,"[-0.17677669529663687, 0.8824975032927695]",125,135
derek chauvin,"[-0.17677669529663687, 0.8824975032927695]",126,136
ron desantis,"[0.5, 0.4879500364742665]",132,142
ron desantis,"[0.5, 0.48795003647426655]",133,143
ron desantis,"[0.5, 0.48795003647426655]",134,144
ron desantis,"[0.5, nan]",135,145
critics,"[-0.28571428571428575, 0.6546536707079773]",55,65
critics,"[-0.18898223650461365, 0.6546536707079773]",56,66
critics,"[-0.12499999999999997, 1.0]",57,67
critics,"[-0.12499999999999994, 1.0]",58,68
hacker,"[1.0, nan]",126,136
hacker,"[1.0, -0.14285714285714285]",127,137
hacker,"[0.9999999999999999, -0.14285714285714285]",128,138
hacker,"[0.9999999999999999, -0.14285714285714288]",129,139
hacker,"[0.9999999999999998, -0.14285714285714288]",130,140
hacker,"[0.9999999999999998, -0.1428571428571429]",131,141
hacker,"[0.9999999999999997, -0.1428571428571429]",132,142
hacker,"[0.9999999999999997, -0.1428571428571429]",133,143
hacker,"[0.9999999999999996, nan]",134,144
pope francis,"[1.0, nan]",66,76
pope francis,"[1.0, -0.14285714285714285]",67,77
pope francis,"[0.9999999999999999, -0.14285714285714285]",68,78
pope francis,"[0.9999999999999999, -0.14285714285714288]",69,79
pope francis,"[0.9999999999999998, -0.14285714285714288]",70,80
pope francis,"[0.9999999999999998, -0.1428571428571429]",71,81
pope francis,"[0.9999999999999997, -0.1428571428571429]",72,82
pope francis,"[0.9999999999999997, -0.1428571428571429]",73,83
pope francis,"[0.9999999999999996, nan]",74,84
the media,"[1.0, nan]",65,75
the media,"[1.0, -0.14285714285714285]",66,76
the media,"[0.9999999999999999, -0.14285714285714285]",67,77
the media,"[0.9999999999999999, -0.14285714285714288]",68,78
the media,"[0.9999999999999998, -0.14285714285714288]",69,79
the media,"[0.9999999999999998, -0.1428571428571429]",70,80
the media,"[0.9999999999999997, -0.1428571428571429]",71,81
the media,"[0.9999999999999997, -0.1428571428571429]",72,82
the media,"[0.9999999999999996, nan]",73,83
david cameron,"[-0.12499999999999999, 1.0]",1,11
david cameron,"[-0.1767766952966369, 1.0]",2,12
david cameron,"[0.16222142113076252, 0.7419354838709677]",3,13
david cameron,"[0.16222142113076252, 0.6350006350009524]",4,14
david cameron,"[0.1622214211307625, 0.6350006350009525]",5,15
david cameron,"[0.1622214211307625, 0.6350006350009525]",6,16
david cameron,"[0.16222142113076252, 0.6350006350009525]",7,17
david cameron,"[0.16222142113076252, 0.6350006350009526]",8,18
david cameron,"[0.5345224838248487, 0.6546536707079773]",9,19
david cameron,"[0.6614378277661477, 0.6546536707079773]",10,20
david cameron,"[0.9999999999999996, nan]",11,21
michael flynn,"[-0.12499999999999999, 1.0]",21,31
michael flynn,"[-0.12499999999999997, 1.0]",22,32
michael flynn,"[-0.12499999999999997, 1.0]",23,33
michael flynn,"[-0.12499999999999997, 1.0]",24,34
michael flynn,"[-0.12499999999999997, 1.0]",25,35
michael flynn,"[-0.12499999999999997, 1.0]",26,36
michael flynn,"[-0.12499999999999997, 1.0]",27,37
michael flynn,"[-0.12499999999999994, 1.0]",28,38
shooter,"[1.0, nan]",117,127
shooter,"[1.0, -0.14285714285714285]",118,128
shooter,"[0.9999999999999999, -0.14285714285714285]",119,129
shooter,"[0.9999999999999999, -0.14285714285714288]",120,130
shooter,"[0.9999999999999998, -0.14285714285714288]",121,131
shooter,"[0.9999999999999998, -0.1428571428571429]",122,132
shooter,"[0.9999999999999997, -0.1428571428571429]",123,133
shooter,"[0.9999999999999997, -0.1428571428571429]",124,134
shooter,"[0.9999999999999996, nan]",125,135
the virus,"[-0.18898223650461363, 0.6546536707079772]",121,131
the virus,"[-0.12499999999999997, 1.0]",122,132
the virus,"[-0.12499999999999997, 1.0]",123,133
the virus,"[-0.12499999999999997, 1.0]",124,134
the virus,"[-0.12499999999999997, 1.0]",125,135
the virus,"[-0.12499999999999997, 1.0]",126,136
the virus,"[-0.12499999999999997, 1.0]",127,137
the virus,"[-0.12499999999999994, 1.0]",128,138
big tech,"[-0.1889822365046136, 0.6546536707079772]",113,123
big tech,"[-0.18898223650461363, 0.6546536707079772]",114,124
big tech,"[-0.18898223650461363, 0.6546536707079773]",115,125
big tech,"[-0.22941573387056174, 0.6546536707079773]",116,126
larry nassar,"[0.9999999999999999, nan]",41,51
larry nassar,"[0.8838834764831843, -0.14285714285714285]",42,52
larry nassar,"[0.8838834764831843, -0.2036532699906392]",43,53
larry nassar,"[0.8838834764831844, -0.2036532699906392]",44,54
larry nassar,"[0.8838834764831843, -0.20365326999063915]",45,55
larry nassar,"[0.8838834764831844, -0.20365326999063915]",46,56
larry nassar,"[0.8838834764831844, -0.20365326999063915]",47,57
larry nassar,"[0.8838834764831845, -0.20365326999063915]",48,58
larry nassar,"[0.8838834764831844, nan]",49,59
john bolton,"[-0.18898223650461363, 0.6546536707079772]",61,71
john bolton,"[-0.18898223650461363, 0.6546536707079772]",62,72
john bolton,"[-0.18898223650461365, 0.6546536707079772]",63,73
john bolton,"[-0.18898223650461365, 0.6546536707079773]",64,74
john bolton,"[-0.12499999999999997, 1.0]",65,75
john bolton,"[-0.12499999999999997, 1.0]",66,76
john bolton,"[-0.12499999999999997, 1.0]",67,77
john bolton,"[-0.12499999999999994, 1.0]",68,78
saddam hussein,"[-0.12499999999999997, 1.0]",0,10
saddam hussein,"[-0.12499999999999994, 1.0]",1,11
microsoft,"[-0.12499999999999999, 1.0]",71,81
microsoft,"[-0.12499999999999997, 1.0]",72,82
microsoft,"[-0.12499999999999997, 1.0]",73,83
microsoft,"[-0.12499999999999997, 1.0]",74,84
microsoft,"[-0.12499999999999997, 1.0]",75,85
microsoft,"[-0.12499999999999997, 1.0]",76,86
microsoft,"[-0.12499999999999997, 1.0]",77,87
microsoft,"[-0.12499999999999994, 1.0]",78,88
jose mourinho,"[1.0, nan]",39,49
jose mourinho,"[1.0, -0.14285714285714285]",40,50
jose mourinho,"[0.9999999999999999, -0.14285714285714285]",41,51
jose mourinho,"[0.9999999999999999, -0.14285714285714288]",42,52
jose mourinho,"[0.6614378277661477, -0.21821789023599242]",43,53
jose mourinho,"[0.6614378277661477, -0.21821789023599245]",44,54
jose mourinho,"[0.6614378277661477, -0.21821789023599242]",45,55
jose mourinho,"[0.6614378277661477, -0.21821789023599242]",46,56
jose mourinho,"[0.6614378277661476, -0.14285714285714288]",47,57
arsonist,"[-0.12499999999999999, 1.0]",35,45
arsonist,"[-0.12499999999999997, 1.0]",36,46
arsonist,"[-0.12499999999999997, 1.0]",37,47
arsonist,"[-0.12499999999999997, 1.0]",38,48
arsonist,"[-0.12499999999999997, 1.0]",39,49
arsonist,"[-0.12499999999999997, 1.0]",40,50
arsonist,"[-0.12499999999999997, 1.0]",41,51
arsonist,"[-0.18898223650461365, 1.0]",42,52
al franken,"[1.0, nan]",37,47
brett kavanaugh,"[0.6614378277661477, -0.14285714285714285]",56,66
mike pompeo,"[1.0, nan]",95,105
mike pompeo,"[1.0, -0.14285714285714285]",96,106
mike pompeo,"[0.9999999999999999, -0.14285714285714285]",97,107
mike pompeo,"[0.9999999999999999, -0.14285714285714288]",98,108
mike pompeo,"[0.6614378277661477, -0.21821789023599242]",99,109
mike pompeo,"[0.6614378277661477, -0.21821789023599245]",100,110
adam schiff,"[1.0, nan]",95,105
adam schiff,"[0.6614378277661477, -0.14285714285714285]",96,106
adam schiff,"[0.6614378277661477, -0.2182178902359924]",97,107
adam schiff,"[0.6614378277661477, -0.21821789023599242]",98,108
adam schiff,"[0.6614378277661477, -0.21821789023599242]",99,109
adam schiff,"[0.6614378277661477, -0.21821789023599242]",100,110
adam schiff,"[0.6614378277661477, -0.21821789023599236]",101,111
adam schiff,"[0.6614378277661477, -0.21821789023599236]",102,112
adam schiff,"[0.6614378277661476, nan]",103,113
mother nature,"[1.0, nan]",53,63
mother nature,"[1.0, -0.14285714285714285]",54,64
mother nature,"[0.9999999999999999, -0.14285714285714285]",55,65
mother nature,"[0.9999999999999999, -0.14285714285714288]",56,66
mother nature,"[0.9999999999999998, -0.14285714285714288]",57,67
mother nature,"[0.9999999999999998, -0.1428571428571429]",58,68
mother nature,"[0.9999999999999997, -0.1428571428571429]",59,69
mother nature,"[0.9999999999999997, -0.1428571428571429]",60,70
mother nature,"[0.9999999999999996, nan]",61,71
matt lauer,"[0.9999999999999999, nan]",37,47
matt lauer,"[1.0, -0.14285714285714285]",38,48
matt lauer,"[0.9999999999999999, -0.14285714285714285]",39,49
matt lauer,"[0.9999999999999999, -0.14285714285714288]",40,50
matt lauer,"[0.9999999999999998, -0.14285714285714288]",41,51
matt lauer,"[0.9999999999999998, -0.1428571428571429]",42,52
matt lauer,"[0.9999999999999997, -0.1428571428571429]",43,53
matt lauer,"[0.9999999999999997, -0.1428571428571429]",44,54
matt lauer,"[0.9999999999999996, nan]",45,55
systemic racism,"[1.0, nan]",98,108
systemic racism,"[1.0, -0.14285714285714285]",99,109
systemic racism,"[0.9999999999999999, -0.14285714285714285]",100,110
systemic racism,"[0.9999999999999999, -0.14285714285714288]",101,111
systemic racism,"[0.9999999999999998, -0.14285714285714288]",102,112
systemic racism,"[0.6614378277661477, -0.21821789023599245]",103,113
systemic racism,"[0.6614378277661477, -0.21821789023599245]",104,114
systemic racism,"[0.6614378277661477, -0.21821789023599242]",105,115
systemic racism,"[0.6614378277661476, -0.14285714285714288]",106,116
william barr,"[-0.1767766952966369, 0.8824975032927699]",71,81
william barr,"[-0.1767766952966369, 0.8824975032927698]",72,82
william barr,"[-0.2672612419124244, 0.5184758473652127]",73,83
william barr,"[-0.26726124191242445, 0.5184758473652127]",74,84
william barr,"[-0.26726124191242445, 0.5184758473652127]",75,85
william barr,"[-0.18898223650461365, 0.6546536707079773]",76,86
william barr,"[-0.18898223650461365, 0.6546536707079773]",77,87
william barr,"[-0.18898223650461365, 0.6546536707079774]",78,88
matt hancock,"[1.0, nan]",123,133
matt hancock,"[0.6614378277661477, -0.14285714285714285]",124,134
matt hancock,"[0.6614378277661477, -0.2182178902359924]",125,135
matt hancock,"[0.6614378277661477, -0.21821789023599242]",126,136
matt hancock,"[0.6614378277661477, -0.21821789023599242]",127,137
matt hancock,"[0.6614378277661477, -0.21821789023599242]",128,138
matt hancock,"[0.6614378277661477, -0.21821789023599236]",129,139
matt hancock,"[0.6614378277661477, -0.21821789023599236]",130,140
matt hancock,"[0.6614378277661476, nan]",131,141
injuries,"[-0.24999999999999997, 0.6546536707079773]",13,23
injuries,"[-0.18898223650461365, 0.6546536707079773]",14,24
injuries,"[-0.18898223650461365, 1.0]",15,25
injuries,"[-0.12499999999999994, 1.0]",16,26
donna brazile,"[1.0, nan]",11,21
donna brazile,"[1.0, -0.14285714285714285]",12,22
donna brazile,"[0.8838834764831844, -0.2036532699906392]",13,23
donna brazile,"[0.8838834764831844, -0.2036532699906392]",14,24
donna brazile,"[0.8838834764831844, -0.20365326999063915]",15,25
donna brazile,"[0.8838834764831844, -0.20365326999063915]",16,26
donna brazile,"[0.8838834764831845, -0.20365326999063915]",17,27
donna brazile,"[0.8838834764831845, -0.20365326999063915]",18,28
donna brazile,"[0.8838834764831845, -0.1428571428571429]",19,29
anthony weiner,"[0.8029550685469662, -0.2182178902359924]",11,21
anthony weiner,"[0.8029550685469661, -0.2672612419124244]",12,22
anthony weiner,"[0.8029550685469661, -0.2672612419124244]",13,23
anthony weiner,"[0.8838834764831844, -0.20365326999063915]",14,24
anthony weiner,"[0.8838834764831845, -0.20365326999063915]",15,25
anthony weiner,"[0.9999999999999998, -0.1428571428571429]",16,26
anthony weiner,"[0.9999999999999997, -0.1428571428571429]",17,27
anthony weiner,"[0.9999999999999997, -0.1428571428571429]",18,28
anthony weiner,"[0.9999999999999996, nan]",19,29
narendra modi,"[-0.12499999999999999, 1.0]",99,109
narendra modi,"[-0.12499999999999997, 1.0]",100,110
narendra modi,"[-0.12499999999999997, 1.0]",101,111
narendra modi,"[-0.18898223650461363, 0.6546536707079773]",102,112
narendra modi,"[-0.18898223650461363, 0.6546536707079773]",103,113
narendra modi,"[-0.18898223650461365, 0.6546536707079773]",104,114
narendra modi,"[-0.18898223650461365, 0.6546536707079773]",105,115
narendra modi,"[-0.18898223650461365, 0.6546536707079774]",106,116
lebron james,"[0.6614378277661477, -0.14285714285714285]",47,57
lebron james,"[0.6614378277661477, -0.2182178902359924]",48,58
lebron james,"[0.6614378277661477, -0.21821789023599242]",49,59
lebron james,"[0.6614378277661477, -0.21821789023599242]",50,60
lebron james,"[0.6614378277661477, -0.21821789023599236]",51,61
lebron james,"[0.9999999999999998, -0.1428571428571429]",52,62
lebron james,"[0.9999999999999997, -0.1428571428571429]",53,63
lebron james,"[0.9999999999999997, -0.1428571428571429]",54,64
lebron james,"[0.9999999999999996, nan]",55,65
tristan thompson,"[1.0, nan]",47,57
tristan thompson,"[1.0, -0.14285714285714285]",48,58
tristan thompson,"[0.6614378277661477, -0.2182178902359924]",49,59
tristan thompson,"[0.6614378277661477, -0.21821789023599242]",50,60
tristan thompson,"[0.6614378277661477, -0.21821789023599242]",51,61
tristan thompson,"[0.6614378277661477, -0.21821789023599242]",52,62
tristan thompson,"[0.6614378277661477, -0.21821789023599236]",53,63
tristan thompson,"[0.6614378277661477, -0.21821789023599236]",54,64
tristan thompson,"[0.6614378277661476, -0.1428571428571429]",55,65
eric schneiderman,"[1.0, nan]",63,73
eric schneiderman,"[1.0, -0.14285714285714285]",64,74
eric schneiderman,"[0.9999999999999999, -0.14285714285714285]",65,75
eric schneiderman,"[0.9999999999999999, -0.14285714285714288]",66,76
eric schneiderman,"[0.9999999999999998, -0.14285714285714288]",67,77
eric schneiderman,"[0.9999999999999998, -0.1428571428571429]",68,78
eric schneiderman,"[0.9999999999999997, -0.1428571428571429]",69,79
eric schneiderman,"[0.9999999999999997, -0.1428571428571429]",70,80
eric schneiderman,"[0.8838834764831845, -0.14285714285714285]",71,81
ice,"[0.6614378277661477, -0.14285714285714285]",63,73
ice,"[0.6614378277661477, -0.21821789023599242]",64,74
ice,"[0.9999999999999999, -0.14285714285714285]",65,75
ice,"[0.9999999999999999, -0.14285714285714288]",66,76
ice,"[0.9999999999999998, -0.14285714285714288]",67,77
ice,"[0.9999999999999998, -0.1428571428571429]",68,78
ice,"[0.9999999999999997, -0.1428571428571429]",69,79
ice,"[0.6614378277661477, -0.1428571428571429]",70,80
ice,"[0.6614378277661476, nan]",71,81
brian kemp,"[-0.18898223650461365, 0.6546536707079773]",77,87
brian kemp,"[-0.18898223650461365, 0.6546536707079774]",78,88
ahmad khan rahami,"[1.0, nan]",9,19
ahmad khan rahami,"[1.0, -0.14285714285714285]",10,20
ahmad khan rahami,"[0.9999999999999999, -0.14285714285714285]",11,21
ahmad khan rahami,"[0.9999999999999999, -0.14285714285714288]",12,22
ahmad khan rahami,"[0.9999999999999998, -0.14285714285714288]",13,23
ahmad khan rahami,"[0.9999999999999998, -0.1428571428571429]",14,24
ahmad khan rahami,"[0.9999999999999997, -0.1428571428571429]",15,25
ahmad khan rahami,"[0.9999999999999997, -0.1428571428571429]",16,26
ahmad khan rahami,"[0.9999999999999996, nan]",17,27
investors,"[-0.18898223650461363, 0.6546536707079772]",29,39
investors,"[-0.18898223650461363, 0.6546536707079772]",30,40
investors,"[-0.18898223650461363, 1.0]",31,41
investors,"[-0.12499999999999997, 1.0]",32,42
investors,"[-0.12499999999999997, 1.0]",33,43
investors,"[-0.12499999999999997, 1.0]",34,44
investors,"[-0.12499999999999997, 1.0]",35,45
investors,"[-0.12499999999999994, 1.0]",36,46
anthony scaramucci,"[1.0, nan]",29,39
criminals,"[-0.12499999999999999, 1.0]",31,41
criminals,"[-0.12499999999999997, 1.0]",32,42
criminals,"[-0.12499999999999997, 1.0]",33,43
criminals,"[-0.12499999999999997, 1.0]",34,44
criminals,"[-0.12499999999999997, 1.0]",35,45
criminals,"[-0.12499999999999997, 1.0]",36,46
criminals,"[-0.12499999999999997, 1.0]",37,47
criminals,"[-0.12499999999999994, 1.0]",38,48
roseanne barr,"[1.0, nan]",49,59
roseanne barr,"[1.0, -0.14285714285714285]",50,60
roseanne barr,"[0.9999999999999999, -0.14285714285714285]",51,61
roseanne barr,"[0.9999999999999999, -0.14285714285714288]",52,62
roseanne barr,"[0.9999999999999998, -0.14285714285714288]",53,63
roseanne barr,"[0.6614378277661477, -0.1428571428571429]",54,64
roseanne barr,"[0.6614378277661477, -0.21821789023599245]",55,65
roseanne barr,"[0.6614378277661477, -0.21821789023599245]",56,66
roseanne barr,"[0.6614378277661476, nan]",57,67
wilbur ross,"[1.0, nan]",65,75
wilbur ross,"[1.0, -0.14285714285714285]",66,76
wilbur ross,"[0.9999999999999999, -0.14285714285714285]",67,77
wilbur ross,"[0.9999999999999999, -0.14285714285714288]",68,78
mick mulvaney,"[-0.12499999999999999, 1.0]",71,81
mick mulvaney,"[-0.12499999999999997, 1.0]",72,82
mick mulvaney,"[-0.1889822365046136, 0.6546536707079773]",73,83
mick mulvaney,"[-0.18898223650461363, 0.6546536707079773]",74,84
mick mulvaney,"[-0.18898223650461363, 0.6546536707079773]",75,85
mick mulvaney,"[-0.18898223650461365, 0.6546536707079773]",76,86
mick mulvaney,"[-0.18898223650461365, 0.6546536707079773]",77,87
mick mulvaney,"[-0.18898223650461365, 0.6546536707079774]",78,88
united states government,"[0.6614378277661477, -0.14285714285714285]",73,83
united states government,"[0.6614378277661477, -0.21821789023599242]",74,84
united states government,"[0.6614378277661477, -0.21821789023599242]",75,85
united states government,"[0.9999999999999999, -0.14285714285714288]",76,86
united states government,"[0.9999999999999998, -0.14285714285714288]",77,87
united states government,"[0.9999999999999998, -0.1428571428571429]",78,88
united states government,"[0.9999999999999997, -0.1428571428571429]",79,89
united states government,"[0.9999999999999997, -0.1428571428571429]",80,90
united states government,"[0.9999999999999996, nan]",81,91
