donald trump,"[0.3445432626455438, 0.5384537527614849]",67,97
donald trump,"[0.28884739960061256, 0.6139896475758616]",68,98
donald trump,"[0.3596082249735947, 0.5715969722837853]",69,99
donald trump,"[0.37028094404245004, 0.6351632463453396]",70,100
donald trump,"[0.28270149121111177, 0.6137561407166072]",71,101
donald trump,"[0.2263880478214566, 0.6950040164063133]",72,102
donald trump,"[0.2005652077801173, 0.6016094931408665]",73,103
donald trump,"[0.14860644609002124, 0.6313759003174775]",74,104
donald trump,"[0.636098595659808, 0.24681237990368973]",78,108
donald trump,"[0.6624251616782855, 0.1238246709853522]",79,109
donald trump,"[0.6325982469223848, 0.110374833825352]",80,110
donald trump,"[0.639985892445962, 0.12681699594487564]",81,111
donald trump,"[0.5890845239401034, 0.1326855078869276]",82,112
donald trump,"[0.6234298319006357, 0.24100534801404241]",83,113
donald trump,"[0.5624542160116525, 0.22628402919321627]",84,114
donald trump,"[0.5542757382228853, 0.2545421060230029]",85,115
donald trump,"[0.5412068256589728, 0.22722758205755259]",86,116
donald trump,"[0.5449486643952852, 0.23888119627648816]",87,117
donald trump,"[0.1675416114539654, 0.6456751391552386]",115,145
donald trump,"[-0.001061880642172584, 0.6959924708651501]",116,146
donald trump,"[0.08192957705679137, 0.5753752451567999]",117,147
donald trump,"[0.06636009274254533, 0.6022109910756234]",118,148
donald trump,"[0.1303233355212235, 0.5600841541341159]",119,149
donald trump,"[0.15137369002023654, 0.5765746933543977]",120,150
donald trump,"[0.5234084115412693, 0.19770766067180875]",131,161
donald trump,"[0.6481739368314008, 0.3350471406882778]",132,162
donald trump,"[0.7188598800196097, 0.33287702465488905]",133,163
donald trump,"[0.7010296817678733, 0.30168692260666513]",134,164
donald trump,"[0.6828414419906614, 0.2850485790780145]",135,165
donald trump,"[0.6746794871794873, 0.25496028776670626]",136,166
donald trump,"[0.5710991190408776, 0.21648947651799585]",137,167
donald trump,"[0.5813130023273233, 0.2449894717530556]",138,168
covid-19,"[0.6277694101723051, 0.8088726580070346]",75,105
covid-19,"[0.571992270184248, 0.5336444292905431]",76,106
covid-19,"[0.4915269854157038, 0.5030039250138543]",77,107
covid-19,"[0.518179917523622, 0.57658187904668]",78,108
covid-19,"[0.49234966921565454, 0.5474989946970314]",79,109
covid-19,"[0.417792319155061, 0.5208601078613103]",80,110
covid-19,"[0.5194150668376354, 0.5872044766308598]",81,111
covid-19,"[0.5153432113724342, 0.4970139260732646]",82,112
covid-19,"[0.5017205073992739, 0.4428652747910518]",83,113
global elite,"[0.25302403842552984, 0.6160177257954774]",14,44
global elite,"[0.13221005768326075, 0.5859550693895764]",15,45
joe biden,"[0.6533508368959828, 0.04950087573155067]",78,108
joe biden,"[0.671078185622965, 0.01653287835478142]",79,109
joe biden,"[0.6999575193631903, 0.008243656113824977]",80,110
joe biden,"[0.7187287616655332, 0.01697721912327873]",81,111
joe biden,"[0.6662413609349153, 0.01262590031797616]",82,112
joe biden,"[0.6436610575699878, 0.008139771508425065]",83,113
joe biden,"[0.6911373677428752, 0.008139771508425075]",84,114
joe biden,"[0.6826942423745995, 0.004092830381576421]",85,115
joe biden,"[0.6379626907370213, -0.004092830381576426]",86,116
joe biden,"[0.6903137839237883, 0.09805974663760518]",87,117
joe biden,"[0.6132015382877198, 0.06027837167777489]",88,118
joe biden,"[0.6219197999486451, 0.10450153310426526]",89,119
joe biden,"[0.6121910282201675, 0.07773296221210638]",90,120
joe biden,"[0.6037809446604321, 0.06409316086785875]",91,121
joe biden,"[0.6037809446604321, 0.0503691271422502]",92,122
vladimir putin,"[0.5857594607066574, 0.056213939125587795]",132,162
vladimir putin,"[0.5905111621592076, 0.09250678702439426]",133,163
vladimir putin,"[0.5935104277739454, 0.10560500157131444]",134,164
vladimir putin,"[0.57998344681336, 0.09406805145093664]",135,165
vladimir putin,"[0.5940455918128628, 0.07843730303832813]",136,166
vladimir putin,"[0.569860523358896, 0.07426284140233724]",137,167
vladimir putin,"[0.5306925075495751, 0.05674272151662823]",138,168
russia,"[-0.046474358313106964, 0.5195433381338392]",56,86
russia,"[-0.04647435831310699, 0.5320128101727339]",57,87
russia,"[-0.036872069043057905, 0.5320128101727339]",58,88
russia,"[-0.036872069043057905, 0.5455516619060325]",59,89
russia,"[-0.027220385651077462, 0.5455516619060324]",60,90
russia,"[-0.027220385651077483, 0.5455516619060327]",61,91
russia,"[-0.027220385651077483, 0.5455516619060327]",62,92
russia,"[-0.027220385651077483, 0.5602702860910123]",63,93
russia,"[-0.017469237554367467, 0.5602702860910121]",64,94
russia,"[0.11358430239085093, 0.5530381764791718]",126,156
russia,"[0.08058462211061834, 0.5732341881694272]",127,157
russia,"[0.12565961715142066, 0.5842049593394326]",128,158
russia,"[0.13822594683492076, 0.6027054479117444]",129,159
russia,"[0.1362248698693996, 0.6016323812330477]",130,160
russia,"[0.14984652679537508, 0.6170650134055818]",131,161
russia,"[0.24140364571523987, 0.6240192894539398]",132,162
russia,"[0.2022104082938921, 0.5473793358084008]",133,163
russia,"[0.20991590057612422, 0.5607038133694073]",134,164
russia,"[0.17299152009494365, 0.5176482716623125]",135,165
republican party,"[0.5457658475576865, -0.1483807683143103]",62,92
republican party,"[0.5457658475576864, -0.14838076831431024]",63,93
republican party,"[0.5457658475576865, -0.1483807683143103]",64,94
republican party,"[0.5733268733486194, -0.13453455879926246]",65,95
republican party,"[0.5733268733486194, -0.13453455879926252]",66,96
republican party,"[0.5733268733486194, -0.13453455879926246]",67,97
republican party,"[0.5733268733486194, -0.13453455879926252]",68,98
republican party,"[0.7290148043997549, -0.1213670091094101]",69,99
republican party,"[0.7853872454147014, -0.10604746049596306]",70,100
republican party,"[0.7853872454147015, -0.07358513094805794]",71,101
republican party,"[0.8118694520877556, -0.06243905410544633]",72,102
republican party,"[0.8118694520877554, nan]",73,103
isis,"[0.9999999999999999, nan]",83,113
isis,"[1.0, -0.037037037037037035]",84,114
isis,"[1.0, -0.03703703703703702]",85,115
isis,"[1.0, -0.03703703703703702]",86,116
isis,"[0.9999999999999998, -0.037037037037037035]",87,117
isis,"[1.0, -0.03703703703703704]",88,118
isis,"[1.0, -0.03703703703703704]",89,119
isis,"[1.0, -0.037037037037037035]",90,120
isis,"[0.9999999999999999, -0.03703703703703703]",91,121
isis,"[1.0, -0.03703703703703704]",92,122
isis,"[1.0, -0.03703703703703704]",93,123
isis,"[1.0, -0.037037037037037035]",94,124
isis,"[1.0, -0.03703703703703703]",95,125
isis,"[0.6943650748294138, -0.03703703703703703]",96,126
isis,"[0.6943650748294138, -0.0533760512683624]",97,127
isis,"[0.6943650748294138, -0.0533760512683624]",98,128
isis,"[0.6943650748294137, -0.053376051268362354]",99,129
isis,"[0.6943650748294138, -0.05337605126836241]",100,130
isis,"[0.6943650748294138, -0.05337605126836241]",101,131
isis,"[0.6943650748294138, -0.0533760512683624]",102,132
isis,"[0.5563486402641873, -0.0533760512683624]",103,133
isis,"[0.5563486402641874, -0.06666666666666668]",104,134
isis,"[0.5563486402641874, -0.06666666666666667]",105,135
isis,"[0.5563486402641874, -0.06666666666666664]",106,136
facebook,"[0.5288770136473641, -0.16729018798633033]",27,57
facebook,"[0.5288770136473642, -0.18216701407514296]",28,58
facebook,"[0.5343779327708501, -0.18398984222392264]",29,59
facebook,"[0.5018242250118874, -0.18398984222392262]",30,60
facebook,"[0.5109494495708049, -0.08501022840844502]",72,102
facebook,"[0.5109494495708048, nan]",73,103
trump administration,"[0.6943650748294136, -0.03703703703703702]",0,30
trump administration,"[0.5563486402641868, -0.0533760512683624]",1,31
trump administration,"[0.5563486402641868, -0.06666666666666668]",2,32
trump administration,"[0.5208474357065137, -0.14142135623730942]",71,101
trump administration,"[0.6282051282051284, -0.12000000000000005]",72,102
trump administration,"[0.6282051282051284, -0.09607689228305225]",73,103
trump administration,"[0.8012336167697746, -0.09607689228305225]",74,104
trump administration,"[0.8012336167697746, -0.0666666666666666]",75,105
trump administration,"[0.5563486402641874, -0.053376051268362375]",76,106
government,"[0.5208474357065138, -0.11322770341445963]",10,40
government,"[0.5208474357065138, -0.14142135623730953]",11,41
government,"[0.5208474357065137, -0.14142135623730953]",12,42
government,"[0.5208474357065137, -0.14142135623730942]",13,43
government,"[0.5208474357065136, -0.14142135623730948]",14,44
government,"[0.5208474357065136, -0.14142135623730945]",15,45
government,"[0.5208474357065136, -0.14142135623730945]",16,46
government,"[0.5208474357065136, -0.14142135623730942]",17,47
government,"[0.5208474357065136, -0.14142135623730942]",18,48
government,"[0.5208474357065136, -0.11322770341445963]",19,49
government,"[0.8912801198842261, -0.03703703703703703]",75,105
government,"[0.8118694520877558, -0.050443327230531826]",76,106
government,"[0.6166056070866237, -0.06243905410544626]",77,107
government,"[0.6166056070866237, -0.07392212709545727]",78,108
government,"[0.6166056070866237, -0.0739221270954573]",79,109
government,"[0.6166056070866239, -0.07392212709545729]",80,110
north korea,"[0.6619470178552354, 0.41275945824459354]",1,31
north korea,"[0.6285455689428362, 0.2836543144655877]",2,32
north korea,"[0.6002450479987809, 0.26189140043946196]",3,33
north korea,"[0.5760184328847833, 0.24269386065912663]",4,34
north korea,"[0.5012495759575606, 0.24269386065912668]",5,35
north korea,"[0.5012495759575606, 0.18920449293335037]",6,36
north korea,"[0.5020575448866074, 0.36583485154972367]",9,39
iran,"[-0.07850928662766594, 0.5274154303922257]",23,53
iran,"[-0.07850928662766599, 0.5274154303922257]",24,54
iran,"[-0.07850928662766599, 0.5274154303922257]",25,55
iran,"[-0.078509286627666, 0.5274154303922257]",26,56
iran,"[0.3306121993780582, 0.5313233730497565]",77,107
iran,"[-0.06150847891314036, 0.6514414154534447]",78,108
iran,"[-0.06150847891314036, 0.6514414154534447]",79,109
iran,"[-0.06150847891314036, 0.6514414154534447]",80,110
iran,"[-0.05143444998736397, 0.6938886664887111]",89,119
iran,"[-0.051434449987363955, 0.693888666488711]",90,120
iran,"[-0.051434449987363955, 0.693888666488711]",91,121
iran,"[-0.05143444998736395, 0.693888666488711]",92,122
iran,"[-0.07407407407407408, 0.693888666488711]",93,123
taliban,"[-0.09245003270420492, 0.5555555555555554]",19,49
taliban,"[-0.06419407387663689, 0.5555555555555554]",20,50
taliban,"[-0.06419407387663689, 0.5555555555555554]",21,51
taliban,"[-0.06419407387663689, 0.5555555555555552]",22,52
taliban,"[-0.06419407387663688, 0.5555555555555554]",23,53
taliban,"[-0.06419407387663689, 0.5555555555555552]",24,54
taliban,"[0.9326846740899685, 0.9707136762325801]",107,137
taliban,"[0.7838893470373585, 0.2105753559234288]",108,138
taliban,"[0.7838893470373585, 0.15667031425224437]",109,139
taliban,"[0.7838893470373585, 0.15667031425224437]",110,140
taliban,"[0.7838893470373585, 0.1566703142522444]",111,141
taliban,"[0.7838893470373584, 0.1566703142522444]",112,142
taliban,"[0.7838893470373584, 0.1566703142522444]",113,143
taliban,"[0.7838893470373584, 0.1566703142522444]",114,144
taliban,"[0.7814501037581347, 0.15667031425224442]",115,145
taliban,"[0.7814501037581347, 0.15319162880206438]",116,146
taliban,"[0.7814501037581346, 0.15319162880206438]",117,147
taliban,"[0.7814501037581346, 0.15319162880206438]",118,148
taliban,"[0.7814501037581346, 0.15319162880206438]",119,149
taliban,"[0.7814501037581346, 0.15319162880206438]",120,150
taliban,"[0.7814501037581346, 0.15319162880206438]",121,151
taliban,"[0.7814501037581346, 0.15319162880206438]",122,152
taliban,"[0.7741969772109718, 0.14624473510017624]",123,153
taliban,"[0.7716080247651873, 0.14624473510017627]",124,154
taliban,"[0.771608024765187, 0.14246571060134933]",125,155
taliban,"[0.7716080247651873, 0.14246571060134933]",126,156
taliban,"[0.7716080247651871, 0.14973486478347084]",127,157
taliban,"[0.7791703749076896, 0.14973486478347087]",128,158
taliban,"[0.7791703749076893, 0.14973486478347087]",129,159
taliban,"[0.7716080247651873, 0.14246571060134935]",130,160
taliban,"[0.7716080247651871, 0.14246571060134935]",131,161
taliban,"[0.7716080247651873, 0.14246571060134938]",132,162
taliban,"[0.7691760343837071, 0.15906720318302572]",133,163
taliban,"[0.7935071975829816, 0.15591526485335494]",134,164
taliban,"[0.8140945223730697, -0.09211231456105234]",135,165
inflation,"[-0.08099238707340584, 0.7017932675554326]",128,158
climate change,"[0.5563486402641874, -0.0666666666666666]",72,102
climate change,"[-0.09027579999655033, 0.6449760697842032]",101,131
climate change,"[-0.06377454754760561, 0.6449760697842032]",102,132
climate change,"[-0.09027579999655036, 0.5954913341754137]",103,133
climate change,"[-0.1381511978189329, 0.5954913341754138]",104,134
climate change,"[-0.08665497513107409, 0.6117108832743192]",105,135
climate change,"[-0.08665497513107409, 0.5641958549009204]",106,136
climate change,"[-0.09117531970426618, 0.5403811776711462]",121,151
climate change,"[-0.09117531970426622, 0.5403811776711464]",122,152
climate change,"[-0.09117531970426614, 0.540381177671146]",123,153
climate change,"[-0.11119470891466948, 0.5095098325658187]",124,154
climate change,"[-0.11119470891466948, 0.5095098325658187]",126,156
climate change,"[-0.11119470891466955, 0.5095098325658187]",127,157
climate change,"[-0.11119470891466954, 0.5095098325658187]",128,158
villain,"[-0.04861527926641231, 0.9999999999999993]",14,44
villain,"[-0.051434449987363934, 0.9999999999999994]",15,45
villain,"[-0.05143444998736393, 0.6938886664887108]",16,46
villain,"[-0.05143444998736393, 0.6938886664887108]",17,47
villain,"[-0.05143444998736392, 0.6938886664887108]",18,48
villain,"[-0.05143444998736392, 0.6938886664887108]",19,49
villain,"[-0.05143444998736392, 0.6938886664887108]",20,50
villain,"[0.053666585541107634, 0.57064757779967]",51,81
villain,"[0.053666585541107606, 0.57064757779967]",52,82
villain,"[0.053666585541107606, 0.5706475777996699]",53,83
villain,"[0.02247191011235956, 0.5706475777996701]",54,84
villain,"[0.022471910112359595, 0.5087719298245612]",55,85
villain,"[0.022471910112359588, 0.5087719298245612]",56,86
villain,"[0.022471910112359578, 0.5087719298245612]",57,87
villain,"[0.022471910112359578, 0.5087719298245612]",58,88
villain,"[0.02247191011235959, 0.5087719298245612]",59,89
villain,"[0.022471910112359567, 0.5087719298245613]",60,90
villain,"[0.053666585541107585, 0.57064757779967]",61,91
villain,"[0.05366658554110758, 0.5706475777996703]",62,92
villain,"[0.05366658554110759, 0.5706475777996701]",63,93
villain,"[0.05366658554110762, 0.5706475777996702]",64,94
villain,"[0.05366658554110759, 0.5706475777996701]",65,95
villain,"[0.05366658554110759, 0.5706475777996705]",66,96
villain,"[0.0536665855411076, 0.5706475777996701]",67,97
villain,"[0.05366658554110759, 0.5706475777996702]",68,98
villain,"[0.053666585541107585, 0.5706475777996701]",69,99
villain,"[0.05366658554110759, 0.5706475777996705]",70,100
villain,"[0.0536665855411076, 0.6315789473684216]",71,101
villain,"[0.08227848101265817, 0.6315789473684216]",72,102
villain,"[0.08227848101265817, 0.7086675685963298]",73,103
villain,"[-0.08186216918157263, 0.7862595419847321]",74,104
villain,"[-0.08186216918157267, 0.8117077033708008]",75,105
villain,"[-0.06013847793242638, 0.8117077033708008]",76,106
villain,"[-0.06013847793242637, 0.8117077033708008]",77,107
villain,"[-0.06013847793242637, 0.8117077033708007]",78,108
villain,"[-0.10809494906623497, 0.6743417843388199]",85,115
villain,"[-0.10809494906623497, 0.6743417843388199]",86,116
villain,"[-0.0637745475476057, 0.6017216678143155]",119,149
villain,"[0.0068680281974344585, 0.6017216678143155]",120,150
villain,"[0.0068680281974344585, 0.6017216678143155]",121,151
villain,"[0.006868028197434445, 0.6017216678143156]",122,152
villain,"[0.006868028197434475, 0.6017216678143155]",123,153
villain,"[-0.006520506636966269, 0.5576812042954488]",124,154
villain,"[-0.006520506636966248, 0.5576812042954488]",125,155
police,"[0.5021862316272272, 0.3620388442644453]",78,108
police,"[0.6110478128258088, 0.14985372985307108]",79,109
police,"[0.6755934316639686, 0.14985372985307108]",80,110
police,"[0.6755934316639686, 0.19168464347602102]",81,111
police,"[0.6755934316639687, 0.1498537298530711]",82,112
police,"[0.8552669065744806, 0.2249606353329238]",83,113
police,"[0.8552669065744806, 0.2249606353329238]",84,114
police,"[0.785387245414701, 0.19088542889273333]",85,115
police,"[0.7853872454147011, 0.19088542889273333]",86,116
police,"[0.7853872454147011, 0.19088542889273333]",87,117
police,"[0.7853872454147012, 0.19088542889273336]",88,118
police,"[0.6045665272499432, 0.12063587589525172]",89,119
police,"[0.6045665272499433, 0.12063587589525174]",90,120
police,"[0.6045665272499433, 0.12063587589525172]",91,121
police,"[0.6045665272499433, 0.12063587589525171]",92,122
congress,"[0.9475972578509019, -0.03703703703703703]",75,105
congress,"[0.9475972578509018, -0.04737793696791343]",76,106
congress,"[0.9475972578509018, -0.04737793696791342]",77,107
congress,"[0.9475972578509018, -0.04737793696791342]",78,108
congress,"[0.9475972578509017, -0.03703703703703704]",79,109
congress,"[0.9475972578509019, -0.047377936967913425]",80,110
congress,"[0.8412698412698411, -0.06827887419989187]",81,111
congress,"[0.801233616769775, -0.08243376017461675]",82,112
congress,"[0.8012336167697751, -0.0960768922830523]",83,113
congress,"[0.8012336167697749, -0.0960768922830523]",84,114
congress,"[0.8012336167697749, -0.09607689228305229]",85,115
congress,"[0.8012336167697748, -0.09607689228305229]",86,116
congress,"[0.7664191894673171, -0.09607689228305229]",87,117
congress,"[0.7664191894673172, -0.10938835388564895]",88,118
congress,"[0.7664191894673172, -0.10938835388564896]",89,119
congress,"[0.7664191894673172, -0.10938835388564896]",90,120
congress,"[0.6570230224791227, -0.10938835388564898]",91,121
congress,"[0.6570230224791227, -0.12559498126280014]",92,122
congress,"[0.6570230224791226, -0.12559498126280016]",93,123
congress,"[0.6570230224791227, -0.1255949812628002]",94,124
congress,"[0.6338614116832224, -0.15686808131901422]",95,125
congress,"[0.6338614116832224, -0.17234549688642783]",96,126
congress,"[0.6338614116832224, -0.17234549688642783]",97,127
congress,"[0.6338614116832224, -0.17234549688642778]",98,128
congress,"[0.6338614116832223, -0.17234549688642778]",99,129
congress,"[0.61155636911559, -0.17234549688642792]",100,130
congress,"[0.6115563691155899, -0.1879586846976874]",101,131
congress,"[0.6115563691155899, -0.18795868469768737]",102,132
congress,"[0.6115563691155899, -0.15048738586136579]",103,133
congress,"[0.5563486402641874, -0.06666666666666661]",120,150
congress,"[0.5563486402641874, -0.06666666666666661]",121,151
congress,"[0.5563486402641874, -0.06666666666666658]",122,152
congress,"[0.5563486402641873, nan]",123,153
andrew cuomo,"[-0.03571428571428572, 1.0]",77,107
andrew cuomo,"[-0.03571428571428572, 0.9999999999999998]",78,108
andrew cuomo,"[-0.05143444998736394, 0.9999999999999998]",79,109
andrew cuomo,"[-0.0641940738766369, 0.693888666488711]",80,110
andrew cuomo,"[-0.06419407387663689, 0.5555555555555555]",81,111
andrew cuomo,"[-0.0641940738766369, 0.5555555555555555]",82,112
andrew cuomo,"[-0.07559289460184546, 0.5555555555555555]",83,113
mitch mcconnell,"[0.10602440419381064, 0.5948496901286521]",115,145
mitch mcconnell,"[0.19693027994279294, 0.5310850045437943]",116,146
mitch mcconnell,"[0.19693027994279294, 0.5310850045437943]",117,147
mitch mcconnell,"[0.19693027994279294, 0.5310850045437943]",118,148
mitch mcconnell,"[-0.06419407387663689, 0.5555555555555554]",122,152
google,"[0.16524335566394455, 0.7017932675554325]",14,44
google,"[0.28554577240814066, 0.7017932675554325]",15,45
google,"[0.28554577240814066, 0.6618600670863715]",16,46
google,"[0.28554577240814066, 0.6618600670863714]",17,47
google,"[0.28554577240814066, 0.6618600670863712]",18,48
google,"[0.2855457724081406, 0.6618600670863712]",19,49
google,"[0.2855457724081406, 0.6618600670863712]",20,50
google,"[0.2855457724081406, 0.6618600670863711]",21,51
google,"[0.26398913895599124, 0.661860067086371]",22,52
google,"[0.26398913895599124, 0.6618600670863711]",23,53
google,"[0.26398913895599124, 0.6285393610547089]",24,54
google,"[0.2449979787750126, 0.628539361054709]",25,55
google,"[0.24499797877501267, 0.6003479711041552]",26,56
google,"[0.24499797877501267, 0.6003479711041554]",27,57
google,"[0.24499797877501264, 0.6003479711041554]",28,58
google,"[0.24499797877501264, 0.6003479711041554]",29,59
google,"[0.24499797877501267, 0.6003479711041554]",30,60
google,"[0.24499797877501264, 0.6003479711041554]",31,61
google,"[0.24499797877501264, 0.6003479711041554]",32,62
google,"[0.24499797877501264, 0.6003479711041554]",33,63
google,"[0.22800729635022648, 0.6003479711041554]",34,64
google,"[0.22800729635022646, 0.5762619548021694]",35,65
google,"[0.15386033052939943, 0.6003479711041554]",36,66
harvey weinstein,"[0.4616157177302511, 0.8911654477393954]",15,45
harvey weinstein,"[0.43687355786816384, 0.7260322861258971]",16,46
harvey weinstein,"[0.473765755357053, 0.7394037587079774]",17,47
harvey weinstein,"[0.4494898655592875, 0.7074577897865655]",18,48
harvey weinstein,"[0.39350413672282725, 0.718049122212632]",19,49
harvey weinstein,"[0.39350413672282725, 0.718049122212632]",20,50
harvey weinstein,"[0.3464285714285715, 0.655040467592955]",21,51
harvey weinstein,"[0.3202320154033954, 0.6550404675929553]",22,52
harvey weinstein,"[0.3552955073412553, 0.6345711669286943]",23,53
harvey weinstein,"[0.3552955073412555, 0.6033299171549406]",24,54
harvey weinstein,"[0.35529550734125537, 0.6033299171549407]",25,55
harvey weinstein,"[0.3552955073412555, 0.6033299171549407]",26,56
nancy pelosi,"[-0.0708240874587592, 0.7505683356701914]",83,113
nancy pelosi,"[-0.08099238707340585, 0.7505683356701914]",84,114
nancy pelosi,"[-0.08099238707340584, 0.7017932675554324]",85,115
nancy pelosi,"[-0.09085547303895386, 0.7017932675554324]",86,116
nancy pelosi,"[-0.09085547303895386, 0.6618600670863714]",87,117
nancy pelosi,"[-0.09085547303895387, 0.6618600670863714]",88,118
nancy pelosi,"[-0.09085547303895387, 0.6618600670863712]",89,119
nancy pelosi,"[-0.1005672910308538, 0.6618600670863711]",90,120
nancy pelosi,"[-0.1005672910308538, 0.6285393610547089]",91,121
nancy pelosi,"[-0.1102490904487557, 0.628539361054709]",92,122
nancy pelosi,"[-0.12000384018432977, 0.6003479711041553]",93,123
nancy pelosi,"[-0.12000384018432977, 0.5762619548021691]",94,124
nancy pelosi,"[-0.12000384018432977, 0.5762619548021692]",95,125
nancy pelosi,"[-0.1200038401843298, 0.5762619548021692]",96,126
nancy pelosi,"[-0.12000384018432983, 0.5762619548021692]",97,127
nancy pelosi,"[-0.12992528759692182, 0.576261954802169]",98,128
nancy pelosi,"[-0.1299252875969218, 0.5555555555555552]",99,129
nancy pelosi,"[-0.12992528759692182, 0.5555555555555551]",100,130
nancy pelosi,"[-0.12992528759692182, 0.5555555555555551]",101,131
nancy pelosi,"[-0.12992528759692182, 0.5555555555555551]",102,132
nancy pelosi,"[-0.1299252875969218, 0.5762619548021694]",103,133
nancy pelosi,"[-0.1299252875969218, 0.5762619548021692]",104,134
nancy pelosi,"[-0.1401043387482914, 0.555555555555555]",105,135
nancy pelosi,"[-0.1506341767642796, 0.5377060884116285]",106,136
nancy pelosi,"[-0.15700137045349932, 0.5223357039066188]",107,137
ted cruz,"[0.6426984451357227, 0.261891400439462]",5,35
ted cruz,"[0.6619470178552358, nan]",6,36
ted cruz,"[0.556348640264187, -0.06666666666666665]",16,46
ted cruz,"[0.556348640264187, -0.06666666666666664]",17,47
ted cruz,"[0.556348640264187, -0.06666666666666664]",18,48
ted cruz,"[0.6943650748294136, -0.05337605126836239]",19,49
ted cruz,"[1.0, -0.03703703703703704]",20,50
ted cruz,"[1.0, -0.037037037037037035]",21,51
ted cruz,"[1.0, -0.03703703703703703]",22,52
ted cruz,"[1.0, -0.03703703703703703]",23,53
ted cruz,"[1.0, -0.03703703703703702]",24,54
ted cruz,"[1.0, -0.037037037037037014]",25,55
ted cruz,"[1.0, -0.03703703703703702]",26,56
ted cruz,"[1.0, -0.03703703703703703]",27,57
ted cruz,"[1.0, -0.03703703703703702]",28,58
ted cruz,"[1.0, -0.037037037037037014]",29,59
ted cruz,"[1.0, -0.037037037037037014]",30,60
ted cruz,"[1.0, -0.03703703703703702]",31,61
ted cruz,"[1.0, -0.03703703703703702]",32,62
ted cruz,"[1.0, -0.037037037037037014]",33,63
ted cruz,"[0.9999999999999999, -0.037037037037037014]",34,64
ted cruz,"[1.0, -0.03703703703703702]",35,65
ted cruz,"[1.0, -0.03703703703703702]",36,66
ted cruz,"[1.0, -0.037037037037037014]",37,67
ted cruz,"[0.6943650748294135, nan]",38,68
ted cruz,"[0.6943650748294136, -0.03703703703703703]",78,108
ted cruz,"[0.6943650748294135, -0.05337605126836239]",79,109
ted cruz,"[1.0, -0.03703703703703702]",80,110
ted cruz,"[1.0, -0.03703703703703702]",81,111
ted cruz,"[0.9999999999999998, -0.037037037037037035]",82,112
ted cruz,"[1.0, -0.03703703703703704]",83,113
ted cruz,"[1.0, -0.03703703703703704]",84,114
ted cruz,"[1.0, -0.037037037037037035]",85,115
ted cruz,"[0.9999999999999999, -0.03703703703703703]",86,116
ted cruz,"[1.0, -0.03703703703703704]",87,117
ted cruz,"[1.0, -0.03703703703703704]",88,118
ted cruz,"[1.0, -0.037037037037037035]",89,119
ted cruz,"[1.0, -0.03703703703703703]",90,120
ted cruz,"[0.6943650748294138, -0.053376051268362416]",91,121
boris johnson,"[0.5413081687180257, 0.8117077033708017]",87,117
boris johnson,"[0.5413081687180257, 0.5399055247990172]",88,118
boris johnson,"[0.6110478128258088, 0.4878183182814297]",89,119
boris johnson,"[0.5021862316272272, 0.3620388442644454]",90,120
boris johnson,"[0.5021862316272273, 0.28097574347450816]",91,121
elon musk,"[-0.0641940738766369, 0.5555555555555556]",37,67
elon musk,"[-0.0641940738766369, 0.5555555555555556]",38,68
elon musk,"[-0.06419407387663692, 0.5555555555555556]",39,69
elon musk,"[-0.0641940738766369, 0.5555555555555556]",40,70
elon musk,"[-0.0641940738766369, 0.5555555555555556]",41,71
elon musk,"[-0.0641940738766369, 0.5555555555555556]",42,72
elon musk,"[-0.0641940738766369, 0.5555555555555556]",43,73
elon musk,"[-0.0641940738766369, 0.5555555555555555]",44,74
elon musk,"[-0.06419407387663689, 0.5555555555555556]",45,75
elon musk,"[-0.0641940738766369, 0.5555555555555556]",46,76
elon musk,"[-0.0641940738766369, 0.5555555555555555]",47,77
elon musk,"[-0.07082408745875918, 0.5555555555555554]",48,78
elon musk,"[-0.09640771813669886, 0.6480940454141386]",49,79
elon musk,"[-0.0964077181366989, 0.6480940454141386]",50,80
elon musk,"[-0.09640771813669888, 0.6480940454141386]",51,81
elon musk,"[-0.09640771813669892, 0.6480940454141386]",52,82
elon musk,"[-0.09640771813669886, 0.6480940454141386]",53,83
elon musk,"[-0.0964077181366989, 0.6480940454141386]",54,84
elon musk,"[-0.0964077181366989, 0.6480940454141386]",55,85
elon musk,"[-0.09640771813669892, 0.6480940454141386]",56,86
elon musk,"[-0.0964077181366989, 0.6480940454141386]",57,87
elon musk,"[-0.09640771813669889, 0.6480940454141386]",58,88
elon musk,"[-0.09640771813669889, 0.6480940454141386]",59,89
elon musk,"[-0.08186216918157267, 0.7086675685963295]",60,90
elon musk,"[-0.08186216918157267, 0.7086675685963296]",61,91
elon musk,"[-0.06617647058823538, 0.7862595419847325]",62,92
elon musk,"[-0.06617647058823538, 0.7862595419847325]",63,93
elon musk,"[-0.06617647058823538, 0.7862595419847321]",64,94
elon musk,"[-0.04861527926641233, 0.9999999999999994]",65,95
elon musk,"[-0.03571428571428573, 0.9999999999999992]",66,96
elon musk,"[-0.03571428571428573, 0.9999999999999992]",67,97
elon musk,"[-0.03571428571428573, 0.999999999999999]",68,98
elon musk,"[-0.03571428571428573, 0.9999999999999991]",69,99
elon musk,"[-0.03571428571428573, 0.9999999999999991]",70,100
elon musk,"[-0.03571428571428573, 0.9999999999999991]",71,101
elon musk,"[-0.03571428571428572, 0.9999999999999989]",72,102
elon musk,"[-0.03571428571428572, 0.9999999999999991]",73,103
elon musk,"[-0.03571428571428573, 0.9999999999999991]",74,104
elon musk,"[-0.03571428571428573, 0.9999999999999991]",75,105
elon musk,"[-0.03571428571428572, 0.9999999999999989]",76,106
elon musk,"[-0.05510833927217568, 0.9037576603551974]",126,156
elon musk,"[-0.07936507936507935, 0.6100098252921641]",127,157
elon musk,"[-0.07936507936507935, 0.6486493048989729]",128,158
elon musk,"[-0.07936507936507935, 0.610009825292164]",129,159
elon musk,"[-0.07936507936507936, 0.610009825292164]",130,160
elon musk,"[-0.15774764266405644, 0.6198864890117055]",137,167
elon musk,"[-0.10106785287297707, 0.5288377844355184]",138,168
james comey,"[0.6180233341841799, -0.05787990801732324]",0,30
james comey,"[0.6180233341841799, -0.05787990801732324]",1,31
james comey,"[0.6180233341841799, -0.057879908017323296]",2,32
james comey,"[0.6180233341841798, -0.05787990801732323]",3,33
james comey,"[0.6126361960714204, -0.05787990801732331]",4,34
james comey,"[0.6126361960714203, -0.06264423737283906]",5,35
james comey,"[0.5443086427661654, -0.07012689107176226]",13,43
james comey,"[0.5443086427661654, -0.07012689107176225]",14,44
james comey,"[0.5443086427661654, -0.07012689107176227]",15,45
james comey,"[0.5443086427661654, -0.07012689107176227]",16,46
james comey,"[0.5443086427661654, -0.07012689107176229]",17,47
james comey,"[0.5443086427661654, -0.07012689107176232]",18,48
james comey,"[0.5443086427661654, nan]",19,49
theresa may,"[0.6282051282051285, -0.12000000000000006]",34,64
theresa may,"[0.005521576303742336, 0.5185449728701349]",67,97
theresa may,"[0.028306925853614898, 0.5185449728701349]",68,98
theresa may,"[0.07051282051282053, 0.6266666666666673]",69,99
theresa may,"[0.07051282051282054, 0.665806276362943]",70,100
theresa may,"[-0.07936507936507929, 0.8408243537810902]",71,101
theresa may,"[-0.07936507936507929, 0.8408243537810902]",72,102
theresa may,"[-0.07936507936507929, 0.8408243537810902]",73,103
theresa may,"[-0.07936507936507929, 0.8408243537810902]",74,104
theresa may,"[-0.07936507936507929, 0.8876253645985941]",75,105
theresa may,"[-0.06576848315559862, 0.8876253645985939]",76,106
theresa may,"[-0.0456673377277543, 0.9999999999999991]",77,107
theresa may,"[-0.03571428571428572, 0.9999999999999989]",78,108
cancer,"[-0.06419407387663693, 0.5555555555555556]",129,159
cancer,"[-0.06419407387663693, 0.5555555555555556]",130,160
cancer,"[-0.06419407387663692, 0.5555555555555556]",131,161
cancer,"[-0.06419407387663692, 0.5555555555555556]",132,162
cancer,"[-0.0641940738766369, 0.5555555555555556]",133,163
cancer,"[-0.06419407387663692, 0.5555555555555556]",134,164
cancer,"[-0.0641940738766369, 0.5555555555555556]",135,165
cancer,"[-0.0641940738766369, 0.5555555555555555]",136,166
cancer,"[-0.051434449987363934, 0.693888666488711]",137,167
gavin newsom,"[-0.1506341767642795, 0.5223357039066192]",107,137
gavin newsom,"[-0.15700137045349938, 0.5223357039066192]",108,138
gavin newsom,"[-0.08896462411136107, 0.5100613704506703]",128,158
apple,"[0.13, 0.5185449728701349]",22,52
apple,"[0.1924870958045813, 0.5185449728701349]",23,53
apple,"[0.2564102564102564, 0.6266666666666669]",24,54
apple,"[0.2564102564102564, 0.626666666666667]",25,55
apple,"[0.2564102564102564, 0.626666666666667]",26,56
apple,"[0.25641025641025633, 0.8006407690254358]",27,57
apple,"[0.35439179203278537, 0.8006407690254359]",28,58
apple,"[0.35439179203278537, 0.8006407690254359]",29,59
apple,"[0.3543917920327854, 0.8006407690254359]",30,60
apple,"[0.3543917920327853, 0.8006407690254359]",31,61
apple,"[0.3543917920327854, 0.8006407690254359]",32,62
apple,"[0.35439179203278537, 0.8006407690254359]",33,63
apple,"[0.35439179203278537, 0.8006407690254359]",34,64
apple,"[0.35439179203278537, 0.8006407690254359]",35,65
apple,"[0.35439179203278537, 0.800640769025436]",36,66
apple,"[0.3543917920327854, 0.8006407690254359]",37,67
apple,"[0.3543917920327853, 0.8006407690254359]",38,68
apple,"[0.3543917920327853, 0.8006407690254359]",39,69
apple,"[0.3543917920327853, 0.800640769025436]",40,70
apple,"[0.3543917920327853, 0.8006407690254357]",41,71
apple,"[0.3543917920327854, 0.8006407690254359]",42,72
apple,"[0.25641025641025655, 0.6266666666666675]",43,73
apple,"[0.19248709580458123, 0.6266666666666674]",44,74
chuck schumer,"[0.5563486402641868, 0.5555555555555555]",0,30
chuck schumer,"[0.5563486402641868, 0.5555555555555555]",1,31
chuck schumer,"[0.556348640264187, 0.5555555555555555]",2,32
chuck schumer,"[0.556348640264187, 0.5555555555555555]",3,33
chuck schumer,"[0.5563486402641871, 0.5555555555555555]",4,34
chuck schumer,"[0.556348640264187, 0.5555555555555555]",5,35
chuck schumer,"[0.5563486402641871, 0.5555555555555555]",6,36
chuck schumer,"[0.5563486402641872, 0.5555555555555555]",7,37
chuck schumer,"[0.472455591261534, 0.5555555555555554]",8,38
amazon,"[-0.03571428571428572, 1.0]",13,43
amazon,"[-0.03571428571428572, 0.9999999999999998]",14,44
amazon,"[-0.035714285714285726, 0.9999999999999998]",15,45
amazon,"[-0.03571428571428572, 0.9999999999999997]",16,46
amazon,"[0.6943650748294136, nan]",138,168
robert mueller,"[-0.05143444998736396, 0.6938886664887111]",17,47
robert mueller,"[-0.06419407387663692, 0.693888666488711]",18,48
robert mueller,"[-0.0708240874587592, 0.5555555555555555]",19,49
jussie smollett,"[1.0, nan]",47,77
jussie smollett,"[0.960819982747272, -0.037037037037037035]",48,78
jussie smollett,"[0.952601603426588, -0.04624148705148565]",49,79
jussie smollett,"[0.8818248276785601, -0.05121542365525018]",50,80
jussie smollett,"[0.88182482767856, -0.06264423737283914]",51,81
jussie smollett,"[0.8818248276785601, -0.06264423737283911]",52,82
jussie smollett,"[0.8818248276785601, -0.06264423737283911]",53,83
jussie smollett,"[0.8818248276785601, -0.06264423737283913]",54,84
jussie smollett,"[0.8766550612330611, -0.06264423737283908]",55,85
jussie smollett,"[0.8766550612330614, -0.06744188651854267]",56,86
jussie smollett,"[0.8766550612330614, -0.06744188651854267]",57,87
jussie smollett,"[0.8766550612330613, -0.06744188651854265]",58,88
jussie smollett,"[0.8766550612330613, -0.06744188651854266]",59,89
jussie smollett,"[0.8766550612330615, -0.06744188651854262]",60,90
jussie smollett,"[0.8766550612330615, -0.06744188651854262]",61,91
jussie smollett,"[0.8766550612330615, -0.0674418865185426]",62,92
jussie smollett,"[0.8766550612330615, -0.06744188651854263]",63,93
jussie smollett,"[0.8766550612330615, -0.0674418865185426]",64,94
jussie smollett,"[0.8766550612330615, -0.0674418865185426]",65,95
jussie smollett,"[0.8766550612330615, -0.0674418865185426]",66,96
jussie smollett,"[0.8766550612330615, -0.0674418865185426]",67,97
jussie smollett,"[0.8766550612330615, -0.06744188651854259]",68,98
jussie smollett,"[0.8766550612330615, -0.06744188651854259]",69,99
jussie smollett,"[0.8766550612330615, -0.06744188651854259]",70,100
jussie smollett,"[0.8766550612330615, -0.06744188651854259]",71,101
jussie smollett,"[0.8766550612330615, -0.06744188651854259]",72,102
jussie smollett,"[0.8766550612330615, -0.06744188651854259]",73,103
jussie smollett,"[0.8766550612330615, -0.06744188651854259]",74,104
jussie smollett,"[0.8720166746656899, nan]",75,105
protesters,"[-0.06419407387663689, 0.5555555555555554]",60,90
protesters,"[-0.06419407387663689, 0.5555555555555554]",61,91
protesters,"[-0.05143444998736392, 0.6938886664887108]",62,92
protesters,"[-0.03571428571428573, 0.9999999999999991]",63,93
protesters,"[-0.03571428571428573, 0.9999999999999991]",64,94
protesters,"[-0.03571428571428573, 0.9999999999999991]",65,95
protesters,"[-0.03571428571428572, 0.9999999999999989]",66,96
protesters,"[-0.03571428571428572, 0.9999999999999991]",67,97
protesters,"[-0.03571428571428573, 0.9999999999999991]",68,98
protesters,"[-0.03571428571428573, 0.9999999999999991]",69,99
protesters,"[-0.03571428571428572, 0.9999999999999989]",70,100
kim jong un,"[0.9999999999999999, nan]",7,37
kim jong un,"[1.0, -0.037037037037037035]",8,38
kim jong un,"[1.0, -0.03703703703703702]",9,39
kim jong un,"[0.6943650748294136, -0.03703703703703702]",10,40
fire,"[-0.0641940738766369, 0.5555555555555554]",110,140
fire,"[-0.0641940738766369, 0.5555555555555554]",111,141
fire,"[-0.0641940738766369, 0.5555555555555552]",112,142
fire,"[-0.06419407387663689, 0.5555555555555554]",113,143
fire,"[-0.0641940738766369, 0.5555555555555554]",114,144
fire,"[-0.0641940738766369, 0.5555555555555554]",115,145
fire,"[-0.0641940738766369, 0.5555555555555552]",116,146
fire,"[-0.06419407387663689, 0.5555555555555552]",117,147
fire,"[-0.06419407387663689, 0.5555555555555552]",118,148
fire,"[-0.06419407387663689, 0.6938886664887108]",119,149
fire,"[-0.05143444998736394, 0.6938886664887108]",120,150
fire,"[-0.05143444998736394, 0.6938886664887106]",121,151
fire,"[-0.05143444998736394, 0.6938886664887107]",122,152
fire,"[-0.051434449987363906, 0.6938886664887108]",123,153
fire,"[-0.05143444998736394, 0.6938886664887108]",124,154
fire,"[-0.06419407387663692, 0.5555555555555554]",125,155
fire,"[0.6943650748294135, nan]",137,167
fire,"[0.6943650748294136, -0.05337605126836238]",138,168
saudi arabia,"[-0.0641940738766369, 0.5555555555555555]",46,76
saudi arabia,"[-0.0641940738766369, 0.5555555555555555]",47,77
saudi arabia,"[-0.0641940738766369, 0.5555555555555555]",48,78
saudi arabia,"[-0.07001400420140048, 0.6058047645908207]",50,80
saudi arabia,"[-0.0700140042014005, 0.6058047645908208]",51,81
saudi arabia,"[-0.07001400420140051, 0.6058047645908207]",52,82
saudi arabia,"[-0.0700140042014005, 0.6058047645908208]",53,83
saudi arabia,"[-0.07001400420140051, 0.6058047645908208]",54,84
saudi arabia,"[-0.07001400420140054, 0.6058047645908208]",55,85
saudi arabia,"[-0.07001400420140054, 0.6058047645908208]",56,86
saudi arabia,"[-0.07001400420140053, 0.6058047645908209]",57,87
saudi arabia,"[-0.07001400420140053, 0.6058047645908208]",58,88
saudi arabia,"[-0.07001400420140054, 0.6058047645908208]",59,89
saudi arabia,"[-0.07001400420140053, 0.6058047645908208]",60,90
saudi arabia,"[-0.07001400420140053, 0.6058047645908208]",61,91
saudi arabia,"[-0.07001400420140054, 0.6058047645908207]",62,92
saudi arabia,"[-0.07001400420140054, 0.6058047645908207]",63,93
saudi arabia,"[-0.07001400420140054, 0.6058047645908207]",64,94
saudi arabia,"[-0.07001400420140054, 0.6058047645908208]",65,95
saudi arabia,"[-0.07001400420140054, 0.6058047645908207]",66,96
saudi arabia,"[-0.03571428571428572, 1.0]",81,111
saudi arabia,"[-0.03571428571428572, 0.9999999999999998]",82,112
saudi arabia,"[-0.035714285714285726, 0.9999999999999998]",83,113
saudi arabia,"[-0.03571428571428572, 0.9999999999999997]",84,114
saudi arabia,"[-0.03571428571428572, 0.9999999999999999]",85,115
saudi arabia,"[-0.035714285714285726, 0.9999999999999999]",86,116
saudi arabia,"[-0.035714285714285726, 0.9999999999999998]",87,117
saudi arabia,"[-0.03571428571428572, 0.9999999999999996]",88,118
saudi arabia,"[-0.03571428571428572, 0.9999999999999997]",89,119
saudi arabia,"[-0.035714285714285726, 0.9999999999999997]",90,120
saudi arabia,"[-0.035714285714285726, 0.9999999999999997]",91,121
saudi arabia,"[-0.03571428571428572, 0.9999999999999993]",92,122
saudi arabia,"[-0.05143444998736398, 0.6938886664887108]",93,123
saudi arabia,"[-0.05143444998736393, 0.6938886664887108]",94,124
saudi arabia,"[-0.05143444998736393, 0.6938886664887108]",95,125
saudi arabia,"[-0.05143444998736392, 0.6938886664887107]",96,126
saudi arabia,"[-0.05143444998736392, 0.6938886664887108]",97,127
saudi arabia,"[-0.05143444998736394, 0.6938886664887108]",98,128
saudi arabia,"[-0.05143444998736392, 0.6938886664887108]",99,129
saudi arabia,"[-0.05143444998736392, 0.6938886664887108]",100,130
saudi arabia,"[-0.05143444998736392, 0.6938886664887108]",101,131
saudi arabia,"[-0.051434449987363906, 0.6938886664887108]",102,132
saudi arabia,"[-0.051434449987363906, 0.6938886664887108]",103,133
saudi arabia,"[-0.05143444998736397, 0.6938886664887108]",104,134
saudi arabia,"[-0.051434449987363906, 0.6938886664887108]",105,135
saudi arabia,"[-0.05143444998736392, 0.6938886664887108]",106,136
saudi arabia,"[-0.051434449987363906, 0.6938886664887108]",107,137
saudi arabia,"[-0.051434449987363955, 0.6938886664887108]",108,138
kim jong-un,"[-0.05143444998736397, 0.6938886664887111]",9,39
kim jong-un,"[-0.07407407407407407, 0.693888666488711]",10,40
kim jong-un,"[0.47545731105019634, 0.840824353781091]",11,41
kim jong-un,"[0.47545731105019634, 0.665806276362943]",12,42
kim jong-un,"[0.4423076923076923, 0.6266666666666668]",13,43
kim jong-un,"[0.3566672657555478, 0.6266666666666669]",14,44
kim jong-un,"[0.35666726575554775, 0.5185449728701347]",15,45
kim jong-un,"[0.35666726575554764, 0.5185449728701347]",16,46
kim jong-un,"[0.2945824946493701, 0.5185449728701347]",17,47
xi jinping,"[0.556348640264187, -0.06666666666666665]",109,139
xi jinping,"[0.556348640264187, -0.06666666666666664]",110,140
xi jinping,"[0.556348640264187, -0.06666666666666664]",111,141
xi jinping,"[0.6943650748294137, -0.05337605126836239]",112,142
xi jinping,"[0.5563486402641872, -0.05337605126836239]",113,143
xi jinping,"[0.5563486402641872, -0.06666666666666668]",115,145
xi jinping,"[0.5563486402641873, -0.06666666666666667]",116,146
xi jinping,"[0.5563486402641873, -0.06666666666666667]",117,147
xi jinping,"[0.5563486402641873, -0.06666666666666664]",118,148
xi jinping,"[0.5563486402641873, -0.06666666666666665]",119,149
xi jinping,"[0.5563486402641873, -0.06666666666666664]",120,150
xi jinping,"[0.5563486402641873, -0.06666666666666664]",121,151
xi jinping,"[0.5563486402641873, -0.06666666666666661]",122,152
xi jinping,"[0.5563486402641873, -0.06666666666666662]",123,153
xi jinping,"[0.5563486402641874, -0.06666666666666661]",124,154
xi jinping,"[0.5563486402641874, -0.06666666666666661]",125,155
xi jinping,"[0.5563486402641874, -0.06666666666666658]",126,156
xi jinping,"[0.5563486402641873, -0.0666666666666666]",127,157
xi jinping,"[0.5563486402641874, -0.0666666666666666]",128,158
fda,"[0.5563486402641867, -0.053376051268362396]",75,105
fda,"[0.5563486402641867, -0.06666666666666667]",76,106
fda,"[0.5563486402641867, -0.06666666666666667]",77,107
fda,"[0.5563486402641868, -0.06666666666666665]",78,108
fda,"[0.6943650748294135, -0.05337605126836238]",79,109
fda,"[1.0, -0.03703703703703704]",80,110
fda,"[1.0, -0.03703703703703704]",81,111
fda,"[1.0, -0.037037037037037035]",82,112
fda,"[0.9999999999999999, -0.03703703703703703]",83,113
fda,"[1.0, -0.03703703703703704]",84,114
fda,"[1.0, -0.03703703703703704]",85,115
fda,"[1.0, -0.037037037037037035]",86,116
fda,"[1.0, -0.03703703703703703]",87,117
fda,"[1.0, -0.03703703703703703]",88,118
fda,"[1.0, -0.03703703703703702]",89,119
fda,"[0.6943650748294138, -0.037037037037037014]",90,120
fda,"[0.6943650748294137, -0.05337605126836236]",91,121
fda,"[0.6943650748294138, -0.0533760512683624]",92,122
fda,"[0.6943650748294137, -0.05337605126836241]",93,123
fda,"[0.6943650748294138, -0.05337605126836241]",94,124
fda,"[0.6943650748294137, -0.053376051268362416]",95,125
fda,"[0.6943650748294137, -0.053376051268362416]",96,126
fda,"[0.6943650748294137, -0.0533760512683624]",97,127
fda,"[0.6943650748294136, -0.0533760512683624]",98,128
fda,"[0.6943650748294135, -0.05337605126836239]",99,129
fda,"[0.5563486402641874, -0.05337605126836239]",100,130
fda,"[0.5563486402641874, -0.06666666666666665]",101,131
fda,"[0.5563486402641874, -0.06666666666666664]",102,132
fda,"[0.5563486402641873, nan]",103,133
weather,"[-0.07559289460184548, 0.5555555555555556]",29,59
weather,"[-0.06419407387663689, 0.5555555555555555]",30,60
weather,"[-0.07559289460184547, 0.5555555555555555]",31,61
weather,"[-0.0641940738766369, 0.5555555555555555]",32,62
virus,"[0.6943650748294136, nan]",75,105
virus,"[0.6943650748294136, -0.05337605126836241]",76,106
virus,"[0.6943650748294136, -0.0533760512683624]",77,107
virus,"[0.6943650748294136, -0.0533760512683624]",78,108
virus,"[0.6943650748294136, -0.0533760512683624]",79,109
virus,"[0.6943650748294136, -0.05337605126836241]",80,110
virus,"[0.6943650748294135, -0.0533760512683624]",81,111
virus,"[0.6943650748294137, -0.0533760512683624]",82,112
virus,"[0.6943650748294135, -0.05337605126836239]",83,113
virus,"[0.6943650748294137, -0.05337605126836239]",84,114
virus,"[0.6943650748294136, -0.05337605126836239]",85,115
virus,"[0.5563486402641872, -0.06666666666666668]",86,116
virus,"[0.5563486402641874, -0.05337605126836236]",121,151
virus,"[0.6943650748294139, -0.05337605126836234]",122,152
virus,"[0.6943650748294138, -0.05337605126836236]",123,153
virus,"[0.5563486402641873, -0.06666666666666665]",124,154
virus,"[0.5563486402641873, -0.06666666666666664]",125,155
virus,"[0.5563486402641874, -0.06666666666666664]",126,156
virus,"[0.5563486402641874, -0.053376051268362416]",127,157
virus,"[0.6943650748294136, -0.053376051268362416]",128,158
virus,"[0.6943650748294135, -0.053376051268362416]",129,159
virus,"[0.6943650748294137, -0.0533760512683624]",130,160
virus,"[0.6943650748294137, -0.053376051268362416]",131,161
virus,"[0.6943650748294136, -0.05337605126836239]",132,162
virus,"[0.6943650748294135, -0.03703703703703702]",133,163
donald trump jr.,"[-0.08858233390878892, 0.6058047645908208]",35,65
donald trump jr.,"[-0.07001400420140054, 0.6058047645908208]",36,66
donald trump jr.,"[-0.04861527926641231, 0.8911654477393952]",37,67
donald trump jr.,"[-0.0486152792664123, 0.891165447739395]",38,68
donald trump jr.,"[-0.04861527926641231, 0.8911654477393952]",39,69
donald trump jr.,"[-0.04861527926641231, 0.8911654477393951]",40,70
donald trump jr.,"[-0.04861527926641231, 0.8911654477393952]",41,71
donald trump jr.,"[-0.0486152792664123, 0.891165447739395]",42,72
mike pence,"[0.22734943086157072, 0.5399055247990177]",15,45
mike pence,"[0.22734943086157072, 0.5399055247990179]",16,46
mike pence,"[0.6943650748294137, -0.053376051268362375]",18,48
mike pence,"[0.6943650748294137, -0.05337605126836241]",20,50
mike pence,"[0.6943650748294135, nan]",21,51
derek chauvin,"[0.9999999999999999, nan]",77,107
derek chauvin,"[0.9999999999999999, 0.693888666488711]",78,108
derek chauvin,"[0.9999999999999998, 0.4615384615384617]",79,109
derek chauvin,"[0.9999999999999998, 0.4615384615384616]",80,110
derek chauvin,"[1.0, 0.4615384615384616]",81,111
derek chauvin,"[0.801233616769775, 0.35228193837119176]",82,112
derek chauvin,"[0.801233616769775, 0.35228193837119176]",83,113
derek chauvin,"[0.8012336167697749, 0.35228193837119176]",84,114
derek chauvin,"[0.8012336167697749, 0.35228193837119176]",85,115
derek chauvin,"[0.801233616769775, 0.35228193837119176]",86,116
derek chauvin,"[0.8012336167697748, 0.3522819383711918]",87,117
derek chauvin,"[0.8012336167697748, 0.3522819383711918]",88,118
derek chauvin,"[0.8012336167697747, 0.3522819383711918]",89,119
derek chauvin,"[0.8012336167697749, 0.35228193837119187]",90,120
derek chauvin,"[0.8012336167697746, 0.35228193837119187]",91,121
derek chauvin,"[0.8012336167697746, 0.35228193837119187]",92,122
derek chauvin,"[0.8012336167697746, 0.35228193837119187]",93,123
derek chauvin,"[0.8012336167697747, 0.3522819383711918]",94,124
derek chauvin,"[0.8012336167697747, 0.3522819383711918]",95,125
derek chauvin,"[0.8012336167697747, 0.3522819383711918]",96,126
derek chauvin,"[0.8012336167697746, 0.3522819383711919]",97,127
derek chauvin,"[0.9084029398594372, 0.04361368176919722]",98,128
derek chauvin,"[0.908402939859437, -0.020407632044813658]",99,129
derek chauvin,"[0.835030908716901, -0.020407632044813686]",100,130
derek chauvin,"[0.835030908716901, -0.04088606251940163]",101,131
derek chauvin,"[0.8350309087169011, -0.04088606251940163]",102,132
derek chauvin,"[0.8350309087169013, -0.040886062519401634]",103,133
derek chauvin,"[0.8350309087169013, -0.040886062519401634]",104,134
derek chauvin,"[0.8350309087169014, -0.02901905000440047]",105,135
derek chauvin,"[0.8519063880713249, -0.07228990616802089]",106,136
derek chauvin,"[0.8762505834625062, -0.058401643723488855]",107,137
derek chauvin,"[0.8762505834625061, -0.05840164372348884]",108,138
derek chauvin,"[0.862336719313894, -0.06630947567946452]",109,139
derek chauvin,"[0.8623367193138938, -0.05840164372348886]",110,140
derek chauvin,"[0.8762505834625064, -0.05840164372348888]",111,141
derek chauvin,"[0.8762505834625063, -0.05840164372348884]",112,142
derek chauvin,"[0.8762505834625064, -0.058401643723488855]",113,143
derek chauvin,"[0.8762505834625064, -0.05840164372348883]",114,144
derek chauvin,"[0.8762505834625064, -0.05840164372348884]",115,145
derek chauvin,"[0.8762505834625064, -0.05840164372348883]",116,146
derek chauvin,"[0.8762505834625064, -0.05840164372348884]",117,147
derek chauvin,"[0.8762505834625064, -0.05840164372348883]",118,148
derek chauvin,"[0.8762505834625064, -0.058401643723488855]",119,149
derek chauvin,"[0.8762505834625064, -0.05840164372348884]",120,150
derek chauvin,"[0.8762505834625064, -0.05840164372348884]",121,151
derek chauvin,"[0.8762505834625063, -0.05840164372348884]",122,152
derek chauvin,"[0.8762505834625063, -0.05840164372348884]",123,153
derek chauvin,"[0.8762505834625063, -0.05840164372348884]",124,154
derek chauvin,"[0.8762505834625063, -0.05840164372348884]",125,155
derek chauvin,"[0.8762505834625063, -0.05044332723053182]",126,156
nicolas maduro,"[0.5563486402641867, -0.05337605126836238]",9,39
nicolas maduro,"[0.5563486402641867, -0.06666666666666667]",10,40
nicolas maduro,"[0.5563486402641867, -0.06666666666666667]",11,41
nicolas maduro,"[0.5563486402641868, -0.06666666666666665]",12,42
nicolas maduro,"[0.5563486402641868, -0.06666666666666667]",13,43
nicolas maduro,"[0.556348640264187, -0.06666666666666665]",14,44
nicolas maduro,"[0.556348640264187, -0.06666666666666665]",15,45
nicolas maduro,"[0.556348640264187, -0.06666666666666662]",16,46
nicolas maduro,"[0.556348640264187, -0.06666666666666662]",17,47
nicolas maduro,"[0.5563486402641871, -0.06666666666666662]",18,48
nicolas maduro,"[0.5563486402641872, -0.06666666666666661]",19,49
nicolas maduro,"[0.5563486402641872, -0.0666666666666666]",20,50
nicolas maduro,"[0.6943650748294136, -0.053376051268362375]",21,51
nicolas maduro,"[0.6943650748294139, -0.053376051268362375]",22,52
nicolas maduro,"[0.5563486402641873, -0.053376051268362375]",23,53
nicolas maduro,"[0.5563486402641873, -0.06666666666666664]",24,54
nicolas maduro,"[0.5563486402641873, -0.06666666666666665]",25,55
nicolas maduro,"[0.5563486402641873, -0.06666666666666662]",26,56
nicolas maduro,"[0.5563486402641873, -0.06666666666666664]",27,57
nicolas maduro,"[0.5563486402641873, -0.06666666666666661]",28,58
nicolas maduro,"[0.5563486402641873, -0.06666666666666662]",29,59
nicolas maduro,"[0.5563486402641874, -0.06666666666666661]",30,60
nicolas maduro,"[0.5563486402641874, -0.06666666666666661]",31,61
nicolas maduro,"[0.6943650748294137, -0.05337605126836239]",32,62
nicolas maduro,"[0.6943650748294135, -0.0533760512683624]",33,63
nicolas maduro,"[0.6943650748294137, -0.053376051268362375]",34,64
nicolas maduro,"[0.6943650748294136, -0.05337605126836239]",35,65
nicolas maduro,"[0.6943650748294138, -0.053376051268362375]",36,66
nicolas maduro,"[0.6943650748294136, nan]",37,67
hamas,"[0.8704693198124182, 0.8911654477393957]",101,131
hamas,"[0.8704693198124183, 0.4061811972299616]",102,132
hamas,"[0.8704693198124183, 0.4061811972299616]",103,133
hamas,"[0.891280119884226, 0.4203610602544317]",104,134
hamas,"[0.8912801198842262, 0.4203610602544319]",105,135
hamas,"[0.8912801198842263, 0.4203610602544319]",106,136
hamas,"[0.8912801198842263, 0.4203610602544318]",107,137
hamas,"[0.8912801198842264, 0.42036106025443176]",108,138
hamas,"[0.8912801198842263, 0.42036106025443176]",109,139
hamas,"[0.8912801198842264, 0.42036106025443176]",110,140
hamas,"[0.8912801198842265, 0.4203610602544317]",111,141
hamas,"[0.8912801198842265, 0.42036106025443165]",112,142
hamas,"[0.8912801198842264, 0.4203610602544317]",113,143
hamas,"[0.8912801198842266, 0.4203610602544316]",114,144
hamas,"[0.8912801198842266, 0.4203610602544316]",115,145
hamas,"[0.8912801198842266, 0.42036106025443143]",116,146
hamas,"[0.8912801198842266, 0.42036106025443165]",117,147
hamas,"[0.8912801198842266, 0.4203610602544316]",118,148
hamas,"[0.8912801198842266, 0.4203610602544316]",119,149
hamas,"[0.8912801198842266, 0.42036106025443143]",120,150
hamas,"[0.8912801198842266, 0.42036106025443154]",121,151
hamas,"[0.8912801198842267, 0.42036106025443154]",122,152
hamas,"[0.8912801198842267, 0.42036106025443154]",123,153
hamas,"[0.8912801198842267, 0.4203610602544314]",124,154
hamas,"[0.8912801198842266, 0.42036106025443154]",125,155
hamas,"[0.8912801198842267, 0.42036106025443154]",126,156
hamas,"[0.8912801198842267, 0.42036106025443154]",127,157
hamas,"[0.8912801198842267, 0.4203610602544314]",128,158
hamas,"[0.9999999999999999, nan]",129,159
hackers,"[0.6943650748294137, -0.05337605126836239]",20,50
hackers,"[0.6943650748294135, -0.05337605126836239]",21,51
hackers,"[0.6943650748294137, -0.05337605126836239]",22,52
hackers,"[0.6943650748294136, -0.05337605126836239]",23,53
hackers,"[0.6943650748294137, -0.053376051268362354]",24,54
hackers,"[0.6943650748294136, -0.053376051268362375]",25,55
hackers,"[0.6943650748294139, -0.05337605126836234]",26,56
hackers,"[0.6943650748294138, -0.053376051268362375]",27,57
hackers,"[0.6943650748294139, -0.053376051268362375]",28,58
hackers,"[0.6943650748294137, -0.05337605126836236]",29,59
hackers,"[0.6943650748294139, -0.05337605126836234]",30,60
hackers,"[0.6943650748294138, -0.03703703703703702]",31,61
hackers,"[1.0, -0.037037037037037014]",32,62
hackers,"[1.0, -0.037037037037037014]",33,63
hackers,"[1.0, -0.03703703703703702]",34,64
hackers,"[1.0, -0.03703703703703702]",35,65
hackers,"[1.0, -0.037037037037037014]",36,66
hackers,"[0.9999999999999999, -0.037037037037037014]",37,67
hackers,"[1.0, -0.03703703703703702]",38,68
hackers,"[0.6943650748294137, -0.03703703703703702]",39,69
hackers,"[0.5563486402641874, -0.05337605126836241]",40,70
hackers,"[0.5563486402641873, nan]",41,71
steve bannon,"[0.5563486402641874, -0.06666666666666657]",40,70
steve bannon,"[0.5563486402641874, -0.06666666666666657]",41,71
steve bannon,"[0.5563486402641874, -0.06666666666666655]",42,72
steve bannon,"[0.5563486402641873, -0.06666666666666657]",43,73
steve bannon,"[0.5563486402641874, -0.06666666666666657]",44,74
steve bannon,"[0.5563486402641874, -0.06666666666666657]",45,75
steve bannon,"[0.5563486402641874, -0.06666666666666655]",46,76
steve bannon,"[0.5563486402641873, nan]",47,77
bill de blasio,"[-0.048615279266412334, 0.8911654477393957]",76,106
bill de blasio,"[-0.07001400420140048, 0.6058047645908206]",77,107
bill de blasio,"[-0.07001400420140048, 0.6058047645908206]",78,108
bill de blasio,"[-0.07001400420140048, 0.6058047645908206]",79,109
bill de blasio,"[-0.07001400420140048, 0.693888666488711]",80,110
bill de blasio,"[-0.0700140042014005, 0.6058047645908207]",81,111
bill de blasio,"[-0.07001400420140048, 0.6058047645908207]",82,112
bill de blasio,"[-0.0700140042014005, 0.6058047645908206]",83,113
bill de blasio,"[-0.07001400420140048, 0.6058047645908207]",84,114
bill de blasio,"[-0.07001400420140051, 0.6058047645908207]",85,115
bill de blasio,"[-0.07001400420140051, 0.6058047645908207]",86,116
bill de blasio,"[-0.07001400420140053, 0.6058047645908207]",87,117
bill de blasio,"[-0.07001400420140053, 0.6058047645908208]",88,118
bill de blasio,"[-0.07001400420140053, 0.6058047645908208]",89,119
bill de blasio,"[-0.07001400420140054, 0.6058047645908208]",90,120
bill de blasio,"[-0.07001400420140054, 0.6058047645908209]",91,121
bill de blasio,"[-0.07001400420140053, 0.6058047645908208]",92,122
bill de blasio,"[-0.07001400420140054, 0.6058047645908208]",93,123
bill de blasio,"[-0.07001400420140054, 0.6058047645908208]",94,124
bill de blasio,"[-0.07001400420140054, 0.6058047645908209]",95,125
bill de blasio,"[-0.07001400420140054, 0.6058047645908208]",96,126
bill de blasio,"[-0.07001400420140054, 0.6058047645908208]",97,127
bill de blasio,"[-0.07001400420140054, 0.6058047645908209]",98,128
bill de blasio,"[-0.07001400420140054, 0.6058047645908209]",99,129
bill de blasio,"[-0.07001400420140054, 0.6058047645908209]",100,130
bill de blasio,"[-0.07001400420140054, 0.6058047645908208]",101,131
bill de blasio,"[-0.0866093069948841, 0.6058047645908209]",102,132
bill de blasio,"[-0.08660930699488406, 0.5399055247990179]",103,133
disney,"[0.6943650748294136, 1.0]",17,47
disney,"[0.6943650748294136, 0.693888666488711]",18,48
disney,"[0.6943650748294136, 0.693888666488711]",19,49
disney,"[0.6943650748294137, 0.693888666488711]",20,50
disney,"[0.6943650748294136, 0.693888666488711]",21,51
disney,"[0.6943650748294136, 0.693888666488711]",22,52
disney,"[0.6943650748294137, 0.693888666488711]",23,53
disney,"[0.6943650748294137, 0.6938886664887108]",24,54
disney,"[0.6943650748294136, 0.693888666488711]",25,55
disney,"[0.6943650748294137, 0.693888666488711]",26,56
disney,"[0.6943650748294137, 0.693888666488711]",27,57
disney,"[0.6943650748294137, 0.6938886664887108]",28,58
disney,"[0.6943650748294137, 0.6938886664887108]",29,59
disney,"[0.6943650748294138, 0.6938886664887107]",30,60
disney,"[0.6943650748294138, 0.6938886664887107]",31,61
disney,"[0.6943650748294137, 0.6938886664887107]",32,62
disney,"[0.6943650748294136, 0.6938886664887107]",33,63
disney,"[0.6943650748294138, 0.6938886664887107]",34,64
disney,"[0.6943650748294138, 0.6938886664887107]",35,65
disney,"[0.6943650748294137, 0.6938886664887107]",36,66
disney,"[0.6943650748294136, 0.6938886664887107]",37,67
disney,"[0.6943650748294136, 0.6938886664887107]",38,68
disney,"[0.6943650748294136, 0.6938886664887108]",39,69
disney,"[0.6943650748294136, 0.6938886664887107]",40,70
disney,"[0.6943650748294135, 0.6938886664887108]",41,71
disney,"[0.6943650748294136, 0.6938886664887107]",42,72
disney,"[0.6943650748294135, -0.03703703703703702]",45,75
jerome powell,"[-0.0641940738766369, 0.5555555555555555]",120,150
jerome powell,"[-0.06419407387663689, 0.5555555555555556]",121,151
jerome powell,"[-0.0641940738766369, 0.5555555555555556]",122,152
jerome powell,"[-0.0641940738766369, 0.5555555555555556]",123,153
jerome powell,"[-0.06419407387663689, 0.5555555555555554]",124,154
jerome powell,"[-0.06419407387663689, 0.5555555555555555]",125,155
jerome powell,"[-0.051434449987363955, 0.693888666488711]",126,156
jerome powell,"[-0.05143444998736392, 0.6938886664887108]",127,157
jerome powell,"[-0.051434449987363955, 0.6938886664887108]",128,158
jerome powell,"[-0.05143444998736392, 0.6938886664887108]",129,159
jerome powell,"[-0.051434449987363955, 0.693888666488711]",130,160
jerome powell,"[-0.05143444998736392, 0.6938886664887108]",131,161
jerome powell,"[-0.06419407387663689, 0.6938886664887108]",132,162
jerome powell,"[-0.06419407387663689, 0.5555555555555555]",133,163
jerome powell,"[-0.06419407387663689, 0.5555555555555555]",134,164
jerome powell,"[-0.06419407387663689, 0.5555555555555554]",135,165
jerome powell,"[-0.07559289460184546, 0.5555555555555555]",136,166
netflix,"[0.9999999999999999, nan]",83,113
netflix,"[1.0, -0.037037037037037035]",84,114
netflix,"[1.0, -0.03703703703703702]",85,115
netflix,"[1.0, -0.03703703703703702]",86,116
netflix,"[0.9999999999999998, -0.037037037037037035]",87,117
netflix,"[1.0, -0.03703703703703704]",88,118
netflix,"[1.0, -0.03703703703703704]",89,119
netflix,"[1.0, -0.037037037037037035]",90,120
netflix,"[0.9999999999999999, -0.03703703703703703]",91,121
netflix,"[1.0, -0.03703703703703704]",92,122
netflix,"[0.6943650748294137, -0.03703703703703704]",93,123
netflix,"[0.6943650748294137, -0.053376051268362396]",94,124
netflix,"[0.6943650748294136, -0.053376051268362416]",95,125
netflix,"[0.6943650748294138, -0.05337605126836241]",96,126
netflix,"[0.6943650748294137, -0.05337605126836241]",97,127
netflix,"[0.6943650748294138, -0.05337605126836241]",98,128
netflix,"[0.6943650748294136, -0.053376051268362416]",99,129
netflix,"[0.6943650748294138, -0.0533760512683624]",100,130
netflix,"[0.6943650748294137, -0.05337605126836239]",101,131
netflix,"[0.6943650748294138, -0.05337605126836239]",102,132
netflix,"[0.6943650748294136, -0.05337605126836239]",103,133
netflix,"[0.6943650748294137, -0.053376051268362375]",104,134
netflix,"[0.5563486402641874, -0.05337605126836239]",105,135
netflix,"[0.5563486402641874, -0.06666666666666664]",106,136
netflix,"[0.5563486402641873, -0.06666666666666665]",107,137
netflix,"[0.5563486402641874, -0.06666666666666662]",108,138
netflix,"[0.5563486402641874, -0.06666666666666664]",109,139
netflix,"[0.5563486402641874, -0.06666666666666661]",110,140
netflix,"[0.5563486402641873, nan]",111,141
pfizer,"[0.6943650748294138, -0.05337605126836235]",122,152
pfizer,"[0.6943650748294137, -0.053376051268362375]",123,153
brexit,"[0.9999999999999999, nan]",43,73
brexit,"[1.0, -0.037037037037037035]",44,74
brexit,"[1.0, -0.03703703703703702]",45,75
brexit,"[1.0, -0.03703703703703702]",46,76
brexit,"[0.9999999999999998, -0.037037037037037035]",47,77
brexit,"[1.0, -0.03703703703703704]",48,78
brexit,"[0.6943650748294136, -0.05337605126836241]",49,79
brexit,"[0.6943650748294136, -0.05337605126836241]",50,80
brexit,"[0.6943650748294136, -0.0533760512683624]",51,81
brexit,"[0.6943650748294137, -0.053376051268362416]",52,82
brexit,"[0.6943650748294137, -0.053376051268362416]",53,83
brexit,"[0.6943650748294137, -0.053376051268362416]",54,84
brexit,"[0.6943650748294135, -0.0533760512683624]",55,85
brexit,"[0.6943650748294138, -0.0533760512683624]",56,86
brexit,"[0.6943650748294137, -0.05337605126836239]",57,87
brexit,"[0.6943650748294138, -0.053376051268362375]",58,88
brexit,"[0.6943650748294136, -0.053376051268362375]",59,89
brexit,"[0.6943650748294138, -0.053376051268362375]",60,90
brexit,"[0.6943650748294137, -0.053376051268362375]",61,91
brexit,"[0.6943650748294139, -0.053376051268362375]",62,92
brexit,"[0.6943650748294137, -0.053376051268362375]",63,93
brexit,"[0.6943650748294138, -0.053376051268362375]",64,94
brexit,"[0.6943650748294137, -0.053376051268362375]",65,95
brexit,"[0.6943650748294138, -0.053376051268362375]",66,96
brexit,"[0.6943650748294136, -0.053376051268362375]",67,97
brexit,"[0.6943650748294138, -0.053376051268362375]",68,98
brexit,"[0.6943650748294137, -0.053376051268362375]",69,99
brexit,"[0.6943650748294137, -0.053376051268362375]",70,100
brexit,"[0.6943650748294136, -0.037037037037037014]",71,101
boko haram,"[-0.07559289460184551, 0.5555555555555555]",5,35
boko haram,"[-0.0641940738766369, 0.5555555555555552]",6,36
betsy devos,"[0.3543917920327852, 0.5555555555555556]",5,35
betsy devos,"[0.6943650748294138, -0.053376051268362375]",58,88
betsy devos,"[0.6943650748294136, -0.05337605126836236]",59,89
betsy devos,"[0.6943650748294138, -0.053376051268362375]",60,90
betsy devos,"[0.6943650748294138, -0.05337605126836236]",61,91
betsy devos,"[0.6943650748294138, -0.053376051268362375]",62,92
betsy devos,"[0.6943650748294136, -0.05337605126836236]",63,93
betsy devos,"[0.6943650748294136, -0.05337605126836235]",64,94
betsy devos,"[0.6943650748294137, -0.053376051268362375]",65,95
betsy devos,"[0.6943650748294136, -0.053376051268362375]",66,96
betsy devos,"[0.6943650748294135, -0.05337605126836235]",67,97
betsy devos,"[0.6943650748294136, -0.05337605126836235]",68,98
betsy devos,"[0.6943650748294136, -0.053376051268362375]",69,99
betsy devos,"[0.6943650748294136, -0.053376051268362375]",70,100
betsy devos,"[0.6943650748294135, -0.03703703703703701]",71,101
al franken,"[1.0, nan]",17,47
al franken,"[0.5338577136668144, -0.037037037037037035]",18,48
al franken,"[0.5108853697297085, -0.052262270465755434]",19,49
al franken,"[0.5108853697297087, -0.06119900613621047]",20,50
al franken,"[0.5108853697297088, -0.06119900613621046]",21,51
al franken,"[0.5108853697297087, -0.061199006136210446]",22,52
al franken,"[0.5108853697297087, -0.06119900613621043]",23,53
al franken,"[0.5108853697297087, -0.06119900613621046]",24,54
al franken,"[0.5108853697297088, -0.061199006136210474]",25,55
al franken,"[0.5108853697297088, -0.06119900613621046]",26,56
al franken,"[0.5108853697297087, -0.06119900613621043]",27,57
al franken,"[0.5108853697297087, -0.061199006136210474]",28,58
al franken,"[0.5108853697297088, -0.061199006136210474]",29,59
al franken,"[0.5108853697297088, -0.061199006136210474]",30,60
al franken,"[0.5108853697297087, -0.061199006136210446]",31,61
al franken,"[0.5108853697297087, -0.061199006136210474]",32,62
al franken,"[0.5108853697297088, -0.06119900613621043]",33,63
al franken,"[0.5108853697297088, -0.06119900613621046]",34,64
al franken,"[0.5108853697297087, -0.06119900613621043]",35,65
al franken,"[0.5108853697297087, -0.06119900613621046]",36,66
al franken,"[0.5108853697297088, -0.06119900613621046]",37,67
al franken,"[0.5108853697297088, -0.06119900613621043]",38,68
al franken,"[0.5108853697297088, -0.06119900613621043]",39,69
al franken,"[0.5108853697297088, -0.06119900613621046]",40,70
al franken,"[0.5108853697297088, -0.06119900613621046]",41,71
al franken,"[0.5108853697297088, -0.06119900613621043]",42,72
al franken,"[0.5108853697297088, -0.06119900613621043]",43,73
al franken,"[0.5108853697297088, -0.06119900613621046]",44,74
al franken,"[0.5108853697297088, nan]",45,75
driver,"[0.9999999999999999, nan]",131,161
driver,"[1.0, -0.037037037037037035]",132,162
driver,"[0.6943650748294136, -0.0533760512683624]",133,163
driver,"[0.6943650748294136, -0.0533760512683624]",134,164
driver,"[0.6943650748294135, -0.0533760512683624]",135,165
driver,"[0.6943650748294136, -0.053376051268362416]",136,166
chinese authorities,"[-0.04861527926641232, 0.8911654477393957]",83,113
chinese authorities,"[-0.04861527926641234, 0.8911654477393954]",84,114
chinese authorities,"[-0.04861527926641231, 0.8911654477393954]",85,115
chinese authorities,"[-0.04861527926641232, 0.8911654477393954]",86,116
chinese authorities,"[-0.04861527926641233, 0.8911654477393955]",87,117
chinese authorities,"[-0.04861527926641232, 0.8911654477393955]",88,118
chinese authorities,"[-0.0486152792664123, 0.8911654477393954]",89,119
chinese authorities,"[-0.048615279266412306, 0.8911654477393953]",90,120
chinese authorities,"[-0.048615279266412306, 0.8911654477393954]",91,121
chinese authorities,"[-0.04861527926641231, 0.8911654477393953]",92,122
chinese authorities,"[-0.048615279266412285, 0.8911654477393953]",93,123
chinese authorities,"[-0.04861527926641231, 0.8911654477393951]",94,124
chinese authorities,"[-0.04861527926641233, 0.8911654477393954]",95,125
chinese authorities,"[-0.04861527926641233, 0.8911654477393952]",96,126
chinese authorities,"[-0.0486152792664123, 0.8911654477393953]",97,127
chinese authorities,"[-0.04861527926641231, 0.8911654477393951]",98,128
chinese authorities,"[-0.07001400420140047, 0.8911654477393953]",99,129
chinese authorities,"[-0.07001400420140047, 0.6058047645908206]",100,130
chinese authorities,"[-0.07001400420140048, 0.6938886664887108]",101,131
chinese authorities,"[-0.0641940738766369, 0.6938886664887108]",102,132
chinese authorities,"[-0.06419407387663689, 0.5555555555555554]",103,133
chinese authorities,"[-0.06419407387663689, 0.5555555555555554]",104,134
chinese authorities,"[-0.06419407387663689, 0.5555555555555554]",105,135
chinese authorities,"[-0.06419407387663689, 0.5555555555555554]",106,136
chinese authorities,"[-0.07559289460184546, 0.5555555555555554]",107,137
rudy giuliani,"[-0.05143444998736398, 0.6938886664887108]",0,30
rudy giuliani,"[-0.05143444998736392, 0.6938886664887107]",1,31
rudy giuliani,"[-0.05143444998736392, 0.6938886664887108]",2,32
rudy giuliani,"[-0.05143444998736392, 0.6938886664887108]",3,33
rudy giuliani,"[-0.051434449987363955, 0.6938886664887108]",4,34
rudy giuliani,"[-0.05143444998736397, 0.6938886664887106]",5,35
rudy giuliani,"[-0.05143444998736392, 0.6938886664887107]",6,36
rudy giuliani,"[-0.05143444998736397, 0.6938886664887108]",7,37
rudy giuliani,"[-0.05143444998736397, 0.6938886664887108]",8,38
rudy giuliani,"[-0.05143444998736397, 0.6938886664887106]",9,39
rudy giuliani,"[-0.05143444998736397, 0.6938886664887107]",10,40
rudy giuliani,"[-0.05143444998736397, 0.6938886664887108]",11,41
rudy giuliani,"[-0.05143444998736397, 0.6938886664887108]",12,42
rudy giuliani,"[-0.05143444998736397, 0.6938886664887107]",13,43
rudy giuliani,"[-0.05143444998736395, 0.693888666488711]",89,119
rudy giuliani,"[-0.05143444998736395, 0.693888666488711]",90,120
rudy giuliani,"[-0.05143444998736394, 0.693888666488711]",91,121
rudy giuliani,"[-0.051434449987363934, 0.6938886664887108]",92,122
rudy giuliani,"[-0.05143444998736394, 0.693888666488711]",93,123
rudy giuliani,"[-0.051434449987363955, 0.693888666488711]",94,124
rudy giuliani,"[-0.0641940738766369, 0.5555555555555556]",95,125
rudy giuliani,"[-0.0641940738766369, 0.5555555555555555]",96,126
rudy giuliani,"[-0.06419407387663692, 0.5555555555555555]",97,127
rudy giuliani,"[-0.0641940738766369, 0.5555555555555555]",98,128
rudy giuliani,"[-0.07559289460184553, 0.5555555555555555]",113,143
rudy giuliani,"[-0.06419407387663688, 0.5555555555555555]",114,144
rudy giuliani,"[-0.06419407387663689, 0.5555555555555555]",115,145
rudy giuliani,"[-0.06419407387663688, 0.5555555555555555]",116,146
arsonist,"[-0.05143444998736396, 0.6938886664887111]",0,30
arsonist,"[-0.05143444998736395, 0.693888666488711]",1,31
arsonist,"[-0.05143444998736395, 0.693888666488711]",2,32
arsonist,"[-0.05143444998736395, 0.693888666488711]",3,33
arsonist,"[-0.05143444998736394, 0.6938886664887111]",4,34
arsonist,"[-0.05143444998736397, 0.6938886664887108]",5,35
arsonist,"[-0.05143444998736397, 0.693888666488711]",6,36
arsonist,"[-0.051434449987363934, 0.693888666488711]",7,37
arsonist,"[-0.051434449987363934, 0.6938886664887111]",8,38
arsonist,"[-0.051434449987363955, 0.9999999999999993]",9,39
arsonist,"[-0.035714285714285726, 0.9999999999999994]",10,40
arsonist,"[-0.035714285714285726, 0.9999999999999992]",11,41
arsonist,"[-0.035714285714285726, 0.9999999999999992]",12,42
arsonist,"[-0.035714285714285726, 0.999999999999999]",13,43
arsonist,"[-0.051434449987363934, 0.9999999999999994]",14,44
arsonist,"[-0.05143444998736393, 0.6938886664887108]",15,45
arsonist,"[-0.05143444998736393, 0.6938886664887108]",16,46
arsonist,"[-0.05143444998736392, 0.6938886664887108]",17,47
arsonist,"[-0.05143444998736392, 0.6938886664887108]",18,48
arsonist,"[-0.051434449987363906, 0.6938886664887108]",19,49
arsonist,"[-0.051434449987363906, 0.6938886664887108]",20,50
larry nassar,"[0.8912801198842262, -0.03703703703703705]",21,51
larry nassar,"[0.811869452087756, -0.05044332723053183]",22,52
larry nassar,"[0.811869452087756, -0.062439054105446284]",23,53
larry nassar,"[0.811869452087756, -0.06243905410544629]",24,54
larry nassar,"[0.811869452087756, -0.06243905410544628]",25,55
larry nassar,"[0.8118694520877558, -0.06243905410544628]",26,56
larry nassar,"[0.8118694520877558, -0.062439054105446264]",27,57
larry nassar,"[0.8118694520877557, -0.06243905410544629]",28,58
larry nassar,"[0.8118694520877558, -0.06243905410544629]",29,59
larry nassar,"[0.8118694520877558, -0.062439054105446305]",30,60
larry nassar,"[0.8118694520877558, -0.062439054105446305]",31,61
larry nassar,"[0.8118694520877558, -0.06243905410544632]",32,62
larry nassar,"[0.811869452087756, -0.06243905410544632]",33,63
larry nassar,"[0.8118694520877558, -0.06243905410544633]",34,64
larry nassar,"[0.8118694520877557, -0.062439054105446305]",35,65
larry nassar,"[0.8118694520877557, -0.06243905410544635]",36,66
larry nassar,"[0.8118694520877557, -0.06243905410544633]",37,67
larry nassar,"[0.8118694520877557, -0.06243905410544633]",38,68
larry nassar,"[0.8912801198842267, -0.050443327230531784]",39,69
larry nassar,"[0.8912801198842267, -0.0504433272305318]",40,70
larry nassar,"[0.891280119884227, -0.05044332723053177]",41,71
larry nassar,"[0.8912801198842268, -0.0504433272305318]",42,72
larry nassar,"[0.8912801198842268, -0.05044332723053177]",43,73
larry nassar,"[0.8912801198842268, -0.0504433272305318]",44,74
larry nassar,"[0.8912801198842271, -0.05044332723053177]",45,75
larry nassar,"[0.8912801198842268, -0.0504433272305318]",46,76
larry nassar,"[0.8912801198842268, -0.05044332723053177]",47,77
larry nassar,"[0.8912801198842268, -0.0504433272305318]",48,78
larry nassar,"[0.8912801198842271, nan]",49,79
mike pompeo,"[0.6943650748294136, nan]",75,105
mike pompeo,"[0.6943650748294136, -0.053376051268362396]",76,106
mike pompeo,"[0.6943650748294135, -0.03703703703703702]",77,107
mike pompeo,"[1.0, -0.03703703703703702]",78,108
mike pompeo,"[0.9999999999999998, -0.037037037037037035]",79,109
mike pompeo,"[1.0, -0.03703703703703704]",80,110
mike pompeo,"[0.6943650748294136, -0.03703703703703704]",81,111
mike pompeo,"[0.6943650748294136, -0.053376051268362396]",82,112
mike pompeo,"[0.6943650748294136, -0.05337605126836241]",83,113
mike pompeo,"[0.6943650748294137, -0.053376051268362416]",84,114
mike pompeo,"[0.6943650748294137, -0.053376051268362416]",85,115
mike pompeo,"[0.6943650748294137, -0.0533760512683624]",86,116
mike pompeo,"[0.6943650748294135, -0.053376051268362416]",87,117
mike pompeo,"[0.6943650748294138, -0.0533760512683624]",88,118
mike pompeo,"[0.6943650748294137, -0.05337605126836239]",89,119
mike pompeo,"[0.6943650748294138, -0.05337605126836239]",90,120
mike pompeo,"[0.6943650748294136, -0.05337605126836239]",91,121
mike pompeo,"[0.6943650748294138, -0.053376051268362375]",92,122
mike pompeo,"[0.6943650748294137, -0.05337605126836236]",93,123
mike pompeo,"[0.6943650748294139, -0.053376051268362375]",94,124
mike pompeo,"[0.6943650748294137, -0.053376051268362375]",95,125
mike pompeo,"[0.6943650748294138, -0.053376051268362375]",96,126
mike pompeo,"[0.6943650748294137, -0.053376051268362375]",97,127
mike pompeo,"[0.6943650748294138, -0.053376051268362375]",98,128
mike pompeo,"[0.6943650748294136, -0.053376051268362375]",99,129
mike pompeo,"[0.6943650748294138, -0.053376051268362375]",100,130
mike pompeo,"[0.6943650748294137, -0.053376051268362375]",101,131
mike pompeo,"[0.6943650748294137, -0.053376051268362375]",102,132
brett kavanaugh,"[-0.06290427967469975, 0.6660552088156935]",37,67
brett kavanaugh,"[-0.07354929694011465, 0.6660552088156934]",38,68
suspects,"[-0.09245003270420489, 0.5555555555555554]",106,136
suspects,"[-0.06419407387663689, 0.5555555555555554]",107,137
suspects,"[-0.06419407387663689, 0.5555555555555552]",108,138
suspects,"[-0.06419407387663689, 0.5555555555555554]",109,139
suspects,"[-0.06419407387663688, 0.5555555555555552]",110,140
suspects,"[-0.06419407387663685, 0.5555555555555552]",111,141
suspects,"[-0.05143444998736398, 0.693888666488711]",112,142
suspects,"[-0.051434449987363906, 0.6938886664887108]",113,143
suspects,"[-0.05143444998736397, 0.6938886664887108]",114,144
espn,"[0.6943650748294136, 0.693888666488711]",0,30
espn,"[0.6943650748294137, 0.693888666488711]",1,31
espn,"[0.5563486402641871, 0.6938886664887108]",2,32
espn,"[0.556348640264187, 0.5555555555555555]",3,33
espn,"[0.5563486402641871, 0.5555555555555555]",4,34
espn,"[0.5563486402641872, 0.5555555555555555]",5,35
espn,"[0.5563486402641872, 0.5555555555555554]",6,36
espn,"[0.5563486402641872, 0.5555555555555555]",7,37
espn,"[0.5563486402641873, 0.5555555555555554]",8,38
espn,"[0.5563486402641873, 0.5555555555555554]",9,39
espn,"[0.472455591261534, 0.5555555555555554]",10,40
espn,"[0.5563486402641873, nan]",23,53
insurance companies,"[0.5563486402641871, -0.06666666666666664]",10,40
insurance companies,"[0.5563486402641872, -0.06666666666666662]",11,41
insurance companies,"[0.5563486402641872, -0.06666666666666662]",12,42
insurance companies,"[0.5563486402641873, -0.0666666666666666]",13,43
insurance companies,"[0.5563486402641873, -0.0666666666666666]",14,44
insurance companies,"[0.5563486402641873, -0.0666666666666666]",15,45
insurance companies,"[0.5563486402641873, -0.0666666666666666]",16,46
insurance companies,"[0.5563486402641874, -0.0666666666666666]",17,47
insurance companies,"[0.5563486402641873, -0.06666666666666661]",18,48
insurance companies,"[0.5563486402641873, -0.0666666666666666]",19,49
insurance companies,"[0.5563486402641873, -0.0666666666666666]",20,50
insurance companies,"[0.5563486402641874, -0.05337605126836236]",21,51
insurance companies,"[0.6943650748294137, -0.053376051268362375]",22,52
insurance companies,"[0.6943650748294137, -0.03703703703703702]",23,53
insurance companies,"[1.0, -0.037037037037037014]",24,54
insurance companies,"[0.9999999999999999, -0.037037037037037014]",25,55
insurance companies,"[1.0, -0.03703703703703702]",26,56
insurance companies,"[1.0, -0.03703703703703702]",27,57
insurance companies,"[1.0, -0.037037037037037014]",28,58
insurance companies,"[0.9999999999999999, nan]",29,59
kevin spacey,"[0.6943650748294136, nan]",15,45
roger stone,"[-0.05143444998736396, 0.6938886664887111]",43,73
roger stone,"[-0.05143444998736396, 0.693888666488711]",44,74
roger stone,"[-0.07407407407407407, 0.693888666488711]",45,75
roger stone,"[-0.09245003270420483, 0.5555555555555554]",61,91
roger stone,"[-0.0641940738766369, 0.5555555555555554]",62,92
roger stone,"[-0.06419407387663688, 0.5555555555555554]",63,93
roger stone,"[-0.06419407387663688, 0.5555555555555554]",64,94
roger stone,"[-0.06419407387663688, 0.5555555555555554]",65,95
roger stone,"[-0.0641940738766369, 0.5555555555555554]",66,96
roger stone,"[-0.06419407387663688, 0.5555555555555554]",67,97
roger stone,"[-0.06419407387663688, 0.5555555555555554]",68,98
roger stone,"[-0.06419407387663688, 0.5555555555555552]",69,99
roger stone,"[-0.06419407387663689, 0.5555555555555552]",70,100
bashar al-assad,"[-0.06419407387663692, 0.5555555555555556]",0,30
bashar al-assad,"[-0.0641940738766369, 0.5555555555555555]",1,31
bashar al-assad,"[-0.07559289460184547, 0.5555555555555556]",2,32
jeffrey epstein,"[-0.03571428571428572, 1.0]",77,107
jeffrey epstein,"[-0.03571428571428572, 0.9999999999999998]",78,108
jeffrey epstein,"[-0.035714285714285726, 0.9999999999999998]",79,109
jeffrey epstein,"[-0.03571428571428572, 0.9999999999999997]",80,110
jeffrey epstein,"[-0.03571428571428572, 0.9999999999999999]",81,111
jeffrey epstein,"[-0.05143444998736395, 0.9999999999999999]",82,112
jeffrey epstein,"[-0.05143444998736394, 0.693888666488711]",83,113
jeffrey epstein,"[-0.05143444998736394, 0.6938886664887108]",84,114
jeffrey epstein,"[-0.05143444998736393, 0.693888666488711]",85,115
jeffrey epstein,"[-0.051434449987363934, 0.693888666488711]",86,116
jeffrey epstein,"[-0.051434449987363934, 0.693888666488711]",87,117
jeffrey epstein,"[-0.05143444998736399, 0.6938886664887108]",88,118
jeffrey epstein,"[-0.05143444998736392, 0.6938886664887108]",89,119
jeffrey epstein,"[-0.05143444998736398, 0.6938886664887108]",90,120
jeffrey epstein,"[-0.05143444998736392, 0.6938886664887108]",91,121
jeffrey epstein,"[-0.05143444998736397, 0.6938886664887107]",92,122
jeffrey epstein,"[-0.05143444998736392, 0.6938886664887108]",93,123
jeffrey epstein,"[-0.051434449987363955, 0.6938886664887108]",94,124
jeffrey epstein,"[-0.05143444998736392, 0.6938886664887108]",95,125
jeffrey epstein,"[-0.051434449987363955, 0.6938886664887108]",96,126
jeffrey epstein,"[-0.05143444998736392, 0.6938886664887108]",97,127
jeffrey epstein,"[-0.051434449987363955, 0.693888666488711]",98,128
jeffrey epstein,"[-0.051434449987363906, 0.6938886664887108]",99,129
jeffrey epstein,"[-0.051434449987363955, 0.6938886664887108]",100,130
jeffrey epstein,"[-0.051434449987363955, 0.6938886664887108]",101,131
jeffrey epstein,"[-0.051434449987363955, 0.693888666488711]",102,132
jeffrey epstein,"[-0.051434449987363955, 0.6938886664887108]",103,133
jeffrey epstein,"[-0.051434449987363955, 0.6938886664887108]",104,134
nikolas cruz,"[0.6943650748294136, nan]",23,53
nikolas cruz,"[0.6943650748294136, -0.053376051268362375]",50,80
nikolas cruz,"[0.6943650748294135, nan]",51,81
kremlin,"[-0.03571428571428572, 1.0]",23,53
kremlin,"[-0.03571428571428572, 0.9999999999999998]",24,54
kremlin,"[-0.035714285714285726, 0.9999999999999998]",25,55
kremlin,"[-0.03571428571428572, 0.9999999999999997]",26,56
kremlin,"[-0.05143444998736395, 0.693888666488711]",27,57
kremlin,"[-0.05143444998736394, 0.693888666488711]",28,58
kremlin,"[-0.05143444998736394, 0.693888666488711]",29,59
kremlin,"[-0.05143444998736393, 0.6938886664887108]",30,60
kremlin,"[-0.051434449987363934, 0.693888666488711]",31,61
kremlin,"[-0.05143444998736395, 0.693888666488711]",32,62
kremlin,"[-0.051434449987363934, 0.693888666488711]",33,63
kremlin,"[-0.05143444998736392, 0.6938886664887108]",34,64
kremlin,"[-0.051434449987363934, 0.6938886664887108]",35,65
kremlin,"[-0.051434449987363934, 0.6938886664887108]",36,66
kremlin,"[-0.05143444998736392, 0.6938886664887108]",37,67
kremlin,"[-0.05143444998736392, 0.6938886664887107]",38,68
kremlin,"[-0.051434449987363934, 0.6938886664887108]",39,69
kremlin,"[-0.051434449987363934, 0.6938886664887108]",40,70
kremlin,"[-0.05143444998736392, 0.6938886664887108]",41,71
kremlin,"[-0.05143444998736392, 0.6938886664887108]",42,72
kremlin,"[-0.05143444998736392, 0.6938886664887108]",43,73
kremlin,"[-0.05143444998736392, 0.6938886664887108]",44,74
kremlin,"[-0.05143444998736392, 0.6938886664887108]",45,75
kremlin,"[-0.05143444998736394, 0.6938886664887108]",46,76
kremlin,"[-0.05143444998736392, 0.6938886664887108]",47,77
kremlin,"[-0.0740740740740741, 0.6938886664887108]",48,78
fifa,"[-0.05143444998736397, 0.6938886664887111]",138,168
william barr,"[-0.07001400420140048, 0.6058047645908206]",51,81
william barr,"[-0.07001400420140048, 0.6058047645908206]",52,82
william barr,"[-0.0700140042014005, 0.6058047645908206]",53,83
william barr,"[-0.0700140042014005, 0.6058047645908207]",54,84
william barr,"[-0.07001400420140051, 0.6058047645908207]",55,85
william barr,"[-0.07001400420140051, 0.6058047645908207]",56,86
william barr,"[-0.07001400420140051, 0.6058047645908207]",57,87
william barr,"[-0.07001400420140051, 0.6058047645908207]",58,88
william barr,"[-0.07001400420140053, 0.6058047645908207]",59,89
william barr,"[-0.07001400420140053, 0.6058047645908207]",60,90
william barr,"[-0.07001400420140053, 0.6058047645908207]",61,91
william barr,"[-0.07001400420140053, 0.6058047645908207]",62,92
william barr,"[-0.07001400420140053, 0.6058047645908208]",63,93
william barr,"[-0.07001400420140054, 0.6058047645908209]",64,94
william barr,"[-0.07001400420140054, 0.6058047645908209]",65,95
william barr,"[-0.07001400420140054, 0.6058047645908208]",66,96
william barr,"[-0.07001400420140054, 0.6058047645908208]",67,97
william barr,"[-0.07001400420140055, 0.6058047645908209]",68,98
william barr,"[-0.07001400420140054, 0.6058047645908209]",69,99
william barr,"[-0.07001400420140054, 0.8911654477393951]",70,100
william barr,"[-0.04861527926641233, 0.8911654477393952]",71,101
william barr,"[-0.04861527926641233, 0.8911654477393952]",72,102
william barr,"[-0.04861527926641233, 0.8911654477393952]",73,103
william barr,"[-0.04861527926641233, 0.8911654477393951]",74,104
william barr,"[-0.0486152792664123, 0.8911654477393952]",75,105
william barr,"[-0.03571428571428573, 0.9999999999999991]",76,106
william barr,"[-0.03571428571428573, 0.9999999999999991]",77,107
matt hancock,"[0.6943650748294136, -0.053376051268362354]",119,149
matt hancock,"[0.6943650748294137, -0.05337605126836236]",120,150
matt hancock,"[0.6943650748294138, -0.05337605126836236]",121,151
matt hancock,"[0.6943650748294138, -0.05337605126836236]",122,152
matt hancock,"[0.6943650748294136, -0.053376051268362375]",123,153
matt hancock,"[0.6943650748294136, -0.05337605126836236]",124,154
matt hancock,"[0.5563486402641874, -0.05337605126836236]",125,155
matt hancock,"[0.5563486402641874, -0.06666666666666664]",126,156
matt hancock,"[0.5563486402641873, -0.06666666666666665]",127,157
matt hancock,"[0.5563486402641874, -0.06666666666666664]",128,158
matt hancock,"[0.5563486402641874, -0.06666666666666662]",129,159
matt hancock,"[0.5563486402641874, -0.06666666666666661]",130,160
matt hancock,"[0.5563486402641873, nan]",131,161
john kasich,"[0.6943650748294137, -0.0533760512683624]",2,32
john kasich,"[0.6943650748294135, -0.03703703703703702]",3,33
monsanto,"[-0.035714285714285726, 0.999999999999999]",0,30
monsanto,"[-0.035714285714285726, 0.9999999999999994]",1,31
monsanto,"[-0.03571428571428573, 0.9999999999999992]",2,32
monsanto,"[-0.03571428571428573, 0.9999999999999992]",3,33
monsanto,"[-0.03571428571428573, 0.999999999999999]",4,34
monsanto,"[-0.03571428571428573, 0.9999999999999991]",5,35
monsanto,"[-0.05143444998736392, 0.9999999999999991]",6,36
monsanto,"[-0.05143444998736391, 0.6938886664887108]",7,37
monsanto,"[-0.05143444998736399, 0.6938886664887108]",8,38
monsanto,"[-0.051434449987363996, 0.6938886664887108]",9,39
monsanto,"[-0.051434449987363996, 0.6938886664887108]",10,40
monsanto,"[-0.051434449987363906, 0.6938886664887108]",11,41
monsanto,"[-0.051434449987363996, 0.6938886664887108]",12,42
richard spencer,"[0.5563486402641873, -0.06666666666666662]",17,47
richard spencer,"[0.5563486402641873, -0.0666666666666666]",18,48
richard spencer,"[0.5563486402641873, -0.06666666666666658]",19,49
richard spencer,"[0.5563486402641873, -0.06666666666666661]",20,50
richard spencer,"[0.5563486402641873, -0.053376051268362375]",21,51
richard spencer,"[0.6943650748294138, -0.053376051268362375]",22,52
richard spencer,"[0.6943650748294136, -0.05337605126836236]",23,53
richard spencer,"[0.6943650748294136, -0.05337605126836236]",24,54
richard spencer,"[0.6943650748294137, -0.053376051268362375]",25,55
richard spencer,"[0.6943650748294136, -0.053376051268362375]",26,56
richard spencer,"[0.6943650748294135, -0.05337605126836236]",27,57
richard spencer,"[0.6943650748294136, -0.05337605126836235]",28,58
richard spencer,"[0.6943650748294137, -0.053376051268362375]",29,59
richard spencer,"[0.6943650748294136, -0.053376051268362375]",30,60
richard spencer,"[0.6943650748294135, -0.03703703703703701]",31,61
anonymous,"[-0.051434449987363955, 0.6938886664887112]",35,65
anonymous,"[-0.03571428571428572, 0.9999999999999998]",36,66
anonymous,"[-0.035714285714285726, 0.9999999999999998]",37,67
anonymous,"[-0.03571428571428572, 0.9999999999999997]",38,68
anonymous,"[-0.03571428571428572, 0.9999999999999999]",39,69
anonymous,"[-0.035714285714285726, 0.9999999999999999]",40,70
anonymous,"[-0.035714285714285726, 0.9999999999999998]",41,71
anonymous,"[-0.03571428571428572, 0.9999999999999996]",42,72
anonymous,"[-0.03571428571428572, 0.9999999999999997]",43,73
anonymous,"[-0.035714285714285726, 0.9999999999999997]",44,74
anonymous,"[-0.035714285714285726, 0.9999999999999997]",45,75
anonymous,"[-0.03571428571428572, 0.9999999999999993]",46,76
anonymous,"[-0.05143444998736398, 0.6938886664887108]",47,77
anonymous,"[-0.05143444998736393, 0.6938886664887108]",48,78
anonymous,"[-0.05143444998736393, 0.6938886664887108]",49,79
anonymous,"[-0.05143444998736392, 0.6938886664887107]",50,80
anonymous,"[-0.05143444998736392, 0.6938886664887108]",51,81
anonymous,"[-0.05143444998736394, 0.6938886664887108]",52,82
anonymous,"[-0.05143444998736392, 0.6938886664887108]",53,83
anonymous,"[-0.05143444998736392, 0.6938886664887108]",54,84
anonymous,"[-0.05143444998736392, 0.6938886664887108]",55,85
anonymous,"[-0.051434449987363906, 0.6938886664887108]",56,86
anonymous,"[-0.051434449987363906, 0.6938886664887108]",57,87
anonymous,"[-0.05143444998736397, 0.6938886664887108]",58,88
anonymous,"[-0.051434449987363906, 0.6938886664887108]",59,89
anonymous,"[-0.05143444998736392, 0.6938886664887108]",60,90
anonymous,"[-0.051434449987363906, 0.6938886664887108]",61,91
anonymous,"[-0.051434449987363955, 0.6938886664887108]",62,92
anthony scaramucci,"[0.9999999999999999, nan]",9,39
roy moore,"[-0.05143444998736395, 0.693888666488711]",17,47
roy moore,"[-0.06013847793242638, 0.693888666488711]",18,48
roy moore,"[-0.0866093069948841, 0.8548504142651105]",19,49
roy moore,"[-0.0866093069948841, 0.8548504142651107]",20,50
roy moore,"[-0.0866093069948841, 0.8548504142651107]",21,51
roy moore,"[-0.0866093069948841, 0.8548504142651107]",22,52
roy moore,"[-0.0866093069948841, 0.8548504142651105]",23,53
roy moore,"[-0.0866093069948841, 0.8548504142651108]",24,54
roy moore,"[-0.08660930699488409, 0.8548504142651107]",25,55
roy moore,"[-0.0866093069948841, 0.8548504142651109]",26,56
roy moore,"[-0.08660930699488409, 0.8548504142651108]",27,57
roy moore,"[-0.08660930699488412, 0.854850414265111]",28,58
roy moore,"[-0.08660930699488409, 0.8548504142651109]",29,59
roy moore,"[-0.0866093069948841, 0.8548504142651111]",30,60
roy moore,"[-0.0866093069948841, 0.854850414265111]",31,61
roy moore,"[-0.08660930699488412, 0.8548504142651114]",32,62
roy moore,"[-0.08660930699488409, 0.854850414265111]",33,63
roy moore,"[-0.08660930699488409, 0.8548504142651114]",34,64
roy moore,"[-0.08660930699488409, 0.854850414265111]",35,65
roy moore,"[-0.08660930699488414, 0.8548504142651114]",36,66
roy moore,"[-0.08660930699488409, 0.854850414265111]",37,67
roy moore,"[-0.08660930699488409, 0.8548504142651114]",38,68
roy moore,"[-0.08660930699488409, 0.8548504142651113]",39,69
roy moore,"[-0.08660930699488409, 0.8548504142651114]",40,70
roy moore,"[-0.08660930699488409, 0.854850414265111]",41,71
roy moore,"[-0.07001400420140054, 0.9450554327616804]",42,72
roy moore,"[-0.07001400420140054, 0.9450554327616804]",43,73
roy moore,"[-0.07001400420140054, 0.9450554327616804]",44,74
roy moore,"[-0.051434449987363955, 0.9999999999999991]",45,75
roy moore,"[-0.03571428571428572, 0.9999999999999989]",46,76
the coronavirus pandemic,"[-0.03571428571428572, 1.0]",75,105
the coronavirus pandemic,"[-0.03571428571428572, 0.9999999999999998]",76,106
the coronavirus pandemic,"[-0.035714285714285726, 0.9999999999999998]",77,107
the coronavirus pandemic,"[-0.03571428571428572, 0.9999999999999997]",78,108
the coronavirus pandemic,"[-0.03571428571428572, 0.9999999999999999]",79,109
the coronavirus pandemic,"[-0.035714285714285726, 0.9999999999999999]",80,110
the coronavirus pandemic,"[-0.035714285714285726, 0.9999999999999998]",81,111
the coronavirus pandemic,"[-0.03571428571428572, 0.9999999999999996]",82,112
the coronavirus pandemic,"[-0.03571428571428572, 0.9999999999999997]",83,113
the coronavirus pandemic,"[-0.035714285714285726, 0.9999999999999997]",84,114
the coronavirus pandemic,"[-0.035714285714285726, 0.9999999999999997]",85,115
the coronavirus pandemic,"[-0.051434449987363934, 0.6938886664887108]",86,116
the coronavirus pandemic,"[-0.05143444998736393, 0.6938886664887108]",87,117
the coronavirus pandemic,"[-0.05143444998736393, 0.6938886664887108]",88,118
the coronavirus pandemic,"[-0.0641940738766369, 0.5555555555555554]",89,119
the coronavirus pandemic,"[-0.06419407387663689, 0.5555555555555554]",90,120
the coronavirus pandemic,"[-0.0641940738766369, 0.5555555555555555]",91,121
the coronavirus pandemic,"[-0.0641940738766369, 0.5555555555555554]",92,122
delta variant,"[-0.05143444998736394, 0.693888666488711]",105,135
delta variant,"[-0.05143444998736394, 0.693888666488711]",106,136
delta variant,"[-0.05143444998736394, 0.6938886664887108]",107,137
delta variant,"[-0.051434449987363934, 0.6938886664887108]",108,138
delta variant,"[-0.051434449987363934, 0.693888666488711]",109,139
delta variant,"[-0.051434449987363934, 0.693888666488711]",110,140
delta variant,"[-0.05143444998736399, 0.693888666488711]",111,141
delta variant,"[-0.051434449987363934, 0.6938886664887108]",112,142
delta variant,"[-0.05143444998736398, 0.693888666488711]",113,143
delta variant,"[-0.051434449987363934, 0.693888666488711]",114,144
delta variant,"[-0.05143444998736397, 0.693888666488711]",115,145
delta variant,"[-0.05143444998736392, 0.6938886664887108]",116,146
delta variant,"[-0.051434449987363955, 0.6938886664887108]",117,147
delta variant,"[-0.05143444998736392, 0.693888666488711]",118,148
delta variant,"[-0.051434449987363955, 0.6938886664887108]",119,149
delta variant,"[-0.05143444998736392, 0.6938886664887108]",120,150
delta variant,"[-0.051434449987363955, 0.6938886664887108]",121,151
delta variant,"[-0.05143444998736392, 0.693888666488711]",122,152
delta variant,"[-0.051434449987363955, 0.6938886664887108]",123,153
delta variant,"[-0.05143444998736392, 0.6938886664887108]",124,154
delta variant,"[-0.051434449987363955, 0.6938886664887108]",125,155
delta variant,"[-0.051434449987363955, 0.693888666488711]",126,156
delta variant,"[-0.051434449987363955, 0.6938886664887108]",127,157
delta variant,"[-0.05143444998736394, 0.6938886664887108]",128,158
delta variant,"[-0.051434449987363955, 0.6938886664887108]",129,159
delta variant,"[-0.051434449987363955, 0.693888666488711]",130,160
delta variant,"[-0.051434449987363955, 0.9999999999999991]",131,161
delta variant,"[-0.03571428571428572, 0.9999999999999989]",132,162
eric schneiderman,"[0.9999999999999999, nan]",43,73
eric schneiderman,"[1.0, -0.037037037037037035]",44,74
eric schneiderman,"[1.0, -0.03703703703703702]",45,75
eric schneiderman,"[1.0, -0.03703703703703702]",46,76
eric schneiderman,"[0.9999999999999998, -0.037037037037037035]",47,77
eric schneiderman,"[1.0, -0.03703703703703704]",48,78
eric schneiderman,"[1.0, -0.03703703703703704]",49,79
eric schneiderman,"[1.0, -0.037037037037037035]",50,80
eric schneiderman,"[0.9999999999999999, -0.03703703703703703]",51,81
eric schneiderman,"[1.0, -0.03703703703703704]",52,82
eric schneiderman,"[1.0, -0.03703703703703704]",53,83
eric schneiderman,"[1.0, -0.037037037037037035]",54,84
eric schneiderman,"[1.0, -0.03703703703703703]",55,85
eric schneiderman,"[1.0, -0.03703703703703703]",56,86
eric schneiderman,"[1.0, -0.03703703703703702]",57,87
eric schneiderman,"[1.0, -0.037037037037037014]",58,88
eric schneiderman,"[1.0, -0.03703703703703702]",59,89
eric schneiderman,"[1.0, -0.03703703703703703]",60,90
eric schneiderman,"[1.0, -0.03703703703703702]",61,91
eric schneiderman,"[1.0, -0.037037037037037014]",62,92
eric schneiderman,"[1.0, -0.037037037037037014]",63,93
eric schneiderman,"[1.0, -0.03703703703703702]",64,94
eric schneiderman,"[1.0, -0.03703703703703702]",65,95
eric schneiderman,"[1.0, -0.037037037037037014]",66,96
eric schneiderman,"[0.9999999999999999, -0.037037037037037014]",67,97
eric schneiderman,"[1.0, -0.03703703703703702]",68,98
eric schneiderman,"[1.0, -0.03703703703703702]",69,99
eric schneiderman,"[1.0, -0.037037037037037014]",70,100
eric schneiderman,"[0.9999999999999999, nan]",71,101
texas,"[0.9999999999999999, nan]",9,39
texas,"[1.0, -0.037037037037037035]",10,40
texas,"[1.0, -0.03703703703703702]",11,41
texas,"[1.0, -0.03703703703703702]",12,42
texas,"[0.9999999999999998, -0.037037037037037035]",13,43
texas,"[1.0, -0.03703703703703704]",14,44
texas,"[1.0, -0.03703703703703704]",15,45
texas,"[1.0, -0.037037037037037035]",16,46
texas,"[0.9999999999999999, -0.03703703703703703]",17,47
texas,"[1.0, -0.03703703703703704]",18,48
texas,"[1.0, -0.03703703703703704]",19,49
texas,"[1.0, -0.037037037037037035]",20,50
texas,"[1.0, -0.03703703703703703]",21,51
texas,"[1.0, -0.03703703703703703]",22,52
texas,"[1.0, -0.03703703703703702]",23,53
texas,"[1.0, -0.037037037037037014]",24,54
texas,"[1.0, -0.03703703703703702]",25,55
texas,"[1.0, -0.03703703703703703]",26,56
texas,"[1.0, -0.03703703703703702]",27,57
texas,"[1.0, -0.037037037037037014]",28,58
texas,"[1.0, -0.037037037037037014]",29,59
texas,"[1.0, -0.03703703703703702]",30,60
texas,"[1.0, -0.03703703703703702]",31,61
texas,"[1.0, -0.037037037037037014]",32,62
texas,"[0.9999999999999999, -0.037037037037037014]",33,63
texas,"[1.0, -0.03703703703703702]",34,64
texas,"[1.0, -0.03703703703703702]",35,65
texas,"[1.0, -0.037037037037037014]",36,66
texas,"[0.9999999999999999, nan]",37,67
mayor bill de blasio,"[-0.06419407387663693, 0.5555555555555556]",103,133
mayor bill de blasio,"[-0.06419407387663693, 0.5555555555555556]",104,134
mayor bill de blasio,"[-0.06419407387663692, 0.5555555555555556]",105,135
mayor bill de blasio,"[-0.09245003270420483, 0.693888666488711]",106,136
mayor bill de blasio,"[-0.0740740740740741, 0.6938886664887108]",115,145
mayor bill de blasio,"[-0.05143444998736392, 0.6938886664887108]",116,146
mayor bill de blasio,"[-0.05143444998736392, 0.6938886664887108]",117,147
mayor bill de blasio,"[-0.051434449987363934, 0.6938886664887107]",118,148
mayor bill de blasio,"[-0.05143444998736392, 0.6938886664887108]",119,149
mayor bill de blasio,"[-0.05143444998736392, 0.6938886664887108]",120,150
mayor bill de blasio,"[-0.05143444998736392, 0.6938886664887108]",121,151
mayor bill de blasio,"[-0.051434449987363934, 0.6938886664887108]",122,152
mayor bill de blasio,"[-0.05143444998736392, 0.6938886664887108]",123,153
mayor bill de blasio,"[-0.05143444998736392, 0.6938886664887108]",124,154
mayor bill de blasio,"[-0.05143444998736392, 0.6938886664887108]",125,155
mayor bill de blasio,"[-0.05143444998736392, 0.6938886664887108]",126,156
mayor bill de blasio,"[-0.05143444998736394, 0.6938886664887108]",127,157
mayor bill de blasio,"[-0.05143444998736392, 0.6938886664887108]",128,158
mayor bill de blasio,"[-0.05143444998736392, 0.6938886664887108]",129,159
mayor bill de blasio,"[-0.05143444998736392, 0.6938886664887108]",130,160
liz truss,"[-0.060138477932426375, 0.8117077033708017]",134,164
liz truss,"[-0.060138477932426375, 0.8117077033708014]",135,165
liz truss,"[-0.06013847793242637, 0.8117077033708014]",136,166
liz truss,"[-0.060138477932426354, 0.8117077033708013]",137,167
liz truss,"[-0.060138477932426354, 0.8117077033708012]",138,168
