ted cruz,"[0.5080318444055723, 0.2734959775363525]",2,65
ted cruz,"[0.5435930168512629, -0.07270290898425981]",3,66
ron desantis,"[-0.08278009550982204, 0.532502931531203]",68,131
ron desantis,"[-0.08903488736334024, 0.5887508197220774]",69,132
ron desantis,"[-0.08159867484828061, 0.5686880634733928]",70,133
ron desantis,"[-0.08676264066772517, 0.550324579550235]",71,134
ron desantis,"[-0.08676264066772517, 0.5334307270380482]",72,135
ron desantis,"[-0.0867626406677252, 0.550324579550235]",73,136
ron desantis,"[-0.09176028371475312, 0.5334307270380481]",74,137
hillary clinton,"[0.5345275803154624, 0.24366116176787114]",4,67
hillary clinton,"[0.5265502183460422, 0.24366116176787114]",5,68
hillary clinton,"[0.5564739050565417, 0.25703197513463316]",6,69
hillary clinton,"[0.5564739050565418, 0.2570319751346332]",7,70
hillary clinton,"[0.5564739050565417, 0.310609642183717]",8,71
hillary clinton,"[0.6420802158544195, 0.310609642183717]",9,72
hillary clinton,"[0.6420802158544194, 0.31060964218371695]",10,73
hillary clinton,"[0.6777530672721632, 0.2127682128574873]",11,74
hillary clinton,"[0.8028616808095068, 0.2127682128574873]",12,75
hillary clinton,"[0.8128607459871489, 0.1772863050909655]",13,76
hillary clinton,"[0.8213845387979328, 0.1934959378542654]",14,77
hillary clinton,"[0.8107939450506255, 0.31176914536239825]",15,78
hillary clinton,"[0.652000880718062, 0.4207444141862916]",16,79
hillary clinton,"[0.652000880718062, 0.4207444141862917]",17,80
hillary clinton,"[0.7265272844857132, 0.4718173121147182]",18,81
hillary clinton,"[0.8329907402990738, nan]",19,82
boris johnson,"[0.5678066322126745, nan]",42,105
boris johnson,"[0.5678066322126745, -0.02936101097573518]",43,106
anthony fauci,"[0.7012868733182764, -0.016666666666666666]",42,105
jesus christ,"[0.7533909341871714, -0.032194475386927324]",0,63
jesus christ,"[0.7044305364001278, -0.032194475386927324]",1,64
nasa,"[0.5145796109827125, -0.045914088796864705]",42,105
nasa,"[0.5145796109827125, -0.04591408879686471]",43,106
nasa,"[0.5145796109827125, -0.04591408879686471]",44,107
nasa,"[0.5145796109827125, -0.04591408879686471]",45,108
nasa,"[0.5145796109827125, -0.04591408879686471]",46,109
nasa,"[0.5612319247942327, -0.039365426504409856]",47,110
lebron james,"[-0.028871523671830893, 0.5676462121975464]",61,124
lebron james,"[-0.028871523671830893, 0.5676462121975464]",62,125
lebron james,"[-0.033624131956954344, 0.5676462121975464]",63,126
lebron james,"[-0.028871523671830907, 0.5676462121975463]",72,135
lebron james,"[-0.028871523671830886, 0.5676462121975465]",73,136
lebron james,"[-0.0288715236718309, 0.5676462121975465]",74,137
lebron james,"[-0.028871523671830893, 0.5676462121975465]",75,138
lebron james,"[-0.028871523671830893, 0.5676462121975463]",76,139
tom brady,"[0.7012868733182757, -0.023769134427076396]",48,111
tom brady,"[0.7012868733182755, nan]",49,112
andrew cuomo,"[0.7012868733182767, -0.023769134427076417]",44,107
andrew cuomo,"[0.7012868733182767, -0.023769134427076417]",45,108
mitch mcconnell,"[-0.028871523671830886, 0.5676462121975465]",0,63
mitch mcconnell,"[-0.028871523671830886, 0.5676462121975465]",1,64
mitch mcconnell,"[-0.028871523671830886, 0.5676462121975465]",2,65
mitch mcconnell,"[-0.028871523671830886, 0.5676462121975465]",3,66
mitch mcconnell,"[-0.028871523671830886, 0.5676462121975464]",4,67
mitch mcconnell,"[-0.02887152367183088, 0.5676462121975466]",5,68
mitch mcconnell,"[-0.02887152367183088, 0.5676462121975465]",6,69
mitch mcconnell,"[-0.02887152367183088, 0.5676462121975466]",7,70
mitch mcconnell,"[-0.02887152367183088, 0.5676462121975465]",8,71
mitch mcconnell,"[-0.028871523671830872, 0.5676462121975466]",9,72
mitch mcconnell,"[-0.028871523671830872, 0.5676462121975465]",10,73
mitch mcconnell,"[-0.028871523671830872, 0.5676462121975466]",11,74
mitch mcconnell,"[-0.028871523671830872, 0.5676462121975465]",12,75
mitch mcconnell,"[-0.02887152367183088, 0.5676462121975465]",13,76
mitch mcconnell,"[-0.028871523671830886, 0.5676462121975464]",14,77
mitch mcconnell,"[-0.028871523671830886, 0.5676462121975465]",15,78
mitch mcconnell,"[-0.028871523671830886, 0.5676462121975464]",16,79
mitch mcconnell,"[-0.028871523671830886, 0.5676462121975465]",17,80
mitch mcconnell,"[-0.033624131956954344, 0.5676462121975464]",18,81
mitch mcconnell,"[-0.028871523671830907, 0.5676462121975464]",25,88
mitch mcconnell,"[-0.0288715236718309, 0.5676462121975464]",26,89
mitch mcconnell,"[-0.0288715236718309, 0.5676462121975464]",27,90
mitch mcconnell,"[-0.028871523671830893, 0.5676462121975464]",28,91
mitch mcconnell,"[-0.028871523671830893, 0.5676462121975464]",29,92
mitch mcconnell,"[-0.028871523671830886, 0.5676462121975464]",30,93
mitch mcconnell,"[-0.028871523671830886, 0.5676462121975464]",31,94
mitch mcconnell,"[-0.02887152367183088, 0.5676462121975464]",32,95
mitch mcconnell,"[-0.02887152367183088, 0.5676462121975464]",33,96
mitch mcconnell,"[-0.02887152367183088, 0.5676462121975463]",34,97
mitch mcconnell,"[-0.02887152367183088, 0.5676462121975464]",35,98
mitch mcconnell,"[-0.02887152367183088, 0.5676462121975464]",36,99
mitch mcconnell,"[-0.02887152367183088, 0.5676462121975464]",37,100
mitch mcconnell,"[-0.02887152367183088, 0.5676462121975463]",38,101
mitch mcconnell,"[-0.02887152367183088, 0.5676462121975464]",39,102
mitch mcconnell,"[-0.02887152367183088, 0.5676462121975463]",40,103
mitch mcconnell,"[-0.02887152367183088, 0.5676462121975464]",41,104
mitch mcconnell,"[-0.02887152367183088, 0.5676462121975463]",42,105
mitch mcconnell,"[-0.02337622911060922, 0.701189465598755]",43,106
mitch mcconnell,"[-0.023376229110609215, 0.7011894655987548]",44,107
paul ryan,"[-0.02887152367183088, 0.5676462121975464]",29,92
paul ryan,"[-0.02887152367183088, 0.5676462121975464]",30,93
paul ryan,"[-0.02887152367183088, 0.5676462121975464]",31,94
paul ryan,"[-0.028871523671830886, 0.5676462121975464]",32,95
paul ryan,"[-0.02887152367183088, 0.5676462121975464]",33,96
paul ryan,"[-0.028871523671830886, 0.5676462121975464]",34,97
paul ryan,"[-0.028871523671830886, 0.5676462121975464]",35,98
paul ryan,"[-0.02887152367183088, 0.5676462121975464]",36,99
paul ryan,"[-0.02887152367183088, 0.5676462121975464]",37,100
paul ryan,"[-0.02887152367183088, 0.5676462121975464]",38,101
paul ryan,"[-0.02887152367183088, 0.5676462121975464]",39,102
paul ryan,"[-0.028871523671830886, 0.5676462121975463]",40,103
paul ryan,"[-0.02887152367183088, 0.5676462121975464]",41,104
paul ryan,"[-0.028871523671830886, 0.5676462121975464]",42,105
paul ryan,"[-0.028871523671830886, 0.5676462121975464]",43,106
paul ryan,"[-0.02887152367183088, 0.5676462121975463]",44,107
ben carson,"[-0.048373815233955716, 0.7043899429580279]",0,63
ben carson,"[-0.03581850185085398, 0.7043899429580279]",1,64
ben carson,"[-0.03165508126836854, 0.753350724054099]",2,65
chuck schumer,"[0.5678066322126745, -0.023769134427076417]",60,123
chuck schumer,"[0.5678066322126745, -0.029361010975735177]",61,124
chuck schumer,"[0.5678066322126741, -0.029361010975735173]",72,135
chuck schumer,"[0.5678066322126741, -0.02936101097573518]",73,136
chuck schumer,"[0.567806632212674, -0.02936101097573518]",74,137
chuck schumer,"[0.567806632212674, -0.02936101097573518]",75,138
chuck schumer,"[0.567806632212674, -0.029361010975735173]",76,139
chuck schumer,"[0.567806632212674, -0.029361010975735173]",77,140
chuck schumer,"[0.567806632212674, -0.02936101097573518]",78,141
chuck schumer,"[0.567806632212674, -0.029361010975735173]",79,142
chuck schumer,"[0.567806632212674, -0.029361010975735173]",80,143
chuck schumer,"[0.567806632212674, -0.029361010975735173]",81,144
chuck schumer,"[0.5678066322126739, -0.02936101097573518]",82,145
chuck schumer,"[0.5678066322126739, -0.029361010975735173]",83,146
chuck schumer,"[0.5678066322126739, -0.029361010975735173]",84,147
chuck schumer,"[0.5678066322126738, -0.029361010975735173]",85,148
chuck schumer,"[0.5678066322126739, -0.02936101097573518]",86,149
chuck schumer,"[0.5678066322126739, -0.029361010975735173]",87,150
chuck schumer,"[0.5678066322126739, -0.029361010975735173]",88,151
chuck schumer,"[0.5678066322126738, -0.029361010975735173]",89,152
chuck schumer,"[0.5678066322126739, -0.029361010975735173]",90,153
chuck schumer,"[0.5678066322126739, -0.029361010975735173]",91,154
chuck schumer,"[0.5678066322126739, -0.029361010975735173]",92,155
chuck schumer,"[0.5678066322126739, -0.029361010975735173]",93,156
emmanuel macron,"[-0.02337622911060923, 0.7011894655987551]",33,96
emmanuel macron,"[-0.023376229110609225, 0.7011894655987551]",34,97
emmanuel macron,"[-0.02337622911060924, 1.0]",35,98
emmanuel macron,"[-0.01639344262295079, 1.0]",36,99
emmanuel macron,"[-0.01639344262295079, 1.0]",37,100
emmanuel macron,"[-0.01639344262295079, 1.0]",38,101
emmanuel macron,"[-0.01639344262295079, 1.0]",39,102
emmanuel macron,"[-0.016393442622950796, 1.0]",40,103
emmanuel macron,"[-0.016393442622950796, 1.0]",41,104
emmanuel macron,"[-0.01639344262295079, 1.0]",42,105
emmanuel macron,"[-0.01639344262295079, 1.0]",43,106
emmanuel macron,"[-0.016393442622950796, 1.0]",44,107
emmanuel macron,"[-0.016393442622950796, 1.0]",45,108
emmanuel macron,"[-0.02337622911060921, 0.701189465598755]",46,109
emmanuel macron,"[-0.02337622911060921, 0.701189465598755]",47,110
emmanuel macron,"[-0.023376229110609215, 0.701189465598755]",48,111
emmanuel macron,"[-0.023376229110609215, 0.701189465598755]",49,112
emmanuel macron,"[-0.023376229110609215, 0.7011894655987551]",50,113
emmanuel macron,"[-0.02337622911060922, 0.701189465598755]",51,114
emmanuel macron,"[-0.02337622911060922, 0.701189465598755]",52,115
emmanuel macron,"[-0.023376229110609225, 0.701189465598755]",53,116
emmanuel macron,"[-0.02887152367183091, 0.5676462121975463]",54,117
emmanuel macron,"[-0.028871523671830913, 0.5676462121975464]",55,118
emmanuel macron,"[-0.028871523671830907, 0.5676462121975464]",56,119
emmanuel macron,"[-0.028871523671830913, 0.5676462121975464]",57,120
emmanuel macron,"[-0.02887152367183091, 0.5676462121975463]",58,121
emmanuel macron,"[-0.028871523671830913, 0.5676462121975465]",59,122
emmanuel macron,"[-0.028871523671830907, 0.5676462121975465]",60,123
emmanuel macron,"[-0.028871523671830913, 0.5676462121975465]",61,124
emmanuel macron,"[-0.028871523671830907, 0.5676462121975464]",62,125
emmanuel macron,"[-0.028871523671830907, 0.5676462121975465]",63,126
emmanuel macron,"[-0.028871523671830893, 0.5676462121975465]",64,127
emmanuel macron,"[-0.0288715236718309, 0.5676462121975465]",65,128
emmanuel macron,"[-0.028871523671830893, 0.5676462121975463]",66,129
emmanuel macron,"[-0.028871523671830893, 0.5676462121975466]",67,130
parents,"[0.567806632212674, -0.029361010975735173]",0,63
parents,"[0.5678066322126741, -0.029361010975735166]",1,64
parents,"[0.567806632212674, -0.029361010975735173]",2,65
parents,"[0.5678066322126741, -0.029361010975735173]",3,66
parents,"[0.5678066322126741, -0.029361010975735173]",4,67
parents,"[0.5678066322126741, -0.029361010975735173]",5,68
parents,"[0.567806632212674, -0.029361010975735173]",6,69
parents,"[0.567806632212674, -0.02936101097573518]",7,70
parents,"[0.567806632212674, -0.029361010975735173]",8,71
parents,"[0.5678066322126739, -0.029361010975735173]",9,72
parents,"[0.567806632212674, -0.029361010975735173]",10,73
parents,"[0.567806632212674, -0.029361010975735173]",11,74
parents,"[0.567806632212674, -0.029361010975735173]",12,75
parents,"[0.5678066322126739, -0.029361010975735173]",13,76
parents,"[0.567806632212674, -0.029361010975735173]",14,77
parents,"[0.567806632212674, -0.029361010975735173]",15,78
parents,"[0.567806632212674, -0.029361010975735173]",16,79
parents,"[0.567806632212674, -0.029361010975735173]",17,80
parents,"[0.567806632212674, -0.029361010975735173]",18,81
parents,"[0.567806632212674, -0.029361010975735173]",19,82
parents,"[0.567806632212674, -0.029361010975735173]",20,83
parents,"[0.567806632212674, -0.029361010975735173]",21,84
parents,"[0.567806632212674, -0.029361010975735173]",22,85
parents,"[0.567806632212674, -0.029361010975735173]",23,86
parents,"[0.567806632212674, -0.029361010975735173]",24,87
parents,"[0.567806632212674, -0.029361010975735173]",25,88
parents,"[0.567806632212674, -0.029361010975735166]",26,89
parents,"[0.567806632212674, -0.029361010975735173]",27,90
parents,"[0.567806632212674, -0.029361010975735166]",28,91
parents,"[0.5678066322126739, -0.029361010975735173]",29,92
parents,"[0.5678066322126739, -0.029361010975735166]",30,93
parents,"[0.5678066322126739, -0.029361010975735173]",31,94
parents,"[0.5678066322126739, -0.029361010975735166]",32,95
parents,"[0.5678066322126738, -0.029361010975735173]",33,96
parents,"[0.5678066322126739, -0.029361010975735166]",34,97
parents,"[0.5678066322126739, -0.029361010975735173]",35,98
parents,"[0.5678066322126738, -0.029361010975735166]",36,99
parents,"[0.5678066322126738, -0.029361010975735173]",37,100
parents,"[0.5678066322126738, -0.029361010975735166]",38,101
parents,"[0.5678066322126738, -0.029361010975735173]",39,102
parents,"[0.5678066322126738, -0.029361010975735166]",40,103
parents,"[0.5678066322126738, -0.029361010975735173]",41,104
parents,"[0.5678066322126738, -0.029361010975735166]",42,105
parents,"[0.5678066322126738, -0.023769134427076403]",43,106
parents,"[0.5678066322126738, -0.02936101097573517]",44,107
parents,"[0.5678066322126737, -0.023769134427076396]",45,108
judge,"[0.5678066322126738, -0.029361010975735173]",69,132
judge,"[0.5678066322126738, -0.029361010975735166]",70,133
judge,"[0.5678066322126737, -0.023769134427076396]",71,134
aaron rodgers,"[0.5678066322126741, -0.029361010975735173]",64,127
aaron rodgers,"[0.567806632212674, -0.029361010975735173]",65,128
cory booker,"[0.6208806662893211, -0.032104387685452124]",14,77
cory booker,"[0.6208806662893211, -0.032104387685452124]",15,78
cory booker,"[0.6208806662893211, -0.03210438768545212]",16,79
theresa may,"[-0.05921757522613835, 0.5522689637013799]",0,63
theresa may,"[-0.05921757522613835, 0.5522689637013801]",1,64
theresa may,"[-0.05921757522613835, 0.55226896370138]",2,65
theresa may,"[-0.05921757522613835, 0.5522689637013801]",3,66
theresa may,"[-0.05921757522613835, 0.55226896370138]",4,67
theresa may,"[-0.05921757522613835, 0.5522689637013801]",5,68
theresa may,"[-0.05921757522613835, 0.55226896370138]",6,69
theresa may,"[-0.05921757522613835, 0.5522689637013801]",7,70
theresa may,"[-0.06896551724137935, 0.55226896370138]",8,71
theresa may,"[-0.06896551724137936, 0.5522689637013803]",11,74
theresa may,"[-0.05921757522613835, 0.55226896370138]",12,75
theresa may,"[-0.05921757522613835, 0.5522689637013803]",13,76
theresa may,"[-0.06678550217393328, 0.55226896370138]",14,77
theresa may,"[-0.04116934847963091, 0.5676462121975464]",41,104
theresa may,"[-0.02887152367183088, 0.5676462121975463]",42,105
queen elizabeth ii,"[-0.02337622911060921, 0.7011894655987543]",64,127
queen elizabeth ii,"[-0.02337622911060921, 0.7011894655987544]",65,128
queen elizabeth ii,"[-0.02337622911060921, 0.7011894655987544]",66,129
queen elizabeth ii,"[-0.02337622911060921, 0.7011894655987544]",67,130
queen elizabeth ii,"[-0.023376229110609215, 0.7011894655987546]",68,131
queen elizabeth ii,"[-0.02337622911060922, 0.7011894655987545]",69,132
queen elizabeth ii,"[-0.0288715236718309, 0.5676462121975466]",70,133
queen elizabeth ii,"[-0.02887152367183091, 0.5676462121975466]",71,134
queen elizabeth ii,"[-0.02887152367183091, 0.5676462121975465]",72,135
queen elizabeth ii,"[-0.028871523671830913, 0.5676462121975466]",73,136
queen elizabeth ii,"[-0.028871523671830907, 0.5676462121975466]",74,137
queen elizabeth ii,"[-0.028871523671830907, 0.5676462121975466]",75,138
queen elizabeth ii,"[-0.028871523671830907, 0.5676462121975465]",76,139
queen elizabeth ii,"[-0.033624131956954344, 0.5676462121975466]",77,140
queen elizabeth ii,"[-0.04116934847963091, 0.5676462121975466]",78,141
kate middleton,"[-0.029900332225913616, 0.793918918918919]",65,128
kate middleton,"[-0.02990033222591362, 0.7939189189189189]",66,129
kate middleton,"[-0.02990033222591362, 0.793918918918919]",67,130
kate middleton,"[-0.03665835724934817, 0.7207889285613921]",68,131
kate middleton,"[-0.036658357249348156, 0.7207889285613922]",69,132
kate middleton,"[-0.036658357249348156, 0.7207889285613922]",70,133
kate middleton,"[-0.03665835724934815, 0.7207889285613922]",71,134
kate middleton,"[-0.036658357249348156, 0.7207889285613923]",72,135
kate middleton,"[-0.03665835724934815, 0.7207889285613923]",73,136
kate middleton,"[-0.036658357249348135, 0.7207889285613923]",74,137
kate middleton,"[-0.036658357249348135, 0.7939189189189187]",75,138
kate middleton,"[-0.029900332225913637, 0.7939189189189187]",76,139
kate middleton,"[-0.029900332225913637, 0.7939189189189187]",77,140
kate middleton,"[-0.029900332225913644, 0.7939189189189186]",78,141
kate middleton,"[-0.029900332225913644, 0.7939189189189186]",79,142
kate middleton,"[-0.029900332225913644, 0.7939189189189186]",80,143
kate middleton,"[-0.029900332225913644, 0.7939189189189186]",81,144
kate middleton,"[-0.029900332225913644, 0.7939189189189186]",82,145
kate middleton,"[-0.029900332225913637, 0.7939189189189186]",83,146
kate middleton,"[-0.029900332225913637, 0.7939189189189186]",84,147
kate middleton,"[-0.029900332225913637, 0.7939189189189186]",85,148
kate middleton,"[-0.029900332225913644, 0.7939189189189187]",86,149
kate middleton,"[-0.029900332225913644, 0.7939189189189187]",87,150
kate middleton,"[-0.029900332225913644, 0.7939189189189187]",88,151
kate middleton,"[-0.029900332225913644, 0.7939189189189187]",89,152
kate middleton,"[-0.029900332225913644, 0.7939189189189187]",90,153
kate middleton,"[-0.029900332225913644, 0.7939189189189187]",91,154
kate middleton,"[-0.029900332225913644, 0.7939189189189187]",92,155
kate middleton,"[-0.029900332225913644, 0.7939189189189187]",93,156
kate middleton,"[-0.029900332225913637, 0.7939189189189186]",94,157
kate middleton,"[-0.029900332225913637, 0.7939189189189186]",95,158
kate middleton,"[-0.029900332225913637, 0.7939189189189186]",96,159
kate middleton,"[-0.029900332225913637, 0.7939189189189186]",97,160
kate middleton,"[-0.029900332225913637, 0.7939189189189186]",98,161
kate middleton,"[-0.029900332225913637, 0.7939189189189186]",99,162
kate middleton,"[-0.029900332225913637, 0.7939189189189186]",100,163
kate middleton,"[-0.029900332225913637, 0.7939189189189186]",101,164
kate middleton,"[-0.029900332225913637, 0.7939189189189186]",102,165
kate middleton,"[-0.029900332225913637, 0.7939189189189186]",103,166
kate middleton,"[-0.022139769211820634, 0.8929465849666508]",104,167
kate middleton,"[-0.022139769211820686, 0.8929465849666507]",105,168
josh hawley,"[0.8929706915434334, -0.016666666666666666]",58,121
josh hawley,"[0.8929706915434334, -0.022511258444537403]",59,122
josh hawley,"[0.8143129277489916, -0.022511258444537403]",60,123
josh hawley,"[0.8143129277489916, -0.027602622373694166]",61,124
josh hawley,"[0.8143129277489916, -0.027602622373694166]",62,125
josh hawley,"[0.7533909341871717, -0.02760262237369417]",63,126
josh hawley,"[0.7533909341871717, -0.03219447538692733]",64,127
josh hawley,"[0.7533909341871715, -0.03219447538692733]",65,128
josh hawley,"[0.7533909341871715, -0.03219447538692733]",66,129
josh hawley,"[0.7533909341871715, -0.03219447538692733]",67,130
josh hawley,"[0.7533909341871715, -0.03219447538692733]",68,131
josh hawley,"[0.7533909341871714, -0.03219447538692733]",69,132
josh hawley,"[0.7533909341871714, -0.03219447538692733]",70,133
josh hawley,"[0.7533909341871714, -0.03219447538692734]",71,134
josh hawley,"[0.7533909341871714, -0.03219447538692734]",72,135
josh hawley,"[0.7533909341871714, -0.03219447538692734]",73,136
josh hawley,"[0.7533909341871713, -0.03219447538692733]",74,137
josh hawley,"[0.7533909341871713, -0.03219447538692733]",75,138
josh hawley,"[0.7533909341871712, -0.03219447538692734]",76,139
josh hawley,"[0.7533909341871711, -0.03219447538692733]",77,140
josh hawley,"[0.7533909341871711, -0.03219447538692733]",78,141
josh hawley,"[0.7533909341871711, -0.03219447538692733]",79,142
josh hawley,"[0.753390934187171, -0.03219447538692734]",80,143
josh hawley,"[0.753390934187171, -0.03219447538692734]",81,144
josh hawley,"[0.753390934187171, -0.03219447538692734]",82,145
josh hawley,"[0.753390934187171, -0.03219447538692734]",83,146
josh hawley,"[0.8143129277489923, -0.02760262237369416]",84,147
josh hawley,"[0.8143129277489923, -0.02760262237369416]",85,148
josh hawley,"[0.8143129277489923, -0.02760262237369416]",86,149
josh hawley,"[0.814312927748992, -0.027602622373694152]",87,150
josh hawley,"[0.8143129277489923, -0.027602622373694152]",88,151
josh hawley,"[0.8143129277489923, -0.027602622373694152]",89,152
josh hawley,"[0.8143129277489923, -0.027602622373694152]",90,153
josh hawley,"[0.814312927748992, -0.027602622373694152]",91,154
josh hawley,"[0.8143129277489923, -0.027602622373694152]",92,155
josh hawley,"[0.7533909341871708, -0.027602622373694152]",93,156
josh hawley,"[0.7044305364001276, -0.03219447538692732]",94,157
josh hawley,"[0.7044305364001276, -0.03643396256679451]",95,158
josh hawley,"[0.7044305364001276, -0.036433962566794514]",96,159
josh hawley,"[0.7044305364001276, -0.036433962566794514]",97,160
josh hawley,"[0.7044305364001276, -0.036433962566794514]",98,161
josh hawley,"[0.7044305364001276, -0.03643396256679452]",99,162
josh hawley,"[0.6639907863611094, -0.03643396256679453]",100,163
josh hawley,"[0.6639907863611094, -0.04041451884327378]",101,164
josh hawley,"[0.6639907863611094, -0.04041451884327378]",102,165
josh hawley,"[0.6639907863611093, -0.040414518843273774]",103,166
josh hawley,"[0.6639907863611094, -0.0404145188432738]",104,167
josh hawley,"[0.6639907863611094, -0.040414518843273774]",105,168
andy murray,"[0.5678066322126739, -0.029361010975735166]",28,91
andy murray,"[0.5678066322126738, -0.029361010975735173]",29,92
andy murray,"[0.5678066322126739, -0.029361010975735166]",30,93
andy murray,"[0.5678066322126739, -0.029361010975735173]",31,94
andy murray,"[0.5678066322126739, -0.029361010975735166]",32,95
andy murray,"[0.5678066322126738, -0.0237691344270764]",33,96
bill de blasio,"[-0.03333333333333339, 0.7011894655987552]",15,78
bill de blasio,"[-0.023376229110609235, 0.7011894655987552]",16,79
bill de blasio,"[-0.023376229110609235, 0.7011894655987552]",17,80
bill de blasio,"[-0.023376229110609242, 0.7011894655987553]",18,81
bill de blasio,"[-0.023376229110609232, 0.7011894655987552]",19,82
bill de blasio,"[-0.023376229110609232, 0.7011894655987552]",20,83
bill de blasio,"[-0.023376229110609232, 0.7011894655987552]",21,84
bill de blasio,"[-0.02337622911060924, 0.7011894655987553]",22,85
bill de blasio,"[-0.01639344262295079, 1.0]",23,86
bill de blasio,"[-0.01639344262295079, 1.0]",24,87
bill de blasio,"[-0.01639344262295079, 1.0]",25,88
bill de blasio,"[-0.01639344262295079, 1.0]",26,89
bill de blasio,"[-0.01639344262295079, 1.0]",27,90
bill de blasio,"[-0.01639344262295079, 1.0]",28,91
bill de blasio,"[-0.01639344262295079, 1.0]",29,92
bill de blasio,"[-0.01639344262295079, 1.0]",30,93
bill de blasio,"[-0.01639344262295079, 1.0]",31,94
bill de blasio,"[-0.01639344262295079, 1.0]",32,95
bill de blasio,"[-0.01639344262295079, 1.0]",33,96
bill de blasio,"[-0.01639344262295079, 0.9999999999999998]",34,97
bill de blasio,"[-0.01639344262295079, 1.0]",35,98
bill de blasio,"[-0.01639344262295079, 1.0]",36,99
bill de blasio,"[-0.01639344262295079, 1.0]",37,100
bill de blasio,"[-0.01639344262295079, 0.9999999999999998]",38,101
scott pruitt,"[0.5678066322126738, -0.029361010975735173]",50,113
scott pruitt,"[0.5678066322126737, -0.029361010975735173]",51,114
scott pruitt,"[0.5678066322126738, -0.029361010975735173]",52,115
scott pruitt,"[0.5678066322126738, -0.029361010975735173]",53,116
scott pruitt,"[0.7012868733182757, -0.023769134427076396]",54,117
scott pruitt,"[0.7012868733182755, nan]",55,118
robert mueller,"[-0.04794633014853839, 0.6950185950444968]",42,105
robert mueller,"[-0.04794633014853839, 0.6950185950444968]",43,106
robert mueller,"[-0.04794633014853839, 0.6950185950444968]",44,107
robert mueller,"[-0.04794633014853839, 0.6950185950444968]",45,108
robert mueller,"[-0.04794633014853839, 0.6950185950444967]",46,109
robert mueller,"[-0.04116934847963093, 0.8095475474846531]",47,110
robert mueller,"[-0.04116934847963093, 0.809547547484653]",48,111
robert mueller,"[-0.04116934847963091, 0.8095475474846532]",49,112
robert mueller,"[-0.04116934847963093, 0.809547547484653]",50,113
robert mueller,"[-0.04116934847963091, 0.8095475474846532]",51,114
robert mueller,"[-0.04116934847963093, 0.809547547484653]",52,115
robert mueller,"[-0.04116934847963091, 0.8095475474846532]",53,116
robert mueller,"[-0.04116934847963093, 0.809547547484653]",54,117
robert mueller,"[-0.033333333333333354, 0.7011894655987551]",55,118
robert mueller,"[-0.023376229110609242, 0.7011894655987552]",56,119
robert mueller,"[-0.023376229110609232, 0.7011894655987552]",57,120
robert mueller,"[-0.023376229110609235, 0.7011894655987552]",58,121
robert mueller,"[-0.023376229110609235, 0.7011894655987552]",59,122
robert mueller,"[-0.023376229110609242, 0.7011894655987553]",60,123
robert mueller,"[-0.01639344262295079, 1.0]",61,124
robert mueller,"[-0.01639344262295079, 1.0]",62,125
robert mueller,"[-0.01639344262295079, 1.0]",63,126
robert mueller,"[-0.01639344262295079, 1.0]",64,127
robert mueller,"[-0.01639344262295079, 1.0]",65,128
robert mueller,"[-0.01639344262295079, 1.0]",66,129
robert mueller,"[-0.01639344262295079, 1.0]",67,130
robert mueller,"[-0.01639344262295079, 1.0]",68,131
robert mueller,"[-0.01639344262295079, 1.0]",69,132
robert mueller,"[-0.01639344262295079, 1.0]",70,133
robert mueller,"[-0.01639344262295079, 1.0]",71,134
robert mueller,"[-0.01639344262295079, 1.0]",72,135
robert mueller,"[-0.01639344262295079, 1.0]",73,136
robert mueller,"[-0.01639344262295079, 1.0]",74,137
robert mueller,"[-0.01639344262295079, 1.0]",75,138
robert mueller,"[-0.01639344262295079, 0.9999999999999998]",76,139
robert mueller,"[-0.01639344262295079, 1.0]",77,140
robert mueller,"[-0.01639344262295079, 1.0]",78,141
robert mueller,"[-0.01639344262295079, 1.0]",79,142
robert mueller,"[-0.01639344262295079, 0.9999999999999998]",80,143
chris pratt,"[-0.04116934847963095, 0.5676462121975465]",45,108
chris pratt,"[-0.02887152367183088, 0.5676462121975465]",46,109
chris pratt,"[-0.02887152367183088, 0.5676462121975465]",47,110
chris pratt,"[-0.02887152367183088, 0.5676462121975465]",48,111
chris pratt,"[-0.028871523671830886, 0.5676462121975464]",49,112
chris pratt,"[-0.028871523671830872, 0.5676462121975464]",50,113
chris pratt,"[-0.028871523671830872, 0.5676462121975464]",51,114
chris pratt,"[-0.028871523671830872, 0.5676462121975464]",52,115
chris pratt,"[-0.028871523671830886, 0.5676462121975464]",53,116
chris pratt,"[-0.028871523671830886, 0.5676462121975464]",54,117
chris pratt,"[-0.028871523671830886, 0.5676462121975464]",55,118
chris pratt,"[-0.028871523671830893, 0.5676462121975464]",56,119
chris pratt,"[-0.028871523671830886, 0.5676462121975464]",57,120
chris pratt,"[-0.028871523671830886, 0.5676462121975464]",58,121
chris pratt,"[-0.028871523671830886, 0.5676462121975464]",59,122
chris pratt,"[-0.02337622911060921, 0.701189465598755]",60,123
chris pratt,"[-0.023376229110609215, 0.701189465598755]",61,124
chris pratt,"[-0.02337622911060922, 0.701189465598755]",62,125
chris pratt,"[-0.02337622911060921, 0.701189465598755]",63,126
chris pratt,"[-0.02337622911060921, 0.701189465598755]",64,127
chris pratt,"[-0.023376229110609208, 0.701189465598755]",65,128
chris pratt,"[-0.02337622911060921, 0.701189465598755]",66,129
chris pratt,"[-0.02337622911060921, 0.701189465598755]",67,130
chris pratt,"[-0.02337622911060921, 0.7011894655987548]",68,131
chris pratt,"[-0.023376229110609208, 0.701189465598755]",69,132
chris pratt,"[-0.02337622911060921, 0.701189465598755]",70,133
chris pratt,"[-0.02337622911060921, 0.701189465598755]",71,134
chris pratt,"[-0.01639344262295079, 0.9999999999999998]",72,135
a.f. branco,"[-0.028871523671830886, 0.5676462121975465]",84,147
a.f. branco,"[-0.028871523671830886, 0.5676462121975465]",85,148
a.f. branco,"[-0.028871523671830886, 0.5676462121975465]",86,149
a.f. branco,"[-0.028871523671830886, 0.5676462121975465]",87,150
a.f. branco,"[-0.028871523671830886, 0.5676462121975465]",88,151
a.f. branco,"[-0.028871523671830886, 0.5676462121975464]",89,152
a.f. branco,"[-0.028871523671830893, 0.5676462121975464]",90,153
a.f. branco,"[-0.028871523671830886, 0.5676462121975464]",91,154
a.f. branco,"[-0.028871523671830886, 0.5676462121975464]",92,155
a.f. branco,"[-0.028871523671830886, 0.5676462121975465]",93,156
a.f. branco,"[-0.028871523671830886, 0.5676462121975465]",94,157
a.f. branco,"[-0.028871523671830886, 0.5676462121975465]",95,158
a.f. branco,"[-0.028871523671830886, 0.5676462121975465]",96,159
a.f. branco,"[-0.02887152367183088, 0.5676462121975464]",97,160
a.f. branco,"[-0.02887152367183088, 0.5676462121975464]",98,161
a.f. branco,"[-0.02887152367183088, 0.5676462121975464]",99,162
a.f. branco,"[-0.02887152367183088, 0.5676462121975464]",100,163
a.f. branco,"[-0.028871523671830886, 0.5676462121975465]",101,164
a.f. branco,"[-0.028871523671830886, 0.5676462121975465]",102,165
a.f. branco,"[-0.028871523671830886, 0.5676462121975465]",103,166
a.f. branco,"[-0.028871523671830886, 0.5676462121975465]",104,167
a.f. branco,"[-0.028871523671830872, 0.5676462121975464]",105,168
stacey abrams,"[0.9999999999999999, nan]",12,75
stacey abrams,"[0.9999999999999999, -0.016666666666666663]",13,76
stacey abrams,"[0.8929706915434334, -0.016666666666666663]",14,77
stacey abrams,"[0.8929706915434334, -0.022511258444537403]",15,78
stacey abrams,"[0.8929706915434333, -0.0225112584445374]",16,79
stacey abrams,"[0.8143129277489917, -0.022511258444537403]",17,80
stacey abrams,"[0.8143129277489917, -0.027602622373694166]",18,81
stacey abrams,"[0.7533909341871716, -0.027602622373694166]",19,82
stacey abrams,"[0.7533909341871717, -0.032194475386927324]",20,83
stacey abrams,"[0.7533909341871715, -0.032194475386927324]",21,84
stacey abrams,"[0.7533909341871715, -0.032194475386927324]",22,85
stacey abrams,"[0.7533909341871714, -0.032194475386927324]",23,86
stacey abrams,"[0.7533909341871714, -0.03219447538692732]",24,87
stacey abrams,"[0.7533909341871713, -0.032194475386927324]",25,88
stacey abrams,"[0.7533909341871713, -0.032194475386927324]",26,89
stacey abrams,"[0.7533909341871714, -0.032194475386927324]",27,90
stacey abrams,"[0.7533909341871712, -0.032194475386927324]",28,91
stacey abrams,"[0.7533909341871711, -0.03219447538692733]",29,92
stacey abrams,"[0.7533909341871712, -0.03219447538692733]",30,93
stacey abrams,"[0.7533909341871712, -0.03219447538692733]",31,94
stacey abrams,"[0.7533909341871711, -0.03219447538692733]",32,95
stacey abrams,"[0.7533909341871708, -0.032194475386927324]",33,96
stacey abrams,"[0.7533909341871707, -0.03219447538692733]",34,97
stacey abrams,"[0.7533909341871707, -0.03219447538692733]",35,98
stacey abrams,"[0.7533909341871707, -0.03219447538692733]",36,99
stacey abrams,"[0.7533909341871706, -0.03219447538692733]",37,100
stacey abrams,"[0.7533909341871707, -0.03219447538692733]",38,101
stacey abrams,"[0.7533909341871707, -0.03219447538692733]",39,102
stacey abrams,"[0.7533909341871707, -0.03219447538692733]",40,103
stacey abrams,"[0.7533909341871706, -0.03219447538692732]",41,104
stacey abrams,"[0.7533909341871707, -0.03219447538692732]",42,105
stacey abrams,"[0.7533909341871707, -0.03219447538692732]",43,106
stacey abrams,"[0.7533909341871707, -0.03219447538692731]",44,107
stacey abrams,"[0.7533909341871706, -0.03219447538692732]",45,108
stacey abrams,"[0.7533909341871707, -0.03219447538692732]",46,109
stacey abrams,"[0.7533909341871708, -0.03219447538692733]",47,110
stacey abrams,"[0.7533909341871707, -0.03219447538692731]",48,111
stacey abrams,"[0.7533909341871706, -0.03219447538692733]",49,112
stacey abrams,"[0.7533909341871707, -0.032194475386927324]",50,113
stacey abrams,"[0.7533909341871707, -0.032194475386927324]",51,114
stacey abrams,"[0.7533909341871707, -0.03219447538692731]",52,115
stacey abrams,"[0.7533909341871706, -0.03219447538692731]",53,116
stacey abrams,"[0.7533909341871706, -0.032194475386927324]",54,117
stacey abrams,"[0.7533909341871706, -0.03219447538692731]",55,118
stacey abrams,"[0.7533909341871706, -0.03219447538692731]",56,119
stacey abrams,"[0.7533909341871705, -0.03219447538692732]",57,120
stacey abrams,"[0.7533909341871705, -0.03219447538692733]",58,121
stacey abrams,"[0.7533909341871705, -0.03219447538692732]",59,122
stacey abrams,"[0.7533909341871705, -0.03219447538692732]",60,123
stacey abrams,"[0.7533909341871703, -0.03219447538692732]",61,124
stacey abrams,"[0.7533909341871705, -0.03219447538692733]",62,125
stacey abrams,"[0.7533909341871705, -0.03219447538692732]",63,126
stacey abrams,"[0.7533909341871705, -0.03219447538692732]",64,127
stacey abrams,"[0.7533909341871703, -0.03219447538692731]",65,128
stacey abrams,"[0.7533909341871704, -0.03219447538692731]",66,129
stacey abrams,"[0.7533909341871705, -0.03219447538692731]",67,130
stacey abrams,"[0.7533909341871705, -0.03219447538692731]",68,131
stacey abrams,"[0.7533909341871703, -0.03219447538692731]",69,132
stacey abrams,"[0.7533909341871705, -0.03219447538692731]",70,133
stacey abrams,"[0.7533909341871705, -0.03219447538692731]",71,134
stacey abrams,"[0.7533909341871705, -0.03219447538692731]",72,135
stacey abrams,"[0.7533909341871703, nan]",73,136
volodymyr zelensky,"[0.5577733510227172, 0.2805757656864842]",105,168
volodymyr zelenskyy,"[-0.022139769211820648, 0.8929465849666506]",93,156
volodymyr zelenskyy,"[-0.031570203370643445, 0.8929465849666506]",94,157
volodymyr zelenskyy,"[-0.03870564998580918, 0.8611187047839651]",95,158
volodymyr zelenskyy,"[-0.038705649985809165, 0.8611187047839652]",96,159
volodymyr zelenskyy,"[-0.038705649985809165, 0.8611187047839652]",97,160
volodymyr zelenskyy,"[-0.03870564998580918, 0.8611187047839651]",98,161
volodymyr zelenskyy,"[-0.038705649985809165, 0.8611187047839652]",99,162
volodymyr zelenskyy,"[-0.038705649985809165, 0.8611187047839652]",100,163
volodymyr zelenskyy,"[-0.038705649985809165, 0.8611187047839652]",101,164
volodymyr zelenskyy,"[-0.038705649985809144, 0.8611187047839652]",102,165
volodymyr zelenskyy,"[-0.03870564998580916, 0.8611187047839652]",103,166
volodymyr zelenskyy,"[-0.045329841391162466, 0.6570511209299209]",104,167
volodymyr zelenskyy,"[-0.04532984139116248, 0.6570511209299209]",105,168
ramaswamy,"[-0.033624131956954344, 0.5676462121975465]",5,68
ramaswamy,"[-0.028871523671830886, 0.5676462121975463]",6,69
ramaswamy,"[-0.028871523671830886, 0.5676462121975466]",7,70
ramaswamy,"[-0.028871523671830886, 0.5676462121975466]",8,71
ramaswamy,"[-0.028871523671830886, 0.5676462121975466]",9,72
ramaswamy,"[-0.028871523671830886, 0.5676462121975464]",10,73
tom cruise,"[0.7012868733182765, nan]",92,155
tom cruise,"[0.7012868733182765, -0.023769134427076413]",93,156
tom cruise,"[0.7012868733182764, -0.02376913442707641]",94,157
tom cruise,"[0.7012868733182764, -0.02376913442707641]",95,158
tom cruise,"[0.7012868733182763, -0.02376913442707641]",96,159
tom cruise,"[0.7012868733182763, -0.02376913442707641]",97,160
tom cruise,"[0.7012868733182762, -0.02376913442707641]",98,161
tom cruise,"[0.7012868733182763, -0.023769134427076413]",99,162
tom cruise,"[0.7012868733182762, -0.02376913442707641]",100,163
tom cruise,"[0.701286873318276, -0.02376913442707641]",101,164
tom cruise,"[0.7012868733182761, -0.02376913442707641]",102,165
tom cruise,"[0.7012868733182762, -0.02376913442707641]",103,166
tom cruise,"[0.7012868733182761, -0.02376913442707641]",104,167
tom cruise,"[0.7012868733182759, -0.023769134427076403]",105,168
sarah huckabee sanders,"[-0.028871523671830886, 0.5676462121975463]",38,101
sarah huckabee sanders,"[-0.028871523671830872, 0.5676462121975464]",39,102
sarah huckabee sanders,"[-0.02887152367183088, 0.5676462121975463]",40,103
sarah huckabee sanders,"[-0.02887152367183088, 0.5676462121975464]",41,104
sarah huckabee sanders,"[-0.02887152367183088, 0.5676462121975462]",42,105
liz cheney,"[-0.02337622911060923, 0.701189465598755]",76,139
liz cheney,"[-0.02337622911060924, 0.7011894655987551]",77,140
liz cheney,"[-0.023376229110609232, 0.7011894655987552]",78,141
liz cheney,"[-0.023376229110609232, 0.7011894655987551]",79,142
liz cheney,"[-0.023376229110609232, 0.7011894655987551]",80,143
liz cheney,"[-0.023376229110609235, 1.0]",81,144
liz cheney,"[-0.01639344262295079, 1.0]",82,145
liz cheney,"[-0.01639344262295079, 1.0]",83,146
liz cheney,"[-0.01639344262295079, 1.0]",84,147
liz cheney,"[-0.01639344262295079, 1.0]",85,148
liz cheney,"[-0.01639344262295079, 1.0]",86,149
liz cheney,"[-0.01639344262295079, 1.0]",87,150
liz cheney,"[-0.01639344262295079, 1.0]",88,151
liz cheney,"[-0.01639344262295079, 1.0]",89,152
liz cheney,"[-0.016393442622950796, 1.0]",90,153
liz cheney,"[-0.016393442622950796, 1.0]",91,154
liz cheney,"[-0.01639344262295079, 1.0]",92,155
liz cheney,"[-0.01639344262295079, 1.0]",93,156
liz cheney,"[-0.016393442622950796, 1.0]",94,157
liz cheney,"[-0.02337622911060921, 1.0]",95,158
liz cheney,"[-0.03333333333333332, 1.0]",96,159
liz cheney,"[-0.033333333333333326, 1.0]",97,160
liz cheney,"[-0.03333333333333334, 1.0]",98,161
liz cheney,"[-0.03333333333333333, 1.0]",99,162
liz cheney,"[-0.041169348479630906, 1.0]",100,163
liz cheney,"[-0.04116934847963091, 0.8095475474846539]",101,164
liz cheney,"[-0.04116934847963092, 0.8095475474846537]",102,165
liz cheney,"[-0.04116934847963093, 0.8095475474846537]",103,166
liz cheney,"[-0.04116934847963093, 0.8095475474846536]",104,167
liz cheney,"[-0.04116934847963093, 0.8095475474846535]",105,168
abraham lincoln,"[0.5678066322126745, -0.023769134427076413]",51,114
abraham lincoln,"[0.5678066322126744, -0.02936101097573517]",52,115
abraham lincoln,"[0.5678066322126744, -0.02936101097573518]",53,116
michael moore,"[-0.0288715236718309, 0.5676462121975464]",5,68
michael moore,"[-0.028871523671830893, 0.5676462121975464]",6,69
michael moore,"[-0.028871523671830893, 0.5676462121975464]",7,70
michael moore,"[-0.028871523671830886, 0.5676462121975463]",8,71
ben sasse,"[0.7012868733182761, -0.023769134427076406]",27,90
ben sasse,"[0.7012868733182761, -0.02376913442707641]",28,91
ben sasse,"[0.701286873318276, -0.023769134427076406]",29,92
ben sasse,"[0.7012868733182761, -0.023769134427076406]",30,93
ben sasse,"[0.7012868733182761, -0.02376913442707641]",31,94
ben sasse,"[0.701286873318276, -0.023769134427076406]",32,95
ben sasse,"[0.7012868733182759, -0.02376913442707641]",33,96
ben sasse,"[0.701286873318276, -0.023769134427076403]",34,97
ben sasse,"[0.701286873318276, -0.02376913442707641]",35,98
ben sasse,"[0.7012868733182759, -0.023769134427076403]",36,99
ben sasse,"[0.7012868733182759, -0.023769134427076403]",37,100
ben sasse,"[0.7012868733182759, -0.023769134427076403]",38,101
ben sasse,"[0.7012868733182759, -0.02376913442707641]",39,102
ben sasse,"[0.7012868733182759, -0.023769134427076396]",40,103
ben sasse,"[0.7012868733182759, -0.0237691344270764]",41,104
ben sasse,"[0.7012868733182759, -0.023769134427076406]",42,105
ben sasse,"[0.7012868733182759, -0.0237691344270764]",43,106
ben sasse,"[0.7012868733182759, -0.0237691344270764]",44,107
ben sasse,"[0.7012868733182758, -0.023769134427076396]",45,108
ben sasse,"[0.7012868733182759, -0.023769134427076406]",46,109
ben sasse,"[0.7012868733182759, -0.0237691344270764]",47,110
ben sasse,"[0.7012868733182759, -0.0237691344270764]",48,111
ben sasse,"[0.7012868733182758, -0.023769134427076396]",49,112
ben sasse,"[0.7012868733182759, -0.023769134427076406]",50,113
ben sasse,"[0.7012868733182759, -0.0237691344270764]",51,114
ben sasse,"[0.7012868733182759, -0.0237691344270764]",52,115
ben sasse,"[0.7012868733182757, -0.023769134427076396]",53,116
ben sasse,"[0.7012868733182758, -0.023769134427076396]",54,117
ben sasse,"[0.7012868733182758, -0.0237691344270764]",55,118
ben sasse,"[0.7012868733182757, -0.023769134427076396]",56,119
ben sasse,"[0.7012868733182755, -0.023769134427076396]",57,120
ben sasse,"[0.5678066322126738, -0.029361010975735173]",58,121
ben sasse,"[0.5678066322126738, -0.029361010975735177]",59,122
ben sasse,"[0.5678066322126738, -0.029361010975735173]",60,123
ben sasse,"[0.5678066322126737, -0.029361010975735173]",61,124
ben sasse,"[0.5678066322126738, -0.029361010975735173]",62,125
ben sasse,"[0.5678066322126738, -0.029361010975735173]",63,126
ben sasse,"[0.5678066322126738, -0.029361010975735173]",64,127
ben sasse,"[0.5678066322126737, -0.029361010975735173]",65,128
ben sasse,"[0.5678066322126738, -0.029361010975735173]",66,129
ben sasse,"[0.5678066322126738, -0.029361010975735173]",67,130
ben sasse,"[0.5678066322126738, -0.0237691344270764]",68,131
ben sasse,"[0.7012868733182757, -0.023769134427076396]",69,132
ben sasse,"[0.7012868733182758, -0.0237691344270764]",70,133
ben sasse,"[0.7012868733182758, -0.0237691344270764]",71,134
ben sasse,"[0.7012868733182758, -0.023769134427076403]",72,135
ben sasse,"[0.7012868733182757, -0.016666666666666677]",73,136
lloyd marcus,"[-0.023376229110609208, 0.7011894655987543]",46,109
lloyd marcus,"[-0.02337622911060921, 0.7011894655987544]",47,110
lloyd marcus,"[-0.02337622911060921, 0.7011894655987544]",48,111
lloyd marcus,"[-0.023376229110609218, 0.7011894655987544]",49,112
lloyd marcus,"[-0.023376229110609215, 0.7011894655987544]",50,113
lloyd marcus,"[-0.023376229110609215, 0.7011894655987545]",51,114
lloyd marcus,"[-0.023376229110609218, 0.7011894655987547]",52,115
lloyd marcus,"[-0.02337622911060922, 0.7011894655987545]",53,116
lloyd marcus,"[-0.02337622911060922, 0.7011894655987546]",54,117
lloyd marcus,"[-0.02337622911060922, 0.7011894655987547]",55,118
lloyd marcus,"[-0.023376229110609225, 0.7011894655987548]",56,119
lloyd marcus,"[-0.023376229110609225, 0.7011894655987547]",57,120
lloyd marcus,"[-0.0163934426229508, 1.0]",58,121
lloyd marcus,"[-0.016393442622950796, 1.0]",59,122
lloyd marcus,"[-0.016393442622950796, 1.0]",60,123
lloyd marcus,"[-0.016393442622950796, 1.0]",61,124
lloyd marcus,"[-0.016393442622950796, 1.0]",62,125
lloyd marcus,"[-0.016393442622950796, 1.0]",63,126
lloyd marcus,"[-0.016393442622950796, 1.0]",64,127
lloyd marcus,"[-0.016393442622950796, 1.0]",65,128
lloyd marcus,"[-0.016393442622950796, 1.0]",66,129
lloyd marcus,"[-0.016393442622950793, 1.0]",67,130
lloyd marcus,"[-0.01639344262295079, 1.0]",68,131
lloyd marcus,"[-0.01639344262295079, 1.0]",69,132
lloyd marcus,"[-0.01639344262295079, 1.0]",70,133
lloyd marcus,"[-0.01639344262295079, 1.0]",71,134
lloyd marcus,"[-0.01639344262295079, 1.0]",72,135
lloyd marcus,"[-0.01639344262295079, 1.0]",73,136
lloyd marcus,"[-0.01639344262295079, 1.0]",74,137
lloyd marcus,"[-0.01639344262295079, 1.0]",75,138
lloyd marcus,"[-0.016393442622950796, 1.0]",76,139
lloyd marcus,"[-0.016393442622950796, 1.0]",77,140
lloyd marcus,"[-0.01639344262295079, 1.0]",78,141
lloyd marcus,"[-0.01639344262295079, 1.0]",79,142
lloyd marcus,"[-0.016393442622950796, 1.0]",80,143
lloyd marcus,"[-0.016393442622950796, 1.0]",81,144
lloyd marcus,"[-0.01639344262295079, 1.0]",82,145
lloyd marcus,"[-0.01639344262295079, 1.0]",83,146
lloyd marcus,"[-0.016393442622950796, 1.0]",84,147
lloyd marcus,"[-0.016393442622950796, 1.0]",85,148
lloyd marcus,"[-0.01639344262295079, 1.0]",86,149
lloyd marcus,"[-0.01639344262295079, 1.0]",87,150
lloyd marcus,"[-0.01639344262295079, 1.0]",88,151
lloyd marcus,"[-0.01639344262295079, 1.0]",89,152
lloyd marcus,"[-0.01639344262295079, 1.0]",90,153
lloyd marcus,"[-0.01639344262295079, 1.0]",91,154
lloyd marcus,"[-0.01639344262295079, 1.0]",92,155
lloyd marcus,"[-0.01639344262295079, 1.0]",93,156
lloyd marcus,"[-0.01639344262295079, 1.0]",94,157
lloyd marcus,"[-0.01639344262295079, 1.0]",95,158
lloyd marcus,"[-0.01639344262295079, 1.0]",96,159
lloyd marcus,"[-0.01639344262295079, 1.0]",97,160
lloyd marcus,"[-0.01639344262295079, 1.0]",98,161
lloyd marcus,"[-0.01639344262295079, 1.0]",99,162
lloyd marcus,"[-0.01639344262295079, 1.0]",100,163
lloyd marcus,"[-0.01639344262295079, 1.0]",101,164
lloyd marcus,"[-0.01639344262295079, 0.9999999999999998]",102,165
lloyd marcus,"[-0.01639344262295079, 1.0]",103,166
lloyd marcus,"[-0.01639344262295079, 1.0]",104,167
lloyd marcus,"[-0.01639344262295079, 1.0]",105,168
stephen curry,"[-0.0288715236718309, 0.5676462121975466]",18,81
stephen curry,"[-0.0288715236718309, 0.5676462121975467]",19,82
stephen curry,"[-0.03362413195695435, 0.5676462121975465]",35,98
stephen curry,"[-0.028871523671830886, 0.5676462121975465]",36,99
stephen curry,"[-0.028871523671830886, 0.5676462121975465]",37,100
stephen curry,"[-0.028871523671830886, 0.5676462121975465]",38,101
stephen curry,"[-0.028871523671830886, 0.5676462121975465]",39,102
stephen curry,"[-0.028871523671830886, 0.5676462121975465]",40,103
stephen curry,"[-0.028871523671830886, 0.5676462121975465]",41,104
stephen curry,"[-0.028871523671830872, 0.5676462121975465]",42,105
stephen curry,"[-0.02887152367183088, 0.5676462121975465]",43,106
stephen curry,"[-0.02887152367183088, 0.5676462121975465]",44,107
stephen curry,"[-0.02887152367183088, 0.5676462121975465]",45,108
stephen curry,"[-0.028871523671830872, 0.5676462121975465]",46,109
stephen curry,"[-0.028871523671830886, 0.5676462121975465]",47,110
stephen curry,"[-0.028871523671830886, 0.5676462121975465]",48,111
stephen curry,"[-0.028871523671830886, 0.5676462121975465]",49,112
stephen curry,"[-0.028871523671830886, 0.5676462121975465]",50,113
stephen curry,"[-0.028871523671830886, 0.5676462121975465]",51,114
stephen curry,"[-0.028871523671830886, 0.5676462121975465]",52,115
stephen curry,"[-0.028871523671830886, 0.5676462121975465]",53,116
stephen curry,"[-0.028871523671830886, 0.5676462121975465]",54,117
stephen curry,"[-0.02887152367183088, 0.5676462121975464]",55,118
stephen curry,"[-0.02887152367183088, 0.5676462121975463]",56,119
stephen curry,"[-0.02887152367183088, 0.7011894655987551]",57,120
stephen curry,"[-0.02337622911060922, 0.701189465598755]",58,121
stephen curry,"[-0.02337622911060922, 0.7011894655987551]",59,122
stephen curry,"[-0.02337622911060922, 0.701189465598755]",60,123
stephen curry,"[-0.02337622911060922, 0.7011894655987551]",61,124
stephen curry,"[-0.02337622911060922, 0.701189465598755]",62,125
stephen curry,"[-0.02337622911060922, 0.7011894655987551]",63,126
stephen curry,"[-0.02337622911060922, 0.7011894655987551]",64,127
stephen curry,"[-0.023376229110609215, 0.7011894655987551]",65,128
stephen curry,"[-0.023376229110609215, 0.7011894655987551]",66,129
stephen curry,"[-0.023376229110609215, 0.7011894655987551]",67,130
stephen curry,"[-0.02337622911060922, 0.7011894655987551]",68,131
stephen curry,"[-0.023376229110609215, 0.7011894655987551]",69,132
stephen curry,"[-0.023376229110609215, 0.7011894655987551]",70,133
stephen curry,"[-0.023376229110609215, 0.7011894655987551]",71,134
stephen curry,"[-0.023376229110609215, 0.7011894655987551]",72,135
stephen curry,"[-0.023376229110609215, 0.7011894655987551]",73,136
stephen curry,"[-0.023376229110609208, 0.701189465598755]",74,137
stephen curry,"[-0.023376229110609215, 0.7011894655987551]",75,138
stephen curry,"[-0.023376229110609215, 0.7011894655987551]",76,139
stephen curry,"[-0.023376229110609215, 0.7011894655987551]",77,140
stephen curry,"[-0.023376229110609208, 0.701189465598755]",78,141
kari lake,"[0.9999999999999999, nan]",101,164
kari lake,"[0.9999999999999999, -0.016666666666666663]",102,165
kari lake,"[0.9471061011193037, -0.022511258444537403]",103,166
kari lake,"[0.9471061011193037, -0.03210438768545213]",104,167
kari lake,"[0.7668375754419151, -0.03210438768545214]",105,168
bruce rauner,"[0.7012868733182757, -0.0237691344270764]",28,91
bruce rauner,"[0.7012868733182757, -0.023769134427076403]",29,92
bruce rauner,"[0.7012868733182757, -0.023769134427076403]",30,93
bruce rauner,"[0.7012868733182755, -0.023769134427076403]",31,94
bruce rauner,"[0.7012868733182757, -0.023769134427076403]",32,95
bruce rauner,"[0.7012868733182757, -0.023769134427076403]",33,96
bruce rauner,"[0.7012868733182757, -0.023769134427076396]",34,97
bruce rauner,"[0.7012868733182755, -0.023769134427076403]",35,98
bruce rauner,"[0.7012868733182757, -0.023769134427076403]",36,99
bruce rauner,"[0.9999999999999999, -0.016666666666666673]",37,100
bruce rauner,"[0.9999999999999999, -0.01666666666666667]",38,101
bruce rauner,"[0.9999999999999997, nan]",39,102
sarah sanders,"[0.567806632212674, -0.029361010975735173]",42,105
sarah sanders,"[0.567806632212674, -0.029361010975735173]",43,106
sarah sanders,"[0.567806632212674, -0.029361010975735173]",44,107
sarah sanders,"[0.567806632212674, -0.029361010975735173]",45,108
sarah sanders,"[0.7012868733182761, -0.02376913442707641]",46,109
sarah sanders,"[0.7012868733182761, -0.023769134427076417]",47,110
sarah sanders,"[0.7012868733182761, -0.02376913442707641]",48,111
sarah sanders,"[0.7012868733182761, -0.02376913442707641]",49,112
sarah sanders,"[0.7012868733182761, -0.023769134427076406]",50,113
sarah sanders,"[0.7012868733182761, -0.023769134427076413]",51,114
sarah sanders,"[0.701286873318276, -0.02376913442707641]",52,115
sarah sanders,"[0.701286873318276, -0.023769134427076406]",53,116
sarah sanders,"[0.701286873318276, -0.023769134427076406]",54,117
sarah sanders,"[0.701286873318276, -0.02376913442707641]",55,118
sarah sanders,"[0.9999999999999999, -0.016666666666666677]",56,119
sarah sanders,"[0.9999999999999999, -0.016666666666666677]",57,120
sarah sanders,"[0.9999999999999999, -0.016666666666666673]",58,121
sarah sanders,"[0.9999999999999997, -0.016666666666666673]",59,122
sarah sanders,"[0.9999999999999999, -0.016666666666666677]",60,123
sarah sanders,"[0.9999999999999999, -0.016666666666666677]",61,124
sarah sanders,"[0.9999999999999999, -0.016666666666666673]",62,125
sarah sanders,"[0.9999999999999997, -0.016666666666666673]",63,126
sarah sanders,"[0.9999999999999999, -0.016666666666666673]",64,127
sarah sanders,"[0.9999999999999999, -0.016666666666666673]",65,128
sarah sanders,"[0.9999999999999999, -0.01666666666666667]",66,129
sarah sanders,"[0.9999999999999997, -0.01666666666666667]",67,130
sarah sanders,"[0.9999999999999999, -0.016666666666666673]",68,131
sarah sanders,"[0.9999999999999999, -0.016666666666666673]",69,132
sarah sanders,"[0.9999999999999999, -0.01666666666666667]",70,133
sarah sanders,"[0.9999999999999997, nan]",71,134
rosa parks,"[1.0, -0.016666666666666673]",0,63
rosa parks,"[1.0, -0.016666666666666673]",1,64
rosa parks,"[1.0, -0.016666666666666677]",2,65
rosa parks,"[1.0, -0.016666666666666677]",3,66
rosa parks,"[1.0, -0.016666666666666677]",4,67
rosa parks,"[1.0, -0.016666666666666677]",5,68
rosa parks,"[1.0, -0.016666666666666677]",6,69
rosa parks,"[1.0, -0.016666666666666677]",7,70
rosa parks,"[1.0, -0.016666666666666677]",8,71
rosa parks,"[1.0, -0.016666666666666677]",9,72
rosa parks,"[1.0, -0.016666666666666677]",10,73
rosa parks,"[1.0, -0.016666666666666677]",11,74
rosa parks,"[1.0, -0.016666666666666677]",12,75
rosa parks,"[1.0, -0.016666666666666677]",13,76
rosa parks,"[1.0, -0.016666666666666677]",14,77
rosa parks,"[1.0, -0.016666666666666677]",15,78
rosa parks,"[1.0, -0.016666666666666677]",16,79
rosa parks,"[0.9999999999999998, -0.016666666666666677]",17,80
rosa parks,"[1.0, -0.016666666666666677]",18,81
rosa parks,"[1.0, -0.016666666666666677]",19,82
rosa parks,"[1.0, -0.016666666666666677]",20,83
rosa parks,"[0.9999999999999998, -0.016666666666666677]",21,84
rosa parks,"[1.0, -0.016666666666666677]",22,85
rosa parks,"[1.0, -0.016666666666666677]",23,86
rosa parks,"[1.0, -0.01666666666666668]",24,87
rosa parks,"[0.9999999999999999, -0.01666666666666668]",25,88
rosa parks,"[1.0, -0.016666666666666677]",26,89
rosa parks,"[1.0, -0.016666666666666677]",27,90
rosa parks,"[1.0, -0.01666666666666668]",28,91
rosa parks,"[0.9999999999999999, -0.016666666666666677]",29,92
rosa parks,"[1.0, -0.016666666666666677]",30,93
rosa parks,"[1.0, -0.016666666666666677]",31,94
rosa parks,"[1.0, -0.016666666666666677]",32,95
rosa parks,"[0.9999999999999999, -0.016666666666666677]",33,96
rosa parks,"[0.9999999999999999, -0.016666666666666677]",34,97
rosa parks,"[0.9999999999999999, -0.016666666666666677]",35,98
rosa parks,"[0.9999999999999999, -0.016666666666666677]",36,99
rosa parks,"[0.9999999999999997, -0.016666666666666677]",37,100
rosa parks,"[0.9999999999999999, -0.016666666666666677]",38,101
rosa parks,"[0.9999999999999999, -0.016666666666666677]",39,102
rosa parks,"[0.9999999999999999, -0.016666666666666673]",40,103
rosa parks,"[0.9999999999999997, -0.016666666666666673]",41,104
rosa parks,"[0.9999999999999999, -0.016666666666666677]",42,105
rosa parks,"[0.9999999999999999, -0.016666666666666677]",43,106
rosa parks,"[0.9999999999999999, -0.016666666666666673]",44,107
rosa parks,"[0.9999999999999997, -0.016666666666666673]",45,108
rosa parks,"[0.9999999999999999, -0.016666666666666673]",46,109
rosa parks,"[0.9999999999999999, -0.016666666666666673]",47,110
rosa parks,"[0.9999999999999999, -0.01666666666666667]",48,111
rosa parks,"[0.9999999999999997, -0.01666666666666667]",49,112
rosa parks,"[0.9999999999999999, -0.016666666666666673]",50,113
rosa parks,"[0.9999999999999999, -0.016666666666666673]",51,114
rosa parks,"[0.9999999999999999, -0.01666666666666667]",52,115
rosa parks,"[0.9999999999999997, nan]",53,116
rosa parks,"[-0.01639344262295082, 1.0]",56,119
rosa parks,"[-0.01639344262295082, 1.0]",57,120
rosa parks,"[-0.016393442622950817, 1.0]",58,121
rosa parks,"[-0.016393442622950814, 1.0]",59,122
rosa parks,"[-0.01639344262295081, 1.0]",60,123
rosa parks,"[-0.01639344262295081, 1.0]",61,124
rosa parks,"[-0.01639344262295081, 1.0]",62,125
rosa parks,"[-0.01639344262295081, 1.0]",63,126
rosa parks,"[-0.016393442622950807, 1.0]",64,127
rosa parks,"[-0.016393442622950803, 1.0]",65,128
rosa parks,"[-0.016393442622950803, 1.0]",66,129
rosa parks,"[-0.016393442622950803, 1.0]",67,130
rosa parks,"[-0.0163934426229508, 1.0]",68,131
rosa parks,"[-0.016393442622950796, 1.0]",69,132
rosa parks,"[-0.016393442622950796, 1.0]",70,133
rosa parks,"[-0.016393442622950796, 1.0]",71,134
rosa parks,"[-0.016393442622950796, 1.0]",72,135
rosa parks,"[-0.016393442622950796, 1.0]",73,136
rosa parks,"[-0.016393442622950796, 1.0]",74,137
rosa parks,"[-0.016393442622950796, 1.0]",75,138
rosa parks,"[-0.016393442622950796, 1.0]",76,139
rosa parks,"[-0.016393442622950793, 1.0]",77,140
rosa parks,"[-0.01639344262295079, 1.0]",78,141
rosa parks,"[-0.01639344262295079, 1.0]",79,142
rosa parks,"[-0.01639344262295079, 1.0]",80,143
rosa parks,"[-0.01639344262295079, 1.0]",81,144
rosa parks,"[-0.01639344262295079, 1.0]",82,145
rosa parks,"[-0.01639344262295079, 1.0]",83,146
rosa parks,"[-0.01639344262295079, 1.0]",84,147
rosa parks,"[-0.01639344262295079, 1.0]",85,148
rosa parks,"[-0.016393442622950796, 1.0]",86,149
rosa parks,"[-0.016393442622950796, 1.0]",87,150
rosa parks,"[-0.01639344262295079, 1.0]",88,151
rosa parks,"[-0.01639344262295079, 1.0]",89,152
rosa parks,"[-0.016393442622950796, 1.0]",90,153
rosa parks,"[-0.016393442622950796, 1.0]",91,154
rosa parks,"[-0.01639344262295079, 1.0]",92,155
rosa parks,"[-0.01639344262295079, 1.0]",93,156
rosa parks,"[-0.016393442622950796, 1.0]",94,157
rosa parks,"[-0.016393442622950796, 1.0]",95,158
rosa parks,"[-0.01639344262295079, 1.0]",96,159
rosa parks,"[-0.01639344262295079, 1.0]",97,160
rosa parks,"[-0.01639344262295079, 1.0]",98,161
rosa parks,"[-0.01639344262295079, 1.0]",99,162
rosa parks,"[-0.01639344262295079, 1.0]",100,163
rosa parks,"[-0.01639344262295079, 1.0]",101,164
rosa parks,"[-0.01639344262295079, 1.0]",102,165
rosa parks,"[-0.01639344262295079, 1.0]",103,166
rosa parks,"[-0.01639344262295079, 1.0]",104,167
rosa parks,"[-0.01639344262295079, 1.0]",105,168
moon jae-in,"[0.7012868733182763, -0.023769134427076417]",0,63
moon jae-in,"[0.7012868733182763, -0.023769134427076417]",1,64
moon jae-in,"[0.7012868733182762, -0.023769134427076417]",2,65
moon jae-in,"[0.7012868733182761, -0.023769134427076417]",3,66
moon jae-in,"[0.7012868733182762, -0.023769134427076417]",4,67
moon jae-in,"[0.7012868733182762, -0.023769134427076413]",5,68
moon jae-in,"[0.7012868733182761, -0.023769134427076413]",6,69
moon jae-in,"[0.701286873318276, -0.02376913442707641]",7,70
moon jae-in,"[0.7012868733182761, -0.02376913442707641]",8,71
moon jae-in,"[0.7012868733182761, -0.02376913442707641]",9,72
moon jae-in,"[0.7012868733182761, -0.02376913442707641]",10,73
moon jae-in,"[0.701286873318276, -0.023769134427076403]",11,74
moon jae-in,"[0.7012868733182761, -0.023769134427076403]",12,75
moon jae-in,"[0.7012868733182761, -0.02376913442707641]",13,76
moon jae-in,"[0.7012868733182761, -0.023769134427076403]",14,77
moon jae-in,"[0.7012868733182759, -0.023769134427076406]",15,78
moon jae-in,"[0.701286873318276, -0.023769134427076403]",16,79
moon jae-in,"[0.7012868733182759, -0.02376913442707641]",17,80
moon jae-in,"[0.701286873318276, -0.023769134427076403]",18,81
moon jae-in,"[0.7012868733182759, -0.023769134427076403]",19,82
moon jae-in,"[0.701286873318276, -0.023769134427076403]",20,83
moon jae-in,"[0.7012868733182759, -0.02376913442707641]",21,84
moon jae-in,"[0.7012868733182759, -0.023769134427076403]",22,85
moon jae-in,"[0.7012868733182759, -0.023769134427076403]",23,86
moon jae-in,"[0.7012868733182759, -0.023769134427076406]",24,87
moon jae-in,"[0.7012868733182759, -0.023769134427076403]",25,88
moon jae-in,"[0.7012868733182759, -0.023769134427076403]",26,89
moon jae-in,"[0.7012868733182758, -0.023769134427076403]",27,90
moon jae-in,"[0.7012868733182759, -0.023769134427076403]",28,91
moon jae-in,"[0.7012868733182759, -0.023769134427076403]",29,92
moon jae-in,"[0.7012868733182759, -0.023769134427076403]",30,93
moon jae-in,"[0.7012868733182758, -0.023769134427076403]",31,94
moon jae-in,"[0.7012868733182759, -0.023769134427076403]",32,95
moon jae-in,"[0.7012868733182759, -0.023769134427076403]",33,96
moon jae-in,"[0.7012868733182759, -0.023769134427076403]",34,97
moon jae-in,"[0.7012868733182758, -0.023769134427076403]",35,98
moon jae-in,"[0.7012868733182758, -0.023769134427076396]",36,99
moon jae-in,"[0.7012868733182758, -0.023769134427076403]",37,100
moon jae-in,"[0.7012868733182758, -0.023769134427076396]",38,101
moon jae-in,"[0.7012868733182757, -0.023769134427076396]",39,102
moon jae-in,"[0.7012868733182758, -0.023769134427076403]",40,103
moon jae-in,"[0.7012868733182757, -0.0237691344270764]",41,104
moon jae-in,"[0.7012868733182758, -0.023769134427076403]",42,105
moon jae-in,"[0.7012868733182755, -0.023769134427076403]",43,106
moon jae-in,"[0.7012868733182758, -0.023769134427076403]",44,107
moon jae-in,"[0.7012868733182757, -0.0237691344270764]",45,108
moon jae-in,"[0.7012868733182758, -0.023769134427076403]",46,109
moon jae-in,"[0.7012868733182755, -0.023769134427076403]",47,110
moon jae-in,"[0.7012868733182757, -0.023769134427076403]",48,111
moon jae-in,"[0.7012868733182757, -0.023769134427076403]",49,112
moon jae-in,"[0.7012868733182757, -0.023769134427076403]",50,113
moon jae-in,"[0.7012868733182755, -0.023769134427076396]",51,114
moon jae-in,"[0.7012868733182757, -0.023769134427076403]",52,115
moon jae-in,"[0.7012868733182757, -0.023769134427076403]",53,116
moon jae-in,"[0.7012868733182757, -0.023769134427076403]",54,117
moon jae-in,"[0.7012868733182755, -0.01666666666666667]",55,118
joel embiid,"[0.9481739101967808, -0.02118805753879094]",0,63
joel embiid,"[0.9481739101967808, -0.021188057538790935]",1,64
joel embiid,"[0.9481739101967809, -0.021188057538790928]",2,65
joel embiid,"[0.9481739101967807, -0.021188057538790925]",3,66
joel embiid,"[0.9481739101967808, -0.02118805753879093]",4,67
joel embiid,"[0.9481739101967809, -0.02118805753879092]",5,68
joel embiid,"[0.9481739101967809, -0.02118805753879092]",6,69
joel embiid,"[0.9481739101967805, -0.021188057538790918]",7,70
joel embiid,"[0.9481739101967809, -0.021188057538790928]",8,71
joel embiid,"[0.9481739101967809, -0.02118805753879092]",9,72
joel embiid,"[0.9481739101967809, -0.02118805753879092]",10,73
joel embiid,"[0.9481739101967805, -0.021188057538790914]",11,74
joel embiid,"[0.9481739101967809, -0.021188057538790914]",12,75
joel embiid,"[0.9481739101967809, -0.02118805753879092]",13,76
joel embiid,"[0.9481739101967809, -0.021188057538790914]",14,77
joel embiid,"[0.9481739101967805, -0.021188057538790914]",15,78
joel embiid,"[0.9481739101967808, -0.021188057538790914]",16,79
joel embiid,"[0.9481739101967808, -0.021188057538790918]",17,80
joel embiid,"[0.9481739101967808, -0.02118805753879091]",18,81
joel embiid,"[0.9481739101967803, -0.021188057538790914]",19,82
joel embiid,"[0.9481739101967808, -0.021188057538790914]",20,83
joel embiid,"[0.9481739101967808, -0.021188057538790918]",21,84
joel embiid,"[0.9481739101967808, -0.02118805753879091]",22,85
joel embiid,"[0.9481739101967803, -0.021188057538790914]",23,86
joel embiid,"[0.9481739101967807, -0.021188057538790914]",24,87
joel embiid,"[0.9481739101967807, -0.02118805753879091]",25,88
joel embiid,"[0.9481739101967807, -0.021188057538790907]",26,89
joel embiid,"[0.9481739101967804, -0.021188057538790914]",27,90
joel embiid,"[0.9481739101967807, -0.021188057538790914]",28,91
joel embiid,"[0.9481739101967809, -0.02118805753879091]",29,92
joel embiid,"[0.9481739101967807, -0.021188057538790907]",30,93
joel embiid,"[0.9481739101967804, -0.021188057538790914]",31,94
joel embiid,"[0.9481739101967807, -0.021188057538790914]",32,95
joel embiid,"[0.9481739101967809, -0.016666666666666694]",33,96
joel embiid,"[1.0, -0.016666666666666698]",34,97
joel embiid,"[1.0, -0.01666666666666669]",35,98
joel embiid,"[1.0, -0.01666666666666669]",36,99
joel embiid,"[1.0, -0.016666666666666694]",37,100
joel embiid,"[1.0, -0.016666666666666698]",38,101
joel embiid,"[1.0, -0.01666666666666669]",39,102
joel embiid,"[1.0, -0.01666666666666669]",40,103
joel embiid,"[1.0, -0.016666666666666694]",41,104
joel embiid,"[1.0, -0.016666666666666698]",42,105
joel embiid,"[1.0, -0.01666666666666669]",43,106
joel embiid,"[1.0, -0.01666666666666669]",44,107
joel embiid,"[1.0, -0.016666666666666694]",45,108
joel embiid,"[1.0, -0.016666666666666698]",46,109
joel embiid,"[1.0, -0.016666666666666698]",47,110
joel embiid,"[1.0, -0.016666666666666698]",48,111
joel embiid,"[1.0, -0.016666666666666698]",49,112
joel embiid,"[1.0, -0.016666666666666698]",50,113
joel embiid,"[1.0, -0.016666666666666694]",51,114
joel embiid,"[1.0, -0.016666666666666698]",52,115
joel embiid,"[1.0, -0.016666666666666698]",53,116
joel embiid,"[1.0, -0.016666666666666698]",54,117
joel embiid,"[1.0, nan]",55,118
brett kavanaugh,"[0.7012868733182757, -0.023769134427076403]",62,125
brett kavanaugh,"[0.7012868733182755, -0.023769134427076396]",63,126
brett kavanaugh,"[0.7012868733182757, -0.023769134427076403]",64,127
brett kavanaugh,"[0.7012868733182757, -0.016666666666666673]",65,128
brett kavanaugh,"[0.9999999999999999, -0.01666666666666667]",66,129
brett kavanaugh,"[0.9999999999999997, nan]",67,130
jennifer lopez,"[-0.02337622911060921, 0.7011894655987543]",18,81
jennifer lopez,"[-0.02337622911060921, 0.7011894655987544]",19,82
jennifer lopez,"[-0.02337622911060921, 0.7011894655987544]",20,83
jennifer lopez,"[-0.02337622911060921, 0.7011894655987544]",21,84
jennifer lopez,"[-0.023376229110609215, 0.7011894655987546]",22,85
jennifer lopez,"[-0.02337622911060922, 0.7011894655987545]",23,86
jennifer lopez,"[-0.02337622911060922, 0.7011894655987547]",24,87
jennifer lopez,"[-0.023376229110609225, 0.7011894655987546]",25,88
jennifer lopez,"[-0.023376229110609225, 0.7011894655987548]",26,89
jennifer lopez,"[-0.023376229110609232, 0.7011894655987547]",27,90
jennifer lopez,"[-0.023376229110609225, 0.7011894655987548]",28,91
jennifer lopez,"[-0.023376229110609225, 0.7011894655987548]",29,92
jennifer lopez,"[-0.02337622911060922, 0.701189465598755]",30,93
jennifer lopez,"[-0.02337622911060923, 0.701189465598755]",31,94
jennifer lopez,"[-0.02337622911060923, 0.701189465598755]",32,95
jennifer lopez,"[-0.02337622911060923, 0.701189465598755]",33,96
jennifer lopez,"[-0.02337622911060923, 0.701189465598755]",34,97
jennifer lopez,"[-0.02337622911060924, 1.0]",35,98
jennifer lopez,"[-0.016393442622950796, 1.0]",36,99
jennifer lopez,"[-0.016393442622950796, 1.0]",37,100
jennifer lopez,"[-0.016393442622950796, 1.0]",38,101
jennifer lopez,"[-0.016393442622950793, 1.0]",39,102
jennifer lopez,"[-0.01639344262295079, 1.0]",40,103
jennifer lopez,"[-0.01639344262295079, 1.0]",41,104
jennifer lopez,"[-0.01639344262295079, 1.0]",42,105
jennifer lopez,"[-0.01639344262295079, 1.0]",43,106
jennifer lopez,"[-0.023376229110609215, 0.7011894655987552]",44,107
jennifer lopez,"[-0.023376229110609215, 0.701189465598755]",45,108
jennifer lopez,"[-0.02337622911060921, 0.7011894655987551]",46,109
jennifer lopez,"[-0.023376229110609218, 0.701189465598755]",47,110
jennifer lopez,"[-0.023376229110609218, 0.701189465598755]",48,111
jennifer lopez,"[-0.023376229110609218, 0.701189465598755]",49,112
jennifer lopez,"[-0.02337622911060922, 0.701189465598755]",50,113
jennifer lopez,"[-0.02337622911060922, 0.701189465598755]",51,114
jennifer lopez,"[-0.023376229110609225, 0.701189465598755]",52,115
jennifer lopez,"[-0.023376229110609225, 0.701189465598755]",53,116
jennifer lopez,"[-0.02337622911060923, 0.701189465598755]",54,117
jennifer lopez,"[-0.023376229110609225, 0.701189465598755]",55,118
jennifer lopez,"[-0.02337622911060923, 0.701189465598755]",56,119
jennifer lopez,"[-0.023376229110609225, 0.7011894655987551]",57,120
jennifer lopez,"[-0.02337622911060923, 0.7011894655987551]",58,121
jennifer lopez,"[-0.023376229110609225, 0.7011894655987551]",59,122
jennifer lopez,"[-0.02337622911060923, 0.7011894655987551]",60,123
jennifer lopez,"[-0.023376229110609225, 0.7011894655987551]",61,124
jennifer lopez,"[-0.02337622911060922, 0.7011894655987551]",62,125
jennifer lopez,"[-0.023376229110609225, 0.7011894655987552]",63,126
jennifer lopez,"[-0.02337622911060922, 0.7011894655987552]",64,127
jennifer lopez,"[-0.02337622911060922, 0.7011894655987552]",65,128
jennifer lopez,"[-0.023376229110609218, 0.7011894655987552]",66,129
jennifer lopez,"[-0.02337622911060922, 0.7011894655987552]",67,130
jennifer lopez,"[-0.02337622911060922, 0.7011894655987552]",68,131
jennifer lopez,"[-0.02337622911060922, 0.7011894655987552]",69,132
jennifer lopez,"[-0.023376229110609218, 0.7011894655987551]",70,133
jennifer lopez,"[-0.02337622911060922, 0.7011894655987551]",71,134
jennifer lopez,"[-0.02337622911060922, 0.7011894655987551]",72,135
jennifer lopez,"[-0.023376229110609215, 0.7011894655987551]",73,136
jennifer lopez,"[-0.023376229110609218, 0.701189465598755]",74,137
jennifer lopez,"[-0.023376229110609215, 0.7011894655987551]",75,138
jennifer lopez,"[-0.02337622911060922, 0.7011894655987551]",76,139
jennifer lopez,"[-0.023376229110609215, 0.7011894655987551]",77,140
jennifer lopez,"[-0.023376229110609218, 0.701189465598755]",78,141
john durham,"[0.5678066322126745, -0.023769134427076413]",53,116
john durham,"[0.5678066322126744, -0.02936101097573518]",54,117
john durham,"[0.5678066322126744, -0.02936101097573518]",55,118
john durham,"[0.5678066322126739, -0.029361010975735173]",83,146
john durham,"[0.5678066322126739, -0.029361010975735173]",84,147
john durham,"[0.5678066322126739, -0.029361010975735173]",85,148
john durham,"[0.5678066322126739, -0.029361010975735173]",86,149
john durham,"[0.5678066322126739, -0.029361010975735173]",87,150
john durham,"[0.5678066322126739, -0.029361010975735173]",88,151
john durham,"[0.5678066322126739, -0.029361010975735173]",89,152
john durham,"[0.5678066322126739, -0.029361010975735173]",90,153
john durham,"[0.5678066322126739, -0.029361010975735173]",91,154
john durham,"[0.5678066322126739, -0.029361010975735173]",92,155
john durham,"[0.5678066322126739, -0.029361010975735173]",93,156
john durham,"[0.5678066322126739, -0.029361010975735173]",94,157
john durham,"[0.5678066322126739, -0.029361010975735173]",95,158
john durham,"[0.5678066322126739, -0.029361010975735173]",96,159
john durham,"[0.5678066322126739, -0.029361010975735173]",97,160
john durham,"[0.5678066322126738, -0.02936101097573518]",98,161
john durham,"[0.5678066322126738, -0.029361010975735173]",99,162
john durham,"[0.5678066322126738, -0.029361010975735173]",100,163
john durham,"[0.5678066322126738, -0.02936101097573518]",101,164
john durham,"[0.5678066322126737, -0.029361010975735173]",102,165
john durham,"[0.5678066322126738, -0.029361010975735173]",103,166
john durham,"[0.5678066322126738, -0.029361010975735173]",104,167
john durham,"[0.7012868733182757, -0.023769134427076406]",105,168
gretchen whitmer,"[0.9999999999999999, nan]",42,105
gretchen whitmer,"[0.9999999999999999, -0.016666666666666663]",43,106
gretchen whitmer,"[0.7012868733182765, -0.016666666666666663]",44,107
gretchen whitmer,"[0.7012868733182765, -0.023769134427076417]",45,108
gretchen whitmer,"[0.5678066322126745, -0.023769134427076417]",46,109
gretchen whitmer,"[0.5678066322126744, -0.02936101097573518]",47,110
gretchen whitmer,"[0.5678066322126742, -0.02936101097573518]",48,111
gretchen whitmer,"[0.5678066322126744, -0.02936101097573518]",49,112
gretchen whitmer,"[0.5678066322126742, -0.02936101097573518]",50,113
gretchen whitmer,"[0.5678066322126742, -0.02936101097573518]",51,114
gretchen whitmer,"[0.5678066322126741, -0.02936101097573518]",52,115
gretchen whitmer,"[0.5678066322126742, -0.02936101097573518]",53,116
gretchen whitmer,"[0.5678066322126741, -0.029361010975735173]",54,117
gretchen whitmer,"[0.5678066322126741, -0.02936101097573518]",55,118
gretchen whitmer,"[0.567806632212674, -0.02936101097573518]",56,119
gretchen whitmer,"[0.5678066322126741, -0.02936101097573518]",57,120
michelle obama,"[0.7012868733182767, -0.016666666666666666]",52,115
michelle obama,"[0.7012868733182765, -0.023769134427076417]",53,116
michelle obama,"[0.7012868733182765, -0.023769134427076417]",54,117
michelle obama,"[0.7012868733182764, -0.02376913442707641]",55,118
michelle obama,"[0.7012868733182763, -0.023769134427076417]",56,119
michelle obama,"[0.7012868733182763, -0.02376913442707641]",57,120
michelle obama,"[0.7012868733182763, -0.023769134427076417]",58,121
michelle obama,"[0.7012868733182763, -0.02376913442707641]",59,122
michelle obama,"[0.7012868733182762, -0.023769134427076417]",60,123
michelle obama,"[0.7012868733182761, -0.02376913442707641]",61,124
michelle obama,"[0.7012868733182762, -0.02376913442707641]",62,125
michelle obama,"[0.7012868733182762, -0.02376913442707641]",63,126
michelle obama,"[0.7012868733182761, -0.02376913442707641]",64,127
michelle obama,"[0.701286873318276, -0.023769134427076406]",65,128
michelle obama,"[0.7012868733182761, -0.023769134427076406]",66,129
michelle obama,"[0.567806632212674, -0.02376913442707641]",67,130
michelle obama,"[0.5678066322126741, -0.029361010975735173]",68,131
michelle obama,"[0.5678066322126741, -0.029361010975735177]",69,132
michelle obama,"[0.567806632212674, -0.02936101097573518]",70,133
michelle obama,"[0.567806632212674, -0.029361010975735177]",71,134
michelle obama,"[0.5678066322126741, -0.029361010975735173]",72,135
michelle obama,"[0.567806632212674, -0.029361010975735173]",73,136
michelle obama,"[0.5678066322126739, -0.02936101097573518]",74,137
michelle obama,"[0.5678066322126739, -0.029361010975735173]",75,138
michelle obama,"[0.567806632212674, -0.029361010975735173]",76,139
michelle obama,"[0.5678066322126738, -0.029361010975735173]",77,140
michelle obama,"[0.5678066322126739, -0.02936101097573518]",78,141
michelle obama,"[0.5678066322126739, -0.029361010975735173]",79,142
michelle obama,"[0.5678066322126739, -0.029361010975735173]",80,143
michelle obama,"[0.5678066322126738, -0.029361010975735173]",81,144
michelle obama,"[0.567806632212674, -0.02936101097573518]",82,145
michelle obama,"[0.567806632212674, -0.02936101097573518]",83,146
michelle obama,"[0.567806632212674, -0.029361010975735173]",84,147
michelle obama,"[0.567806632212674, -0.029361010975735173]",85,148
michelle obama,"[0.567806632212674, -0.029361010975735173]",86,149
michelle obama,"[0.567806632212674, -0.029361010975735173]",87,150
michelle obama,"[0.567806632212674, -0.029361010975735173]",88,151
michelle obama,"[0.567806632212674, -0.02936101097573518]",89,152
michelle obama,"[0.567806632212674, -0.029361010975735173]",90,153
michelle obama,"[0.567806632212674, -0.029361010975735173]",91,154
michelle obama,"[0.567806632212674, -0.029361010975735173]",92,155
michelle obama,"[0.567806632212674, -0.029361010975735173]",93,156
michelle obama,"[0.567806632212674, -0.029361010975735173]",94,157
michelle obama,"[0.567806632212674, -0.029361010975735173]",95,158
michelle obama,"[0.567806632212674, -0.029361010975735173]",96,159
michelle obama,"[0.5678066322126738, -0.029361010975735173]",97,160
michelle obama,"[0.5678066322126738, -0.029361010975735173]",98,161
michelle obama,"[0.5678066322126738, -0.029361010975735173]",99,162
michelle obama,"[0.5678066322126738, -0.029361010975735173]",100,163
michelle obama,"[0.5678066322126737, -0.029361010975735173]",101,164
michelle obama,"[0.5678066322126738, -0.029361010975735173]",102,165
michelle obama,"[0.5678066322126738, -0.029361010975735173]",103,166
michelle obama,"[0.5678066322126738, -0.029361010975735173]",104,167
michelle obama,"[0.5678066322126737, -0.02936101097573518]",105,168
daniel andrews,"[-0.023376229110609235, 0.7011894655987544]",48,111
daniel andrews,"[-0.023376229110609235, 0.7011894655987545]",49,112
daniel andrews,"[-0.023376229110609235, 0.7011894655987545]",50,113
daniel andrews,"[-0.03333333333333333, 0.7011894655987544]",51,114
john fetterman,"[0.9999999999999999, nan]",91,154
john fetterman,"[0.9999999999999999, -0.016666666666666663]",92,155
john fetterman,"[1.0, -0.016666666666666663]",93,156
john fetterman,"[1.0, -0.016666666666666663]",94,157
john fetterman,"[0.9999999999999998, -0.016666666666666666]",95,158
john fetterman,"[0.9999999999999998, -0.016666666666666666]",96,159
john fetterman,"[1.0, -0.016666666666666673]",97,160
john fetterman,"[1.0, -0.016666666666666673]",98,161
john fetterman,"[0.7012868733182763, -0.016666666666666673]",99,162
john fetterman,"[0.7012868733182761, -0.023769134427076417]",100,163
