donald trump,"[-0.05102276939932641, 0.6576957712640811]",9,29
donald trump,"[-0.080684372736844, 0.6635142973332778]",10,30
donald trump,"[-0.10894559674761696, 0.6735753140545634]",11,31
donald trump,"[-0.10894559674761695, 0.6860925697430479]",12,32
donald trump,"[-0.09899212493974471, 0.677331015242063]",13,33
donald trump,"[-0.07220290116757998, 0.6645494089008097]",14,34
donald trump,"[-0.08627832948515049, 0.50865612153195]",15,35
donald trump,"[-0.10759307987399444, 0.5156173773286623]",16,36
donald trump,"[-0.1614230766805602, 0.5382895869165305]",17,37
donald trump,"[-0.11966458866164112, 0.6237055560836822]",18,38
donald trump,"[-0.0471292321688933, 0.5935982066667358]",19,39
donald trump,"[-0.1130918572906628, 0.5956046559125553]",20,40
donald trump,"[-0.10254355992664321, 0.5345198760864417]",21,41
donald trump,"[0.08304784659725627, 0.5091750772173157]",76,96
donald trump,"[-0.11396057645963795, 0.6063390625908325]",78,98
donald trump,"[0.5197191965064277, 0.35400521619692155]",86,106
donald trump,"[0.5014742413541504, 0.18430244519362143]",87,107
americans,"[0.6706125355768553, 0.6859943405700353]",85,105
americans,"[0.6551996705282485, 0.02846704711547861]",86,106
americans,"[0.6850823171326071, 0.04803656091317773]",87,107
americans,"[0.6850823171326071, -0.0031730046834773764]",88,108
americans,"[0.6746010525388914, -0.03713906763541038]",89,109
americans,"[0.629940788348712, -0.055901699437494734]",90,110
americans,"[0.7248691620912733, 0.03753472611029435]",91,111
americans,"[0.6199057814812781, -0.059228739570196906]",92,112
americans,"[0.6108556189362517, -0.12501045203909494]",93,113
americans,"[0.5256739924434902, -0.14408969219211765]",94,114
united states,"[-0.14293160292333867, 0.5230779177455309]",33,53
united states,"[-0.2877564990896583, 0.5911345782355032]",34,54
united states,"[-0.35908504080074083, 0.5426095162342935]",35,55
united states,"[-0.32303076117156815, 0.5689738157485974]",36,56
united states,"[-0.3013900636453282, 0.5542816805334082]",37,57
united states,"[-0.26036420209387534, 0.5542816805334082]",38,58
united states,"[-0.2603642020938753, 0.5765196684585955]",39,59
united states,"[-0.23103352894180398, 0.545377522656697]",40,60
united states,"[-0.24025432251825754, 0.5736791370757207]",41,61
united states,"[-0.24025432251825748, 0.5736791370757207]",42,62
united states,"[-0.2434238045062985, 0.5680414380400867]",43,63
united states,"[-0.31430269031480196, 0.5680414380400867]",44,64
united states,"[-0.3204404768374855, 0.5850179393017044]",45,65
united states,"[-0.3705500897462143, 0.6176942080539056]",46,66
hillary clinton,"[0.5421313449048659, 0.14836145526622393]",1,21
hillary clinton,"[0.5606489476712829, 0.01876730909516407]",2,22
hillary clinton,"[0.559706747995231, -0.006419865965896733]",3,23
hillary clinton,"[0.5502409109322904, -0.012967507500990022]",4,24
hillary clinton,"[0.5474562455421635, -0.026211509372922513]",5,25
hillary clinton,"[0.5559376593225952, 0.02108672500751129]",6,26
hillary clinton,"[0.7309058603308706, 0.01562613507492653]",7,27
hillary clinton,"[0.7268368026612628, 0.026389092509215426]",8,28
hillary clinton,"[0.7234458388069245, 0.036715431357224125]",9,29
hillary clinton,"[0.7206616509766461, 0.046656548476850614]",10,30
hillary clinton,"[0.7188858567255304, 0.11555252264060872]",11,31
hillary clinton,"[0.7581714573685243, 0.22634301569414858]",12,32
hillary clinton,"[0.6535325970232095, 0.21935412570756413]",13,33
hillary clinton,"[0.6857951915756436, 0.2543527874857913]",14,34
hillary clinton,"[0.6476690942050181, 0.18094889050198534]",15,35
hillary clinton,"[0.6451266748400258, 0.2096389702657338]",16,36
hillary clinton,"[0.7460434368258955, 0.1471006170910769]",17,37
hillary clinton,"[0.7424135461189314, 0.21864147075831716]",18,38
hillary clinton,"[0.8157112286926472, -0.14070224027657896]",19,39
democratic party,"[-0.14937635992171197, 0.6616591390145993]",7,27
democratic party,"[-0.149376359921712, 0.6616591390145992]",8,28
democratic party,"[-0.14690788263112078, 0.6141922686399942]",73,93
democratic party,"[-0.011024346592560588, 0.6141922686399942]",74,94
democratic party,"[0.03619979502929641, 0.7219948723811553]",75,95
democratic party,"[0.06093936867726089, 0.7538191051195526]",76,96
democratic party,"[0.08663791001045906, 0.8677218312746248]",77,97
democratic party,"[0.22113449066792581, 0.8677218312746247]",78,98
democratic party,"[0.5443310539518176, nan]",79,99
democratic party,"[0.5443310539518174, nan]",87,107
democratic party,"[0.5833333333333333, 0.45733840407468973]",89,109
democratic party,"[0.5833333333333333, 0.31149591164298934]",90,110
democratic party,"[0.5833333333333333, 0.3114959116429894]",91,111
democratic party,"[0.5833333333333331, 0.3114959116429893]",92,112
democratic party,"[0.5833333333333331, 0.31149591164298934]",93,113
democratic party,"[0.5833333333333331, 0.3114959116429893]",94,114
democratic party,"[0.5833333333333331, 0.31149591164298934]",95,115
joe biden,"[-0.11095900821829635, 0.5892556509887897]",87,107
joe biden,"[-0.11095900821829638, 0.5892556509887896]",88,108
joe biden,"[0.516949152542373, 0.05610478939691057]",91,111
joe biden,"[0.5169491525423728, -0.05882352941176468]",92,112
joe biden,"[0.5169491525423728, -0.05882352941176468]",93,113
republican party,"[-0.10206207261596577, 0.5423261445466405]",23,43
republican party,"[-0.08084520834544434, 0.6859943405700354]",24,44
republican party,"[-0.08084520834544433, 0.6859943405700353]",129,149
republican party,"[-0.08084520834544434, 0.6859943405700353]",130,150
republican party,"[-0.08084520834544434, 0.6859943405700353]",131,151
republican party,"[-0.08084520834544434, 0.685994340570035]",132,152
republican party,"[-0.08084520834544433, 0.6859943405700353]",133,153
republican party,"[-0.07624928516630236, 0.9999999999999999]",134,154
ukraine,"[0.6437263095787181, -0.08084520834544433]",124,144
ukraine,"[0.6437263095787181, -0.103606084259456]",125,145
ukraine,"[0.6437263095787181, -0.10360608425945601]",126,146
ukraine,"[0.6437263095787182, -0.10360608425945601]",127,147
ukraine,"[0.6437263095787182, -0.10360608425945601]",128,148
ukraine,"[0.6437263095787182, -0.10360608425945601]",129,149
ukraine,"[0.6437263095787182, -0.10360608425945601]",130,150
ukraine,"[0.6871842709362768, -0.0857492925712544]",131,151
ukraine,"[0.9999999999999999, -0.05882352941176469]",132,152
ukraine,"[0.6871842709362768, -0.08574929257125441]",133,153
ukraine,"[0.7470873676376285, -0.10846522890932808]",134,154
george floyd,"[1.0, nan]",87,107
george floyd,"[0.22038742463597655, 0.9523071766988175]",105,125
george floyd,"[-0.014352588463597847, 0.6654634924511644]",106,126
george floyd,"[-0.1217161238900369, 0.5423261445466406]",135,155
george floyd,"[-0.10206207261596581, 0.5423261445466405]",136,156
public,"[-0.17712297710801903, 0.5423261445466404]",63,83
taxpayers,"[0.5776508941874458, -0.1206659834309881]",53,73
taxpayers,"[0.5776508941874458, -0.13908504812496064]",54,74
taxpayers,"[0.5521576303742328, -0.13908504812496067]",55,75
taxpayers,"[0.5521576303742328, -0.15737789507292674]",56,76
taxpayers,"[0.6871842709362768, nan]",87,107
taxpayers,"[0.6871842709362768, -0.08574929257125441]",88,108
taxpayers,"[0.6871842709362768, -0.08574929257125441]",89,109
taxpayers,"[0.6871842709362768, -0.08574929257125442]",90,110
taxpayers,"[0.6871842709362768, -0.08574929257125441]",91,111
taxpayers,"[0.6871842709362768, -0.08574929257125441]",92,112
taxpayers,"[0.6871842709362768, -0.08574929257125441]",93,113
taxpayers,"[0.6871842709362768, -0.08574929257125442]",94,114
taxpayers,"[0.6871842709362768, -0.08574929257125441]",95,115
taxpayers,"[0.6871842709362768, -0.08574929257125441]",96,116
taxpayers,"[0.5917813771642473, -0.08574929257125441]",97,117
taxpayers,"[0.5917813771642473, -0.11785113019775792]",98,118
taxpayers,"[0.5917813771642474, -0.1178511301977579]",99,119
taxpayers,"[0.5197191965064277, -0.11785113019775792]",100,120
taxpayers,"[0.5197191965064278, -0.10114434748483467]",101,121
taxpayers,"[0.8095238095238095, -0.10114434748483467]",102,122
taxpayers,"[0.8095238095238095, -0.10114434748483467]",103,123
taxpayers,"[0.8095238095238094, -0.10114434748483467]",104,124
taxpayers,"[0.7484551991837488, nan]",105,125
consumers,"[0.6041666666666667, -0.15811388300841894]",111,131
consumers,"[0.6041666666666667, -0.20000000000000004]",112,132
consumers,"[0.6041666666666666, -0.20000000000000004]",113,133
consumers,"[0.57092239485974, 0.03571428571428575]",115,135
israel,"[-0.10206207261596577, 0.5423261445466404]",106,126
israel,"[-0.08084520834544433, 0.6859943405700354]",107,127
israel,"[-0.08084520834544434, 0.6859943405700353]",108,128
israel,"[-0.08084520834544434, 0.6859943405700353]",109,129
israel,"[-0.10206207261596577, 0.685994340570035]",110,130
israel,"[-0.10206207261596577, 0.5423261445466404]",111,131
israel,"[-0.10206207261596577, 0.5423261445466404]",112,132
israel,"[-0.10206207261596577, 0.5423261445466404]",113,133
israel,"[-0.08084520834544434, 0.6859943405700353]",114,134
israel,"[-0.10206207261596578, 0.6859943405700354]",115,135
israel,"[-0.12171612389003691, 0.5423261445466406]",116,136
israel,"[-0.17712297710801905, 0.6614378277661475]",117,137
israel,"[-0.17712297710801905, 0.6614378277661476]",118,138
israel,"[-0.17712297710801905, 0.6614378277661478]",119,139
israel,"[-0.20498001542269692, 0.6614378277661478]",120,140
israel,"[-0.20498001542269692, 0.5700877125495689]",121,141
israel,"[-0.2049800154226969, 0.5700877125495688]",122,142
children,"[1.0, nan]",85,105
children,"[0.6871842709362768, -0.05882352941176469]",86,106
children,"[0.6871842709362768, -0.08574929257125441]",87,107
children,"[0.6871842709362768, -0.08574929257125441]",88,108
children,"[0.6871842709362768, -0.08574929257125442]",89,109
children,"[0.6871842709362768, -0.0857492925712544]",90,110
children,"[0.5443310539518175, -0.08574929257125442]",91,111
iran,"[-0.1134023029066286, 0.7481290972721264]",63,83
iran,"[-0.11340230290662859, 0.7481290972721263]",64,84
iran,"[-0.11396057645963795, 0.8091547798786778]",65,85
iran,"[-0.11396057645963797, 0.6063390625908325]",66,86
iran,"[-0.11396057645963795, 0.6063390625908325]",67,87
iran,"[-0.09753428933010881, 0.6423577224086272]",68,88
iran,"[-0.09753428933010881, 0.6423577224086272]",69,89
iran,"[-0.09753428933010881, 0.6423577224086272]",70,90
iran,"[-0.08084520834544434, 0.6859943405700354]",71,91
iran,"[-0.08084520834544434, 0.6859943405700353]",72,92
iran,"[-0.08084520834544434, 0.6859943405700354]",73,93
iran,"[-0.08084520834544434, 0.6859943405700353]",74,94
iran,"[-0.08084520834544434, 0.6859943405700353]",75,95
iran,"[-0.08084520834544434, 0.685994340570035]",76,96
iran,"[-0.08084520834544434, 0.6859943405700353]",77,97
iran,"[-0.08084520834544434, 0.6859943405700353]",78,98
iran,"[-0.08084520834544434, 0.6859943405700353]",79,99
iran,"[-0.08084520834544434, 0.685994340570035]",80,100
barack obama,"[-0.26546516354817384, 0.766757672993104]",11,31
barack obama,"[-0.20100756305184245, 0.7667576729931039]",12,32
barack obama,"[-0.26546516354817384, 0.6498440561375455]",13,33
barack obama,"[-0.26546516354817384, 0.6704238100682157]",14,34
barack obama,"[-0.26546516354817384, 0.6498440561375456]",15,35
barack obama,"[-0.24014605321403704, 0.6704238100682156]",16,36
barack obama,"[0.5443310539518174, -0.08574929257125441]",53,73
barack obama,"[0.5443310539518175, -0.10846522890932808]",54,74
barack obama,"[0.5443310539518175, -0.10846522890932808]",55,75
barack obama,"[0.5443310539518175, -0.10846522890932808]",56,76
barack obama,"[0.6871842709362768, -0.08574929257125442]",57,77
barack obama,"[0.6871842709362768, -0.08574929257125438]",58,78
barack obama,"[0.6871842709362768, -0.08574929257125441]",59,79
barack obama,"[0.6871842709362768, -0.08574929257125442]",60,80
barack obama,"[0.6871842709362768, -0.08574929257125442]",61,81
barack obama,"[0.5443310539518176, -0.08574929257125438]",62,82
barack obama,"[0.5443310539518175, -0.10846522890932807]",63,83
barack obama,"[0.5443310539518176, -0.10846522890932807]",64,84
barack obama,"[0.5443310539518176, -0.10846522890932807]",65,85
barack obama,"[0.5443310539518176, -0.10846522890932805]",66,86
barack obama,"[0.5443310539518176, -0.10846522890932807]",67,87
barack obama,"[0.6871842709362768, -0.0857492925712544]",68,88
barack obama,"[0.6871842709362768, -0.08574929257125444]",69,89
barack obama,"[0.6871842709362768, -0.08574929257125438]",70,90
barack obama,"[0.6871842709362769, nan]",71,91
woman,"[0.5443310539518174, -0.08574929257125441]",9,29
woman,"[0.5443310539518175, -0.10846522890932808]",10,30
woman,"[0.5443310539518176, -0.10846522890932807]",74,94
woman,"[0.5443310539518176, -0.08574929257125438]",75,95
woman,"[0.9999999999999999, -0.05882352941176468]",130,150
woman,"[1.0, nan]",131,151
russia,"[-0.10206207261596577, 0.5423261445466404]",0,20
russia,"[-0.10206207261596577, 0.5423261445466404]",1,21
russia,"[-0.10206207261596577, 0.5423261445466404]",2,22
russia,"[-0.08084520834544434, 0.6859943405700352]",3,23
russia,"[-0.08084520834544434, 0.6859943405700354]",4,24
russia,"[-0.09523809523809523, 0.6859943405700354]",5,25
russia,"[0.20245779780388534, 0.5762094850891227]",41,61
russia,"[0.20245779780388531, 0.5508226327552435]",42,62
russia,"[0.20245779780388531, 0.5508226327552437]",43,63
russia,"[0.20245779780388534, 0.5508226327552437]",44,64
russia,"[0.20245779780388534, 0.5508226327552437]",45,65
russia,"[0.20245779780388534, 0.5508226327552436]",46,66
russia,"[0.20245779780388534, 0.5508226327552439]",47,67
russia,"[0.20245779780388534, 0.5508226327552438]",48,68
russia,"[0.18294043331615062, 0.5508226327552438]",49,69
russia,"[0.1829404333161506, 0.5294117647058822]",50,70
russia,"[0.18294043331615062, 0.5294117647058822]",51,71
russia,"[0.18294043331615065, 0.5294117647058822]",52,72
russia,"[0.18294043331615065, 0.5294117647058822]",53,73
russia,"[0.25607375986579195, 0.6616591390145992]",54,74
america,"[-0.05555555555555556, 0.9999999999999999]",89,109
america,"[-0.08084520834544433, 0.9999999999999997]",90,110
america,"[-0.08084520834544433, 0.6859943405700354]",91,111
america,"[-0.08084520834544434, 0.6859943405700354]",92,112
america,"[-0.10206207261596578, 0.6859943405700354]",93,113
america,"[-0.1217161238900369, 0.5423261445466404]",94,114
china,"[-0.05555555555555556, 0.9999999999999999]",85,105
china,"[-0.05555555555555556, 0.9999999999999997]",86,106
china,"[0.4411764705882353, 0.6859943405700354]",87,107
china,"[0.5197191965064277, -0.10114434748483467]",103,123
china,"[0.8095238095238095, -0.10114434748483467]",104,124
china,"[0.8095238095238094, nan]",105,125
mexico,"[0.5443310539518174, -0.08574929257125441]",7,27
mexico,"[0.5443310539518175, -0.10846522890932808]",8,28
mexico,"[0.5443310539518175, -0.10846522890932807]",9,29
mexico,"[0.5443310539518175, -0.10846522890932807]",10,30
mexico,"[0.5443310539518175, -0.10846522890932807]",11,31
mexico,"[0.5443310539518175, -0.10846522890932808]",12,32
mexico,"[0.5443310539518175, -0.10846522890932807]",13,33
mexico,"[0.5443310539518176, -0.10846522890932805]",14,34
mexico,"[0.5443310539518176, -0.10846522890932805]",15,35
mexico,"[0.6871842709362768, -0.08574929257125438]",16,36
mexico,"[1.0, -0.05882352941176469]",17,37
mexico,"[0.9999999999999999, -0.05882352941176469]",18,38
mexico,"[0.9999999999999999, -0.05882352941176469]",19,39
mexico,"[0.9999999999999999, -0.05882352941176468]",20,40
mexico,"[0.6871842709362769, -0.08574929257125438]",21,41
uk,"[0.5917813771642473, 0.5892556509887895]",9,29
uk,"[0.5917813771642473, 0.5892556509887896]",10,30
uk,"[0.5917813771642473, -0.05882352941176468]",11,31
uk,"[0.6871842709362768, nan]",51,71
uk,"[0.6871842709362768, -0.08574929257125441]",52,72
uk,"[0.6871842709362768, -0.08574929257125441]",53,73
uk,"[0.6871842709362768, -0.08574929257125442]",54,74
uk,"[0.6871842709362768, -0.08574929257125441]",55,75
uk,"[0.6871842709362768, -0.08574929257125441]",56,76
uk,"[0.7470873676376284, -0.10846522890932807]",57,77
uk,"[0.5017094066958715, -0.149071198499986]",58,78
uk,"[0.5017094066958715, 0.2674562519653045]",66,86
uk,"[0.5017094066958715, 0.2674562519653045]",67,87
uk,"[0.5017094066958714, 0.2674562519653044]",68,88
uk,"[0.5017094066958715, 0.39267936066461506]",69,89
uk,"[0.24041118447297558, 0.5892556509887895]",70,90
uk,"[0.24041118447297558, 0.5892556509887895]",71,91
uk,"[0.24041118447297558, 0.5892556509887895]",72,92
uk,"[0.24041118447297546, 0.5892556509887895]",73,93
uk,"[0.24041118447297558, 0.5892556509887895]",74,94
uk,"[0.24041118447297558, 0.8892972917998877]",75,95
uk,"[-0.055555555555555566, 0.9999999999999997]",76,96
students,"[0.5443310539518174, -0.0857492925712544]",13,33
students,"[0.5443310539518175, -0.10846522890932808]",14,34
students,"[0.5443310539518175, -0.10846522890932808]",15,35
students,"[0.5443310539518175, -0.10846522890932808]",16,36
students,"[0.5443310539518175, -0.10846522890932808]",17,37
students,"[0.6871842709362768, -0.0857492925712544]",18,38
students,"[0.6871842709362768, -0.08574929257125442]",19,39
students,"[0.6871842709362768, -0.08574929257125442]",20,40
students,"[0.6871842709362768, -0.08574929257125442]",21,41
students,"[0.6871842709362768, -0.08574929257125438]",22,42
students,"[0.6871842709362769, -0.0857492925712544]",23,43
students,"[0.6871842709362768, -0.0857492925712544]",24,44
students,"[0.6871842709362768, -0.0857492925712544]",25,45
students,"[0.5443310539518176, -0.08574929257125438]",26,46
students,"[0.5443310539518175, -0.10846522890932807]",27,47
students,"[0.5443310539518176, -0.10846522890932807]",28,48
students,"[0.6871842709362768, -0.08574929257125444]",29,49
students,"[0.6871842709362768, -0.08574929257125438]",30,50
students,"[0.6871842709362769, nan]",31,51
students,"[-0.13130643285972254, 0.7001400420140048]",45,65
students,"[-0.13130643285972254, 0.7001400420140048]",46,66
students,"[-0.13130643285972254, 0.7001400420140049]",47,67
students,"[-0.13130643285972257, 0.7001400420140049]",48,68
students,"[-0.13130643285972254, 0.7001400420140049]",49,69
students,"[-0.13130643285972254, 0.7001400420140048]",50,70
students,"[-0.149376359921712, 0.7001400420140049]",51,71
students,"[-0.13130643285972254, 0.7001400420140049]",52,72
students,"[-0.13130643285972254, 0.7001400420140049]",53,73
students,"[-0.11340230290662859, 0.7481290972721263]",54,74
students,"[-0.11340230290662859, 0.7481290972721262]",55,75
students,"[-0.11340230290662859, 0.7481290972721263]",56,76
students,"[-0.11340230290662859, 0.7481290972721263]",57,77
students,"[-0.11340230290662859, 0.7481290972721263]",58,78
students,"[-0.16502459049611237, 0.5160468465421396]",60,80
students,"[-0.13859178573504735, 0.5160468465421397]",61,81
students,"[-0.13859178573504738, 0.5160468465421395]",62,82
environment,"[0.6871842709362768, nan]",103,123
environment,"[0.6871842709362768, -0.0857492925712544]",104,124
environment,"[0.6871842709362768, -0.08574929257125441]",105,125
environment,"[0.5443310539518175, -0.10846522890932808]",106,126
environment,"[0.5443310539518175, -0.10846522890932808]",107,127
environment,"[0.5443310539518175, -0.10846522890932807]",108,128
environment,"[0.5443310539518176, -0.10846522890932805]",113,133
environment,"[0.5443310539518176, -0.10846522890932807]",114,134
environment,"[0.5443310539518176, -0.10846522890932805]",115,135
environment,"[-0.1217161238900369, 0.5423261445466405]",124,144
environment,"[-0.10206207261596577, 0.5423261445466405]",125,145
environment,"[-0.10206207261596578, 0.5423261445466404]",126,146
environment,"[-0.10206207261596578, 0.6859943405700354]",127,147
environment,"[-0.08084520834544434, 0.6859943405700353]",128,148
environment,"[-0.08084520834544434, 0.6859943405700353]",129,149
environment,"[-0.08084520834544434, 0.6859943405700352]",130,150
environment,"[-0.08084520834544434, 0.6859943405700353]",131,151
environment,"[-0.08084520834544434, 0.6859943405700353]",132,152
environment,"[-0.08084520834544434, 0.6859943405700353]",133,153
environment,"[-0.10206207261596578, 0.5423261445466405]",134,154
afghanistan,"[-0.08084520834544433, 0.6859943405700352]",9,29
afghanistan,"[-0.08084520834544433, 0.685994340570035]",10,30
afghanistan,"[-0.08084520834544434, 0.6859943405700354]",11,31
afghanistan,"[-0.08084520834544434, 0.6859943405700353]",12,32
afghanistan,"[-0.08084520834544434, 0.9999999999999999]",13,33
afghanistan,"[-0.05555555555555555, 0.9999999999999997]",14,34
afghanistan,"[-0.05555555555555555, 0.9999999999999999]",15,35
afghanistan,"[-0.05555555555555555, 0.9999999999999999]",16,36
afghanistan,"[-0.05555555555555555, 0.9999999999999999]",17,37
afghanistan,"[-0.055555555555555566, 0.9999999999999997]",18,38
afghanistan,"[-0.055555555555555566, 0.9999999999999999]",19,39
afghanistan,"[-0.05555555555555555, 0.9999999999999999]",20,40
afghanistan,"[-0.05555555555555555, 0.9999999999999999]",21,41
afghanistan,"[-0.08084520834544434, 0.9999999999999997]",22,42
afghanistan,"[-0.08084520834544433, 0.6859943405700353]",23,43
afghanistan,"[-0.10206207261596578, 0.6859943405700353]",24,44
afghanistan,"[-0.10206207261596577, 0.5423261445466406]",25,45
afghanistan,"[-0.10206207261596578, 0.5423261445466405]",26,46
afghanistan,"[0.6551996705282486, 0.4374999999999999]",117,137
afghanistan,"[0.7424865038419055, 0.03903749008874851]",134,154
afghanistan,"[0.7476591451270224, nan]",135,155
congress,"[-0.10206207261596577, 0.5423261445466405]",5,25
congress,"[-0.10206207261596577, 0.5423261445466405]",6,26
congress,"[-0.10206207261596577, 0.6859943405700353]",7,27
congress,"[-0.10206207261596577, 0.5423261445466403]",8,28
congress,"[-0.10206207261596577, 0.5423261445466404]",9,29
congress,"[-0.12171612389003691, 0.5423261445466405]",10,30
congress,"[-0.10206207261596577, 0.5423261445466403]",12,32
congress,"[-0.10206207261596581, 0.5423261445466405]",13,33
congress,"[-0.10206207261596578, 0.5423261445466405]",14,34
congress,"[-0.10206207261596578, 0.5423261445466405]",15,35
congress,"[-0.10206207261596578, 0.5423261445466404]",16,36
congress,"[-0.12171612389003691, 0.5423261445466405]",17,37
congress,"[0.5443310539518175, -0.10846522890932807]",29,49
congress,"[0.5443310539518175, -0.10846522890932808]",30,50
congress,"[0.5443310539518175, -0.10846522890932807]",31,51
congress,"[0.5443310539518176, -0.10846522890932807]",32,52
congress,"[0.5443310539518176, -0.10846522890932807]",33,53
congress,"[0.5443310539518176, -0.10846522890932808]",34,54
congress,"[-0.1596105995172654, 0.5913636636275174]",63,83
congress,"[-0.12643043435604343, 0.5913636636275174]",64,84
congress,"[-0.14852213144650112, 0.5913636636275175]",65,85
congress,"[-0.14852213144650114, 0.5533985905294663]",66,86
congress,"[-0.14852213144650112, 0.5533985905294663]",67,87
congress,"[-0.14852213144650114, 0.5533985905294663]",68,88
congress,"[-0.14852213144650106, 0.5533985905294663]",69,89
congress,"[-0.14852213144650114, 0.5533985905294663]",70,90
congress,"[-0.14852213144650106, 0.5533985905294663]",71,91
congress,"[-0.14852213144650114, 0.5533985905294663]",72,92
congress,"[-0.12643043435604343, 0.5913636636275174]",73,93
congress,"[-0.12643043435604343, 0.5913636636275174]",74,94
congress,"[-0.12643043435604343, 0.9035424634952139]",75,95
congress,"[-0.08688100585711447, 0.9035424634952137]",76,96
venezuelan people,"[0.5641693336552751, 0.051987524491003655]",59,79
venezuelan people,"[0.564169333655275, -0.032879797461071454]",60,80
venezuelan people,"[-0.11177545850247399, 0.9035424634952139]",79,99
venezuelan people,"[-0.08688100585711447, 0.9035424634952137]",80,100
north korea,"[-0.1997338654842403, 0.6822422923379534]",37,57
north korea,"[-0.22017621148199487, 0.6822422923379534]",38,58
covid-19,"[0.4411764705882353, 0.6859943405700353]",85,105
covid-19,"[-0.1304372986874877, 0.5762094850891227]",126,146
covid-19,"[-0.1304372986874877, 0.6063390625908326]",127,147
covid-19,"[-0.11396057645963795, 0.6063390625908325]",128,148
lgbt community,"[-0.08084520834544433, 0.6859943405700353]",87,107
lgbt community,"[-0.08084520834544433, 0.6859943405700353]",88,108
lgbt community,"[-0.08084520834544434, 0.6859943405700354]",89,109
lgbt community,"[-0.08084520834544434, 0.6859943405700354]",90,110
lgbt community,"[-0.08084520834544434, 0.6859943405700353]",91,111
lgbt community,"[-0.08084520834544434, 0.6859943405700352]",92,112
lgbt community,"[-0.1176470588235294, 0.6859943405700354]",93,113
lgbt community,"[-0.11764705882352944, 0.6859943405700354]",101,121
lgbt community,"[-0.08084520834544434, 0.6859943405700353]",102,122
lgbt community,"[-0.08084520834544434, 0.6859943405700353]",103,123
lgbt community,"[-0.08084520834544434, 0.685994340570035]",104,124
india,"[0.8095238095238094, nan]",1,21
india,"[0.8095238095238094, -0.10114434748483471]",2,22
india,"[0.7484551991837488, -0.12066598343098814]",3,23
india,"[0.7484551991837488, -0.1206659834309881]",4,24
india,"[0.7484551991837488, -0.12066598343098812]",5,25
india,"[0.7484551991837488, -0.12066598343098807]",6,26
india,"[0.7484551991837488, -0.1011443474848347]",7,27
india,"[0.8095238095238095, -0.10114434748483468]",8,28
india,"[0.8095238095238095, -0.10114434748483468]",9,29
india,"[0.8095238095238094, -0.10114434748483468]",10,30
india,"[0.8095238095238096, -0.08084520834544433]",11,31
india,"[0.8895749936068607, -0.08084520834544431]",12,32
india,"[0.8095238095238094, -0.10114434748483467]",13,33
india,"[0.8095238095238094, -0.10114434748483467]",14,34
india,"[0.7484551991837488, -0.12066598343098814]",15,35
india,"[0.7484551991837487, -0.1206659834309881]",16,36
india,"[0.7484551991837487, -0.12066598343098815]",17,37
india,"[0.7484551991837488, -0.1206659834309881]",18,38
india,"[0.7484551991837489, -0.10846522890932805]",19,39
cnn,"[1.0, nan]",1,21
cnn,"[0.9999999999999999, -0.05882352941176469]",2,22
cnn,"[0.9999999999999999, -0.0588235294117647]",3,23
cnn,"[1.0, -0.05882352941176469]",4,24
cnn,"[1.0, -0.05882352941176469]",5,25
cnn,"[1.0, -0.05882352941176469]",6,26
cnn,"[0.9999999999999999, -0.05882352941176469]",7,27
cnn,"[0.9999999999999998, -0.05882352941176469]",8,28
cnn,"[0.8840866447369843, -0.08574929257125441]",9,29
cnn,"[0.8344408667498866, -0.11043152607484653]",10,30
cnn,"[0.8344408667498866, -0.1344008326426176]",11,31
cnn,"[0.8344408667498866, -0.1344008326426176]",12,32
cnn,"[0.8344408667498866, -0.13440083264261754]",13,33
cnn,"[0.8344408667498866, -0.13440083264261754]",14,34
cnn,"[0.8344408667498866, -0.1344008326426176]",15,35
cnn,"[0.8344408667498866, -0.1344008326426176]",16,36
cnn,"[0.6921436350681152, -0.13440083264261757]",17,37
cnn,"[0.6921436350681153, -0.16647802295407285]",18,38
cnn,"[0.6642111641550713, -0.11420298157578244]",19,39
immigrants,"[1.0, nan]",85,105
immigrants,"[0.6871842709362768, -0.05882352941176469]",86,106
immigrants,"[0.6871842709362768, -0.08574929257125441]",87,107
immigrants,"[0.6871842709362768, -0.08574929257125441]",88,108
immigrants,"[0.6871842709362768, -0.08574929257125442]",89,109
immigrants,"[0.6871842709362768, -0.0857492925712544]",90,110
immigrants,"[0.5917813771642474, -0.11785113019775793]",91,111
immigrants,"[0.5917813771642473, -0.11785113019775795]",92,112
immigrants,"[0.5917813771642474, -0.11785113019775795]",93,113
immigrants,"[0.5917813771642474, -0.11785113019775795]",94,114
immigrants,"[0.5917813771642474, -0.11785113019775792]",95,115
immigrants,"[0.5917813771642473, -0.11785113019775792]",96,116
immigrants,"[0.5917813771642474, -0.11785113019775792]",97,117
man,"[0.5917813771642474, -0.08084520834544433]",0,20
man,"[-0.09340808971963417, 0.6659468777064146]",41,61
man,"[-0.09340808971963414, 0.6659468777064145]",42,62
man,"[-0.09340808971963417, 0.6659468777064146]",43,63
man,"[-0.135928736541608, 0.6659468777064146]",44,64
man,"[-0.135928736541608, 0.6349812749303676]",47,67
man,"[-0.10401019349846875, 0.6349812749303676]",48,68
man,"[-0.1264304343560434, 0.6349812749303675]",49,69
man,"[-0.10401019349846875, 0.6349812749303674]",50,70
man,"[-0.1264304343560434, 0.5913636636275174]",51,71
man,"[-0.12643043435604343, 0.5913636636275174]",52,72
man,"[-0.14852213144650114, 0.5533985905294662]",53,73
man,"[-0.1485221314465011, 0.5533985905294662]",54,74
man,"[-0.14852213144650114, 0.5533985905294663]",55,75
man,"[-0.14852213144650106, 0.5533985905294663]",56,76
man,"[-0.14852213144650112, 0.5533985905294662]",57,77
man,"[-0.14852213144650117, 0.5533985905294662]",58,78
california,"[0.5443310539518175, -0.10846522890932807]",35,55
california,"[0.5443310539518175, -0.10846522890932807]",36,56
california,"[0.5443310539518176, -0.10846522890932808]",39,59
california,"[-0.10206207261596577, 0.5423261445466403]",50,70
california,"[0.5443310539518176, -0.10846522890932804]",60,80
california,"[0.5443310539518176, -0.10846522890932807]",61,81
california,"[0.5443310539518176, -0.10846522890932807]",62,82
california,"[0.6871842709362768, -0.08574929257125444]",63,83
california,"[0.6871842709362768, -0.08574929257125438]",64,84
california,"[0.6871842709362769, -0.0857492925712544]",65,85
california,"[0.6871842709362768, -0.0857492925712544]",66,86
california,"[0.6871842709362768, -0.0857492925712544]",67,87
california,"[0.6871842709362768, -0.08574929257125438]",68,88
california,"[0.6871842709362769, nan]",69,89
syrian people,"[0.5443310539518174, nan]",7,27
syrian people,"[0.5443310539518175, -0.10846522890932808]",8,28
syrian people,"[0.5443310539518175, -0.10846522890932807]",9,29
syrian people,"[0.5443310539518175, -0.10846522890932807]",10,30
syrian people,"[0.5443310539518175, -0.08574929257125441]",11,31
syrian people,"[-0.08084520834544434, 0.6859943405700354]",31,51
syrian people,"[-0.08084520834544434, 0.6859943405700352]",32,52
syrian people,"[-0.08084520834544434, 0.6859943405700353]",33,53
syrian people,"[-0.08084520834544434, 0.6859943405700353]",34,54
syrian people,"[0.6871842709362768, -0.05882352941176469]",41,61
syrian people,"[0.9999999999999999, -0.05882352941176469]",42,62
syrian people,"[0.9999999999999999, -0.05882352941176469]",43,63
syrian people,"[0.6871842709362768, -0.05882352941176469]",44,64
syrian people,"[0.6871842709362769, -0.08574929257125441]",45,65
julian assange,"[-0.08084520834544433, 0.6859943405700353]",59,79
julian assange,"[-0.08688100585711449, 0.6859943405700352]",60,80
julian assange,"[0.5189456899022499, 0.31622776601683794]",63,83
julian assange,"[0.5189456899022499, 0.10601194324269195]",64,84
julian assange,"[0.51894568990225, 0.10601194324269195]",65,85
julian assange,"[0.5189456899022499, 0.10601194324269195]",66,86
julian assange,"[0.5189456899022499, 0.10601194324269192]",67,87
julian assange,"[0.5189456899022499, 0.10601194324269192]",68,88
julian assange,"[0.5189456899022499, 0.10601194324269192]",69,89
julian assange,"[0.5322496460659307, 0.12082441866603538]",70,90
julian assange,"[0.5322496460659307, 0.12082441866603537]",71,91
julian assange,"[0.5322496460659307, 0.12082441866603537]",72,92
julian assange,"[0.5322496460659307, 0.12082441866603538]",73,93
julian assange,"[0.5322496460659307, 0.12082441866603538]",74,94
julian assange,"[0.5322496460659307, 0.12082441866603538]",75,95
julian assange,"[0.5322496460659307, 0.12082441866603538]",76,96
julian assange,"[0.5464429699610224, 0.09316051410668053]",77,97
julian assange,"[0.838794888238936, 0.09316051410668053]",78,98
julian assange,"[0.9802142573417166, 0.14002800840280094]",79,99
julian assange,"[0.9802142573417166, 0.140028008402801]",80,100
julian assange,"[1.0, nan]",81,101
nancy pelosi,"[-0.08084520834544433, 0.6859943405700353]",57,77
nancy pelosi,"[-0.08084520834544433, 0.6859943405700353]",58,78
nancy pelosi,"[-0.08084520834544434, 0.6859943405700353]",72,92
nancy pelosi,"[-0.08084520834544434, 0.6859943405700353]",73,93
nancy pelosi,"[-0.08084520834544434, 0.6859943405700352]",74,94
nancy pelosi,"[-0.12171612389003691, 0.5423261445466404]",122,142
nancy pelosi,"[-0.1020620726159658, 0.5423261445466404]",123,143
nancy pelosi,"[-0.10206207261596578, 0.5423261445466404]",124,144
nancy pelosi,"[-0.10206207261596578, 0.5423261445466405]",125,145
nancy pelosi,"[-0.10206207261596578, 0.5423261445466404]",126,146
jamal khashoggi,"[0.6871842709362768, 0.9999999999999999]",49,69
jamal khashoggi,"[0.5443310539518175, 0.6859943405700352]",50,70
jamal khashoggi,"[0.4513652846144006, 0.7453559924999299]",51,71
jamal khashoggi,"[0.45136528461440045, 0.7453559924999299]",52,72
jamal khashoggi,"[0.5346815442312334, 0.6527533657682196]",53,73
jamal khashoggi,"[0.5346815442312337, 0.5294143019465853]",54,74
jamal khashoggi,"[0.5346815442312337, 0.5294143019465853]",55,75
jamal khashoggi,"[0.446724391785073, 0.5294143019465852]",56,76
apple,"[1.0, nan]",134,154
apple,"[0.6871842709362768, -0.05882352941176469]",135,155
apple,"[0.6871842709362768, -0.08574929257125441]",136,156
apple,"[0.6871842709362768, -0.08574929257125441]",137,157
apple,"[0.6871842709362768, -0.08574929257125442]",138,158
apple,"[0.6871842709362768, -0.0857492925712544]",139,159
apple,"[0.6871842709362768, -0.08574929257125442]",140,160
apple,"[0.6871842709362768, -0.08574929257125442]",141,161
apple,"[0.6871842709362768, -0.08574929257125442]",142,162
apple,"[0.6871842709362768, -0.0857492925712544]",143,163
apple,"[0.6871842709362769, -0.08574929257125442]",144,164
apple,"[0.6871842709362768, -0.0857492925712544]",145,165
apple,"[0.6871842709362768, -0.0857492925712544]",146,166
apple,"[0.6871842709362768, -0.08574929257125438]",147,167
apple,"[0.6871842709362769, -0.0857492925712544]",148,168
australia,"[0.6871842709362768, nan]",19,39
australia,"[0.6871842709362768, -0.0857492925712544]",20,40
australia,"[0.6871842709362768, -0.08574929257125441]",21,41
australia,"[0.6871842709362768, -0.08574929257125441]",22,42
australia,"[0.6871842709362768, -0.08574929257125442]",23,43
australia,"[0.6871842709362768, -0.08574929257125441]",24,44
australia,"[0.6871842709362768, -0.08574929257125441]",25,45
australia,"[0.6871842709362768, -0.08574929257125441]",26,46
australia,"[0.6871842709362768, -0.05882352941176469]",27,47
australia,"[0.9999999999999999, -0.05882352941176469]",28,48
australia,"[1.0, -0.05882352941176469]",29,49
australia,"[0.9999999999999999, -0.05882352941176469]",30,50
australia,"[0.9999999999999999, -0.05882352941176469]",31,51
australia,"[0.9999999999999999, -0.05882352941176468]",32,52
australia,"[1.0, -0.05882352941176468]",33,53
australia,"[0.9999999999999999, -0.05882352941176469]",34,54
australia,"[0.9999999999999999, -0.05882352941176469]",35,55
australia,"[0.9999999999999999, -0.05882352941176468]",36,56
australia,"[1.0, nan]",37,57
australia,"[0.9999999999999999, -0.05882352941176469]",108,128
australia,"[0.6871842709362769, -0.08574929257125438]",109,129
australia,"[0.6871842709362768, -0.0857492925712544]",110,130
australia,"[0.6871842709362768, -0.08574929257125442]",111,131
australia,"[0.6871842709362768, -0.08574929257125441]",112,132
australia,"[0.6871842709362769, -0.08574929257125441]",113,133
australia,"[0.6871842709362768, -0.08574929257125441]",114,134
australia,"[0.6871842709362768, -0.08574929257125442]",115,135
australia,"[0.6871842709362768, -0.08574929257125441]",116,136
australia,"[0.6871842709362769, -0.05882352941176469]",117,137
women,"[-0.18749999999999997, 0.6]",51,71
women,"[-0.14852213144650112, 0.7905694150420947]",52,72
women,"[-0.14852213144650114, 0.7905694150420949]",53,73
women,"[-0.14852213144650112, 0.7905694150420947]",54,74
women,"[-0.18749999999999997, 0.9999999999999998]",55,75
women,"[-0.14852213144650114, 0.7905694150420947]",56,76
women,"[-0.14852213144650114, 0.7905694150420949]",57,77
women,"[-0.14852213144650114, 0.7905694150420947]",58,78
women,"[-0.11764705882352938, 0.6859943405700354]",59,79
women,"[-0.08084520834544434, 0.6859943405700353]",60,80
women,"[-0.08084520834544433, 0.6859943405700353]",61,81
women,"[-0.08084520834544434, 0.6859943405700354]",62,82
women,"[-0.08084520834544434, 0.6859943405700353]",63,83
women,"[-0.08084520834544434, 0.685994340570035]",64,84
women,"[-0.08084520834544433, 0.6859943405700353]",65,85
women,"[-0.08084520834544434, 0.6859943405700353]",66,86
women,"[-0.08084520834544434, 0.6859943405700353]",67,87
women,"[-0.08084520834544434, 0.685994340570035]",68,88
twitter,"[1.0, nan]",134,154
twitter,"[0.6871842709362768, -0.05882352941176469]",135,155
twitter,"[0.6871842709362768, -0.08574929257125441]",136,156
twitter,"[0.6871842709362768, -0.08574929257125441]",137,157
twitter,"[0.5443310539518175, -0.08574929257125442]",138,158
twitter,"[0.5443310539518175, -0.10846522890932807]",139,159
twitter,"[0.5443310539518175, -0.10846522890932808]",140,160
twitter,"[0.5443310539518176, -0.10846522890932808]",141,161
twitter,"[0.5443310539518176, -0.10846522890932808]",142,162
refugees,"[-0.10206207261596577, 0.5423261445466404]",45,65
refugees,"[-0.10206207261596577, 0.5423261445466404]",46,66
refugees,"[-0.10206207261596577, 0.5423261445466405]",47,67
refugees,"[-0.10206207261596577, 0.5423261445466405]",48,68
refugees,"[-0.1217161238900369, 0.5423261445466405]",57,77
refugees,"[-0.10206207261596581, 0.5423261445466404]",58,78
refugees,"[-0.10206207261596578, 0.6859943405700354]",59,79
refugees,"[-0.08084520834544434, 0.6859943405700354]",60,80
refugees,"[-0.08084520834544434, 0.6859943405700353]",61,81
refugees,"[-0.08084520834544434, 0.6859943405700352]",62,82
police,"[0.5443310539518174, -0.08574929257125441]",94,114
police,"[0.5443310539518175, -0.10846522890932808]",95,115
police,"[0.5443310539518175, -0.10846522890932808]",96,116
police,"[-0.08084520834544434, 0.6859943405700352]",116,136
police,"[-0.08084520834544434, 0.6859943405700354]",117,137
police,"[-0.08084520834544434, 0.6859943405700353]",118,138
police,"[-0.08084520834544434, 0.6859943405700353]",119,139
police,"[-0.08084520834544434, 0.6859943405700352]",120,140
customers,"[1.0, nan]",27,47
customers,"[1.0, -0.05882352941176469]",28,48
customers,"[1.0, -0.05882352941176469]",29,49
customers,"[1.0, -0.05882352941176469]",30,50
customers,"[1.0, -0.05882352941176469]",31,51
customers,"[1.0, -0.05882352941176469]",32,52
customers,"[1.0, -0.05882352941176469]",33,53
customers,"[0.9999999999999999, -0.05882352941176469]",34,54
customers,"[0.6871842709362768, -0.08574929257125441]",35,55
customers,"[0.6871842709362768, -0.08574929257125441]",36,56
customers,"[0.6871842709362769, -0.08574929257125441]",37,57
customers,"[0.6871842709362768, -0.08574929257125442]",38,58
customers,"[0.6871842709362768, -0.08574929257125441]",39,59
customers,"[0.6871842709362768, -0.08574929257125441]",40,60
customers,"[0.6871842709362769, -0.08574929257125441]",41,61
customers,"[0.6871842709362768, -0.08574929257125442]",42,62
customers,"[0.6871842709362768, -0.08574929257125441]",43,63
customers,"[0.6871842709362768, -0.08574929257125441]",44,64
customers,"[0.6871842709362769, -0.05882352941176468]",45,65
american taxpayers,"[-0.08084520834544433, 0.6859943405700353]",61,81
american taxpayers,"[-0.10206207261596577, 0.6859943405700353]",62,82
american taxpayers,"[-0.10206207261596577, 0.5423261445466404]",63,83
american taxpayers,"[-0.10206207261596577, 0.5423261445466404]",64,84
american taxpayers,"[-0.10206207261596577, 0.5423261445466405]",65,85
american taxpayers,"[-0.10206207261596577, 0.5423261445466404]",66,86
american taxpayers,"[-0.10206207261596577, 0.5423261445466405]",67,87
american taxpayers,"[-0.10206207261596577, 0.5423261445466405]",68,88
american taxpayers,"[-0.10206207261596577, 0.5423261445466405]",69,89
american taxpayers,"[-0.10206207261596577, 0.5423261445466404]",70,90
american taxpayers,"[-0.10206207261596578, 0.5423261445466406]",71,91
american taxpayers,"[-0.10206207261596578, 0.5423261445466406]",72,92
american taxpayers,"[-0.10206207261596578, 0.5423261445466406]",73,93
american taxpayers,"[-0.10206207261596578, 0.5423261445466405]",74,94
american taxpayers,"[-0.1020620726159658, 0.5423261445466406]",75,95
american taxpayers,"[-0.10206207261596578, 0.5423261445466406]",76,96
american taxpayers,"[-0.08084520834544434, 0.6859943405700353]",77,97
american taxpayers,"[-0.08084520834544434, 0.6859943405700352]",78,98
michael flynn,"[-0.08084520834544433, 0.6859943405700353]",11,31
michael flynn,"[-0.10206207261596577, 0.6859943405700353]",12,32
michael flynn,"[-0.10206207261596577, 0.5423261445466404]",13,33
michael flynn,"[-0.10206207261596577, 0.5423261445466404]",14,34
climate change,"[1.0, nan]",0,20
climate change,"[0.6871842709362768, -0.08574929257125438]",76,96
climate change,"[1.0, -0.05882352941176468]",77,97
climate change,"[0.9999999999999999, -0.05882352941176469]",78,98
climate change,"[0.9999999999999999, -0.05882352941176469]",79,99
climate change,"[0.9999999999999999, -0.05882352941176468]",80,100
climate change,"[1.0, nan]",81,101
planned parenthood,"[-0.10206207261596577, 0.5423261445466405]",1,21
melania trump,"[1.0, nan]",22,42
melania trump,"[1.0, -0.05882352941176469]",23,43
melania trump,"[1.0, -0.05882352941176469]",24,44
melania trump,"[1.0, -0.05882352941176469]",25,45
melania trump,"[1.0, -0.05882352941176469]",26,46
melania trump,"[1.0, -0.05882352941176469]",27,47
melania trump,"[1.0, -0.05882352941176469]",28,48
melania trump,"[0.9999999999999999, -0.05882352941176469]",29,49
melania trump,"[0.9999999999999999, -0.05882352941176469]",30,50
melania trump,"[0.6871842709362768, -0.05882352941176469]",31,51
melania trump,"[0.6871842709362769, -0.08574929257125441]",32,52
melania trump,"[0.6871842709362768, -0.0857492925712544]",33,53
melania trump,"[0.6871842709362768, -0.08574929257125444]",34,54
melania trump,"[0.6871842709362768, -0.08574929257125438]",35,55
melania trump,"[0.6871842709362769, -0.0857492925712544]",36,56
melania trump,"[0.6871842709362768, -0.0857492925712544]",37,57
melania trump,"[0.6871842709362768, -0.08574929257125444]",38,58
melania trump,"[0.6871842709362768, -0.08574929257125438]",39,59
melania trump,"[0.6871842709362769, nan]",40,60
venezuela,"[0.5197191965064277, -0.125]",55,75
venezuela,"[-0.08084520834544434, 0.6859943405700353]",76,96
venezuela,"[-0.08084520834544434, 0.9999999999999999]",77,97
venezuela,"[-0.055555555555555566, 0.9999999999999997]",78,98
millennials,"[0.5443310539518174, -0.08574929257125441]",40,60
millennials,"[0.5443310539518175, -0.10846522890932808]",41,61
millennials,"[0.5443310539518175, -0.10846522890932808]",42,62
millennials,"[0.5443310539518175, -0.10846522890932808]",43,63
millennials,"[0.5443310539518175, -0.10846522890932808]",44,64
millennials,"[0.5443310539518175, -0.10846522890932805]",45,65
millennials,"[0.5443310539518175, -0.10846522890932808]",46,66
millennials,"[0.5443310539518176, -0.10846522890932808]",47,67
millennials,"[0.5443310539518176, -0.10846522890932808]",48,68
millennials,"[0.6871842709362768, -0.08574929257125438]",49,69
millennials,"[0.6871842709362769, -0.0857492925712544]",50,70
millennials,"[0.6871842709362768, -0.0857492925712544]",51,71
millennials,"[0.6871842709362768, -0.0857492925712544]",52,72
millennials,"[0.5443310539518176, -0.08574929257125438]",53,73
millennials,"[0.5443310539518175, -0.10846522890932807]",54,74
millennials,"[0.5443310539518176, -0.10846522890932807]",56,76
millennials,"[0.5443310539518176, -0.10846522890932805]",57,77
millennials,"[0.5443310539518176, nan]",58,78
new york times,"[-0.05555555555555556, 0.9999999999999999]",22,42
new york times,"[-0.05555555555555556, 0.9999999999999997]",23,43
new york times,"[-0.05555555555555555, 0.9999999999999999]",24,44
new york times,"[-0.05555555555555555, 0.9999999999999999]",25,45
new york times,"[-0.05555555555555555, 0.9999999999999999]",26,46
new york times,"[-0.08084520834544434, 0.9999999999999997]",27,47
new york times,"[-0.08084520834544434, 0.6859943405700354]",28,48
new york times,"[-0.08084520834544434, 0.6859943405700354]",29,49
new york times,"[-0.08084520834544434, 0.6859943405700354]",30,50
new york times,"[-0.08084520834544434, 0.6859943405700353]",31,51
new york times,"[-0.08084520834544434, 0.6859943405700354]",32,52
new york times,"[-0.08084520834544434, 0.6859943405700353]",33,53
new york times,"[-0.08084520834544434, 0.6859943405700354]",34,54
new york times,"[-0.08084520834544434, 0.6859943405700352]",35,55
new york times,"[-0.08084520834544434, 0.6859943405700354]",36,56
new york times,"[-0.10206207261596578, 0.6859943405700353]",37,57
new york times,"[-0.10206207261596577, 0.5423261445466406]",38,58
new york times,"[-0.10206207261596578, 0.5423261445466405]",39,59
new york times,"[-0.10206207261596575, 0.5423261445466404]",47,67
new york times,"[-0.10206207261596577, 0.5423261445466404]",48,68
new york times,"[-0.10206207261596577, 0.5423261445466405]",49,69
new york times,"[-0.10206207261596577, 0.5423261445466405]",50,70
new york times,"[-0.10206207261596577, 0.5423261445466405]",51,71
new york times,"[-0.10206207261596577, 0.5423261445466404]",52,72
new york times,"[-0.10206207261596577, 0.5423261445466405]",53,73
new york times,"[-0.10206207261596577, 0.5423261445466405]",54,74
new york times,"[-0.10206207261596577, 0.5423261445466405]",55,75
new york times,"[-0.08084520834544434, 0.6859943405700352]",56,76
new york times,"[-0.08084520834544434, 0.6859943405700353]",57,77
new york times,"[-0.08084520834544434, 0.6859943405700353]",58,78
new york times,"[-0.05555555555555555, 0.9999999999999999]",59,79
new york times,"[-0.055555555555555566, 0.9999999999999997]",60,80
new york times,"[-0.055555555555555566, 0.9999999999999999]",61,81
new york times,"[-0.05555555555555555, 0.9999999999999999]",62,82
new york times,"[-0.05555555555555555, 0.9999999999999999]",63,83
new york times,"[-0.055555555555555566, 0.9999999999999997]",64,84
european union,"[0.8895749936068607, -0.08084520834544431]",0,20
european union,"[0.8895749936068607, -0.08084520834544431]",1,21
european union,"[0.8895749936068607, -0.08084520834544434]",2,22
european union,"[0.8895749936068607, -0.08084520834544431]",3,23
european union,"[0.8895749936068607, -0.08084520834544429]",4,24
european union,"[0.8895749936068607, -0.08084520834544429]",5,25
european union,"[0.8895749936068607, -0.08084520834544436]",6,26
european union,"[0.8895749936068609, -0.08084520834544431]",7,27
european union,"[0.9999999999999999, -0.05882352941176469]",8,28
european union,"[0.9999999999999999, -0.05882352941176469]",9,29
european union,"[0.9999999999999999, -0.05882352941176468]",10,30
european union,"[1.0, nan]",11,31
investors,"[1.0, nan]",101,121
investors,"[1.0, -0.05882352941176469]",102,122
investors,"[1.0, -0.05882352941176469]",103,123
investors,"[1.0, -0.05882352941176469]",104,124
investors,"[1.0, -0.05882352941176469]",105,125
investors,"[1.0, -0.05882352941176469]",106,126
investors,"[1.0, -0.05882352941176469]",107,127
investors,"[0.9999999999999999, -0.05882352941176469]",108,128
investors,"[0.9999999999999999, -0.05882352941176469]",109,129
investors,"[0.9999999999999999, -0.05882352941176469]",110,130
investors,"[1.0, -0.05882352941176469]",111,131
investors,"[0.9999999999999999, -0.05882352941176469]",112,132
investors,"[0.9999999999999999, -0.05882352941176469]",113,133
investors,"[0.9999999999999999, -0.05882352941176468]",114,134
investors,"[1.0, -0.05882352941176468]",115,135
investors,"[0.9999999999999999, -0.05882352941176469]",116,136
investors,"[0.9999999999999999, -0.05882352941176469]",117,137
investors,"[0.6871842709362768, -0.0857492925712544]",118,138
investors,"[0.6871842709362769, -0.058823529411764684]",119,139
voters,"[-0.08084520834544434, 0.6859943405700353]",8,28
voters,"[-0.08084520834544434, 0.6859943405700354]",9,29
voters,"[-0.08084520834544434, 0.6859943405700353]",10,30
voters,"[-0.08084520834544434, 0.6859943405700353]",11,31
voters,"[-0.08084520834544434, 0.6859943405700352]",12,32
voters,"[-0.08084520834544434, 0.6859943405700353]",13,33
voters,"[-0.08084520834544434, 0.6859943405700353]",14,34
voters,"[-0.08084520834544434, 0.6859943405700353]",15,35
voters,"[-0.08084520834544434, 0.6859943405700352]",16,36
theresa may,"[-0.08688100585711447, 0.6859943405700354]",65,85
theresa may,"[-0.08084520834544434, 0.6859943405700354]",66,86
theresa may,"[-0.08084520834544434, 0.6859943405700353]",67,87
theresa may,"[-0.08084520834544434, 0.6859943405700352]",68,88
theresa may,"[-0.08084520834544434, 0.9999999999999999]",69,89
theresa may,"[-0.05555555555555555, 0.9999999999999999]",70,90
theresa may,"[-0.05555555555555555, 0.9999999999999999]",71,91
theresa may,"[-0.055555555555555566, 0.9999999999999997]",72,92
theresa may,"[-0.055555555555555566, 0.9999999999999999]",73,93
theresa may,"[-0.05555555555555555, 0.9999999999999999]",74,94
theresa may,"[-0.05555555555555555, 0.9999999999999999]",75,95
theresa may,"[-0.055555555555555566, 0.9999999999999997]",76,96
theresa may,"[-0.055555555555555566, 0.9999999999999999]",77,97
theresa may,"[-0.05555555555555555, 0.9999999999999999]",78,98
theresa may,"[-0.05555555555555555, 0.9999999999999999]",79,99
theresa may,"[-0.055555555555555566, 0.9999999999999997]",80,100
breonna taylor,"[0.5443310539518176, 0.5423261445466404]",109,129
breonna taylor,"[0.5443310539518176, 0.5423261445466404]",110,130
breonna taylor,"[0.5443310539518176, 0.5423261445466403]",111,131
breonna taylor,"[0.6871842709362769, nan]",112,132
hunter biden,"[0.6871842709362768, 0.9999999999999999]",97,117
hunter biden,"[0.5443310539518175, 0.6859943405700352]",98,118
hunter biden,"[0.5443310539518175, 0.5423261445466404]",99,119
hunter biden,"[0.45643546458763834, 0.5423261445466404]",100,120
community,"[-0.08084520834544433, 0.6859943405700353]",41,61
community,"[-0.08084520834544433, 0.6859943405700352]",42,62
community,"[-0.08084520834544433, 0.6859943405700354]",43,63
community,"[-0.08084520834544434, 0.6859943405700354]",44,64
community,"[-0.08084520834544434, 0.6859943405700354]",45,65
community,"[-0.08084520834544434, 0.685994340570035]",46,66
community,"[-0.08084520834544434, 0.6859943405700354]",47,67
community,"[-0.08084520834544434, 0.6859943405700353]",48,68
community,"[-0.08084520834544434, 0.6859943405700353]",49,69
community,"[-0.08084520834544434, 0.685994340570035]",50,70
community,"[-0.08084520834544434, 0.6859943405700353]",51,71
community,"[-0.08084520834544434, 0.6859943405700353]",52,72
community,"[-0.08084520834544434, 0.6859943405700353]",53,73
community,"[-0.055555555555555566, 0.9999999999999997]",54,74
community,"[-0.055555555555555566, 0.9999999999999999]",55,75
community,"[-0.05555555555555555, 0.9999999999999999]",56,76
community,"[-0.05555555555555555, 0.9999999999999999]",57,77
community,"[-0.055555555555555566, 0.9999999999999997]",58,78
british people,"[0.9470327391067189, 0.26514390667749954]",0,20
british people,"[0.9470327391067189, 0.26514390667749954]",1,21
british people,"[0.9470327391067189, 0.2651439066774995]",2,22
british people,"[0.947032739106719, 0.26514390667749943]",3,23
british people,"[0.9470327391067191, 0.2651439066774995]",4,24
british people,"[0.947032739106719, 0.2651439066774995]",5,25
british people,"[0.9470327391067191, 0.26514390667749943]",6,26
british people,"[0.9470327391067194, 0.26514390667749943]",7,27
british people,"[0.9470327391067191, 0.2651439066774995]",8,28
british people,"[0.947032739106719, 0.2651439066774995]",9,29
british people,"[0.9470327391067191, 0.26514390667749943]",10,30
british people,"[0.9999999999999999, nan]",11,31
brazil,"[-0.08084520834544434, 0.6859943405700354]",0,20
brazil,"[-0.08084520834544434, 0.6859943405700353]",1,21
brazil,"[-0.08084520834544434, 0.685994340570035]",2,22
brazil,"[-0.08084520834544434, 0.6859943405700353]",3,23
brazil,"[-0.08084520834544434, 0.6859943405700354]",4,24
brazil,"[-0.08084520834544434, 0.6859943405700353]",5,25
brazil,"[-0.08084520834544434, 0.685994340570035]",6,26
brazil,"[-0.08084520834544433, 0.6859943405700353]",7,27
brazil,"[-0.05555555555555555, 0.9999999999999999]",8,28
brazil,"[-0.05555555555555555, 0.9999999999999999]",9,29
brazil,"[-0.055555555555555566, 0.9999999999999997]",10,30
brazil,"[-0.055555555555555566, 0.9999999999999999]",11,31
brazil,"[-0.05555555555555555, 0.9999999999999999]",12,32
brazil,"[-0.05555555555555555, 0.9999999999999999]",13,33
brazil,"[-0.055555555555555566, 0.9999999999999997]",14,34
undocumented immigrants,"[-0.10206207261596577, 0.5423261445466404]",9,29
undocumented immigrants,"[-0.10206207261596577, 0.5423261445466404]",10,30
undocumented immigrants,"[-0.10206207261596577, 0.5423261445466405]",11,31
undocumented immigrants,"[-0.14852213144650114, 0.5423261445466405]",12,32
parents,"[0.6871842709362768, -0.05882352941176469]",111,131
parents,"[1.0, -0.05882352941176469]",112,132
parents,"[1.0, -0.05882352941176469]",113,133
parents,"[1.0, -0.05882352941176469]",114,134
parents,"[1.0, -0.05882352941176469]",115,135
parents,"[1.0, -0.05882352941176469]",116,136
parents,"[0.6871842709362768, -0.08574929257125441]",117,137
parents,"[0.6871842709362768, -0.08574929257125441]",118,138
parents,"[0.6871842709362768, -0.08574929257125441]",119,139
libya,"[-0.08084520834544434, 0.685994340570035]",0,20
catholic church,"[1.0, -0.05882352941176469]",0,20
catholic church,"[0.9999999999999999, -0.05882352941176469]",1,21
catholic church,"[0.9999999999999999, -0.05882352941176469]",2,22
catholic church,"[0.9999999999999999, -0.05882352941176468]",3,23
catholic church,"[1.0, -0.05882352941176468]",4,24
catholic church,"[0.6871842709362768, -0.05882352941176469]",5,25
catholic church,"[0.6871842709362768, -0.0857492925712544]",6,26
catholic church,"[0.6871842709362768, -0.08574929257125438]",7,27
catholic church,"[0.6871842709362769, nan]",8,28
hong kong,"[1.0, nan]",87,107
hong kong,"[1.0, -0.05882352941176469]",88,108
daca recipients,"[0.9470327391067188, -0.05882352941176469]",22,42
daca recipients,"[0.9470327391067188, -0.05882352941176469]",23,43
daca recipients,"[0.9470327391067189, -0.075755401907857]",24,44
daca recipients,"[0.9470327391067189, -0.07575540190785704]",25,45
daca recipients,"[0.9470327391067189, -0.07575540190785703]",26,46
daca recipients,"[0.9470327391067189, -0.07575540190785701]",27,47
daca recipients,"[0.9470327391067189, -0.07575540190785703]",28,48
daca recipients,"[0.9470327391067189, -0.07575540190785703]",29,49
daca recipients,"[0.9035624609139906, -0.07575540190785704]",30,50
daca recipients,"[0.9035624609139906, -0.09219821056073614]",31,51
daca recipients,"[0.9035624609139907, -0.0921982105607361]",32,52
daca recipients,"[0.9035624609139905, -0.0921982105607361]",33,53
daca recipients,"[0.9035624609139905, -0.09219821056073613]",34,54
daca recipients,"[0.9035624609139905, -0.09219821056073613]",35,55
daca recipients,"[0.9035624609139906, -0.0921982105607361]",36,56
daca recipients,"[0.9035624609139905, -0.0921982105607361]",37,57
daca recipients,"[0.9035624609139905, -0.0921982105607361]",38,58
daca recipients,"[0.9035624609139905, -0.0921982105607361]",39,59
daca recipients,"[0.9035624609139906, nan]",40,60
economy,"[-0.08084520834544433, 0.6859943405700352]",115,135
economy,"[-0.08084520834544433, 0.685994340570035]",116,136
economy,"[-0.08084520834544434, 0.9999999999999999]",117,137
economy,"[-0.08084520834544434, 0.9999999999999999]",118,138
economy,"[-0.08084520834544434, 0.6859943405700354]",119,139
economy,"[-0.08084520834544434, 0.6859943405700353]",120,140
economy,"[-0.08084520834544434, 0.6859943405700354]",121,141
economy,"[-0.08084520834544434, 0.6859943405700354]",122,142
economy,"[-0.08084520834544434, 0.6859943405700353]",123,143
economy,"[-0.10206207261596577, 0.6859943405700352]",124,144
economy,"[-0.10206207261596578, 0.5423261445466405]",125,145
economy,"[-0.10206207261596578, 0.5423261445466405]",126,146
economy,"[-0.10206207261596577, 0.5423261445466405]",127,147
economy,"[-0.10206207261596578, 0.5423261445466404]",128,148
economy,"[-0.1020620726159658, 0.5423261445466405]",129,149
economy,"[-0.10206207261596578, 0.5423261445466405]",130,150
economy,"[-0.10206207261596578, 0.5423261445466405]",131,151
economy,"[-0.10206207261596578, 0.5423261445466404]",132,152
boris johnson,"[0.6871842709362768, -0.08574929257125444]",0,20
boris johnson,"[0.6871842709362768, -0.08574929257125444]",1,21
boris johnson,"[0.6871842709362768, -0.08574929257125442]",2,22
boris johnson,"[0.6871842709362768, -0.08574929257125442]",3,23
boris johnson,"[0.6871842709362768, -0.0857492925712544]",4,24
boris johnson,"[0.6871842709362768, -0.0857492925712544]",5,25
boris johnson,"[0.6871842709362768, -0.0857492925712544]",6,26
boris johnson,"[0.6871842709362769, -0.0857492925712544]",7,27
boris johnson,"[0.6871842709362768, -0.0857492925712544]",8,28
boris johnson,"[0.6871842709362768, -0.0857492925712544]",9,29
boris johnson,"[0.6871842709362768, -0.0857492925712544]",10,30
boris johnson,"[0.6871842709362769, nan]",11,31
twitter users,"[1.0, nan]",106,126
twitter users,"[1.0, -0.05882352941176469]",107,127
twitter users,"[1.0, -0.05882352941176469]",108,128
twitter users,"[1.0, -0.05882352941176469]",109,129
twitter users,"[1.0, -0.05882352941176469]",110,130
twitter users,"[1.0, -0.05882352941176469]",111,131
twitter users,"[1.0, -0.05882352941176469]",112,132
twitter users,"[0.9999999999999999, -0.05882352941176469]",113,133
twitter users,"[0.9999999999999999, -0.05882352941176469]",114,134
twitter users,"[0.9999999999999999, -0.05882352941176469]",115,135
twitter users,"[1.0, -0.05882352941176469]",116,136
twitter users,"[0.9999999999999999, -0.05882352941176469]",117,137
twitter users,"[0.9999999999999999, -0.05882352941176469]",118,138
twitter users,"[0.9999999999999999, -0.05882352941176468]",119,139
twitter users,"[1.0, -0.05882352941176468]",120,140
twitter users,"[0.9999999999999999, -0.05882352941176469]",121,141
twitter users,"[0.9999999999999999, -0.05882352941176469]",122,142
twitter users,"[0.9999999999999999, -0.05882352941176468]",123,143
twitter users,"[1.0, nan]",124,144
unvaccinated people,"[-0.07624928516630235, 0.9999999999999999]",135,155
unvaccinated people,"[-0.055555555555555566, 0.9999999999999997]",136,156
ivanka trump,"[0.6871842709362769, 0.685994340570035]",53,73
ivanka trump,"[0.6871842709362768, 0.6859943405700353]",54,74
ivanka trump,"[0.6871842709362768, 0.6859943405700353]",55,75
ivanka trump,"[0.6871842709362768, 0.6859943405700353]",56,76
ivanka trump,"[0.6871842709362769, 0.9999999999999997]",57,77
tucker carlson,"[-0.05555555555555556, 0.9999999999999999]",107,127
tucker carlson,"[-0.05555555555555556, 0.9999999999999997]",108,128
tucker carlson,"[-0.05555555555555555, 0.9999999999999999]",109,129
tucker carlson,"[-0.05555555555555555, 0.9999999999999999]",110,130
tucker carlson,"[-0.05555555555555555, 0.9999999999999999]",111,131
tucker carlson,"[-0.05555555555555555, 0.9999999999999997]",112,132
tucker carlson,"[-0.08084520834544434, 0.9999999999999999]",113,133
tucker carlson,"[-0.10206207261596577, 0.6859943405700354]",114,134
tucker carlson,"[-0.1134023029066286, 0.5423261445466404]",115,135
russian citizens,"[1.0, nan]",89,109
russian citizens,"[1.0, -0.05882352941176469]",90,110
russian citizens,"[1.0, -0.05882352941176469]",91,111
russian citizens,"[1.0, -0.05882352941176469]",92,112
russian citizens,"[1.0, -0.05882352941176469]",93,113
russian citizens,"[1.0, -0.05882352941176469]",94,114
russian citizens,"[1.0, -0.05882352941176469]",95,115
russian citizens,"[0.9999999999999999, -0.05882352941176469]",96,116
russian citizens,"[0.9999999999999999, -0.05882352941176469]",97,117
russian citizens,"[0.9999999999999999, -0.05882352941176469]",98,118
russian citizens,"[1.0, -0.05882352941176469]",99,119
russian citizens,"[0.9999999999999999, -0.05882352941176469]",100,120
russian citizens,"[0.9999999999999999, -0.05882352941176469]",101,121
russian citizens,"[0.9999999999999999, -0.05882352941176468]",102,122
russian citizens,"[1.0, -0.05882352941176468]",103,123
russian citizens,"[0.9999999999999999, -0.05882352941176469]",104,124
russian citizens,"[0.9999999999999999, -0.05882352941176469]",105,125
russian citizens,"[0.9999999999999999, -0.05882352941176468]",106,126
russian citizens,"[1.0, nan]",107,127
17-year-old girl,"[-0.08084520834544433, 0.6859943405700353]",31,51
17-year-old girl,"[-0.08084520834544433, 0.6859943405700352]",32,52
17-year-old girl,"[-0.08084520834544434, 0.6859943405700354]",33,53
17-year-old girl,"[-0.08084520834544434, 0.6859943405700354]",34,54
17-year-old girl,"[-0.10206207261596577, 0.5423261445466405]",35,55
17-year-old girl,"[-0.10206207261596577, 0.5423261445466404]",36,56
17-year-old girl,"[-0.10206207261596577, 0.5423261445466405]",37,57
17-year-old girl,"[-0.10206207261596577, 0.5423261445466405]",38,58
17-year-old girl,"[-0.10206207261596577, 0.5423261445466405]",39,59
17-year-old girl,"[-0.10206207261596578, 0.5423261445466404]",40,60
17-year-old girl,"[-0.10206207261596578, 0.5423261445466405]",41,61
17-year-old girl,"[-0.10206207261596577, 0.5423261445466405]",42,62
17-year-old girl,"[-0.10206207261596578, 0.6859943405700353]",43,63
17-year-old girl,"[-0.08084520834544434, 0.6859943405700352]",44,64
17-year-old girl,"[-0.08084520834544434, 0.6859943405700354]",45,65
17-year-old girl,"[-0.08084520834544434, 0.6859943405700354]",46,66
17-year-old girl,"[-0.08084520834544434, 0.6859943405700353]",47,67
17-year-old girl,"[-0.08084520834544434, 0.6859943405700352]",48,68
federal workers,"[1.0, nan]",53,73
federal workers,"[1.0, -0.05882352941176469]",54,74
federal workers,"[1.0, -0.05882352941176469]",55,75
federal workers,"[1.0, -0.05882352941176469]",56,76
federal workers,"[1.0, -0.05882352941176469]",57,77
federal workers,"[1.0, -0.05882352941176469]",58,78
federal workers,"[0.9694244392808643, -0.07234231189293479]",59,79
federal workers,"[0.9694244392808643, -0.07234231189293479]",60,80
federal workers,"[0.9694244392808643, -0.07234231189293479]",61,81
federal workers,"[0.9694244392808643, -0.07234231189293479]",62,82
federal workers,"[0.9694244392808645, -0.07234231189293477]",63,83
federal workers,"[0.9694244392808643, -0.07234231189293477]",64,84
federal workers,"[0.9694244392808643, -0.07234231189293477]",65,85
federal workers,"[0.9694244392808643, -0.07234231189293477]",66,86
federal workers,"[0.9694244392808644, -0.07234231189293477]",67,87
federal workers,"[0.9694244392808643, -0.07234231189293477]",68,88
federal workers,"[0.9694244392808643, -0.07234231189293477]",69,89
federal workers,"[0.9694244392808643, -0.07234231189293477]",70,90
federal workers,"[0.9694244392808644, -0.05882352941176468]",71,91
american families,"[1.0, nan]",53,73
american families,"[1.0, -0.05882352941176469]",54,74
american families,"[1.0, -0.05882352941176469]",55,75
american families,"[1.0, -0.05882352941176469]",56,76
american families,"[1.0, -0.05882352941176469]",57,77
american families,"[1.0, -0.05882352941176469]",58,78
american families,"[1.0, -0.05882352941176469]",59,79
american families,"[0.9999999999999999, -0.05882352941176469]",60,80
american families,"[0.9999999999999999, -0.05882352941176469]",61,81
american families,"[0.9999999999999999, -0.05882352941176469]",62,82
american families,"[1.0, -0.05882352941176469]",63,83
american families,"[0.9999999999999999, -0.05882352941176469]",64,84
american families,"[0.9999999999999999, -0.05882352941176469]",65,85
american families,"[0.9999999999999999, -0.05882352941176468]",66,86
american families,"[1.0, -0.05882352941176468]",67,87
american families,"[0.9999999999999999, -0.05882352941176469]",68,88
american families,"[0.9999999999999999, -0.05882352941176469]",69,89
american families,"[0.9999999999999999, -0.05882352941176468]",70,90
american families,"[1.0, nan]",71,91
john kasich,"[0.5443310539518176, nan]",5,25
immigrant families,"[1.0, nan]",41,61
immigrant families,"[0.6871842709362768, -0.05882352941176469]",42,62
immigrant families,"[0.6871842709362768, -0.08574929257125441]",43,63
immigrant families,"[0.6871842709362768, -0.08574929257125441]",44,64
immigrant families,"[0.6871842709362768, -0.08574929257125442]",45,65
immigrant families,"[0.6871842709362768, -0.0857492925712544]",46,66
immigrant families,"[0.6871842709362768, -0.08574929257125442]",47,67
immigrant families,"[0.6871842709362768, -0.08574929257125442]",48,68
immigrant families,"[0.6871842709362768, -0.08574929257125442]",49,69
immigrant families,"[0.6871842709362768, -0.0857492925712544]",50,70
immigrant families,"[0.6871842709362769, -0.08574929257125442]",51,71
immigrant families,"[0.6871842709362768, -0.0857492925712544]",52,72
immigrant families,"[0.6871842709362768, -0.0857492925712544]",53,73
immigrant families,"[0.6871842709362768, -0.08574929257125438]",54,74
immigrant families,"[0.6871842709362769, -0.0857492925712544]",55,75
immigrant families,"[0.6871842709362768, -0.0857492925712544]",56,76
immigrant families,"[0.6871842709362768, -0.0857492925712544]",57,77
immigrant families,"[0.6871842709362768, -0.08574929257125438]",58,78
immigrant families,"[0.6871842709362769, nan]",59,79
residents,"[-0.08084520834544433, 0.6859943405700352]",107,127
residents,"[-0.08084520834544433, 0.685994340570035]",108,128
residents,"[-0.08084520834544433, 0.6859943405700354]",109,129
residents,"[-0.08084520834544434, 0.6859943405700353]",110,130
residents,"[-0.08084520834544434, 0.6859943405700353]",111,131
residents,"[-0.05555555555555555, 0.9999999999999997]",112,132
residents,"[-0.05555555555555555, 0.9999999999999999]",113,133
residents,"[-0.05555555555555555, 0.9999999999999999]",114,134
residents,"[-0.05555555555555555, 0.9999999999999999]",115,135
residents,"[-0.055555555555555566, 0.9999999999999997]",116,136
residents,"[-0.055555555555555566, 0.9999999999999999]",117,137
residents,"[-0.05555555555555555, 0.9999999999999999]",118,138
residents,"[-0.05555555555555555, 0.9999999999999999]",119,139
residents,"[-0.055555555555555566, 0.9999999999999997]",120,140
residents,"[-0.055555555555555566, 0.9999999999999999]",121,141
residents,"[-0.05555555555555555, 0.9999999999999999]",122,142
residents,"[-0.05555555555555555, 0.9999999999999999]",123,143
residents,"[-0.055555555555555566, 0.9999999999999997]",124,144
alexei navalny,"[-0.05555555555555556, 0.9999999999999999]",94,114
alexei navalny,"[-0.05555555555555556, 0.9999999999999997]",95,115
alexei navalny,"[-0.05555555555555555, 0.9999999999999999]",96,116
alexei navalny,"[-0.05555555555555555, 0.9999999999999999]",97,117
alexei navalny,"[-0.05555555555555555, 0.9999999999999999]",98,118
alexei navalny,"[-0.05555555555555555, 0.9999999999999997]",99,119
alexei navalny,"[-0.05555555555555555, 0.9999999999999999]",100,120
alexei navalny,"[-0.05555555555555555, 0.9999999999999999]",101,121
alexei navalny,"[-0.05555555555555555, 0.9999999999999999]",102,122
alexei navalny,"[-0.055555555555555566, 0.9999999999999997]",103,123
alexei navalny,"[-0.055555555555555566, 0.9999999999999999]",104,124
alexei navalny,"[-0.05555555555555555, 0.9999999999999999]",105,125
alexei navalny,"[-0.05555555555555555, 0.9999999999999999]",106,126
alexei navalny,"[-0.055555555555555566, 0.9999999999999997]",107,127
alexei navalny,"[-0.08084520834544433, 0.9999999999999999]",108,128
alexei navalny,"[-0.08084520834544434, 0.6859943405700353]",109,129
alexei navalny,"[-0.08084520834544434, 0.6859943405700353]",110,130
alexei navalny,"[-0.08084520834544434, 0.685994340570035]",111,131
