none.none.none,"[-0.351697454463975, 0.5007254901794896]",20,40
none.none.none,"[-0.4085634409951204, 0.5315261873683313]",21,41
none.none.none,"[-0.43961100913101125, 0.5859111134879719]",25,45
none.none.none,"[-0.36656830267788015, 0.5710616534684467]",26,46
none.none.none,"[0.21448857179243383, 0.5344319807972051]",70,90
none.none.none,"[0.2573773316803894, 0.5872750784821062]",71,91
none.none.none,"[0.18369999085889227, 0.6519704626699211]",72,92
none.none.none,"[0.22268689742784614, 0.6959772032027668]",73,93
none.none.none,"[0.24659818267609374, 0.7095350465805333]",74,94
none.none.none,"[0.2867420200773649, 0.7658413678842788]",75,95
none.none.none,"[0.1819592371509133, 0.825920560755597]",76,96
none.none.none,"[0.2606313414631271, 0.7978237004411516]",77,97
none.none.none,"[0.22883932815212862, 0.8251524157574276]",78,98
none.none.none,"[0.5193380789789267, 0.6561665568462967]",79,99
none.none.none,"[0.3347539280305477, 0.7659529021036081]",80,100
none.none.none,"[0.5738638766237963, 0.5423261445466405]",81,101
none.none.none,"[0.6871842709362769, nan]",82,102
none.none.none,"[0.5307306960074377, 0.6071235616413935]",85,105
none.none.none,"[0.5042880797466074, 0.6633273734596261]",87,107
none.none.none,"[0.36315057695582137, 0.6002344092972977]",88,108
none.none.none,"[0.39142382061578845, 0.6869798900348804]",89,109
none.none.none,"[0.3708086756939372, 0.6720438578252882]",90,110
none.none.none,"[0.40791244425136414, 0.6880545514765214]",91,111
none.none.none,"[0.34115941114926823, 0.6179562967734024]",92,112
none.none.none,"[0.418510587635784, 0.6472195819320314]",93,113
none.none.none,"[0.4001705300134529, 0.6236036432999027]",94,114
none.none.none,"[0.34754949090353565, 0.682976110169553]",95,115
none.none.none,"[0.2761559607574341, 0.6405524922469424]",96,116
none.none.none,"[0.2675721320466247, 0.618962285142327]",97,117
none.none.none,"[0.07367189555004192, 0.5119924793526587]",98,118
none.none.none,"[0.02551267842800438, 0.5085666636773858]",99,119
none.none.none,"[-0.35041248159700816, 0.5376631687727159]",101,121
none.none.none,"[-0.367424913602598, 0.5113598992233586]",102,122
none.none.none,"[-0.4107587127851103, 0.5681421333335815]",103,123
none.none.none,"[-0.3649319557157125, 0.5099808760013449]",104,124
none.none.none,"[0.740323566730976, 0.575063512040769]",137,157
none.none.none,"[0.7035226017933058, 0.6779371361420531]",138,158
none.none.none,"[0.7043495719385902, 0.6780996795077877]",139,159
none.none.none,"[0.5822050763756117, 0.6659445069915789]",140,160
none.none.none,"[0.5327356466050622, 0.6580363938311394]",141,161
none.none.none,"[0.5762766503180334, 0.622144017070501]",142,162
none.none.none,"[0.5859667044959892, 0.6346924606858672]",143,163
none.none.none,"[0.5744351004175725, 0.6381472447164597]",144,164
none.none.none,"[0.5426883807448123, 0.6170874349114335]",145,165
none.none.none,"[0.5104705827812565, 0.5868337701329075]",146,166
alex jones.global elite.80% of the world's population,"[0.6871842709362768, 0.9999999999999999]",25,45
alex jones.global elite.80% of the world's population,"[0.5443310539518175, 0.6859943405700352]",26,46
alex jones.global elite.80% of the world's population,"[0.6642111641550714, 0.7905694150420948]",27,47
alex jones.global elite.80% of the world's population,"[0.5739440431835514, 0.6614378277661477]",28,48
alex jones.global elite.80% of the world's population,"[0.5048781642974013, 0.5700877125495689]",29,49
alex jones.global elite.80% of the world's population,"[0.44908871313907195, 0.5]",30,50
alex jones.global elite.80% of the world's population,"[0.26772483504820266, 0.560611910581388]",31,51
alex jones.global elite.80% of the world's population,"[0.26772483504820266, 0.560611910581388]",32,52
alex jones.global elite.80% of the world's population,"[0.6871842709362768, 0.9999999999999999]",85,105
alex jones.global elite.80% of the world's population,"[0.5443310539518175, 0.6859943405700352]",86,106
alex jones.global elite.80% of the world's population,"[0.4564354645876384, 0.5423261445466404]",87,107
alex jones.global elite.world population,"[0.6871842709362768, -0.05882352941176469]",25,45
alex jones.global elite.world population,"[0.5443310539518175, -0.08574929257125441]",26,46
alex jones.global elite.world population,"[0.6642111641550714, 0.31622776601683794]",27,47
alex jones.global elite.world population,"[0.6642111641550714, 0.236227795630767]",28,48
alex jones.global elite.world population,"[0.6642111641550713, 0.236227795630767]",29,49
alex jones.global elite.world population,"[0.6642111641550713, 0.236227795630767]",30,50
alex jones.global elite.world population,"[0.6642111641550713, 0.236227795630767]",31,51
alex jones.global elite.world population,"[0.5739440431835513, 0.236227795630767]",32,52
alex jones.global elite.world population,"[0.5739440431835513, 0.17541160386140583]",33,53
alex jones.global elite.world population,"[0.5048781642974013, 0.17541160386140583]",34,54
alex jones.global elite.world population,"[-0.2313406979295223, 0.5345224838248488]",68,88
alex jones.global elite.world population,"[-0.10206207261596577, 0.5423261445466406]",77,97
alex jones.global elite.world population,"[-0.10206207261596577, 0.5423261445466405]",78,98
alex jones.global elite.world population,"[1.0, nan]",85,105
alex jones.global elite.world population,"[0.6871842709362768, -0.05882352941176469]",86,106
alex jones.global elite.world population,"[0.5443310539518175, -0.08574929257125441]",87,107
none.donald trump.none,"[-0.1356993819095702, 0.5051814855409225]",53,73
none.donald trump.none,"[-0.1356993819095702, 0.5051814855409226]",54,74
none.donald trump.none,"[0.5443310539518176, -0.10846522890932807]",77,97
none.donald trump.none,"[0.5443310539518176, -0.10846522890932807]",78,98
none.donald trump.none,"[0.6871842709362768, -0.0857492925712544]",79,99
none.donald trump.none,"[0.6871842709362768, -0.08574929257125438]",80,100
none.donald trump.none,"[0.6871842709362769, nan]",81,101
none.donald trump.none,"[0.5197191965064276, -0.11785113019775792]",113,133
none.donald trump.none,"[0.9999999999999999, -0.05882352941176468]",116,136
none.donald trump.none,"[1.0, -0.05882352941176468]",117,137
none.donald trump.none,"[0.9999999999999999, -0.05882352941176469]",118,138
none.donald trump.none,"[0.9999999999999999, -0.05882352941176469]",119,139
none.donald trump.none,"[0.9999999999999999, -0.05882352941176468]",120,140
none.donald trump.none,"[1.0, nan]",121,141
donald trump.none.none,"[0.6264106396359443, 0.03282660821493061]",20,40
donald trump.none.none,"[0.6676503510978771, -0.15971082665869635]",21,41
donald trump.none.none,"[0.5443310539518176, -0.10846522890932805]",66,86
donald trump.none.none,"[0.5443310539518176, -0.10846522890932805]",67,87
donald trump.none.none,"[0.5443310539518176, -0.10846522890932805]",68,88
donald trump.none.none,"[0.5443310539518176, -0.10846522890932805]",69,89
donald trump.none.none,"[0.5443310539518176, -0.10846522890932805]",70,90
donald trump.none.none,"[0.5443310539518176, nan]",71,91
donald trump.none.none,"[0.6871842709362768, -0.0588235294117647]",143,163
donald trump.none.none,"[0.6871842709362768, -0.08574929257125441]",144,164
donald trump.none.none,"[0.6871842709362768, -0.08574929257125441]",145,165
donald trump.none.none,"[0.6871842709362768, -0.08574929257125442]",146,166
donald trump.none.none,"[0.6871842709362768, -0.08574929257125442]",147,167
donald trump.none.none,"[0.6871842709362768, -0.08574929257125438]",148,168
none.joe biden.none,"[-0.05555555555555556, 0.9999999999999999]",61,81
none.joe biden.none,"[-0.05555555555555556, 0.9999999999999997]",62,82
none.joe biden.none,"[-0.05555555555555555, 0.9999999999999999]",63,83
none.joe biden.none,"[-0.08084520834544434, 0.9999999999999999]",64,84
none.joe biden.none,"[-0.08084520834544434, 0.6859943405700354]",65,85
none.joe biden.none,"[-0.08084520834544434, 0.6859943405700353]",66,86
none.joe biden.none,"[-0.08084520834544434, 0.6859943405700354]",67,87
none.joe biden.none,"[-0.08084520834544434, 0.6859943405700354]",68,88
none.joe biden.none,"[-0.08084520834544434, 0.6859943405700353]",69,89
none.joe biden.none,"[-0.08084520834544434, 0.6859943405700352]",70,90
none.joe biden.none,"[-0.08084520834544434, 0.6859943405700354]",71,91
none.joe biden.none,"[-0.08084520834544434, 0.6859943405700354]",72,92
none.joe biden.none,"[-0.08084520834544434, 0.6859943405700353]",73,93
none.joe biden.none,"[-0.08084520834544434, 0.6859943405700352]",74,94
none.joe biden.none,"[-0.08084520834544434, 0.6859943405700354]",75,95
none.joe biden.none,"[-0.08084520834544434, 0.6859943405700354]",76,96
none.joe biden.none,"[-0.08084520834544434, 0.6859943405700353]",77,97
none.joe biden.none,"[-0.08084520834544436, 0.6859943405700352]",78,98
none.joe biden.none,"[0.33824071260127303, 0.5114083119567587]",97,117
none.joe biden.none,"[0.338240712601273, 0.5114083119567587]",98,118
none.joe biden.none,"[0.3382407126012729, 0.5114083119567587]",99,119
none.joe biden.none,"[0.30745934690622106, 0.5114083119567587]",100,120
none.joe biden.none,"[0.30745934690622106, 0.6614378277661477]",101,121
none.joe biden.none,"[0.4538776288392987, 0.6614378277661477]",102,122
none.joe biden.none,"[0.6871842709362768, nan]",136,156
none.joe biden.none,"[0.6871842709362768, -0.0857492925712544]",137,157
none.joe biden.none,"[0.5443310539518175, -0.10846522890932808]",140,160
none.global elite.80% of the world's population,"[1.0, nan]",25,45
none.global elite.80% of the world's population,"[0.6871842709362768, -0.05882352941176469]",26,46
none.global elite.80% of the world's population,"[0.5443310539518175, -0.08574929257125441]",27,47
none.global elite.80% of the world's population,"[0.5443310539518175, -0.10846522890932808]",28,48
none.vladimir putin.target,"[1.0, nan]",35,55
none.vladimir putin.target,"[1.0, -0.05882352941176469]",36,56
none.vladimir putin.target,"[0.9999999999999999, -0.08574929257125441]",37,57
none.vladimir putin.target,"[0.7921180343813395, -0.125]",38,58
none.vladimir putin.target,"[0.6642111641550713, -0.15811388300841894]",39,59
none.vladimir putin.target,"[0.5739440431835513, -0.18898223650461363]",40,60
none.vladimir putin.target,"[0.5048781642974013, -0.21926450482675724]",41,61
none.vladimir putin.target,"[0.5048781642974014, -0.25]",42,62
none.vladimir putin.target,"[0.5048781642974014, -0.25]",43,63
none.vladimir putin.target,"[0.5048781642974014, -0.25]",44,64
none.vladimir putin.target,"[0.5048781642974014, -0.25]",45,65
"none
villain: none
victim: none.none.none","[-0.11095900821829639, 0.6859943405700353]",37,57
"none
villain: none
victim: none.none.none","[-0.08084520834544434, 0.6859943405700352]",38,58
"none
villain: none
victim: none.none.none","[-0.08084520834544434, 0.6859943405700353]",39,59
"none
villain: none
victim: none.none.none","[-0.08084520834544434, 0.6859943405700353]",40,60
"none
villain: none
victim: none.none.none","[-0.08084520834544434, 0.6859943405700353]",41,61
"none
villain: none
victim: none.none.none","[-0.08084520834544433, 0.685994340570035]",42,62
"none
villain: none
victim: none.none.none","[0.6871842709362768, -0.08574929257125441]",116,136
"none
villain: none
victim: none.none.none","[-0.1176470588235294, 0.6859943405700353]",136,156
"none
villain: none
victim: none.none.none","[-0.08084520834544433, 0.6859943405700353]",137,157
"none
villain: none
victim: none.none.none","[-0.08084520834544433, 0.6859943405700354]",138,158
"none
villain: none
victim: none.none.none","[-0.08084520834544434, 0.6859943405700354]",139,159
"none
villain: none
victim: none.none.none","[-0.08084520834544434, 0.6859943405700354]",140,160
"none
villain: none
victim: none.none.none","[-0.08084520834544434, 0.6859943405700353]",141,161
"none
villain: none
victim: none.none.none","[-0.08084520834544434, 0.6859943405700354]",142,162
"none
villain: none
victim: none.none.none","[-0.08084520834544434, 0.6859943405700354]",143,163
"none
villain: none
victim: none.none.none","[-0.08084520834544434, 0.6859943405700354]",144,164
"none
villain: none
victim: none.none.none","[-0.08084520834544434, 0.685994340570035]",145,165
none.vladimir putin.none,"[0.5443310539518174, 0.6859943405700353]",37,57
none.vladimir putin.none,"[0.5443310539518175, 0.5423261445466403]",38,58
none.vladimir putin.none,"[0.4564354645876384, 0.5423261445466404]",39,59
none.donald trump.joe biden,"[0.8895749936068607, -0.05882352941176469]",91,111
none.donald trump.joe biden,"[0.8895749936068607, -0.08084520834544433]",92,112
none.donald trump.joe biden,"[0.5917813771642474, -0.11785113019775792]",93,113
none.donald trump.joe biden,"[0.8525758246768584, -0.13900960937138318]",94,114
none.donald trump.joe biden,"[0.6163589558910119, 0.408248290463863]",95,115
none.donald trump.joe biden,"[0.5734146386569557, 0.3678950341498582]",96,116
none.donald trump.joe biden,"[0.5407291508027332, 0.20254787341673328]",97,117
none.donald trump.joe biden,"[0.1739130434782608, 0.5913636636275172]",115,135
none.donald trump.joe biden,"[-0.10401019349846875, 0.6349812749303675]",116,136
none.donald trump.joe biden,"[-0.08084520834544431, 0.685994340570035]",117,137
none.donald trump.joe biden,"[-0.08084520834544431, 0.685994340570035]",118,138
none.joe biden.americans,"[0.48238191061886604, 0.632455532033676]",137,157
none.joe biden.americans,"[0.17160161824591105, 0.5547001962252291]",142,162
none.joe biden.americans,"[0.23289712627804454, 0.554700196225229]",143,163
none.joe biden.americans,"[0.23289712627804454, 0.554700196225229]",144,164
none.joe biden.americans,"[0.23289712627804454, 0.554700196225229]",145,165
none.joe biden.americans,"[0.23289712627804454, 0.554700196225229]",146,166
none.joe biden.americans,"[0.23289712627804454, 0.554700196225229]",147,167
none.joe biden.americans,"[0.23289712627804454, 0.554700196225229]",148,168
alex jones.global elite.80% of world's population,"[0.5443310539518174, 0.6859943405700353]",27,47
alex jones.global elite.80% of world's population,"[0.5443310539518175, 0.5423261445466403]",28,48
alex jones.global elite.80% of world's population,"[0.5443310539518175, 0.5423261445466404]",29,49
alex jones.global elite.80% of world's population,"[0.4564354645876384, 0.5423261445466405]",30,50
alex jones.global elite.80% of world's population,"[0.5048781642974013, 0.17541160386140578]",37,57
alex jones.global elite.80% of world's population,"[0.5048781642974013, 0.12499999999999999]",38,58
alex jones.global elite.80% of world's population,"[0.5048781642974013, 0.125]",39,59
alex jones.global elite.80% of world's population,"[0.5048781642974013, 0.12499999999999999]",40,60
alex jones.global elite.80% of world's population,"[0.5048781642974013, 0.12499999999999999]",41,61
alex jones.global elite.80% of world's population,"[0.5048781642974014, 0.1754116038614058]",42,62
alex jones.global elite.80% of world's population,"[0.5048781642974014, 0.125]",43,63
alex jones.global elite.80% of world's population,"[0.5048781642974013, 0.125]",44,64
alex jones.global elite.80% of world's population,"[0.5739440431835514, -0.1504142093990467]",45,65
alex jones.global elite.80% of world's population,"[0.5443310539518176, -0.10846522890932805]",49,69
joe biden.none.none,"[0.20833333333333343, 0.6000000000000001]",109,129
joe biden.none.none,"[0.20833333333333343, 0.6]",110,130
joe biden.none.none,"[0.20833333333333343, 0.5999999999999999]",111,131
joe biden.none.none,"[0.20833333333333343, 0.5999999999999999]",112,132
joe biden.none.none,"[-0.10206207261596578, 0.5423261445466404]",118,138
joe biden.none.none,"[-0.10206207261596578, 0.5423261445466405]",119,139
joe biden.none.none,"[-0.10206207261596577, 0.5423261445466405]",120,140
joe biden.none.none,"[-0.10206207261596578, 0.5423261445466405]",121,141
joe biden.none.none,"[-0.1020620726159658, 0.5423261445466404]",122,142
none.china.united states,"[0.5443310539518175, -0.10846522890932808]",23,43
none.china.united states,"[0.6871842709362768, -0.0857492925712544]",24,44
none.china.united states,"[0.6871842709362768, -0.08574929257125442]",25,45
none.china.united states,"[0.6871842709362768, -0.08574929257125438]",26,46
none.china.united states,"[0.6871842709362769, -0.0857492925712544]",27,47
none.china.united states,"[0.6871842709362768, -0.0857492925712544]",28,48
none.china.united states,"[0.9999999999999999, -0.05882352941176469]",29,49
none.china.united states,"[0.9999999999999999, -0.05882352941176468]",30,50
none.china.united states,"[1.0, -0.05882352941176468]",31,51
none.china.united states,"[0.9999999999999999, -0.05882352941176469]",32,52
none.china.united states,"[0.9999999999999999, -0.05882352941176469]",33,53
none.china.united states,"[0.9999999999999999, -0.05882352941176468]",34,54
none.china.united states,"[1.0, nan]",35,55
none.barack obama.donald trump,"[0.5443310539518175, -0.10846522890932805]",110,130
none.barack obama.donald trump,"[0.5443310539518175, -0.10846522890932805]",111,131
none.barack obama.donald trump,"[0.5443310539518175, -0.10846522890932805]",112,132
none.barack obama.donald trump,"[0.5443310539518175, -0.10846522890932805]",113,133
none.barack obama.donald trump,"[0.5443310539518175, -0.10846522890932804]",114,134
none.barack obama.donald trump,"[0.5443310539518175, nan]",115,135
none.none.hillary clinton,"[-0.08084520834544434, 0.6859943405700352]",20,40
none.james comey.hillary clinton,"[0.9999999999999998, -0.05882352941176469]",13,33
none.james comey.hillary clinton,"[0.9999999999999998, -0.058823529411764705]",14,34
none.james comey.hillary clinton,"[0.9999999999999999, -0.05882352941176469]",15,35
none.james comey.hillary clinton,"[0.9470327391067191, -0.05882352941176469]",16,36
none.james comey.hillary clinton,"[0.9470327391067191, -0.07575540190785701]",17,37
none.james comey.hillary clinton,"[0.9470327391067191, -0.07575540190785701]",18,38
none.james comey.hillary clinton,"[0.9470327391067194, nan]",19,39
none.joe biden.donald trump,"[-0.05555555555555556, 0.9999999999999999]",90,110
none.joe biden.donald trump,"[-0.05555555555555556, 0.9999999999999997]",91,111
none.joe biden.donald trump,"[-0.05555555555555555, 0.9999999999999999]",92,112
none.joe biden.donald trump,"[-0.05555555555555555, 0.9999999999999999]",93,113
none.joe biden.donald trump,"[-0.05555555555555555, 0.9999999999999999]",94,114
none.joe biden.donald trump,"[-0.08084520834544434, 0.6859943405700353]",95,115
none.joe biden.donald trump,"[-0.10206207261596577, 0.5423261445466404]",96,116
none.north korea.none,"[0.5443310539518176, nan]",31,51
vladimir putin.international criminal court.russia,"[0.6871842709362768, -0.05882352941176469]",37,57
vladimir putin.international criminal court.russia,"[0.5443310539518175, -0.08574929257125441]",38,58
tom brady.none.none,"[-0.05555555555555556, 0.9999999999999999]",135,155
tom brady.none.none,"[-0.05555555555555556, 0.9999999999999997]",136,156
tom brady.none.none,"[-0.05555555555555555, 0.9999999999999999]",137,157
tom brady.none.none,"[-0.05555555555555555, 0.9999999999999999]",138,158
tom brady.none.none,"[-0.05555555555555555, 0.9999999999999999]",139,159
tom brady.none.none,"[-0.05555555555555555, 0.9999999999999997]",140,160
tom brady.none.none,"[-0.05555555555555555, 0.9999999999999999]",141,161
tom brady.none.none,"[-0.05555555555555555, 0.9999999999999999]",142,162
tom brady.none.none,"[-0.05555555555555555, 0.9999999999999999]",143,163
tom brady.none.none,"[-0.055555555555555566, 0.9999999999999997]",144,164
tom brady.none.none,"[-0.055555555555555566, 0.9999999999999999]",145,165
tom brady.none.none,"[-0.05555555555555555, 0.9999999999999999]",146,166
tom brady.none.none,"[-0.05555555555555555, 0.9999999999999999]",147,167
tom brady.none.none,"[-0.055555555555555566, 0.9999999999999997]",148,168
vladimir putin.international criminal court.donald trump,"[1.0, nan]",35,55
vladimir putin.international criminal court.donald trump,"[1.0, -0.05882352941176469]",36,56
vladimir putin.international criminal court.donald trump,"[1.0, -0.05882352941176469]",37,57
vladimir putin.international criminal court.donald trump,"[1.0, -0.05882352941176469]",38,58
vladimir putin.international criminal court.donald trump,"[0.6871842709362768, -0.05882352941176469]",39,59
vladimir putin.international criminal court.donald trump,"[0.5443310539518175, -0.08574929257125441]",40,60
none.international criminal court.vladimir putin,"[1.0, nan]",35,55
none.international criminal court.vladimir putin,"[0.6871842709362768, -0.05882352941176469]",36,56
none.international criminal court.vladimir putin,"[0.5443310539518175, -0.08574929257125441]",37,57
none.international criminal court.vladimir putin,"[0.5443310539518175, -0.10846522890932808]",38,58
none.democratic party.none,"[-0.05555555555555556, 0.9999999999999999]",99,119
none.democratic party.none,"[-0.05555555555555556, 0.9999999999999997]",100,120
none.democratic party.none,"[-0.05555555555555555, 0.9999999999999999]",101,121
none.democratic party.none,"[-0.05555555555555555, 0.9999999999999999]",102,122
none.democratic party.none,"[-0.05555555555555555, 0.9999999999999999]",103,123
none.democratic party.none,"[-0.05555555555555555, 0.9999999999999997]",104,124
none.democratic party.none,"[-0.05555555555555555, 0.9999999999999999]",105,125
none.democratic party.none,"[-0.05555555555555555, 0.9999999999999999]",106,126
none.democratic party.none,"[-0.05555555555555555, 0.9999999999999999]",107,127
none.democratic party.none,"[-0.055555555555555566, 0.9999999999999997]",108,128
none.democratic party.none,"[-0.055555555555555566, 0.9999999999999999]",109,129
none.democratic party.none,"[-0.08084520834544434, 0.9999999999999999]",110,130
none.democratic party.none,"[-0.08084520834544434, 0.6859943405700353]",111,131
none.democratic party.none,"[-0.08084520834544434, 0.685994340570035]",112,132
none.democratic party.none,"[-0.08084520834544434, 0.6859943405700354]",113,133
none.democratic party.none,"[-0.08084520834544434, 0.6859943405700354]",114,134
none.democratic party.none,"[-0.08084520834544434, 0.6859943405700353]",115,135
none.democratic party.none,"[-0.08084520834544434, 0.6859943405700352]",116,136
nancy pelosi.donald trump.none,"[-0.05555555555555556, 0.9999999999999999]",90,110
nancy pelosi.donald trump.none,"[-0.05555555555555556, 0.9999999999999997]",91,111
nancy pelosi.donald trump.none,"[-0.05555555555555555, 0.9999999999999999]",92,112
nancy pelosi.donald trump.none,"[-0.05555555555555555, 0.9999999999999999]",93,113
nancy pelosi.donald trump.none,"[-0.05555555555555555, 0.9999999999999999]",94,114
nancy pelosi.donald trump.none,"[-0.05555555555555555, 0.9999999999999997]",95,115
nancy pelosi.donald trump.none,"[-0.05555555555555555, 0.9999999999999999]",96,116
nancy pelosi.donald trump.none,"[-0.08084520834544434, 0.9999999999999999]",97,117
nancy pelosi.donald trump.none,"[-0.08084520834544434, 0.6859943405700354]",98,118
nancy pelosi.donald trump.none,"[-0.08084520834544434, 0.6859943405700353]",99,119
nancy pelosi.donald trump.none,"[-0.08084520834544434, 0.6859943405700354]",100,120
nancy pelosi.donald trump.none,"[-0.10206207261596578, 0.6859943405700354]",101,121
nancy pelosi.donald trump.none,"[-0.10206207261596577, 0.5423261445466405]",102,122
nancy pelosi.donald trump.none,"[-0.10206207261596578, 0.5423261445466404]",103,123
nancy pelosi.donald trump.none,"[-0.1020620726159658, 0.5423261445466406]",104,124
nancy pelosi.donald trump.none,"[-0.10206207261596578, 0.5423261445466406]",105,125
nancy pelosi.donald trump.none,"[-0.10206207261596578, 0.5423261445466406]",106,126
nancy pelosi.donald trump.none,"[-0.10206207261596578, 0.5423261445466405]",107,127
kate middleton.none.none,"[-0.05555555555555556, 0.9999999999999999]",108,128
kate middleton.none.none,"[-0.05555555555555556, 0.9999999999999997]",109,129
kate middleton.none.none,"[-0.05555555555555555, 0.9999999999999999]",110,130
kate middleton.none.none,"[-0.05555555555555555, 0.9999999999999999]",111,131
kate middleton.none.none,"[-0.05555555555555555, 0.9999999999999999]",112,132
kate middleton.none.none,"[-0.05555555555555555, 0.9999999999999997]",113,133
kate middleton.none.none,"[-0.05555555555555555, 0.9999999999999999]",114,134
kate middleton.none.none,"[-0.05555555555555555, 0.9999999999999999]",115,135
kate middleton.none.none,"[-0.05555555555555555, 0.9999999999999999]",116,136
kate middleton.none.none,"[-0.055555555555555566, 0.9999999999999997]",117,137
kate middleton.none.none,"[-0.055555555555555566, 0.9999999999999999]",118,138
kate middleton.none.none,"[-0.05555555555555555, 0.9999999999999999]",119,139
kate middleton.none.none,"[-0.05555555555555555, 0.9999999999999999]",120,140
kate middleton.none.none,"[-0.055555555555555566, 0.9999999999999997]",121,141
kate middleton.none.none,"[-0.055555555555555566, 0.9999999999999999]",122,142
kate middleton.none.none,"[-0.05555555555555555, 0.9999999999999999]",123,143
kate middleton.none.none,"[-0.05555555555555555, 0.9999999999999999]",124,144
kate middleton.none.none,"[-0.055555555555555566, 0.9999999999999997]",125,145
none.none.migrants,"[-0.05555555555555556, 0.9999999999999999]",63,83
none.none.migrants,"[-0.05555555555555556, 0.9999999999999997]",64,84
none.none.migrants,"[-0.05555555555555555, 0.9999999999999999]",65,85
none.none.migrants,"[-0.05555555555555555, 0.9999999999999999]",66,86
none.none.migrants,"[-0.05555555555555555, 0.9999999999999999]",67,87
none.none.migrants,"[-0.05555555555555555, 0.9999999999999997]",68,88
none.none.migrants,"[-0.05555555555555555, 0.9999999999999999]",69,89
none.none.migrants,"[-0.05555555555555555, 0.9999999999999999]",70,90
none.none.migrants,"[-0.05555555555555555, 0.9999999999999999]",71,91
none.none.migrants,"[-0.055555555555555566, 0.9999999999999997]",72,92
none.none.migrants,"[-0.055555555555555566, 0.9999999999999999]",73,93
none.none.migrants,"[-0.05555555555555555, 0.9999999999999999]",74,94
none.none.migrants,"[-0.05555555555555555, 0.9999999999999999]",75,95
none.none.migrants,"[-0.055555555555555566, 0.9999999999999997]",76,96
none.none.migrants,"[-0.055555555555555566, 0.9999999999999999]",77,97
none.none.migrants,"[-0.05555555555555555, 0.9999999999999999]",78,98
none.none.migrants,"[-0.05555555555555555, 0.9999999999999999]",79,99
none.none.migrants,"[-0.055555555555555566, 0.9999999999999997]",80,100
none.vladimir putin.ukraine,"[0.5443310539518174, -0.08574929257125441]",143,163
none.vladimir putin.ukraine,"[0.5443310539518175, -0.10846522890932808]",144,164
none.vladimir putin.ukraine,"[0.5443310539518175, -0.10846522890932807]",145,165
none.vladimir putin.ukraine,"[0.5443310539518175, -0.10846522890932807]",146,166
none.harvey weinstein.none,"[-0.05555555555555556, 0.9999999999999999]",25,45
none.harvey weinstein.none,"[-0.05555555555555556, 0.9999999999999997]",26,46
none.harvey weinstein.none,"[-0.08084520834544433, 0.9999999999999999]",27,47
none.harvey weinstein.none,"[-0.08084520834544434, 0.6859943405700354]",28,48
none.harvey weinstein.none,"[-0.08084520834544434, 0.6859943405700354]",29,49
none.harvey weinstein.none,"[-0.08084520834544434, 0.6859943405700353]",30,50
none.harvey weinstein.none,"[-0.08084520834544434, 0.6859943405700354]",31,51
none.harvey weinstein.none,"[-0.08084520834544434, 0.6859943405700354]",32,52
none.harvey weinstein.none,"[-0.08084520834544434, 0.6859943405700354]",33,53
none.harvey weinstein.none,"[-0.08084520834544434, 0.6859943405700353]",34,54
none.harvey weinstein.none,"[-0.08084520834544434, 0.6859943405700354]",35,55
none.harvey weinstein.none,"[-0.08084520834544434, 0.6859943405700353]",36,56
none.harvey weinstein.none,"[-0.08084520834544434, 0.6859943405700353]",37,57
none.harvey weinstein.none,"[-0.08084520834544434, 0.685994340570035]",38,58
none.harvey weinstein.none,"[-0.1020620726159658, 0.6859943405700353]",39,59
none.harvey weinstein.none,"[-0.10206207261596578, 0.5423261445466405]",40,60
none.harvey weinstein.none,"[-0.10206207261596578, 0.5423261445466405]",41,61
none.harvey weinstein.none,"[-0.10206207261596578, 0.5423261445466405]",42,62
alex jones.global elite.humanity,"[-0.05555555555555556, 0.9999999999999999]",33,53
alex jones.global elite.humanity,"[-0.05555555555555556, 0.9999999999999997]",34,54
alex jones.global elite.humanity,"[-0.05555555555555555, 0.9999999999999999]",35,55
alex jones.global elite.humanity,"[-0.05555555555555555, 0.9999999999999999]",36,56
alex jones.global elite.humanity,"[-0.05555555555555555, 0.9999999999999999]",37,57
alex jones.global elite.humanity,"[-0.05555555555555555, 0.9999999999999997]",38,58
alex jones.global elite.humanity,"[-0.05555555555555555, 0.9999999999999999]",39,59
alex jones.global elite.humanity,"[-0.05555555555555555, 0.9999999999999999]",40,60
alex jones.global elite.humanity,"[-0.05555555555555555, 0.9999999999999999]",41,61
alex jones.global elite.humanity,"[-0.055555555555555566, 0.9999999999999997]",42,62
alex jones.global elite.humanity,"[-0.055555555555555566, 0.9999999999999999]",43,63
alex jones.global elite.humanity,"[-0.05555555555555555, 0.9999999999999999]",44,64
alex jones.global elite.humanity,"[-0.05555555555555555, 0.9999999999999999]",45,65
alex jones.global elite.humanity,"[-0.055555555555555566, 0.9999999999999997]",46,66
alex jones.global elite.humanity,"[-0.055555555555555566, 0.9999999999999999]",47,67
alex jones.global elite.humanity,"[-0.05555555555555555, 0.9999999999999999]",48,68
alex jones.global elite.humanity,"[-0.05555555555555555, 0.9999999999999999]",49,69
alex jones.global elite.humanity,"[-0.055555555555555566, 0.9999999999999997]",50,70
apple.none.none,"[-0.08084520834544433, 0.6859943405700353]",21,41
apple.none.none,"[-0.08084520834544433, 0.6859943405700353]",22,42
apple.none.none,"[-0.08084520834544434, 0.6859943405700354]",23,43
apple.none.none,"[-0.08084520834544434, 0.6859943405700354]",24,44
apple.none.none,"[-0.08084520834544434, 0.6859943405700353]",25,45
apple.none.none,"[-0.08084520834544434, 0.6859943405700352]",26,46
apple.none.none,"[-0.08084520834544434, 0.6859943405700354]",27,47
apple.none.none,"[-0.08084520834544434, 0.6859943405700354]",28,48
apple.none.none,"[-0.08084520834544434, 0.6859943405700353]",29,49
apple.none.none,"[-0.08084520834544434, 0.6859943405700352]",30,50
apple.none.none,"[-0.08084520834544434, 0.6859943405700354]",31,51
apple.none.none,"[-0.08084520834544434, 0.6859943405700354]",32,52
apple.none.none,"[-0.08084520834544434, 0.6859943405700353]",33,53
apple.none.none,"[-0.08084520834544434, 0.6859943405700352]",34,54
apple.none.none,"[-0.08084520834544436, 0.9999999999999999]",35,55
apple.none.none,"[-0.05555555555555555, 0.9999999999999999]",36,56
apple.none.none,"[-0.05555555555555555, 0.9999999999999999]",37,57
apple.none.none,"[-0.055555555555555566, 0.9999999999999997]",38,58
none.kamala harris.none,"[-0.05555555555555556, 0.9999999999999999]",95,115
none.kamala harris.none,"[-0.05555555555555556, 0.9999999999999997]",96,116
none.kamala harris.none,"[-0.05555555555555555, 0.9999999999999999]",97,117
none.kamala harris.none,"[-0.08084520834544434, 0.9999999999999999]",98,118
none.kamala harris.none,"[-0.08084520834544434, 0.6859943405700354]",99,119
none.kamala harris.none,"[-0.08084520834544434, 0.6859943405700353]",100,120
none.kamala harris.none,"[-0.08084520834544434, 0.6859943405700354]",101,121
none.kamala harris.none,"[-0.08084520834544434, 0.6859943405700354]",102,122
none.kamala harris.none,"[-0.08084520834544434, 0.6859943405700353]",103,123
none.kamala harris.none,"[-0.08084520834544434, 0.6859943405700352]",104,124
none.kamala harris.none,"[-0.08084520834544434, 0.6859943405700354]",105,125
none.kamala harris.none,"[-0.08084520834544434, 0.6859943405700354]",106,126
none.kamala harris.none,"[-0.08084520834544434, 0.6859943405700353]",107,127
none.kamala harris.none,"[-0.08084520834544434, 0.6859943405700352]",108,128
none.kamala harris.none,"[-0.08084520834544434, 0.6859943405700354]",109,129
none.kamala harris.none,"[-0.08084520834544434, 0.6859943405700354]",110,130
none.kamala harris.none,"[-0.08084520834544434, 0.6859943405700353]",111,131
none.kamala harris.none,"[-0.08084520834544436, 0.6859943405700352]",112,132
none.alexandria ocasio-cortez.none,"[-0.10206207261596575, 0.5423261445466404]",59,79
none.alexandria ocasio-cortez.none,"[-0.10206207261596577, 0.5423261445466404]",60,80
none.alexandria ocasio-cortez.none,"[-0.10206207261596577, 0.5423261445466405]",61,81
none.alexandria ocasio-cortez.none,"[-0.10206207261596577, 0.5423261445466405]",62,82
none.alexandria ocasio-cortez.none,"[-0.10206207261596577, 0.5423261445466405]",63,83
none.alexandria ocasio-cortez.none,"[-0.10206207261596577, 0.5423261445466404]",64,84
none.alexandria ocasio-cortez.none,"[-0.10206207261596577, 0.5423261445466404]",65,85
none.alexandria ocasio-cortez.none,"[-0.10206207261596577, 0.5423261445466404]",66,86
none.alexandria ocasio-cortez.none,"[-0.10206207261596577, 0.5423261445466404]",67,87
none.alexandria ocasio-cortez.none,"[-0.10206207261596577, 0.5423261445466403]",68,88
none.alexandria ocasio-cortez.none,"[-0.10206207261596578, 0.5423261445466404]",69,89
none.alexandria ocasio-cortez.none,"[-0.10206207261596578, 0.5423261445466404]",70,90
none.alexandria ocasio-cortez.none,"[-0.10206207261596578, 0.5423261445466404]",71,91
none.alexandria ocasio-cortez.none,"[-0.10206207261596578, 0.5423261445466403]",72,92
none.alexandria ocasio-cortez.none,"[-0.08084520834544434, 0.6859943405700353]",73,93
none.alexandria ocasio-cortez.none,"[-0.08084520834544434, 0.6859943405700353]",74,94
none.alexandria ocasio-cortez.none,"[-0.08084520834544434, 0.6859943405700353]",75,95
none.alexandria ocasio-cortez.none,"[-0.055555555555555566, 0.9999999999999997]",76,96
queen elizabeth ii.none.none,"[-0.05555555555555556, 0.9999999999999999]",107,127
queen elizabeth ii.none.none,"[-0.05555555555555556, 0.9999999999999997]",108,128
queen elizabeth ii.none.none,"[-0.05555555555555555, 0.9999999999999999]",109,129
queen elizabeth ii.none.none,"[-0.05555555555555555, 0.9999999999999999]",110,130
queen elizabeth ii.none.none,"[-0.05555555555555555, 0.9999999999999999]",111,131
queen elizabeth ii.none.none,"[-0.05555555555555555, 0.9999999999999997]",112,132
queen elizabeth ii.none.none,"[-0.08084520834544434, 0.6859943405700354]",113,133
queen elizabeth ii.none.none,"[-0.08084520834544434, 0.6859943405700354]",114,134
queen elizabeth ii.none.none,"[-0.08084520834544434, 0.6859943405700354]",115,135
queen elizabeth ii.none.none,"[-0.08084520834544434, 0.6859943405700353]",116,136
queen elizabeth ii.none.none,"[-0.08084520834544434, 0.6859943405700354]",117,137
queen elizabeth ii.none.none,"[-0.08084520834544434, 0.6859943405700353]",118,138
queen elizabeth ii.none.none,"[-0.08084520834544434, 0.6859943405700354]",119,139
queen elizabeth ii.none.none,"[-0.10206207261596578, 0.5423261445466405]",120,140
queen elizabeth ii.none.none,"[-0.14852213144650117, 0.5423261445466406]",121,141
ben carson.none.none,"[-0.10206207261596578, 0.5423261445466406]",0,20
ben carson.none.none,"[-0.10206207261596578, 0.5423261445466406]",1,21
ben carson.none.none,"[-0.08084520834544434, 0.6859943405700352]",2,22
none.barack obama.americans,"[0.9999999999999999, -0.05882352941176468]",0,20
none.barack obama.americans,"[0.6871842709362769, -0.05882352941176468]",1,21
none.barack obama.americans,"[0.6871842709362768, -0.0857492925712544]",2,22
none.barack obama.americans,"[0.6871842709362768, -0.0857492925712544]",3,23
none.barack obama.americans,"[0.6871842709362768, -0.08574929257125441]",4,24
none.barack obama.americans,"[0.6871842709362769, nan]",5,25
none.joe biden.united states,"[0.6871842709362768, nan]",109,129
none.joe biden.united states,"[0.6871842709362768, -0.0857492925712544]",110,130
none.joe biden.united states,"[0.6871842709362768, -0.08574929257125441]",111,131
none.joe biden.united states,"[0.6871842709362768, -0.08574929257125442]",112,132
none.joe biden.united states,"[0.6871842709362768, -0.08574929257125441]",113,133
none.joe biden.united states,"[0.5443310539518176, -0.10846522890932808]",116,136
none.joe biden.united states,"[0.5443310539518176, -0.10846522890932808]",117,137
none.joe biden.united states,"[0.5443310539518176, -0.10846522890932805]",118,138
none.joe biden.united states,"[0.5443310539518176, -0.10846522890932807]",119,139
none.joe biden.united states,"[0.5443310539518176, -0.10846522890932807]",120,140
none.joe biden.united states,"[0.5443310539518176, -0.10846522890932807]",121,141
none.joe biden.united states,"[0.5443310539518176, -0.10846522890932805]",122,142
none.joe biden.united states,"[0.5443310539518176, -0.10846522890932805]",123,143
none.joe biden.united states,"[0.5443310539518176, -0.10846522890932805]",124,144
none.joe biden.united states,"[0.5443310539518176, -0.10846522890932805]",125,145
none.joe biden.united states,"[0.5443310539518176, -0.10846522890932805]",126,146
none.joe biden.united states,"[0.5443310539518176, nan]",127,147
