hillary clinton,"[0.61325698093458, 0.41973654371875097]",0,57
hillary clinton,"[0.6132569809345799, 0.41952637330239567]",1,58
hillary clinton,"[0.6162260788691225, 0.422966954359866]",2,59
hillary clinton,"[0.6160662665926379, 0.4232024780807546]",3,60
hillary clinton,"[0.6159206653255253, 0.42344662237642755]",4,61
hillary clinton,"[0.6173968312802753, 0.42784910656728614]",5,62
hillary clinton,"[0.6147797082610799, 0.43304416405889684]",6,63
hillary clinton,"[0.6146437203960949, 0.43324246818224166]",7,64
hillary clinton,"[0.6150161281266655, 0.43409369440092643]",8,65
hillary clinton,"[0.6150161281266655, 0.43497464456824436]",9,66
hillary clinton,"[0.6154338723304732, 0.4349746445682444]",10,67
hillary clinton,"[0.6154338723304732, 0.435212621477461]",11,68
hillary clinton,"[0.6170998525476501, 0.4369918037606661]",12,69
hillary clinton,"[0.6778873153327151, 0.29738835882978193]",13,70
hillary clinton,"[0.6789868023320826, 0.3135808201823656]",14,71
hillary clinton,"[0.7011629904129413, 0.327802144679366]",15,72
hillary clinton,"[0.7192976954130331, 0.3397789713298631]",16,73
hillary clinton,"[0.8020381641624681, 0.2825432750794667]",17,74
hillary clinton,"[0.8109442037428258, 0.3311585311585385]",18,75
hillary clinton,"[0.8751611371802844, -0.046053816661956536]",19,76
joe biden,"[-0.06552975829106539, 0.5073699161910891]",58,115
joe biden,"[0.3203504867939806, 0.511632483919943]",60,117
joe biden,"[0.13782364343822415, 0.6516786542523646]",62,119
joe biden,"[0.11079321910306786, 0.6516786542523647]",63,120
joe biden,"[0.10122428201885063, 0.5871970739089558]",64,121
joe biden,"[0.09709559596835421, 0.5726909570830442]",65,122
joe biden,"[0.09297840654359268, 0.5689772629957711]",66,123
joe biden,"[0.08887027581740885, 0.5653745798233657]",67,124
joe biden,"[0.08887027581740886, 0.5618814967274285]",68,125
joe biden,"[0.0847687647953296, 0.5618814967274286]",69,126
joe biden,"[0.08067142592183235, 0.558496800430782]",70,127
joe biden,"[0.08067142592183235, 0.6165080945682454]",71,128
joe biden,"[0.10494159706009429, 0.6165080945682455]",72,129
joe biden,"[0.09687078519042697, 0.6045251575505965]",73,130
joe biden,"[0.09687078519042695, 0.5932279753503741]",74,131
joe biden,"[0.09687078519042694, 0.5932279753503739]",75,132
joe biden,"[0.06281284404030218, 0.5307444602877244]",76,133
joe biden,"[0.058784797865565896, 0.5307444602877244]",77,134
joe biden,"[0.05474629251183856, 0.5279861533965756]",78,135
joe biden,"[0.05012469330143811, 0.5279861533965758]",79,136
joe biden,"[0.05413446081233635, 0.5194149690075197]",80,137
joe biden,"[0.04558946111557419, 0.5194149690075197]",81,138
joe biden,"[0.04558946111557418, 0.5086288329261397]",82,139
joe biden,"[0.049573423039413596, 0.511118580679186]",83,140
joe biden,"[0.04957342303941356, 0.511118580679186]",84,141
joe biden,"[0.045589461115574145, 0.511118580679186]",85,142
joe biden,"[0.04558946111557415, 0.5086288329261398]",86,143
joe biden,"[0.037154677249677734, 0.5086288329261398]",87,144
george floyd,"[1.0, nan]",50,107
ukraine,"[0.6592265290668646, -0.02503130871608794]",87,144
ukraine,"[0.6592265290668646, -0.03138514904811289]",88,145
ukraine,"[0.6592265290668647, -0.03138514904811289]",89,146
ukraine,"[0.6592265290668649, -0.03138514904811289]",90,147
ukraine,"[0.6592265290668647, -0.03138514904811289]",91,148
ukraine,"[0.6592265290668647, -0.03138514904811289]",92,149
ukraine,"[0.6592265290668649, -0.03138514904811289]",93,150
ukraine,"[0.659226529066865, -0.03138514904811289]",94,151
ukraine,"[0.6592265290668651, -0.03138514904811289]",95,152
migrants,"[0.575070133095421, 0.3298428357510532]",104,161
migrants,"[0.575070133095421, 0.2587745847533829]",105,162
india,"[0.7041673956485345, -0.04062222318511936]",0,57
india,"[0.7041673956485345, -0.04062222318511936]",1,58
india,"[0.7041673956485345, -0.04062222318511936]",2,59
india,"[0.7041673956485345, -0.040622223185119356]",3,60
india,"[0.7041673956485345, -0.040622223185119356]",4,61
india,"[0.7041673956485345, -0.04062222318511935]",5,62
india,"[0.6637465183030644, -0.045105939259911805]",6,63
india,"[0.6637465183030644, -0.045105939259911805]",7,64
india,"[0.6637465183030644, -0.04510593925991181]",8,65
india,"[0.6637465183030644, -0.045105939259911805]",9,66
india,"[0.6637465183030644, -0.045105939259911805]",10,67
india,"[0.6637465183030644, -0.04062222318511935]",11,68
india,"[0.7041673956485343, -0.04062222318511936]",12,69
india,"[0.7041673956485343, -0.040622223185119356]",13,70
india,"[0.7041673956485343, -0.040622223185119356]",14,71
india,"[0.7041673956485343, -0.040622223185119356]",15,72
india,"[0.7041673956485343, -0.040622223185119356]",16,73
india,"[0.7041673956485343, -0.035860956909327904]",17,74
india,"[0.7531290519149069, -0.035860956909327925]",18,75
india,"[0.7531290519149068, -0.03268602252303066]",19,76
india,"[-0.04020151261036849, 0.5223973212835518]",50,107
india,"[-0.054332582492416126, 0.5223973212835518]",51,108
india,"[-0.059533063414247835, 0.5574737144977238]",52,109
india,"[-0.07304771303365111, 0.5574737144977236]",53,110
india,"[-0.099593075866329, 0.5080064670558541]",59,116
india,"[-0.1065519364818353, 0.5080064670558541]",61,118
india,"[-0.13782364343822412, 0.5042449070567092]",72,129
india,"[-0.13782364343822412, 0.5042449070567091]",73,130
india,"[-0.13782364343822415, 0.5042449070567092]",74,131
india,"[-0.153007748945791, 0.5403826796581123]",75,132
india,"[-0.1507373714741186, 0.5224353724791108]",81,138
india,"[-0.14129220588072336, 0.5224353724791108]",82,139
india,"[-0.14129220588072336, 0.5224353724791109]",83,140
india,"[-0.14129220588072336, 0.5224353724791108]",84,141
india,"[-0.14129220588072336, 0.5224353724791108]",85,142
india,"[-0.14129220588072336, 0.5224353724791108]",86,143
india,"[-0.14860598590152543, 0.5106151338072944]",87,144
india,"[-0.14860598590152543, 0.5106151338072943]",88,145
india,"[-0.14860598590152546, 0.5106151338072944]",89,146
india,"[-0.14860598590152546, 0.5106151338072943]",90,147
india,"[-0.14860598590152543, 0.5106151338072944]",91,148
india,"[-0.14860598590152543, 0.5106151338072944]",92,149
india,"[-0.14860598590152543, 0.5106151338072945]",93,150
india,"[-0.14860598590152543, 0.5106151338072943]",94,151
india,"[-0.14860598590152546, 0.5106151338072945]",95,152
india,"[-0.14860598590152546, 0.5106151338072943]",96,153
india,"[-0.1486059859015255, 0.5106151338072945]",97,154
india,"[-0.1486059859015255, 0.5106151338072943]",98,155
india,"[-0.16266462277286195, 0.5106151338072944]",99,156
china,"[-0.07790447289599496, 0.5030840491275357]",48,105
china,"[-0.07790447289599496, 0.5030840491275356]",49,106
china,"[-0.08861362955855843, 0.5030840491275357]",50,107
china,"[-0.07237099414210325, 0.5371859309088335]",63,120
china,"[-0.07237099414210324, 0.5059573984896499]",64,121
china,"[-0.07237099414210324, 0.5059573984896498]",65,122
china,"[-0.07237099414210324, 0.5059573984896498]",66,123
china,"[-0.07237099414210324, 0.5059573984896499]",67,124
china,"[-0.07237099414210324, 0.50595739848965]",68,125
china,"[-0.07237099414210327, 0.5254237411548953]",69,126
china,"[-0.07237099414210325, 0.5059573984896499]",70,127
china,"[-0.07237099414210327, 0.5254237411548952]",71,128
china,"[-0.06459092877513109, 0.5254237411548952]",72,129
china,"[-0.06459092877513109, 0.5254237411548952]",73,130
china,"[-0.06459092877513108, 0.5254237411548953]",74,131
china,"[-0.0712858309306278, 0.5464764976173762]",75,132
china,"[-0.06243905410544629, 0.5198628098293965]",76,133
china,"[-0.056575008579701706, 0.5464764976173762]",77,134
china,"[-0.056575008579701706, 0.546476497617376]",78,135
china,"[-0.056575008579701706, 0.5464764976173762]",79,136
china,"[-0.056575008579701706, 0.5464764976173762]",80,137
china,"[-0.05657500857970171, 0.5464764976173762]",81,138
china,"[-0.05657500857970171, 0.546476497617376]",82,139
china,"[-0.05657500857970171, 0.546476497617376]",83,140
china,"[-0.05657500857970171, 0.546476497617376]",84,141
china,"[-0.05657500857970171, 0.546476497617376]",85,142
china,"[-0.05657500857970171, 0.5464764976173759]",86,143
china,"[-0.06286946134619313, 0.546476497617376]",87,144
woman,"[0.70064904974537, -0.026435052857271463]",63,120
woman,"[0.70064904974537, -0.026435052857271463]",64,121
woman,"[0.70064904974537, -0.01851851851851851]",65,122
woman,"[0.9999999999999991, -0.01851851851851851]",66,123
woman,"[0.9999999999999991, -0.018518518518518514]",67,124
woman,"[0.9999999999999989, -0.018518518518518514]",68,125
woman,"[0.9999999999999989, -0.01851851851851851]",69,126
woman,"[0.9999999999999989, -0.01851851851851851]",70,127
woman,"[0.7006490497453701, -0.018518518518518514]",71,128
woman,"[0.7006490497453701, -0.026435052857271466]",72,129
woman,"[0.7006490497453701, -0.026435052857271466]",73,130
russia,"[0.2310536969602497, 0.5119125973616261]",57,114
russia,"[0.25819888974716076, 0.5590908891056758]",58,115
north korea,"[0.70064904974537, -0.01851851851851851]",57,114
north korea,"[0.9999999999999991, -0.01851851851851851]",58,115
north korea,"[0.9999999999999991, -0.018518518518518514]",59,116
north korea,"[0.9999999999999991, -0.018518518518518514]",60,117
north korea,"[0.9999999999999991, -0.01851851851851851]",61,118
north korea,"[0.9999999999999991, -0.01851851851851851]",62,119
north korea,"[0.9999999999999991, -0.018518518518518514]",63,120
north korea,"[0.9999999999999991, -0.018518518518518514]",64,121
north korea,"[0.9999999999999991, -0.01851851851851851]",65,122
north korea,"[0.9999999999999991, -0.01851851851851851]",66,123
north korea,"[0.9999999999999991, -0.018518518518518514]",67,124
north korea,"[0.9999999999999989, -0.018518518518518514]",68,125
north korea,"[0.9999999999999989, -0.01851851851851851]",69,126
north korea,"[0.7006490497453701, -0.026435052857271466]",70,127
north korea,"[0.7006490497453701, -0.026435052857271463]",71,128
north korea,"[0.5667557862184742, -0.032686022523030676]",72,129
north korea,"[0.5667557862184742, -0.032686022523030676]",73,130
north korea,"[0.5667557862184742, -0.032686022523030676]",74,131
north korea,"[0.5667557862184742, -0.026435052857271466]",75,132
afghanistan,"[0.973503803118611, 0.7005289007176939]",80,137
afghanistan,"[0.7514778352772904, 0.14209580525608703]",81,138
afghanistan,"[0.7514778352772905, 0.09955402169800051]",82,139
afghanistan,"[0.7514778352772905, 0.09955402169800054]",83,140
afghanistan,"[0.7514778352772905, 0.09955402169800052]",84,141
afghanistan,"[0.7514778352772905, 0.09955402169800055]",85,142
afghanistan,"[0.7072182194577064, 0.0851754062135472]",86,143
afghanistan,"[0.7072182194577064, 0.08517540621354723]",87,144
afghanistan,"[0.7012385736609776, 0.08517540621354723]",88,145
afghanistan,"[0.7012385736609776, 0.08181357339304612]",89,146
afghanistan,"[0.7012385736609776, 0.08181357339304611]",90,147
afghanistan,"[0.7012385736609776, 0.08181357339304614]",91,148
afghanistan,"[0.7012385736609775, 0.08181357339304612]",92,149
afghanistan,"[0.7012385736609775, 0.08181357339304612]",93,150
afghanistan,"[0.7012385736609774, 0.08181357339304611]",94,151
afghanistan,"[0.7012385736609774, 0.08181357339304615]",95,152
afghanistan,"[0.7012385736609773, 0.08181357339304614]",96,153
afghanistan,"[0.7012385736609773, 0.08181357339304614]",97,154
afghanistan,"[0.7012385736609773, 0.08181357339304611]",98,155
afghanistan,"[0.7012385736609773, 0.08181357339304617]",99,156
afghanistan,"[0.7012385736609773, 0.08181357339304614]",100,157
afghanistan,"[0.7012385736609773, 0.08181357339304614]",101,158
afghanistan,"[0.7012385736609773, 0.08181357339304611]",102,159
afghanistan,"[0.7012385736609773, 0.08181357339304614]",103,160
afghanistan,"[0.7012385736609772, 0.08181357339304612]",104,161
afghanistan,"[0.7012385736609772, 0.08181357339304612]",105,162
afghanistan,"[0.6955262628841223, 0.08181357339304611]",106,163
afghanistan,"[0.6955262628841223, 0.07850481003559896]",107,164
afghanistan,"[0.6955262628841223, 0.07850481003559896]",108,165
afghanistan,"[0.6955262628841223, 0.07850481003559896]",109,166
afghanistan,"[0.6955262628841223, 0.07850481003559893]",110,167
afghanistan,"[0.6955262628841223, 0.07850481003559895]",111,168
venezuelan people,"[-0.056603773584905676, 0.5949030607326589]",79,136
venezuelan people,"[-0.04578685464956306, 0.5949030607326589]",80,137
pakistan,"[0.7041673956485344, -0.04062222318511937]",37,94
pakistan,"[0.7041673956485344, -0.04062222318511937]",38,95
pakistan,"[0.7041673956485344, -0.03811079669833531]",39,96
obamacare,"[0.2915829474410605, 0.5425941953619219]",25,82
obamacare,"[0.3894461727235068, 0.5425941953619219]",26,83
obamacare,"[0.3894461727235068, 0.5425941953619219]",27,84
obamacare,"[0.3894461727235068, 0.5425941953619219]",28,85
obamacare,"[0.5047697305932026, 0.2192645048267572]",29,86
environment,"[-0.03507153119159473, 0.7005289007176938]",67,124
environment,"[-0.025949964805384095, 0.7005289007176937]",68,125
environment,"[-0.025949964805384095, 0.7005289007176937]",69,126
environment,"[-0.02594996480538409, 0.7005289007176937]",70,127
environment,"[-0.02594996480538409, 0.7005289007176935]",71,128
environment,"[-0.025949964805384088, 0.7005289007176935]",72,129
environment,"[-0.025949964805384088, 0.7005289007176934]",73,130
environment,"[-0.025949964805384085, 0.7005289007176934]",74,131
environment,"[-0.018181818181818174, 0.9999999999999996]",75,132
environment,"[-0.018181818181818174, 0.9999999999999996]",76,133
environment,"[-0.018181818181818174, 0.9999999999999993]",77,134
environment,"[-0.018181818181818174, 0.9999999999999996]",78,135
environment,"[-0.02594996480538409, 0.9999999999999996]",79,136
environment,"[-0.02594996480538409, 0.7005289007176935]",80,137
environment,"[-0.025949964805384088, 0.7005289007176934]",81,138
environment,"[-0.025949964805384088, 0.7005289007176935]",82,139
environment,"[-0.025949964805384085, 0.7005289007176936]",83,140
environment,"[-0.025949964805384085, 0.7005289007176935]",84,141
environment,"[-0.025949964805384085, 0.7005289007176934]",85,142
environment,"[-0.025949964805384085, 0.7005289007176935]",86,143
environment,"[-0.025949964805384085, 0.7005289007176935]",87,144
environment,"[-0.025949964805384085, 0.7005289007176935]",88,145
environment,"[-0.025949964805384085, 0.7005289007176934]",89,146
environment,"[-0.025949964805384085, 0.7005289007176934]",90,147
environment,"[-0.025949964805384085, 0.7005289007176934]",91,148
environment,"[-0.025949964805384085, 0.7005289007176934]",92,149
environment,"[-0.025949964805384085, 0.7005289007176932]",93,150
environment,"[-0.025949964805384085, 0.7005289007176932]",94,151
environment,"[-0.025949964805384078, 0.7005289007176934]",95,152
environment,"[-0.025949964805384078, 0.7005289007176934]",96,153
covid-19,"[0.48148148148148145, 0.7005289007176939]",48,105
immigrants,"[0.5667557862184742, -0.032686022523030656]",71,128
immigrants,"[0.5667557862184743, -0.032686022523030656]",72,129
immigrants,"[0.5667557862184743, -0.032686022523030656]",73,130
immigrants,"[0.5667557862184743, -0.032686022523030656]",74,131
immigrants,"[0.5667557862184743, -0.032686022523030656]",75,132
immigrants,"[0.5667557862184743, -0.032686022523030656]",76,133
immigrants,"[0.5667557862184743, -0.032686022523030656]",77,134
immigrants,"[0.5667557862184743, -0.032686022523030656]",78,135
immigrants,"[0.5667557862184743, -0.032686022523030656]",79,136
immigrants,"[0.5667557862184743, -0.032686022523030656]",80,137
immigrants,"[0.5667557862184743, -0.032686022523030656]",81,138
immigrants,"[0.5667557862184743, -0.032686022523030656]",82,139
immigrants,"[0.5667557862184743, -0.032686022523030656]",83,140
immigrants,"[0.5667557862184743, -0.032686022523030656]",84,141
immigrants,"[0.5667557862184743, -0.032686022523030656]",85,142
immigrants,"[0.5667557862184742, -0.032686022523030656]",86,143
immigrants,"[0.5667557862184742, -0.032686022523030656]",87,144
immigrants,"[0.5667557862184742, -0.032686022523030656]",88,145
immigrants,"[0.5667557862184742, -0.032686022523030656]",89,146
immigrants,"[0.5667557862184741, -0.032686022523030656]",90,147
immigrants,"[0.5667557862184741, -0.032686022523030656]",91,148
immigrants,"[0.5667557862184742, -0.032686022523030656]",92,149
immigrants,"[0.5667557862184742, -0.032686022523030656]",93,150
immigrants,"[0.5667557862184741, -0.032686022523030656]",94,151
immigrants,"[0.5667557862184741, -0.032686022523030656]",95,152
immigrants,"[0.5667557862184741, -0.032686022523030656]",96,153
immigrants,"[0.5667557862184741, -0.032686022523030656]",97,154
immigrants,"[0.566755786218474, -0.032686022523030656]",98,155
immigrants,"[0.566755786218474, -0.032686022523030656]",99,156
immigrants,"[0.5667557862184741, -0.032686022523030656]",100,157
immigrants,"[0.5667557862184741, -0.03268602252303066]",101,158
immigrants,"[0.566755786218474, -0.03268602252303066]",102,159
immigrants,"[0.566755786218474, nan]",103,160
julian assange,"[-0.01818181818181818, 0.9999999999999997]",82,139
julian assange,"[-0.01818181818181818, 0.9999999999999994]",83,140
julian assange,"[-0.018181818181818177, 0.9999999999999994]",84,141
julian assange,"[-0.018181818181818177, 0.9999999999999996]",85,142
julian assange,"[-0.018181818181818174, 0.9999999999999996]",86,143
julian assange,"[-0.018181818181818174, 0.9999999999999996]",87,144
julian assange,"[-0.018181818181818174, 0.9999999999999993]",88,145
julian assange,"[-0.018181818181818174, 0.9999999999999996]",89,146
julian assange,"[-0.018181818181818174, 0.9999999999999996]",90,147
julian assange,"[-0.018181818181818174, 0.9999999999999996]",91,148
julian assange,"[-0.018181818181818174, 0.9999999999999993]",92,149
julian assange,"[-0.018181818181818174, 0.9999999999999996]",93,150
julian assange,"[-0.01818181818181817, 0.9999999999999996]",94,151
julian assange,"[-0.01818181818181817, 0.9999999999999996]",95,152
julian assange,"[-0.01818181818181817, 0.9999999999999993]",96,153
julian assange,"[-0.01818181818181817, 0.9999999999999996]",97,154
julian assange,"[-0.01818181818181817, 0.9999999999999996]",98,155
julian assange,"[-0.01818181818181817, 0.9999999999999996]",99,156
julian assange,"[-0.01818181818181817, 0.9999999999999993]",100,157
julian assange,"[-0.018181818181818174, 0.9999999999999996]",101,158
julian assange,"[-0.018181818181818174, 0.9999999999999996]",102,159
julian assange,"[-0.018181818181818174, 0.9999999999999996]",103,160
julian assange,"[-0.018181818181818174, 0.9999999999999993]",104,161
julian assange,"[-0.018181818181818174, 0.9999999999999996]",105,162
julian assange,"[-0.018181818181818174, 0.9999999999999996]",106,163
julian assange,"[-0.018181818181818174, 0.9999999999999996]",107,164
julian assange,"[-0.018181818181818174, 0.9999999999999993]",108,165
julian assange,"[-0.018181818181818174, 0.9999999999999996]",109,166
julian assange,"[-0.018181818181818174, 0.9999999999999996]",110,167
julian assange,"[-0.018181818181818174, 0.9999999999999996]",111,168
nancy pelosi,"[-0.03208051620104573, 0.5665577237325317]",59,116
nancy pelosi,"[-0.03208051620104573, 0.5665577237325317]",60,117
nancy pelosi,"[-0.03208051620104572, 0.5665577237325317]",61,118
nancy pelosi,"[-0.032080516201045725, 0.5665577237325317]",62,119
nancy pelosi,"[-0.03739787960033829, 0.5665577237325317]",63,120
twitter,"[0.5555555555555556, -0.06142951168339512]",108,165
twitter,"[0.5555555555555556, -0.06797585020441235]",109,166
twitter,"[0.5555555555555556, -0.06797585020441235]",110,167
twitter,"[0.5091750772173156, -0.06797585020441235]",111,168
colin kaepernick,"[-0.05169889620342157, 0.5683120964895738]",10,67
colin kaepernick,"[-0.05737753105492469, 0.5683120964895738]",11,68
colin kaepernick,"[-0.057377531054924685, 0.5446669021659343]",12,69
colin kaepernick,"[-0.057377531054924685, 0.5446669021659343]",13,70
colin kaepernick,"[-0.05737753105492469, 0.5446669021659344]",14,71
colin kaepernick,"[-0.05737753105492469, 0.5446669021659344]",15,72
colin kaepernick,"[-0.05169889620342158, 0.5683120964895739]",16,73
colin kaepernick,"[-0.05169889620342158, 0.5683120964895738]",17,74
colin kaepernick,"[-0.051698896203421586, 0.5683120964895738]",18,75
colin kaepernick,"[-0.05169889620342159, 0.5683120964895738]",19,76
colin kaepernick,"[-0.05169889620342159, 0.568312096489574]",20,77
colin kaepernick,"[-0.0573775310549247, 0.8331497962716384]",21,78
colin kaepernick,"[-0.04020151261036848, 0.8040821513874276]",22,79
colin kaepernick,"[-0.04020151261036848, 0.8040821513874276]",23,80
colin kaepernick,"[-0.04020151261036848, 0.8040821513874274]",24,81
colin kaepernick,"[-0.04020151261036848, 0.8040821513874274]",25,82
colin kaepernick,"[-0.04020151261036849, 0.8040821513874274]",26,83
colin kaepernick,"[-0.04020151261036849, 0.8040821513874274]",27,84
colin kaepernick,"[-0.04020151261036849, 0.8040821513874273]",28,85
colin kaepernick,"[-0.04020151261036849, 0.8040821513874277]",29,86
colin kaepernick,"[-0.04020151261036848, 0.8040821513874277]",30,87
colin kaepernick,"[-0.04020151261036848, 0.8040821513874277]",31,88
colin kaepernick,"[-0.04020151261036848, 0.8040821513874273]",32,89
colin kaepernick,"[-0.04020151261036849, 0.8040821513874278]",33,90
colin kaepernick,"[-0.04020151261036847, 0.8040821513874278]",34,91
colin kaepernick,"[-0.04020151261036847, 0.8040821513874278]",35,92
colin kaepernick,"[-0.04020151261036847, 0.8040821513874274]",36,93
colin kaepernick,"[-0.04020151261036849, 0.8040821513874278]",37,94
colin kaepernick,"[-0.04020151261036847, 0.8040821513874278]",38,95
colin kaepernick,"[-0.03622278249781186, 0.8331497962716384]",39,96
colin kaepernick,"[-0.03622278249781186, 0.8331497962716385]",40,97
colin kaepernick,"[-0.032080516201045704, 0.866179596860313]",41,98
colin kaepernick,"[-0.032080516201045704, 0.866179596860313]",42,99
colin kaepernick,"[-0.032080516201045704, 0.866179596860313]",43,100
colin kaepernick,"[-0.032080516201045704, 0.8661795968603129]",44,101
colin kaepernick,"[-0.032080516201045704, 0.866179596860313]",45,102
colin kaepernick,"[-0.032080516201045704, 0.8661795968603129]",46,103
colin kaepernick,"[-0.032080516201045704, 0.8661795968603129]",47,104
colin kaepernick,"[-0.02773287659510544, 0.9040846714944142]",48,105
colin kaepernick,"[-0.02773287659510544, 0.9040846714944143]",49,106
colin kaepernick,"[-0.02773287659510544, 0.9040846714944142]",50,107
colin kaepernick,"[-0.02773287659510544, 0.9040846714944143]",51,108
colin kaepernick,"[-0.03208051620104574, 0.9040846714944143]",52,109
colin kaepernick,"[-0.032080516201045746, 0.8661795968603131]",53,110
colin kaepernick,"[-0.036222782497811856, 0.866179596860313]",54,111
colin kaepernick,"[-0.036222782497811856, 0.8331497962716385]",55,112
colin kaepernick,"[-0.036222782497811856, 0.8331497962716387]",56,113
colin kaepernick,"[-0.036222782497811856, 0.8331497962716387]",57,114
colin kaepernick,"[-0.036222782497811856, 0.8331497962716385]",58,115
colin kaepernick,"[-0.036222782497811856, 0.8331497962716387]",59,116
colin kaepernick,"[-0.036222782497811856, 0.8331497962716389]",60,117
colin kaepernick,"[-0.036222782497811856, 0.8331497962716388]",61,118
colin kaepernick,"[-0.036222782497811856, 0.8331497962716388]",62,119
colin kaepernick,"[-0.036222782497811856, 0.8331497962716388]",63,120
colin kaepernick,"[-0.036222782497811856, 0.833149796271639]",64,121
sweden,"[0.5667557862184743, -0.032686022523030656]",8,65
sweden,"[-0.03208051620104573, 0.5665577237325317]",108,165
sweden,"[-0.03208051620104573, 0.5665577237325317]",109,166
sweden,"[-0.032080516201045725, 0.5665577237325317]",110,167
sweden,"[-0.032080516201045725, 0.5665577237325317]",111,168
apple,"[0.5667557862184746, nan]",97,154
bernie sanders,"[-0.025949964805384102, 0.7005289007176939]",48,105
bernie sanders,"[-0.0259499648053841, 0.7005289007176937]",49,106
bernie sanders,"[-0.0259499648053841, 0.7005289007176937]",50,107
bernie sanders,"[-0.025949964805384095, 0.7005289007176937]",51,108
bernie sanders,"[-0.02594996480538409, 0.7005289007176936]",52,109
bernie sanders,"[-0.025949964805384095, 0.7005289007176935]",53,110
bernie sanders,"[-0.02594996480538409, 0.7005289007176935]",54,111
bernie sanders,"[-0.02594996480538409, 0.7005289007176935]",55,112
bernie sanders,"[-0.025949964805384085, 0.7005289007176935]",56,113
bernie sanders,"[-0.02594996480538409, 0.7005289007176935]",57,114
bernie sanders,"[-0.025949964805384085, 0.7005289007176934]",58,115
bernie sanders,"[-0.025949964805384088, 0.7005289007176935]",59,116
bernie sanders,"[-0.025949964805384085, 0.7005289007176935]",60,117
bernie sanders,"[-0.025949964805384085, 0.7005289007176935]",61,118
bernie sanders,"[-0.025949964805384085, 0.7005289007176934]",62,119
bernie sanders,"[-0.025949964805384085, 0.7005289007176935]",63,120
bernie sanders,"[-0.025949964805384085, 0.7005289007176935]",64,121
bernie sanders,"[-0.025949964805384085, 0.7005289007176935]",65,122
bernie sanders,"[-0.025949964805384085, 0.7005289007176934]",66,123
bernie sanders,"[-0.025949964805384085, 0.7005289007176935]",67,124
bernie sanders,"[-0.02594996480538408, 0.7005289007176935]",68,125
bernie sanders,"[-0.025949964805384085, 0.7005289007176935]",69,126
bernie sanders,"[-0.02594996480538408, 0.7005289007176934]",70,127
bernie sanders,"[-0.02594996480538408, 0.7005289007176934]",71,128
bernie sanders,"[-0.025949964805384085, 0.7005289007176934]",72,129
bernie sanders,"[-0.025949964805384085, 0.7005289007176934]",73,130
bernie sanders,"[-0.025949964805384085, 0.7005289007176932]",74,131
bernie sanders,"[-0.025949964805384085, 0.9999999999999996]",75,132
bernie sanders,"[-0.018181818181818174, 0.9999999999999996]",76,133
bernie sanders,"[-0.018181818181818174, 0.9999999999999996]",77,134
bernie sanders,"[-0.018181818181818174, 0.9999999999999993]",78,135
bernie sanders,"[-0.018181818181818174, 0.9999999999999996]",79,136
bernie sanders,"[-0.018181818181818174, 0.9999999999999996]",80,137
bernie sanders,"[-0.018181818181818174, 0.9999999999999996]",81,138
bernie sanders,"[-0.018181818181818174, 0.9999999999999993]",82,139
bernie sanders,"[-0.018181818181818174, 0.9999999999999996]",83,140
bernie sanders,"[-0.018181818181818174, 0.9999999999999993]",84,141
bernie sanders,"[-0.018181818181818174, 0.9999999999999993]",85,142
bernie sanders,"[-0.018181818181818174, 0.9999999999999993]",86,143
bernie sanders,"[-0.018181818181818174, 0.9999999999999996]",87,144
bernie sanders,"[-0.01818181818181817, 0.9999999999999993]",88,145
bernie sanders,"[-0.01818181818181817, 0.9999999999999993]",89,146
bernie sanders,"[-0.01818181818181817, 0.9999999999999993]",90,147
bernie sanders,"[-0.01818181818181817, 0.9999999999999996]",91,148
bernie sanders,"[-0.01818181818181817, 0.9999999999999993]",92,149
bernie sanders,"[-0.01818181818181817, 0.9999999999999993]",93,150
bernie sanders,"[-0.01818181818181817, 0.9999999999999993]",94,151
bernie sanders,"[-0.018181818181818167, 0.9999999999999996]",95,152
bernie sanders,"[-0.01818181818181816, 0.9999999999999993]",96,153
bernie sanders,"[-0.01818181818181816, 0.9999999999999993]",97,154
bernie sanders,"[-0.01818181818181816, 0.9999999999999993]",98,155
bernie sanders,"[-0.01818181818181816, 0.9999999999999996]",99,156
bernie sanders,"[-0.01818181818181816, 0.9999999999999993]",100,157
bernie sanders,"[-0.01818181818181816, 0.9999999999999993]",101,158
bernie sanders,"[-0.01818181818181816, 0.9999999999999993]",102,159
millennials,"[0.5667557862184742, -0.03268602252303066]",74,131
millennials,"[0.5667557862184742, -0.03268602252303066]",75,132
millennials,"[0.5667557862184742, -0.03268602252303066]",76,133
millennials,"[0.5667557862184741, nan]",77,134
protesters,"[-0.018181818181818174, 0.9999999999999996]",0,57
protesters,"[-0.01818181818181817, 0.9999999999999996]",1,58
protesters,"[-0.01818181818181817, 0.9999999999999996]",2,59
protesters,"[-0.01818181818181817, 0.9999999999999993]",3,60
protesters,"[-0.01818181818181817, 0.9999999999999996]",4,61
protesters,"[-0.01818181818181817, 0.9999999999999996]",5,62
protesters,"[-0.01818181818181817, 0.9999999999999996]",6,63
protesters,"[-0.01818181818181817, 0.9999999999999993]",7,64
protesters,"[-0.018181818181818174, 0.9999999999999996]",8,65
protesters,"[-0.018181818181818174, 0.9999999999999996]",9,66
protesters,"[-0.018181818181818174, 0.9999999999999996]",10,67
protesters,"[-0.018181818181818174, 0.9999999999999993]",11,68
protesters,"[-0.018181818181818174, 0.9999999999999996]",12,69
protesters,"[-0.018181818181818174, 0.9999999999999996]",13,70
protesters,"[-0.018181818181818174, 0.9999999999999996]",14,71
protesters,"[-0.018181818181818174, 0.9999999999999993]",15,72
protesters,"[-0.018181818181818174, 0.9999999999999996]",16,73
protesters,"[-0.018181818181818174, 0.9999999999999996]",17,74
protesters,"[-0.018181818181818174, 0.9999999999999996]",18,75
protesters,"[-0.018181818181818174, 0.9999999999999993]",19,76
protesters,"[-0.018181818181818174, 0.9999999999999996]",20,77
protesters,"[-0.018181818181818174, 0.9999999999999993]",21,78
protesters,"[-0.018181818181818174, 0.9999999999999993]",22,79
protesters,"[-0.018181818181818174, 0.9999999999999993]",23,80
protesters,"[-0.018181818181818174, 0.9999999999999996]",24,81
protesters,"[-0.01818181818181817, 0.9999999999999993]",25,82
protesters,"[-0.01818181818181817, 0.9999999999999993]",26,83
protesters,"[-0.01818181818181817, 0.9999999999999993]",27,84
protesters,"[-0.01818181818181817, 0.9999999999999996]",28,85
protesters,"[-0.01818181818181817, 0.9999999999999993]",29,86
protesters,"[-0.01818181818181817, 0.9999999999999993]",30,87
protesters,"[-0.01818181818181817, 0.9999999999999993]",31,88
protesters,"[-0.018181818181818167, 0.9999999999999996]",32,89
protesters,"[-0.01818181818181816, 0.9999999999999993]",33,90
protesters,"[-0.01818181818181816, 0.9999999999999993]",34,91
protesters,"[-0.01818181818181816, 0.9999999999999993]",35,92
protesters,"[-0.01818181818181816, 0.9999999999999996]",36,93
protesters,"[-0.01818181818181816, 0.9999999999999993]",37,94
protesters,"[-0.01818181818181816, 0.9999999999999993]",38,95
protesters,"[-0.01818181818181816, 0.9999999999999993]",39,96
protesters,"[1.0, nan]",50,107
protesters,"[1.0, -0.018518518518518517]",51,108
protesters,"[1.0, -0.018518518518518517]",52,109
protesters,"[0.9999999999999999, -0.018518518518518517]",53,110
protesters,"[0.7006490497453706, -0.02643505285727147]",54,111
protesters,"[0.7006490497453706, -0.02643505285727147]",55,112
protesters,"[0.7006490497453705, -0.026435052857271463]",56,113
protesters,"[0.7006490497453705, -0.026435052857271463]",57,114
protesters,"[0.7006490497453703, -0.02643505285727147]",58,115
protesters,"[0.7006490497453705, -0.026435052857271466]",59,116
protesters,"[0.7006490497453703, -0.026435052857271466]",60,117
protesters,"[0.7006490497453705, -0.026435052857271466]",61,118
protesters,"[0.7006490497453705, -0.02643505285727147]",62,119
protesters,"[0.7006490497453705, -0.02643505285727147]",63,120
venezuelans,"[-0.05688801239885742, 0.5119125973616262]",63,120
venezuelans,"[-0.05022906455657603, 0.5119125973616262]",64,121
twitter users,"[0.7006490497453707, -0.018518518518518514]",108,165
twitter users,"[0.7006490497453706, -0.02643505285727147]",109,166
australia,"[-0.03208051620104569, 0.5665577237325317]",105,162
australia,"[-0.0320805162010457, 0.5665577237325317]",106,163
australia,"[-0.0320805162010457, 0.7005289007176932]",107,164
australia,"[-0.025949964805384078, 0.7005289007176931]",108,165
australia,"[-0.025949964805384078, 0.7005289007176931]",109,166
australia,"[-0.02594996480538407, 0.7005289007176932]",110,167
australia,"[-0.02594996480538407, 0.7005289007176931]",111,168
central american migrants,"[0.7006490497453707, 0.9999999999999999]",12,69
central american migrants,"[0.7006490497453707, 0.7005289007176939]",13,70
central american migrants,"[0.7006490497453706, 0.7005289007176938]",14,71
central american migrants,"[0.7006490497453706, 0.7005289007176938]",15,72
central american migrants,"[0.7006490497453705, 0.7005289007176938]",16,73
central american migrants,"[0.7006490497453703, 0.7005289007176937]",17,74
central american migrants,"[0.7006490497453703, 0.7005289007176935]",18,75
central american migrants,"[0.7006490497453703, 0.7005289007176935]",19,76
central american migrants,"[0.7006490497453703, 0.7005289007176936]",20,77
central american migrants,"[0.7006490497453703, 0.7005289007176936]",21,78
central american migrants,"[0.7006490497453703, 0.7005289007176934]",22,79
central american migrants,"[0.7006490497453703, 0.7005289007176935]",23,80
central american migrants,"[0.7006490497453703, 0.7005289007176935]",24,81
central american migrants,"[0.7006490497453703, 0.7005289007176935]",25,82
central american migrants,"[0.6195970510515066, 0.6193549149806911]",26,83
central american migrants,"[0.6195970510515068, 0.6193549149806911]",27,84
central american migrants,"[0.4961968662112132, 0.6193549149806911]",28,85
central american migrants,"[0.6195970510515066, -0.026435052857271466]",67,124
melania trump,"[-0.0320805162010457, 0.5665577237325315]",67,124
melania trump,"[-0.0320805162010457, 0.5665577237325315]",68,125
melania trump,"[-0.025949964805384085, 0.7005289007176934]",69,126
melania trump,"[-0.025949964805384085, 0.7005289007176934]",70,127
melania trump,"[-0.03208051620104572, 0.7005289007176935]",71,128
melania trump,"[-0.03208051620104572, 0.5665577237325317]",72,129
melania trump,"[-0.03208051620104571, 0.5665577237325317]",73,130
melania trump,"[-0.025949964805384088, 0.7005289007176936]",74,131
melania trump,"[-0.025949964805384085, 0.7005289007176935]",75,132
melania trump,"[-0.025949964805384085, 0.7005289007176934]",76,133
melania trump,"[-0.025949964805384085, 0.7005289007176935]",77,134
melania trump,"[-0.025949964805384085, 0.7005289007176935]",78,135
melania trump,"[-0.02594996480538408, 0.7005289007176936]",79,136
melania trump,"[-0.02594996480538408, 0.7005289007176934]",80,137
melania trump,"[-0.025949964805384085, 0.7005289007176934]",81,138
melania trump,"[-0.025949964805384085, 0.7005289007176934]",82,139
melania trump,"[-0.025949964805384085, 0.7005289007176934]",83,140
melania trump,"[-0.025949964805384085, 0.7005289007176932]",84,141
melania trump,"[-0.025949964805384085, 0.7005289007176934]",85,142
melania trump,"[-0.025949964805384085, 0.7005289007176934]",86,143
melania trump,"[-0.02594996480538408, 0.7005289007176934]",87,144
melania trump,"[-0.02594996480538408, 0.7005289007176932]",88,145
melania trump,"[-0.025949964805384085, 0.7005289007176934]",89,146
melania trump,"[-0.025949964805384078, 0.7005289007176934]",90,147
melania trump,"[-0.025949964805384078, 0.7005289007176934]",91,148
melania trump,"[-0.025949964805384078, 0.7005289007176932]",92,149
melania trump,"[-0.025949964805384078, 0.7005289007176934]",93,150
melania trump,"[-0.025949964805384078, 0.7005289007176932]",94,151
melania trump,"[-0.02594996480538408, 0.7005289007176932]",95,152
melania trump,"[-0.02594996480538408, 0.7005289007176931]",96,153
melania trump,"[-0.02594996480538408, 0.7005289007176934]",97,154
melania trump,"[-0.032080516201045725, 0.7005289007176931]",98,155
melania trump,"[-0.032080516201045725, 0.5665577237325317]",99,156
melania trump,"[-0.03208051620104572, 0.5665577237325317]",100,157
melania trump,"[-0.03208051620104572, 0.5665577237325317]",101,158
melania trump,"[-0.03208051620104571, 0.5665577237325317]",102,159
melania trump,"[-0.03208051620104571, 0.5665577237325317]",103,160
melania trump,"[-0.032080516201045704, 0.5665577237325317]",104,161
melania trump,"[-0.032080516201045704, 0.5665577237325317]",105,162
melania trump,"[-0.0320805162010457, 0.5665577237325315]",106,163
melania trump,"[-0.0320805162010457, 0.5665577237325315]",107,164
melania trump,"[-0.03208051620104574, 0.5665577237325315]",108,165
melania trump,"[-0.0320805162010457, 0.5665577237325315]",109,166
melania trump,"[-0.03208051620104569, 0.5665577237325315]",110,167
melania trump,"[-0.03208051620104569, 0.5665577237325315]",111,168
alabama,"[0.7006490497453702, -0.026435052857271463]",34,91
alabama,"[0.7006490497453703, -0.02643505285727146]",35,92
alabama,"[0.7006490497453702, -0.02643505285727146]",36,93
alabama,"[0.7006490497453703, -0.026435052857271463]",37,94
alabama,"[0.7006490497453703, -0.026435052857271466]",38,95
alabama,"[0.7006490497453703, -0.026435052857271463]",39,96
alabama,"[0.7006490497453703, -0.026435052857271463]",40,97
alabama,"[0.7006490497453703, -0.02643505285727146]",41,98
alabama,"[0.7006490497453703, -0.026435052857271463]",42,99
alabama,"[0.7006490497453703, -0.02643505285727146]",43,100
alabama,"[0.7006490497453703, -0.02643505285727146]",44,101
alabama,"[0.7006490497453703, -0.018518518518518514]",45,102
jews,"[0.5667557862184746, -0.02643505285727146]",74,131
jews,"[0.5667557862184746, -0.032686022523030676]",75,132
jews,"[0.5667557862184746, -0.03268602252303066]",76,133
jews,"[0.7006490497453706, -0.026435052857271463]",77,134
jews,"[0.7006490497453705, -0.02643505285727147]",78,135
jews,"[0.7006490497453703, -0.026435052857271466]",79,136
jews,"[0.7006490497453703, -0.026435052857271466]",80,137
jews,"[0.9999999999999996, -0.018518518518518514]",81,138
jews,"[0.9999999999999994, -0.018518518518518517]",82,139
jews,"[0.9999999999999994, -0.018518518518518517]",83,140
jews,"[0.9999999999999994, -0.018518518518518514]",84,141
jews,"[0.9999999999999994, -0.018518518518518514]",85,142
jews,"[0.9999999999999994, -0.018518518518518517]",86,143
jews,"[0.9999999999999994, -0.018518518518518517]",87,144
jews,"[0.9999999999999994, -0.018518518518518514]",88,145
jews,"[0.9999999999999994, -0.018518518518518514]",89,146
jews,"[0.9999999999999994, -0.018518518518518517]",90,147
jews,"[0.9999999999999994, -0.018518518518518517]",91,148
jews,"[0.9999999999999994, -0.018518518518518514]",92,149
jews,"[0.9999999999999994, -0.018518518518518514]",93,150
jews,"[0.9999999999999994, -0.018518518518518517]",94,151
jews,"[0.9999999999999994, -0.018518518518518517]",95,152
jews,"[0.9999999999999994, -0.018518518518518514]",96,153
jews,"[0.9999999999999994, -0.018518518518518514]",97,154
jews,"[0.9999999999999991, -0.018518518518518517]",98,155
jews,"[0.9999999999999991, -0.018518518518518517]",99,156
jews,"[0.9999999999999991, -0.018518518518518514]",100,157
jews,"[0.7006490497453701, -0.018518518518518514]",101,158
jews,"[0.7006490497453701, -0.026435052857271473]",102,159
jews,"[0.7006490497453701, -0.026435052857271473]",103,160
jews,"[0.7006490497453701, -0.026435052857271466]",104,161
jews,"[0.7006490497453701, -0.026435052857271473]",105,162
jews,"[0.7006490497453701, -0.026435052857271473]",106,163
jews,"[0.7006490497453701, -0.026435052857271473]",107,164
jews,"[0.7006490497453701, -0.02643505285727147]",108,165
jews,"[0.7006490497453701, -0.026435052857271466]",109,166
jews,"[0.7006490497453701, -0.026435052857271466]",110,167
jews,"[0.7006490497453701, -0.026435052857271466]",111,168
hong kong,"[1.0, nan]",50,107
hong kong,"[1.0, -0.018518518518518517]",51,108
jacob blake,"[0.9804490857413831, nan]",56,113
jacob blake,"[0.9804490857413831, -0.02186870084203477]",57,114
jacob blake,"[0.9804490857413831, -0.02186870084203477]",58,115
jacob blake,"[0.9804490857413831, -0.02186870084203477]",59,116
jacob blake,"[0.980449085741383, -0.02186870084203477]",60,117
jacob blake,"[0.980449085741383, -0.02186870084203477]",61,118
jacob blake,"[0.980449085741383, -0.02186870084203477]",62,119
jacob blake,"[0.9804490857413829, -0.021868700842034773]",63,120
jacob blake,"[0.9804490857413829, -0.02186870084203478]",64,121
jacob blake,"[0.9804490857413829, -0.02186870084203478]",65,122
jacob blake,"[0.9804490857413829, -0.02186870084203477]",66,123
jacob blake,"[0.9804490857413829, -0.021868700842034777]",67,124
jacob blake,"[0.9804490857413828, -0.02186870084203478]",68,125
jacob blake,"[0.9804490857413828, -0.02186870084203478]",69,126
jacob blake,"[0.9804490857413828, -0.02186870084203477]",70,127
jacob blake,"[0.9804490857413828, -0.021868700842034777]",71,128
jacob blake,"[0.9804490857413828, -0.02186870084203478]",72,129
jacob blake,"[0.9804490857413828, -0.02186870084203478]",73,130
jacob blake,"[0.9804490857413828, -0.02186870084203477]",74,131
jacob blake,"[0.9804490857413828, -0.021868700842034777]",75,132
jacob blake,"[0.9804490857413828, -0.02186870084203478]",76,133
jacob blake,"[0.9804490857413828, -0.02186870084203478]",77,134
jacob blake,"[0.9804490857413828, -0.02186870084203477]",78,135
jacob blake,"[0.9804490857413828, -0.021868700842034777]",79,136
jacob blake,"[0.9804490857413828, -0.021868700842034784]",80,137
jacob blake,"[0.9804490857413828, -0.021868700842034784]",81,138
jacob blake,"[0.9804490857413828, -0.021868700842034766]",82,139
jacob blake,"[0.9804490857413828, -0.021868700842034784]",83,140
jacob blake,"[0.9804490857413828, -0.021868700842034784]",84,141
jacob blake,"[0.9804490857413828, -0.021868700842034784]",85,142
jacob blake,"[0.9804490857413828, -0.021868700842034766]",86,143
jacob blake,"[0.9804490857413828, -0.021868700842034773]",87,144
jacob blake,"[0.9804490857413826, -0.021868700842034773]",88,145
jacob blake,"[0.9804490857413826, -0.021868700842034773]",89,146
jacob blake,"[0.9804490857413826, -0.021868700842034766]",90,147
jacob blake,"[0.9804490857413826, -0.021868700842034773]",91,148
jacob blake,"[0.9804490857413826, -0.021868700842034773]",92,149
jacob blake,"[0.9804490857413826, -0.021868700842034773]",93,150
jacob blake,"[0.9804490857413826, -0.021868700842034766]",94,151
jacob blake,"[0.9804490857413826, -0.021868700842034773]",95,152
jacob blake,"[0.9804490857413826, -0.021868700842034773]",96,153
jacob blake,"[0.9804490857413826, -0.021868700842034773]",97,154
jacob blake,"[0.9804490857413826, -0.021868700842034766]",98,155
jacob blake,"[0.9804490857413826, -0.021868700842034773]",99,156
jacob blake,"[0.9804490857413826, -0.021868700842034773]",100,157
jacob blake,"[0.9804490857413826, -0.021868700842034773]",101,158
jacob blake,"[0.9804490857413826, -0.021868700842034766]",102,159
jacob blake,"[0.9804490857413826, -0.021868700842034766]",103,160
jacob blake,"[0.9804490857413823, -0.021868700842034766]",104,161
jacob blake,"[0.9804490857413823, -0.021868700842034766]",105,162
jacob blake,"[0.9804490857413823, -0.021868700842034763]",106,163
jacob blake,"[0.9804490857413823, -0.021868700842034766]",107,164
jacob blake,"[0.9804490857413823, -0.021868700842034766]",108,165
jacob blake,"[0.9804490857413823, -0.021868700842034766]",109,166
jacob blake,"[0.9804490857413823, -0.0185185185185185]",110,167
jacob blake,"[0.9999999999999987, nan]",111,168
jewish community,"[0.7006490497453707, -0.018518518518518514]",107,164
jewish community,"[0.7006490497453706, 0.7005289007176938]",110,167
jewish community,"[0.7006490497453705, 0.7005289007176938]",111,168
michigan residents,"[0.7006490497453707, -0.018518518518518517]",59,116
michigan residents,"[0.7006490497453706, -0.026435052857271466]",60,117
michigan residents,"[0.7006490497453706, -0.02643505285727147]",61,118
michigan residents,"[0.7006490497453706, -0.02643505285727147]",62,119
michigan residents,"[0.7006490497453705, -0.02643505285727147]",63,120
michigan residents,"[0.7006490497453703, -0.026435052857271466]",64,121
michigan residents,"[0.7006490497453703, -0.026435052857271466]",65,122
michigan residents,"[0.7006490497453703, -0.026435052857271466]",66,123
michigan residents,"[0.7006490497453703, -0.02643505285727147]",67,124
michigan residents,"[0.7006490497453703, -0.026435052857271466]",68,125
michigan residents,"[0.7006490497453703, -0.02643505285727147]",69,126
michigan residents,"[0.7006490497453703, -0.026435052857271466]",70,127
michigan residents,"[0.7006490497453703, -0.026435052857271466]",71,128
indian people,"[-0.030804977993778727, 0.6590881300103706]",74,131
indian people,"[-0.030804977993778723, 0.6590881300103707]",75,132
indian people,"[-0.03080497799377873, 0.6590881300103705]",76,133
indian people,"[-0.030804977993778716, 0.6590881300103706]",77,134
indian people,"[-0.030804977993778716, 0.6590881300103705]",78,135
indian people,"[-0.030804977993778716, 0.6590881300103704]",79,136
indian people,"[-0.030804977993778716, 0.6590881300103701]",80,137
indian people,"[-0.030804977993778723, 0.6590881300103704]",81,138
indian people,"[-0.030804977993778723, 0.6590881300103705]",82,139
indian people,"[-0.030804977993778723, 0.6590881300103704]",83,140
indian people,"[-0.030804977993778723, 0.6590881300103701]",84,141
indian people,"[-0.030804977993778723, 0.6590881300103704]",85,142
indian people,"[-0.030804977993778723, 0.6590881300103704]",86,143
indian people,"[-0.030804977993778723, 0.6590881300103704]",87,144
indian people,"[-0.030804977993778723, 0.6590881300103701]",88,145
indian people,"[-0.030804977993778723, 0.6590881300103703]",89,146
indian people,"[-0.030804977993778723, 0.6590881300103703]",90,147
indian people,"[-0.030804977993778723, 0.6590881300103703]",91,148
indian people,"[-0.030804977993778723, 0.65908813001037]",92,149
indian people,"[-0.030804977993778723, 0.6590881300103703]",93,150
indian people,"[-0.030804977993778723, 0.6590881300103704]",94,151
indian people,"[-0.030804977993778723, 0.6590881300103703]",95,152
indian people,"[-0.030804977993778723, 0.65908813001037]",96,153
indian people,"[-0.030804977993778723, 0.6590881300103703]",97,154
indian people,"[-0.030804977993778723, 0.6590881300103704]",98,155
indian people,"[-0.030804977993778723, 0.6590881300103703]",99,156
indian people,"[-0.030804977993778723, 0.65908813001037]",100,157
indian people,"[-0.030804977993778723, 0.6590881300103703]",101,158
indian people,"[-0.030804977993778723, 0.6590881300103704]",102,159
indian people,"[-0.030804977993778723, 0.6590881300103703]",103,160
indian people,"[-0.030804977993778723, 0.65908813001037]",104,161
indian people,"[-0.030804977993778723, 0.6590881300103703]",105,162
indian people,"[-0.030804977993778723, 0.6590881300103703]",106,163
indian people,"[-0.030804977993778723, 0.6590881300103703]",107,164
indian people,"[-0.030804977993778723, 0.65908813001037]",108,165
indian people,"[-0.030804977993778723, 0.6590881300103703]",109,166
indian people,"[-0.030804977993778723, 0.6590881300103703]",110,167
indian people,"[-0.030804977993778723, 0.6590881300103701]",111,168
12-year-old girl,"[0.5667557862184746, nan]",64,121
12-year-old girl,"[0.5667557862184746, -0.03268602252303067]",65,122
12-year-old girl,"[0.5667557862184746, -0.03268602252303067]",66,123
12-year-old girl,"[0.5667557862184746, -0.03268602252303067]",67,124
12-year-old girl,"[0.5667557862184744, -0.03268602252303067]",68,125
12-year-old girl,"[0.5667557862184744, -0.03268602252303067]",69,126
12-year-old girl,"[0.5667557862184744, -0.03268602252303066]",70,127
12-year-old girl,"[0.5667557862184744, -0.032686022523030656]",71,128
12-year-old girl,"[0.5667557862184744, -0.032686022523030656]",72,129
12-year-old girl,"[0.5667557862184744, -0.032686022523030656]",73,130
12-year-old girl,"[0.5667557862184744, -0.032686022523030656]",74,131
12-year-old girl,"[0.5667557862184744, -0.032686022523030656]",75,132
12-year-old girl,"[0.5667557862184744, -0.032686022523030656]",76,133
12-year-old girl,"[0.5667557862184744, -0.032686022523030656]",77,134
12-year-old girl,"[0.5667557862184744, -0.032686022523030656]",78,135
12-year-old girl,"[0.5667557862184744, -0.032686022523030656]",79,136
12-year-old girl,"[0.5667557862184743, -0.03268602252303066]",80,137
12-year-old girl,"[0.5667557862184743, -0.03268602252303066]",81,138
12-year-old girl,"[0.5667557862184743, -0.03268602252303066]",82,139
12-year-old girl,"[0.5667557862184743, -0.032686022523030656]",83,140
12-year-old girl,"[0.5667557862184743, -0.03268602252303066]",84,141
12-year-old girl,"[0.5667557862184742, -0.03268602252303066]",85,142
12-year-old girl,"[0.5667557862184743, -0.03268602252303066]",86,143
12-year-old girl,"[0.5667557862184743, -0.032686022523030656]",87,144
12-year-old girl,"[0.5667557862184744, -0.032686022523030656]",88,145
12-year-old girl,"[0.5667557862184743, -0.032686022523030656]",89,146
12-year-old girl,"[0.5667557862184744, -0.032686022523030656]",90,147
12-year-old girl,"[0.5667557862184744, -0.032686022523030656]",91,148
12-year-old girl,"[0.5667557862184744, -0.032686022523030656]",92,149
12-year-old girl,"[0.5667557862184743, -0.032686022523030656]",93,150
12-year-old girl,"[0.5667557862184744, -0.032686022523030656]",94,151
12-year-old girl,"[0.5667557862184744, -0.032686022523030656]",95,152
12-year-old girl,"[0.5667557862184744, -0.032686022523030656]",96,153
12-year-old girl,"[0.5667557862184743, -0.032686022523030656]",97,154
12-year-old girl,"[0.5667557862184744, -0.032686022523030656]",98,155
12-year-old girl,"[0.5667557862184744, -0.032686022523030656]",99,156
12-year-old girl,"[0.5667557862184744, -0.032686022523030656]",100,157
12-year-old girl,"[0.5667557862184743, -0.026435052857271466]",101,158
12-year-old girl,"[0.70064904974537, -0.026435052857271466]",102,159
12-year-old girl,"[0.70064904974537, -0.026435052857271466]",103,160
12-year-old girl,"[0.70064904974537, -0.026435052857271466]",104,161
12-year-old girl,"[0.70064904974537, -0.026435052857271466]",105,162
12-year-old girl,"[0.70064904974537, -0.026435052857271466]",106,163
mahsa amini,"[0.48148148148148145, 0.7005289007176939]",107,164
gretchen whitmer,"[0.7006490497453707, nan]",59,116
gretchen whitmer,"[0.7006490497453706, -0.02643505285727147]",60,117
gretchen whitmer,"[0.7006490497453706, -0.026435052857271466]",61,118
gretchen whitmer,"[0.7006490497453706, -0.026435052857271466]",62,119
gretchen whitmer,"[0.7006490497453705, -0.026435052857271466]",63,120
gretchen whitmer,"[0.7006490497453703, -0.026435052857271466]",64,121
gretchen whitmer,"[0.7006490497453703, -0.026435052857271463]",65,122
gretchen whitmer,"[0.7006490497453703, -0.026435052857271463]",66,123
gretchen whitmer,"[0.7006490497453703, -0.026435052857271463]",67,124
gretchen whitmer,"[0.7006490497453703, -0.026435052857271463]",68,125
gretchen whitmer,"[0.7006490497453703, -0.026435052857271463]",69,126
gretchen whitmer,"[0.7006490497453703, -0.026435052857271463]",70,127
gretchen whitmer,"[0.7006490497453703, -0.02643505285727147]",71,128
gretchen whitmer,"[0.7006490497453703, -0.02643505285727147]",72,129
gretchen whitmer,"[0.7006490497453703, -0.02643505285727147]",73,130
gretchen whitmer,"[0.7006490497453703, -0.026435052857271463]",74,131
gretchen whitmer,"[0.7006490497453703, -0.026435052857271463]",75,132
gretchen whitmer,"[0.7006490497453703, -0.026435052857271463]",76,133
gretchen whitmer,"[0.7006490497453703, -0.026435052857271463]",77,134
gretchen whitmer,"[0.7006490497453703, -0.026435052857271463]",78,135
gretchen whitmer,"[0.7006490497453703, -0.026435052857271463]",79,136
gretchen whitmer,"[0.7006490497453703, -0.026435052857271463]",80,137
gretchen whitmer,"[0.7006490497453703, -0.026435052857271463]",81,138
gretchen whitmer,"[0.7006490497453703, -0.026435052857271466]",82,139
gretchen whitmer,"[0.7006490497453701, -0.026435052857271473]",83,140
gretchen whitmer,"[0.7006490497453701, -0.026435052857271473]",84,141
gretchen whitmer,"[0.7006490497453701, -0.026435052857271466]",85,142
gretchen whitmer,"[0.7006490497453701, -0.026435052857271466]",86,143
gretchen whitmer,"[0.70064904974537, -0.026435052857271466]",87,144
gretchen whitmer,"[0.70064904974537, -0.026435052857271473]",88,145
gretchen whitmer,"[0.70064904974537, -0.026435052857271466]",89,146
gretchen whitmer,"[0.70064904974537, -0.026435052857271466]",90,147
gretchen whitmer,"[0.70064904974537, -0.026435052857271466]",91,148
gretchen whitmer,"[0.70064904974537, -0.026435052857271473]",92,149
gretchen whitmer,"[0.70064904974537, -0.026435052857271466]",93,150
gretchen whitmer,"[0.70064904974537, -0.026435052857271466]",94,151
gretchen whitmer,"[0.70064904974537, -0.026435052857271466]",95,152
gretchen whitmer,"[0.70064904974537, -0.026435052857271466]",96,153
gretchen whitmer,"[0.70064904974537, -0.026435052857271466]",97,154
gretchen whitmer,"[0.70064904974537, -0.026435052857271466]",98,155
gretchen whitmer,"[0.70064904974537, -0.026435052857271466]",99,156
gretchen whitmer,"[0.70064904974537, -0.026435052857271466]",100,157
gretchen whitmer,"[0.70064904974537, -0.026435052857271466]",101,158
gretchen whitmer,"[0.70064904974537, -0.026435052857271466]",102,159
gretchen whitmer,"[0.6195970510515065, -0.018518518518518514]",103,160
gretchen whitmer,"[0.8928130050910503, -0.02503130871608792]",104,161
gretchen whitmer,"[0.8928130050910503, -0.02503130871608792]",105,162
gretchen whitmer,"[0.8928130050910503, -0.02503130871608792]",106,163
gretchen whitmer,"[0.8928130050910502, -0.02503130871608792]",107,164
gretchen whitmer,"[0.8928130050910502, -0.02503130871608792]",108,165
gretchen whitmer,"[0.8928130050910502, -0.02503130871608792]",109,166
gretchen whitmer,"[0.8928130050910502, -0.02503130871608792]",110,167
gretchen whitmer,"[0.8928130050910501, -0.02503130871608792]",111,168
chinese people,"[0.7006490497453707, -0.018518518518518514]",76,133
chinese people,"[1.0, -0.018518518518518517]",77,134
chinese people,"[1.0, -0.018518518518518517]",78,135
chinese people,"[0.9999999999999999, -0.018518518518518517]",79,136
chinese people,"[0.9999999999999997, -0.018518518518518517]",80,137
chinese people,"[0.9999999999999996, -0.018518518518518514]",81,138
chinese people,"[0.9999999999999996, -0.018518518518518514]",82,139
chinese people,"[0.9999999999999996, -0.018518518518518514]",83,140
chinese people,"[0.9999999999999994, -0.018518518518518517]",84,141
chinese people,"[0.9999999999999994, -0.018518518518518517]",85,142
chinese people,"[0.9999999999999994, -0.018518518518518514]",86,143
chinese people,"[0.9999999999999994, -0.018518518518518514]",87,144
chinese people,"[0.9999999999999994, -0.018518518518518517]",88,145
chinese people,"[0.9999999999999994, -0.018518518518518517]",89,146
chinese people,"[0.9999999999999994, -0.018518518518518514]",90,147
chinese people,"[0.9999999999999994, -0.018518518518518514]",91,148
chinese people,"[0.9999999999999994, -0.018518518518518517]",92,149
chinese people,"[0.9999999999999994, -0.018518518518518517]",93,150
chinese people,"[0.9999999999999994, -0.018518518518518514]",94,151
chinese people,"[0.9999999999999994, -0.018518518518518514]",95,152
chinese people,"[0.9999999999999994, -0.018518518518518517]",96,153
chinese people,"[0.9999999999999994, -0.018518518518518517]",97,154
chinese people,"[0.9999999999999994, -0.018518518518518514]",98,155
chinese people,"[0.9999999999999994, -0.018518518518518514]",99,156
chinese people,"[0.9999999999999991, -0.018518518518518517]",100,157
chinese people,"[0.9999999999999991, -0.018518518518518517]",101,158
chinese people,"[0.9999999999999991, -0.018518518518518514]",102,159
chinese people,"[0.9999999999999991, -0.018518518518518514]",103,160
chinese people,"[0.9999999999999991, -0.018518518518518517]",104,161
chinese people,"[0.9999999999999991, -0.018518518518518517]",105,162
chinese people,"[0.9999999999999991, -0.018518518518518514]",106,163
chinese people,"[0.9999999999999991, -0.018518518518518514]",107,164
chinese people,"[0.9999999999999991, -0.018518518518518517]",108,165
chinese people,"[0.9999999999999991, -0.018518518518518517]",109,166
chinese people,"[0.7006490497453701, -0.018518518518518514]",110,167
chinese people,"[0.7006490497453701, -0.026435052857271473]",111,168
innocent people,"[-0.018181818181818184, 0.9999999999999999]",82,139
innocent people,"[-0.018181818181818184, 0.9999999999999998]",83,140
innocent people,"[-0.018181818181818184, 0.9999999999999998]",84,141
innocent people,"[-0.01818181818181818, 0.9999999999999998]",85,142
innocent people,"[-0.01818181818181818, 0.9999999999999997]",86,143
innocent people,"[-0.01818181818181818, 0.9999999999999994]",87,144
innocent people,"[-0.018181818181818177, 0.9999999999999994]",88,145
innocent people,"[-0.018181818181818177, 0.9999999999999996]",89,146
innocent people,"[-0.018181818181818174, 0.9999999999999996]",90,147
innocent people,"[-0.018181818181818174, 0.9999999999999996]",91,148
innocent people,"[-0.018181818181818174, 0.9999999999999993]",92,149
innocent people,"[-0.018181818181818174, 0.9999999999999996]",93,150
innocent people,"[-0.018181818181818174, 0.9999999999999996]",94,151
innocent people,"[-0.018181818181818174, 0.9999999999999996]",95,152
innocent people,"[-0.018181818181818174, 0.9999999999999993]",96,153
innocent people,"[-0.018181818181818174, 0.9999999999999996]",97,154
innocent people,"[-0.01818181818181817, 0.9999999999999996]",98,155
innocent people,"[-0.01818181818181817, 0.9999999999999996]",99,156
innocent people,"[-0.01818181818181817, 0.9999999999999993]",100,157
innocent people,"[-0.01818181818181817, 0.9999999999999996]",101,158
innocent people,"[-0.01818181818181817, 0.9999999999999996]",102,159
innocent people,"[-0.02594996480538409, 0.9999999999999996]",103,160
innocent people,"[-0.02594996480538409, 0.7005289007176934]",104,161
innocent people,"[-0.025949964805384088, 0.7005289007176934]",105,162
innocent people,"[-0.025949964805384088, 0.7005289007176934]",106,163
innocent people,"[-0.025949964805384085, 0.7005289007176934]",107,164
innocent people,"[-0.025949964805384085, 0.7005289007176932]",108,165
innocent people,"[-0.025949964805384085, 0.7005289007176934]",109,166
innocent people,"[-0.025949964805384085, 0.7005289007176934]",110,167
innocent people,"[-0.025949964805384085, 0.7005289007176934]",111,168
