joe biden,"[0.5619514869490163, 0.6974858324629156]",65,105
joe biden,"[0.5619514869490164, 0.561529442963871]",66,106
joe biden,"[0.5224462547732155, 0.5217408368001584]",67,107
joe biden,"[0.5224462547732157, 0.5217408368001583]",68,108
joe biden,"[0.3528881100190883, 0.5640859500127463]",74,114
joe biden,"[0.35288811001908826, 0.5371278264599866]",75,115
joe biden,"[0.35288811001908826, 0.5371278264599866]",76,116
joe biden,"[0.5118428954136036, 0.35883502074115126]",77,117
nancy pelosi,"[-0.07664807349388719, 0.5419995361191078]",120,160
ted cruz,"[0.26632663349669405, 0.5078731848256579]",0,40
ted cruz,"[0.2683498559063766, 0.5088630231278803]",1,41
ted cruz,"[0.30348848933344186, 0.563657092308185]",2,42
ted cruz,"[0.32795043438633803, 0.6001101812979409]",3,43
ted cruz,"[0.430451057058391, 0.7701629791907684]",4,44
ted cruz,"[0.7054131098174974, nan]",5,45
bernie sanders,"[-0.0468292905790847, 0.5615294429638709]",32,72
bernie sanders,"[-0.04682929057908472, 0.5615294429638709]",33,73
bernie sanders,"[-0.04682929057908471, 0.5615294429638709]",34,74
bernie sanders,"[-0.05484084971070816, 0.5615294429638709]",39,79
bernie sanders,"[-0.04682929057908471, 0.5615294429638708]",40,80
pope francis,"[-0.0468292905790847, 0.5615294429638705]",65,105
pope francis,"[-0.046829290579084706, 0.5615294429638706]",66,106
pope francis,"[-0.046829290579084706, 0.5615294429638706]",67,107
pope francis,"[-0.046829290579084706, 0.5615294429638705]",68,108
firefighters,"[0.5804286849991572, 0.21224608148674495]",48,88
firefighters,"[0.6225044786364367, 0.0969215747207575]",49,89
firefighters,"[0.6062735088782684, 0.2568915451961508]",53,93
firefighters,"[0.6062735088782684, 0.2568915451961508]",54,94
firefighters,"[0.6062735088782684, 0.2568915451961508]",55,95
firefighters,"[0.6877303054053765, 0.30316953129541624]",56,96
firefighters,"[0.6877303054053765, 0.30316953129541624]",57,97
firefighters,"[0.6877303054053765, 0.30316953129541624]",58,98
firefighters,"[0.6877303054053765, 0.30316953129541624]",59,99
firefighters,"[0.6877303054053765, 0.30316953129541624]",60,100
firefighters,"[0.8053872662568287, -0.04813109511118893]",61,101
firefighters,"[0.6977407149243607, -0.0387492129146064]",62,102
firefighters,"[0.9999999999999993, -0.02702702702702702]",63,103
firefighters,"[0.9999999999999994, -0.02702702702702702]",64,104
firefighters,"[0.6977407149243608, -0.03874921291460643]",65,105
firefighters,"[0.6977407149243608, -0.03874921291460643]",66,106
firefighters,"[0.561951486949016, -0.048131095111188946]",67,107
firefighters,"[0.561951486949016, -0.048131095111188946]",68,108
firefighters,"[0.5619514869490161, -0.04813109511118894]",69,109
firefighters,"[0.5619514869490161, -0.04813109511118893]",70,110
firefighters,"[0.561951486949016, -0.04813109511118893]",71,111
firefighters,"[0.561951486949016, -0.04813109511118893]",72,112
boris johnson,"[0.6977407149243605, nan]",65,105
boris johnson,"[1.0, -0.027027027027027032]",66,106
boris johnson,"[0.6977407149243606, -0.038749212914606423]",67,107
boris johnson,"[0.6977407149243607, -0.03874921291460643]",68,108
boris johnson,"[0.6977407149243608, -0.038749212914606423]",69,109
boris johnson,"[0.6137057105937213, -0.038749212914606423]",70,110
boris johnson,"[0.6137057105937213, -0.05255883312276366]",71,111
boris johnson,"[0.6137057105937211, -0.05255883312276367]",72,112
boris johnson,"[0.6137057105937211, -0.05255883312276366]",73,113
boris johnson,"[0.684304151130053, -0.06528427303903446]",74,114
boris johnson,"[0.6843041511300532, -0.08043011062666637]",75,115
boris johnson,"[0.684304151130053, -0.08043011062666637]",76,116
boris johnson,"[-0.13026445498390532, 0.5781718728545668]",105,145
boris johnson,"[-0.1150434730118251, 0.5781718728545668]",106,146
boris johnson,"[-0.11504347301182509, 0.5781718728545667]",107,147
boris johnson,"[-0.11504347301182509, 0.5781718728545667]",108,148
boris johnson,"[-0.09989856893761095, 0.6010769997008881]",109,149
boris johnson,"[-0.09989856893761097, 0.6010769997008883]",110,150
boris johnson,"[-0.09989856893761098, 0.6010769997008881]",111,151
boris johnson,"[-0.09989856893761098, 0.6320159592602815]",112,152
boris johnson,"[-0.1491866633172627, 0.625320430679856]",113,153
boris johnson,"[-0.14918666331726274, 0.6253204306798561]",114,154
boris johnson,"[-0.14918666331726274, 0.7670984220721154]",115,155
boris johnson,"[-0.13959781381194847, 0.7670984220721154]",116,156
boris johnson,"[-0.12579428840314671, 0.7611427415420676]",117,157
boris johnson,"[-0.11436004150721799, 0.7611427415420678]",118,158
boris johnson,"[-0.10161252559708343, 0.7544116639680514]",119,159
boris johnson,"[-0.09110650501976794, 0.7544116639680514]",120,160
boris johnson,"[-0.09110650501976796, 0.8120254950467161]",121,161
boris johnson,"[-0.08009342052709577, 0.8120254950467173]",122,162
boris johnson,"[-0.08009342052709581, 0.8120254950467161]",123,163
boris johnson,"[-0.08009342052709581, 0.8120254950467161]",124,164
boris johnson,"[-0.09014131714679707, 0.8120254950467161]",125,165
boris johnson,"[-0.08009342052709577, 0.8120254950467172]",126,166
boris johnson,"[-0.0800934205270958, 0.8120254950467161]",127,167
boris johnson,"[-0.08009342052709577, 0.8120254950467161]",128,168
"none
villain: none
victim: none","[-0.08396742695628595, 0.501036270541705]",31,71
"none
villain: none
victim: none","[-0.0738173244196866, 0.5010362705417051]",32,72
"none
villain: none
victim: none","[-0.0738173244196866, 0.501036270541705]",33,73
"none
villain: none
victim: none","[-0.0738173244196866, 0.501036270541705]",34,74
"none
villain: none
victim: none","[-0.08396742695628595, 0.5010362705417049]",39,79
"none
villain: none
victim: none","[-0.0738173244196866, 0.5010362705417051]",40,80
alexandria ocasio-cortez,"[-0.07826382855607106, 0.6000106930904822]",37,77
alexandria ocasio-cortez,"[-0.08456376143646727, 0.6000106930904822]",38,78
alexandria ocasio-cortez,"[-0.10782023669543771, 0.6278165330809464]",39,79
alexandria ocasio-cortez,"[-0.11580390997447543, 0.6278165330809464]",40,80
alexandria ocasio-cortez,"[-0.11580390997447543, 0.6024872583739517]",41,81
alexandria ocasio-cortez,"[-0.12379195160552664, 0.6024872583739517]",42,82
alexandria ocasio-cortez,"[-0.12379195160552665, 0.5800827339686602]",43,83
alexandria ocasio-cortez,"[-0.12379195160552668, 0.5800827339686603]",44,84
alexandria ocasio-cortez,"[-0.13183201107616105, 0.5800827339686602]",45,85
alexandria ocasio-cortez,"[-0.13183201107616102, 0.5601326588801143]",46,86
alexandria ocasio-cortez,"[-0.13183201107616102, 0.5601326588801143]",47,87
alexandria ocasio-cortez,"[-0.13183201107616102, 0.560132658880115]",48,88
alexandria ocasio-cortez,"[-0.13183201107616102, 0.5601326588801149]",49,89
alexandria ocasio-cortez,"[-0.13183201107616102, 0.5601326588801142]",50,90
alexandria ocasio-cortez,"[-0.131832011076161, 0.5601326588801143]",51,91
alexandria ocasio-cortez,"[-0.13183201107616108, 0.5601326588801151]",52,92
alexandria ocasio-cortez,"[-0.13183201107616108, 0.5601326588801151]",53,93
alexandria ocasio-cortez,"[-0.13183201107616108, 0.5601326588801141]",54,94
alexandria ocasio-cortez,"[-0.131832011076161, 0.5601326588801142]",55,95
alexandria ocasio-cortez,"[-0.13183201107616108, 0.5601326588801142]",56,96
alexandria ocasio-cortez,"[-0.13183201107616108, 0.5601326588801142]",57,97
alexandria ocasio-cortez,"[-0.13183201107616108, 0.560132658880114]",58,98
alexandria ocasio-cortez,"[-0.12379195160552665, 0.5800827339686601]",59,99
alexandria ocasio-cortez,"[-0.11580390997447543, 0.6024872583739517]",60,100
alexandria ocasio-cortez,"[-0.11580390997447543, 0.6024872583739515]",61,101
alexandria ocasio-cortez,"[-0.11580390997447537, 0.6024872583739515]",62,102
alexandria ocasio-cortez,"[-0.11580390997447537, 0.6024872583739515]",63,103
alexandria ocasio-cortez,"[-0.11580390997447543, 0.6024872583739517]",64,104
alexandria ocasio-cortez,"[-0.1158039099744754, 0.6024872583739515]",65,105
alexandria ocasio-cortez,"[-0.11580390997447537, 0.6024872583739515]",66,106
alexandria ocasio-cortez,"[-0.11580390997447537, 0.6024872583739513]",67,107
alexandria ocasio-cortez,"[-0.11580390997447537, 0.6024872583739516]",68,108
alexandria ocasio-cortez,"[-0.11580390997447537, 0.6024872583739513]",69,109
alexandria ocasio-cortez,"[-0.10782023669543765, 0.6278165330809461]",70,110
alexandria ocasio-cortez,"[-0.12001408247856478, 0.6072689109744589]",71,111
alexandria ocasio-cortez,"[-0.1200140824785647, 0.6413109017896167]",72,112
alexandria ocasio-cortez,"[-0.1200140824785647, 0.6413109017896169]",73,113
alexandria ocasio-cortez,"[-0.1279058958782159, 0.7027029533358199]",74,114
jesus christ,"[0.7519781496301753, -0.04813109511118895]",15,55
jesus christ,"[0.7519781496301753, -0.05294934852316599]",16,56
jesus christ,"[0.7519781496301754, -0.05294934852316598]",17,57
jesus christ,"[0.7519781496301754, -0.05294934852316599]",18,58
jesus christ,"[0.7519781496301754, -0.05294934852316599]",19,59
jesus christ,"[0.7519781496301754, -0.052949348523165976]",20,60
jesus christ,"[0.7519781496301754, -0.05294934852316597]",21,61
jesus christ,"[0.7519781496301754, -0.05294934852316597]",22,62
jesus christ,"[0.8130395545347404, -0.045163875217714464]",23,63
jesus christ,"[0.7519781496301755, -0.04516387521771447]",24,64
jesus christ,"[0.5019578060538683, 0.21256084204799597]",25,65
jesus christ,"[0.5019578060538683, 0.21256084204799594]",26,66
jesus christ,"[0.5019578060538683, 0.21256084204799597]",27,67
jesus christ,"[0.5019578060538684, 0.21256084204799597]",28,68
jesus christ,"[0.5019578060538685, 0.21256084204799605]",29,69
apple,"[0.561951486949016, -0.048131095111188925]",122,162
apple,"[0.561951486949016, -0.03874921291460642]",123,163
apple,"[0.697740714924361, -0.03874921291460642]",124,164
apple,"[0.697740714924361, -0.02702702702702702]",125,165
apple,"[0.9999999999999994, -0.02702702702702702]",126,166
apple,"[0.9999999999999994, -0.02702702702702702]",127,167
apple,"[0.9999999999999994, -0.02702702702702702]",128,168
kamala harris,"[-0.03771571432023572, 0.6974858324629158]",39,79
kamala harris,"[-0.03771571432023571, 0.6974858324629157]",40,80
kamala harris,"[0.03534073846442048, 0.5355695416036627]",79,119
kamala harris,"[0.21957751641341988, 0.5355695416036625]",80,120
kamala harris,"[0.21957751641341988, 0.5355695416036625]",81,121
kamala harris,"[0.2195775164134199, 0.5355695416036625]",82,122
kamala harris,"[0.21957751641341994, 0.5355695416036625]",83,123
kamala harris,"[0.2195775164134199, 0.5355695416036625]",84,124
kamala harris,"[0.17712297710801897, 0.5355695416036625]",85,125
kamala harris,"[0.5367450401216933, -0.08084520834544437]",112,152
kamala harris,"[0.561951486949016, -0.04813109511118892]",124,164
kamala harris,"[0.561951486949016, -0.04813109511118893]",125,165
kamala harris,"[0.561951486949016, -0.04813109511118893]",126,166
kamala harris,"[0.5619514869490159, -0.0387492129146064]",127,167
elon musk,"[-0.046829290579084706, 0.561529442963871]",0,40
elon musk,"[-0.046829290579084706, 0.5615294429638709]",1,41
elon musk,"[-0.04682929057908471, 0.5615294429638709]",2,42
elon musk,"[-0.04682929057908471, 0.5615294429638709]",3,43
elon musk,"[-0.04682929057908473, 0.5615294429638709]",4,44
elon musk,"[-0.046829290579084706, 0.5615294429638709]",5,45
elon musk,"[-0.04682929057908471, 0.5615294429638709]",6,46
elon musk,"[-0.04682929057908471, 0.5615294429638709]",7,47
elon musk,"[-0.04682929057908471, 0.5615294429638709]",8,48
elon musk,"[-0.046829290579084706, 0.5615294429638709]",9,49
elon musk,"[-0.04682929057908471, 0.5615294429638709]",10,50
elon musk,"[0.6977407149243606, 1.0]",65,105
elon musk,"[0.6977407149243607, 0.6974858324629157]",66,106
elon musk,"[0.6977407149243608, 0.6974858324629158]",67,107
elon musk,"[0.6977407149243608, 0.6974858324629157]",68,108
elon musk,"[0.6977407149243608, 0.6974858324629157]",69,109
elon musk,"[0.6977407149243607, 0.6974858324629157]",70,110
elon musk,"[0.6977407149243607, 0.6974858324629156]",71,111
elon musk,"[0.6977407149243607, 0.6974858324629155]",72,112
elon musk,"[0.6977407149243607, 0.6974858324629154]",73,113
elon musk,"[0.6977407149243606, 0.6974858324629155]",74,114
elon musk,"[0.6977407149243606, 0.6974858324629155]",75,115
elon musk,"[0.6977407149243607, 0.6974858324629155]",76,116
elon musk,"[0.5619514869490162, 0.6974858324629155]",77,117
elon musk,"[0.5619514869490162, 0.5615294429638709]",78,118
elon musk,"[0.5619514869490161, 0.5615294429638709]",79,119
elon musk,"[0.5619514869490161, 0.5615294429638709]",80,120
elon musk,"[0.5619514869490162, 0.5615294429638709]",81,121
elon musk,"[0.4798574349686965, 0.5615294429638708]",82,122
elon musk,"[0.30456627810809545, 0.6871842709362769]",83,123
elon musk,"[0.3045662781080956, 0.6871842709362768]",84,124
elon musk,"[0.30456627810809556, 0.6871842709362768]",85,125
elon musk,"[0.3045662781080956, 0.6871842709362768]",86,126
elon musk,"[0.30456627810809556, 0.6871842709362769]",87,127
elon musk,"[0.30456627810809556, 0.6871842709362768]",88,128
elon musk,"[0.25855781996279076, 0.6871842709362768]",89,129
elon musk,"[0.2585578199627908, 0.6055300708194985]",90,130
jeff sessions,"[-0.046829290579084706, 0.5615294429638708]",43,83
jeff sessions,"[-0.046829290579084706, 0.5615294429638706]",44,84
google,"[-0.05825248321362805, 0.5905205908575614]",9,49
google,"[-0.05825248321362803, 0.5905205908575613]",10,50
google,"[-0.05825248321362805, 0.5905205908575613]",11,51
google,"[-0.05825248321362803, 0.5905205908575613]",12,52
google,"[-0.05825248321362803, 0.5905205908575613]",13,53
google,"[-0.05825248321362803, 0.5905205908575611]",14,54
google,"[-0.05825248321362803, 0.5905205908575613]",15,55
google,"[-0.05825248321362803, 0.5905205908575613]",16,56
google,"[-0.05825248321362803, 0.6204659549540739]",17,57
google,"[-0.051731827537548514, 0.6204659549540736]",18,58
google,"[-0.051731827537548514, 0.6555832600531879]",19,59
google,"[-0.0449230677364434, 0.6555832600531881]",20,60
google,"[-0.0449230677364434, 0.6555832600531879]",21,61
google,"[-0.044923067736443396, 0.6555832600531879]",22,62
google,"[-0.05306076446255269, 0.5377348991306881]",23,63
google,"[-0.05306076446255269, 0.5377348991306881]",24,64
google,"[-0.05306076446255268, 0.6555832600531879]",25,65
google,"[-0.04492306773644339, 0.6555832600531879]",26,66
google,"[-0.04492306773644339, 0.655583260053188]",27,67
google,"[-0.04492306773644339, 0.655583260053188]",28,68
google,"[-0.04492306773644339, 0.655583260053188]",29,69
google,"[-0.04492306773644339, 0.6555832600531879]",30,70
google,"[-0.04492306773644339, 0.655583260053188]",31,71
google,"[-0.04492306773644339, 0.655583260053188]",32,72
google,"[-0.04492306773644339, 0.655583260053188]",33,73
google,"[-0.04492306773644339, 0.6555832600531879]",34,74
google,"[-0.04492306773644339, 0.6555832600531879]",35,75
google,"[-0.04492306773644339, 0.655583260053188]",36,76
google,"[-0.04492306773644339, 0.6974858324629157]",37,77
google,"[-0.037715714320235676, 0.6974858324629156]",38,78
google,"[-0.037715714320235676, 0.6974858324629156]",39,79
google,"[-0.037715714320235676, 0.6974858324629157]",40,80
google,"[-0.037715714320235676, 0.6974858324629157]",41,81
google,"[-0.037715714320235676, 0.6974858324629156]",42,82
google,"[0.5619514869490164, nan]",114,154
theresa may,"[-0.07181062370267828, 0.521740836800158]",15,55
theresa may,"[-0.05970814340265318, 0.521740836800158]",16,56
theresa may,"[-0.048088178388333576, 0.6547702297173061]",17,57
theresa may,"[-0.04808817838833358, 0.654770229717306]",18,58
theresa may,"[-0.04808817838833361, 0.6547702297173063]",19,59
theresa may,"[-0.048088178388333576, 0.6547702297173063]",20,60
theresa may,"[-0.048088178388333576, 0.6547702297173063]",21,61
theresa may,"[-0.04808817838833359, 0.654770229717306]",22,62
theresa may,"[-0.03355307996808604, 0.9478533106055486]",23,63
theresa may,"[-0.033553079968086055, 0.9478533106055487]",24,64
theresa may,"[-0.033553079968086055, 0.9478533106055487]",25,65
theresa may,"[-0.03355307996808604, 0.9478533106055482]",26,66
theresa may,"[-0.04309971159206159, 0.7972271037326147]",27,67
theresa may,"[-0.04309971159206157, 0.7972271037326147]",28,68
theresa may,"[-0.04309971159206157, 0.7972271037326147]",29,69
theresa may,"[-0.04309971159206157, 0.7972271037326145]",30,70
theresa may,"[-0.06177038356824834, 0.7972271037326147]",31,71
theresa may,"[-0.06177038356824831, 0.5397505397508093]",32,72
theresa may,"[-0.06177038356824832, 0.5659533953218938]",33,73
theresa may,"[-0.05294934852316599, 0.5659533953218939]",34,74
theresa may,"[-0.05294934852316599, 0.5659533953218938]",35,75
theresa may,"[-0.052949348523165976, 0.5659533953218938]",36,76
theresa may,"[0.0894792486988599, 0.5397505397508096]",37,77
theresa may,"[0.6977407149243608, -0.03874921291460641]",70,110
theresa may,"[0.6977407149243607, -0.03874921291460641]",71,111
theresa may,"[0.6977407149243608, -0.03874921291460641]",72,112
theresa may,"[0.6977407149243608, -0.03874921291460641]",73,113
theresa may,"[0.6977407149243608, -0.03874921291460641]",74,114
theresa may,"[0.6977407149243607, -0.02702702702702702]",75,115
mike pompeo,"[-0.12309149097933275, 0.5443310539518176]",75,115
mike pompeo,"[-0.09913631941932191, 0.5443310539518176]",76,116
mike pompeo,"[-0.09913631941932191, 0.5443310539518176]",77,117
mike pompeo,"[-0.0991363194193219, 0.5443310539518176]",78,118
jacinda ardern,"[-0.09253657905935667, 0.5833333333333333]",87,127
jacinda ardern,"[-0.09253657905935667, 0.5833333333333336]",88,128
jacinda ardern,"[-0.09253657905935667, 0.5833333333333333]",89,129
jacinda ardern,"[-0.09253657905935664, 0.5833333333333337]",90,130
facebook,"[-0.09759000729485333, 0.5355695416036628]",67,107
facebook,"[-0.0975900072948533, 0.5355695416036628]",68,108
facebook,"[-0.09759000729485334, 0.5355695416036627]",69,109
facebook,"[-0.09759000729485331, 0.5355695416036627]",70,110
facebook,"[-0.09759000729485336, 0.6871842709362769]",71,111
facebook,"[-0.07859774918918595, 0.6871842709362769]",72,112
facebook,"[-0.08915786895268653, 0.6871842709362768]",73,113
facebook,"[-0.09913631941932191, 0.6055300708194985]",74,114
facebook,"[-0.08915786895268649, 0.6055300708194985]",75,115
facebook,"[-0.08915786895268649, 0.6055300708194985]",76,116
facebook,"[-0.08915786895268653, 0.6055300708194985]",77,117
facebook,"[-0.08915786895268649, 0.6055300708194985]",78,118
chuck schumer,"[0.5367450401216934, -0.08571428571428572]",5,45
chuck schumer,"[0.5367450401216933, -0.10041928905068674]",6,46
chuck schumer,"[0.5367450401216934, -0.10041928905068677]",7,47
chuck schumer,"[0.5367450401216933, -0.10041928905068676]",8,48
chuck schumer,"[0.5367450401216934, -0.10041928905068678]",9,49
chuck schumer,"[0.5367450401216933, -0.10041928905068677]",10,50
chuck schumer,"[0.5367450401216934, -0.1004192890506868]",11,51
chuck schumer,"[0.5367450401216933, -0.1004192890506868]",12,52
chuck schumer,"[0.5367450401216934, -0.1004192890506868]",13,53
chuck schumer,"[0.5367450401216933, -0.10041928905068678]",14,54
chuck schumer,"[0.5367450401216934, -0.1004192890506868]",15,55
chuck schumer,"[0.5367450401216933, -0.1004192890506868]",16,56
chuck schumer,"[0.5367450401216934, -0.1004192890506868]",17,57
chuck schumer,"[0.5367450401216933, -0.10041928905068678]",18,58
chuck schumer,"[0.5367450401216934, -0.10041928905068681]",19,59
chuck schumer,"[0.5367450401216933, -0.10041928905068681]",20,60
chuck schumer,"[0.5367450401216933, -0.10041928905068681]",21,61
chuck schumer,"[0.6388888888888886, -0.08571428571428572]",22,62
chuck schumer,"[0.6388888888888886, -0.08571428571428574]",23,63
chuck schumer,"[0.6388888888888886, -0.08571428571428574]",24,64
chuck schumer,"[0.6388888888888886, -0.06900655593423546]",25,65
chuck schumer,"[0.8053872662568289, -0.06900655593423546]",26,66
chuck schumer,"[0.8053872662568289, -0.06900655593423546]",27,67
chuck schumer,"[0.805387266256829, -0.06900655593423545]",28,68
chuck schumer,"[0.805387266256829, -0.06900655593423545]",29,69
chuck schumer,"[1.0, -0.055555555555555566]",30,70
chuck schumer,"[1.0, -0.03874921291460642]",31,71
chuck schumer,"[0.9999999999999994, -0.02702702702702702]",32,72
chuck schumer,"[0.6977407149243608, -0.02702702702702702]",33,73
chuck schumer,"[0.6977407149243608, -0.03874921291460643]",34,74
chuck schumer,"[0.6977407149243607, -0.038749212914606423]",35,75
chuck schumer,"[0.6977407149243607, -0.038749212914606423]",36,76
chuck schumer,"[0.6977407149243607, -0.038749212914606423]",37,77
chuck schumer,"[0.6977407149243607, -0.03874921291460642]",38,78
chuck schumer,"[0.6977407149243607, -0.03874921291460641]",39,79
chuck schumer,"[0.6977407149243608, -0.03874921291460641]",40,80
chuck schumer,"[0.6977407149243608, -0.03874921291460641]",41,81
chuck schumer,"[0.6977407149243608, -0.03874921291460641]",42,82
chuck schumer,"[0.6977407149243608, nan]",43,83
james mattis,"[-0.06456653882953013, 0.5646313881842653]",8,48
james mattis,"[-0.06456653882953015, 0.5646313881842652]",9,49
james mattis,"[-0.06456653882953013, 0.5646313881842652]",10,50
james mattis,"[-0.07073688181720796, 0.5646313881842653]",11,51
james mattis,"[-0.07073688181720797, 0.5419995361191079]",12,52
james mattis,"[-0.07073688181720798, 0.5419995361191079]",13,53
james mattis,"[-0.07073688181720797, 0.5419995361191077]",14,54
james mattis,"[-0.07073688181720797, 0.5419995361191079]",15,55
james mattis,"[-0.07073688181720797, 0.5419995361191077]",16,56
james mattis,"[-0.07073688181720798, 0.5419995361191079]",17,57
james mattis,"[-0.07073688181720796, 0.5419995361191077]",18,58
james mattis,"[-0.07073688181720796, 0.5419995361191077]",19,59
james mattis,"[-0.07073688181720796, 0.5419995361191077]",20,60
james mattis,"[-0.07073688181720798, 0.5419995361191078]",21,61
james mattis,"[-0.07073688181720796, 0.5419995361191077]",22,62
james mattis,"[-0.07073688181720796, 0.5419995361191077]",23,63
james mattis,"[-0.07073688181720796, 0.5419995361191077]",24,64
james mattis,"[-0.07073688181720797, 0.5419995361191078]",25,65
james mattis,"[-0.06534355676953267, 0.6626961057573251]",26,66
james mattis,"[-0.06534355676953266, 0.6626961057573251]",27,67
james mattis,"[-0.06534355676953267, 0.6626961057573251]",28,68
james mattis,"[-0.06534355676953267, 0.6626961057573251]",29,69
james mattis,"[-0.06534355676953267, 0.6626961057573251]",30,70
james mattis,"[-0.06534355676953266, 0.6626961057573251]",31,71
james mattis,"[-0.05858749251483799, 0.702958652614217]",32,72
james mattis,"[-0.058587492514838004, 0.702958652614217]",33,73
james mattis,"[-0.05150535271439553, 0.751880749028957]",34,74
james mattis,"[-0.05858749251483801, 0.7518807490289569]",35,75
james mattis,"[-0.058587492514838024, 0.7029586526142171]",36,76
james mattis,"[-0.058587492514838024, 0.7029586526142171]",37,77
james mattis,"[-0.058587492514838004, 0.702958652614217]",38,78
james mattis,"[-0.058587492514838004, 0.702958652614217]",39,79
james mattis,"[-0.05150535271439553, 0.7518807490289569]",40,80
james mattis,"[-0.04394808402890488, 0.8129497539188606]",41,81
james mattis,"[-0.04394808402890487, 0.8129497539188607]",42,82
rescuers,"[-0.026315789473684213, 1.0]",21,61
rescuers,"[-0.03771571432023571, 1.0]",22,62
rescuers,"[-0.03771571432023572, 0.6974858324629157]",23,63
rescuers,"[-0.046829290579084706, 0.6974858324629157]",24,64
rescuers,"[-0.046829290579084706, 0.561529442963871]",25,65
rescuers,"[-0.04682929057908471, 0.561529442963871]",26,66
rescuers,"[-0.0468292905790847, 0.5615294429638709]",27,67
rescuers,"[-0.04682929057908472, 0.5615294429638709]",28,68
rescuers,"[-0.046829290579084706, 0.5615294429638709]",29,69
rescuers,"[-0.04682929057908472, 0.5615294429638708]",30,70
rescuers,"[-0.04682929057908472, 0.5615294429638709]",31,71
rescuers,"[-0.04682929057908472, 0.5615294429638709]",32,72
lionel messi,"[0.5619514869490162, -0.048131095111188925]",36,76
lionel messi,"[0.5619514869490162, -0.04813109511118892]",37,77
lionel messi,"[0.561951486949016, -0.048131095111188925]",38,78
lionel messi,"[0.5619514869490161, -0.04813109511118894]",42,82
lionel messi,"[0.5619514869490161, -0.04813109511118894]",43,83
lionel messi,"[0.5619514869490161, -0.04813109511118893]",44,84
lionel messi,"[0.5619514869490161, -0.04813109511118894]",45,85
lionel messi,"[0.561951486949016, -0.04813109511118894]",46,86
lionel messi,"[0.5619514869490161, -0.04813109511118894]",47,87
lionel messi,"[0.5619514869490161, -0.048131095111188925]",48,88
lionel messi,"[0.5619514869490161, -0.04813109511118892]",49,89
lionel messi,"[0.561951486949016, -0.04813109511118892]",50,90
lionel messi,"[0.5619514869490161, -0.048131095111188925]",51,91
lionel messi,"[0.5619514869490161, -0.048131095111188925]",52,92
lionel messi,"[0.5619514869490161, -0.03874921291460641]",53,93
author,"[0.5619514869490162, -0.048131095111188946]",0,40
author,"[0.5619514869490162, -0.048131095111188946]",1,41
author,"[0.5619514869490162, -0.04813109511118893]",2,42
author,"[0.5619514869490161, -0.04813109511118894]",3,43
author,"[0.5619514869490161, -0.04813109511118893]",4,44
author,"[0.5619514869490161, -0.04813109511118893]",5,45
author,"[0.5619514869490161, -0.048131095111188925]",6,46
author,"[0.561951486949016, -0.04813109511118893]",7,47
author,"[0.5619514869490161, -0.04813109511118893]",8,48
author,"[0.6977407149243607, -0.038749212914606423]",11,51
author,"[0.6977407149243607, -0.03874921291460642]",12,52
author,"[0.6977407149243607, -0.03874921291460642]",13,53
author,"[0.6977407149243607, -0.03874921291460642]",14,54
author,"[0.561951486949016, -0.04813109511118893]",15,55
author,"[0.561951486949016, -0.04813109511118893]",16,56
author,"[0.5619514869490161, -0.04813109511118894]",17,57
author,"[0.5619514869490161, -0.04813109511118893]",18,58
author,"[0.561951486949016, -0.03874921291460642]",19,59
tom brady,"[0.5619514869490164, nan]",7,47
tom brady,"[0.5619514869490164, -0.04813109511118896]",8,48
tom brady,"[0.5619514869490164, -0.048131095111188946]",9,49
tom brady,"[0.5619514869490163, -0.048131095111188946]",10,50
tom brady,"[0.687730305405377, -0.05638838744346008]",11,51
tom brady,"[0.5367450401216933, -0.08084520834544436]",12,52
tom brady,"[0.5367450401216933, -0.10041928905068676]",13,53
tom brady,"[0.5367450401216933, -0.10041928905068676]",14,54
tom brady,"[0.5367450401216934, -0.10041928905068677]",15,55
tom brady,"[0.5367450401216934, -0.10041928905068681]",16,56
tom brady,"[0.5367450401216933, -0.1004192890506868]",26,66
tom brady,"[0.5367450401216933, -0.1004192890506868]",27,67
tom brady,"[0.5367450401216934, -0.1004192890506868]",28,68
tom brady,"[0.5367450401216933, -0.1004192890506868]",29,69
tom brady,"[0.5367450401216933, -0.1004192890506868]",30,70
tom brady,"[0.5367450401216936, -0.10041928905068678]",31,71
tom brady,"[0.5367450401216936, -0.10041928905068676]",32,72
tom brady,"[0.5367450401216936, -0.10041928905068678]",33,73
tom brady,"[0.5367450401216934, -0.10041928905068676]",34,74
tom brady,"[0.5367450401216934, -0.10041928905068678]",35,75
tom brady,"[0.5367450401216936, -0.10041928905068676]",36,76
tom brady,"[0.5367450401216934, -0.10041928905068678]",37,77
tom brady,"[0.5367450401216934, -0.10041928905068676]",38,78
tom brady,"[0.5367450401216934, -0.10041928905068678]",39,79
tom brady,"[0.5367450401216936, -0.10041928905068676]",40,80
tom brady,"[0.5367450401216934, -0.10041928905068676]",41,81
tom brady,"[0.5367450401216934, -0.10041928905068676]",42,82
tom brady,"[0.5367450401216934, -0.08571428571428574]",43,83
tom brady,"[0.6388888888888887, -0.08571428571428572]",44,84
tom brady,"[0.6388888888888887, -0.06900655593423544]",45,85
joe manchin,"[-0.04316713191492894, 0.6780713323076876]",99,139
joe manchin,"[-0.04316713191492894, 0.6780713323076873]",100,140
joe manchin,"[-0.048499993179688936, 0.6780713323076876]",101,141
joe manchin,"[-0.048499993179688936, 0.6605419184054849]",102,142
joe manchin,"[-0.04849999317968896, 0.660541918405485]",103,143
joe manchin,"[-0.048499993179688936, 0.6605419184054849]",104,144
joe manchin,"[-0.0537430772925014, 0.6605419184054849]",105,145
joe manchin,"[-0.053743077292501405, 0.6446572321503108]",106,146
joe manchin,"[-0.05374307729250138, 0.6446572321503108]",107,147
joe manchin,"[-0.053743077292501384, 0.6446572321503107]",108,148
joe manchin,"[-0.05374307729250139, 0.6446572321503108]",109,149
joe manchin,"[-0.053743077292501405, 0.6446572321503108]",110,150
joe manchin,"[-0.053743077292501405, 0.6446572321503108]",111,151
joe manchin,"[-0.053743077292501384, 0.6446572321503107]",112,152
joe manchin,"[-0.0537430772925014, 0.6446572321503108]",113,153
joe manchin,"[-0.05374307729250141, 0.6446572321503109]",114,154
joe manchin,"[-0.0537430772925014, 0.6446572321503109]",115,155
joe manchin,"[-0.0537430772925014, 0.6446572321503108]",116,156
joe manchin,"[-0.053743077292501384, 0.6446572321503108]",117,157
joe manchin,"[-0.0537430772925014, 0.6446572321503109]",118,158
joe manchin,"[-0.053743077292501384, 0.6446572321503109]",119,159
joe manchin,"[-0.053743077292501384, 0.6446572321503108]",120,160
joe manchin,"[-0.04849999317968893, 0.6605419184054847]",121,161
joe manchin,"[-0.0537430772925014, 0.6605419184054847]",122,162
joe manchin,"[-0.0537430772925014, 0.6446572321503108]",123,163
joe manchin,"[-0.05374307729250139, 0.6446572321503107]",124,164
joe manchin,"[-0.05374307729250139, 0.6446572321503108]",125,165
joe manchin,"[-0.0537430772925014, 0.6446572321503108]",126,166
joe manchin,"[-0.0537430772925014, 0.6446572321503108]",127,167
joe manchin,"[-0.053743077292501384, 0.6446572321503107]",128,168
taylor swift,"[0.561951486949016, -0.048131095111188925]",44,84
tim cook,"[0.5619514869490164, -0.03874921291460644]",31,71
tim cook,"[0.5619514869490163, -0.04813109511118895]",32,72
tim cook,"[0.5619514869490164, -0.048131095111188946]",33,73
emmanuel macron,"[-0.0468292905790847, 0.5615294429638711]",33,73
emmanuel macron,"[-0.0468292905790847, 0.561529442963871]",34,74
emmanuel macron,"[-0.04682929057908471, 0.561529442963871]",35,75
emmanuel macron,"[-0.04682929057908469, 0.5615294429638709]",36,76
emmanuel macron,"[-0.046829290579084706, 0.5615294429638709]",37,77
emmanuel macron,"[-0.04682929057908471, 0.5615294429638709]",38,78
emmanuel macron,"[-0.04682929057908469, 0.6974858324629155]",39,79
emmanuel macron,"[-0.037715714320235696, 0.6974858324629155]",40,80
emmanuel macron,"[-0.037715714320235696, 0.6974858324629155]",41,81
emmanuel macron,"[-0.03771571432023569, 0.6974858324629155]",42,82
emmanuel macron,"[-0.0377157143202357, 0.6974858324629155]",43,83
emmanuel macron,"[-0.037715714320235696, 0.6974858324629155]",44,84
emmanuel macron,"[-0.037715714320235696, 0.6974858324629155]",45,85
emmanuel macron,"[-0.03771571432023569, 0.6974858324629155]",46,86
emmanuel macron,"[-0.03771571432023571, 0.6974858324629156]",47,87
emmanuel macron,"[-0.037715714320235696, 0.6974858324629156]",48,88
emmanuel macron,"[-0.037715714320235696, 0.6974858324629156]",49,89
emmanuel macron,"[-0.03771571432023569, 0.6974858324629156]",50,90
emmanuel macron,"[-0.0377157143202357, 0.9999999999999997]",51,91
emmanuel macron,"[-0.02631578947368421, 0.9999999999999999]",52,92
emmanuel macron,"[-0.02631578947368421, 0.9999999999999999]",53,93
emmanuel macron,"[-0.02631578947368421, 0.9999999999999997]",54,94
emmanuel macron,"[-0.02631578947368421, 0.9999999999999996]",55,95
emmanuel macron,"[-0.026315789473684216, 0.9999999999999996]",56,96
emmanuel macron,"[-0.026315789473684216, 0.9999999999999996]",57,97
emmanuel macron,"[-0.02631578947368421, 0.9999999999999993]",58,98
emmanuel macron,"[-0.02631578947368421, 0.9999999999999996]",59,99
emmanuel macron,"[-0.026315789473684216, 0.9999999999999996]",60,100
emmanuel macron,"[-0.026315789473684216, 0.9999999999999996]",61,101
emmanuel macron,"[-0.02631578947368421, 0.9999999999999993]",62,102
emmanuel macron,"[-0.02631578947368421, 0.9999999999999993]",63,103
emmanuel macron,"[-0.026315789473684216, 0.9999999999999996]",64,104
emmanuel macron,"[-0.026315789473684216, 0.9999999999999996]",65,105
emmanuel macron,"[-0.02631578947368421, 0.9999999999999993]",66,106
emmanuel macron,"[-0.02631578947368421, 0.9999999999999993]",67,107
emmanuel macron,"[-0.026315789473684216, 0.9999999999999996]",68,108
emmanuel macron,"[-0.026315789473684216, 0.9999999999999996]",69,109
emmanuel macron,"[-0.02631578947368421, 0.9999999999999993]",70,110
prince harry,"[1.0, nan]",7,47
prince harry,"[1.0, -0.027027027027027032]",8,48
prince harry,"[0.9999999999999999, -0.027027027027027032]",9,49
prince harry,"[0.9999999999999999, -0.027027027027027032]",10,50
prince harry,"[0.9999999999999998, -0.027027027027027032]",11,51
prince harry,"[0.9999999999999996, -0.027027027027027032]",12,52
prince harry,"[0.9999999999999996, -0.02702702702702703]",13,53
prince harry,"[0.6977407149243607, -0.03874921291460644]",14,54
prince harry,"[0.6977407149243607, -0.03874921291460643]",15,55
prince harry,"[0.6977407149243607, -0.03874921291460643]",16,56
prince harry,"[0.6977407149243608, -0.03874921291460642]",17,57
prince harry,"[0.6977407149243607, -0.038749212914606423]",18,58
prince harry,"[0.6977407149243607, -0.038749212914606423]",19,59
prince harry,"[0.6977407149243607, -0.038749212914606423]",20,60
prince harry,"[0.6977407149243606, -0.0387492129146064]",21,61
prince harry,"[0.6977407149243607, -0.03874921291460641]",22,62
prince harry,"[0.6977407149243607, -0.038749212914606423]",23,63
prince harry,"[0.6977407149243606, -0.038749212914606423]",24,64
prince harry,"[0.6977407149243606, -0.03874921291460641]",25,65
prince harry,"[0.6977407149243607, -0.03874921291460641]",26,66
prince harry,"[0.6977407149243607, -0.038749212914606423]",27,67
prince harry,"[0.6977407149243606, -0.038749212914606423]",28,68
prince harry,"[0.805387266256829, -0.04813109511118894]",29,69
prince harry,"[0.8053872662568291, -0.06900655593423542]",30,70
prince harry,"[0.8053872662568292, -0.06900655593423544]",31,71
prince harry,"[0.8053872662568289, -0.06900655593423544]",32,72
prince harry,"[0.8053872662568289, -0.06900655593423544]",33,73
prince harry,"[0.8053872662568288, -0.06900655593423545]",34,74
prince harry,"[0.6877303054053766, -0.08084520834544433]",35,75
prince harry,"[0.6877303054053766, -0.08084520834544434]",36,76
prince harry,"[0.6877303054053766, -0.08084520834544434]",37,77
prince harry,"[0.6877303054053766, -0.08084520834544434]",38,78
prince harry,"[0.6877303054053766, -0.08084520834544437]",39,79
prince harry,"[0.6877303054053766, -0.08084520834544437]",40,80
prince harry,"[0.6877303054053766, -0.08084520834544436]",41,81
prince harry,"[0.6877303054053766, -0.08084520834544436]",42,82
prince harry,"[0.6877303054053766, -0.08084520834544436]",43,83
prince harry,"[0.6877303054053764, -0.08084520834544437]",44,84
prince harry,"[0.6877303054053766, -0.06900655593423546]",45,85
prince harry,"[0.5619514869490162, -0.04813109511118894]",46,86
prince harry,"[0.5619514869490162, -0.04813109511118893]",47,87
prince harry,"[0.5619514869490162, -0.04813109511118893]",48,88
prince harry,"[0.5619514869490162, -0.04813109511118894]",49,89
prince harry,"[0.5619514869490162, -0.04813109511118894]",50,90
prince harry,"[0.561951486949016, -0.04813109511118893]",51,91
prince harry,"[0.561951486949016, -0.03874921291460641]",52,92
prince harry,"[0.6977407149243608, -0.03874921291460641]",53,93
prince harry,"[0.6977407149243608, -0.03874921291460641]",54,94
prince harry,"[0.6977407149243607, -0.03874921291460641]",55,95
prince harry,"[0.6977407149243608, -0.03874921291460641]",56,96
prince harry,"[0.6977407149243608, -0.03874921291460641]",57,97
prince harry,"[0.6977407149243608, -0.03874921291460641]",58,98
prince harry,"[0.6977407149243607, -0.03874921291460641]",59,99
prince harry,"[0.6977407149243608, -0.03874921291460641]",60,100
prince harry,"[0.6977407149243608, -0.03874921291460641]",61,101
prince harry,"[0.6977407149243608, -0.03874921291460641]",62,102
prince harry,"[0.561951486949016, -0.04813109511118893]",63,103
prince harry,"[0.561951486949016, -0.04813109511118894]",64,104
prince harry,"[0.5619514869490161, -0.04813109511118894]",65,105
prince harry,"[0.561951486949016, -0.04813109511118894]",66,106
prince harry,"[0.5619514869490159, -0.03874921291460642]",67,107
nikki haley,"[-0.026315789473684213, 1.0]",67,107
nikki haley,"[-0.026315789473684213, 1.0]",68,108
nikki haley,"[-0.026315789473684213, 1.0]",69,109
nikki haley,"[-0.026315789473684213, 1.0]",70,110
nikki haley,"[-0.02631578947368421, 1.0]",71,111
nikki haley,"[-0.026315789473684206, 0.9999999999999999]",72,112
nikki haley,"[-0.026315789473684213, 0.9999999999999999]",73,113
nikki haley,"[-0.026315789473684216, 0.9999999999999999]",74,114
nikki haley,"[-0.026315789473684216, 0.9999999999999999]",75,115
nikki haley,"[-0.026315789473684213, 0.9999999999999997]",76,116
nikki haley,"[-0.026315789473684213, 0.9999999999999999]",77,117
nikki haley,"[-0.026315789473684216, 0.9999999999999999]",78,118
nikki haley,"[-0.026315789473684216, 0.9999999999999999]",79,119
nikki haley,"[-0.026315789473684213, 0.9999999999999997]",80,120
nikki haley,"[-0.026315789473684216, 0.9999999999999997]",81,121
nikki haley,"[-0.026315789473684223, 0.9999999999999999]",82,122
nikki haley,"[-0.026315789473684223, 0.9999999999999999]",83,123
nikki haley,"[-0.037715714320235696, 0.9999999999999997]",84,124
nikki haley,"[-0.037715714320235696, 0.6974858324629156]",85,125
nikki haley,"[-0.037715714320235696, 0.6974858324629156]",86,126
nikki haley,"[-0.037715714320235696, 0.6974858324629156]",87,127
nikki haley,"[-0.037715714320235696, 0.6974858324629156]",88,128
nikki haley,"[-0.03771571432023568, 0.6974858324629157]",89,129
nikki haley,"[-0.03771571432023568, 0.6974858324629157]",90,130
nikki haley,"[-0.03771571432023569, 0.6974858324629157]",91,131
nikki haley,"[-0.037715714320235676, 0.6974858324629156]",92,132
nikki haley,"[-0.03771571432023568, 0.6974858324629157]",93,133
nikki haley,"[-0.037715714320235676, 0.6974858324629157]",94,134
nikki haley,"[-0.03771571432023569, 0.6974858324629157]",95,135
nikki haley,"[-0.037715714320235676, 0.6974858324629156]",96,136
nikki haley,"[-0.037715714320235676, 0.6974858324629156]",97,137
nikki haley,"[-0.037715714320235676, 0.6974858324629157]",98,138
nikki haley,"[-0.037715714320235676, 0.6974858324629157]",99,139
nikki haley,"[-0.037715714320235676, 0.6974858324629156]",100,140
nikki haley,"[-0.037715714320235676, 0.6974858324629156]",101,141
nikki haley,"[-0.037715714320235676, 0.6974858324629157]",102,142
nikki haley,"[-0.037715714320235676, 0.6974858324629157]",103,143
nikki haley,"[-0.04682929057908471, 0.6974858324629156]",104,144
stacey abrams,"[-0.06350006350009521, 0.7616498521220685]",74,114
stacey abrams,"[-0.06350006350009521, 0.7616498521220685]",75,115
stacey abrams,"[-0.05114214254947676, 0.9460589962097463]",76,116
stacey abrams,"[-0.05114214254947676, 0.9460589962097463]",77,117
stacey abrams,"[-0.05114214254947676, 0.9460589962097463]",78,118
stacey abrams,"[-0.043948084028904884, 0.8920366758651502]",79,119
stacey abrams,"[-0.03568395510523548, 0.8920366758651501]",80,120
rex tillerson,"[0.6977407149243607, -0.038749212914606396]",0,40
rex tillerson,"[-0.03771571432023568, 0.6974858324629156]",42,82
rex tillerson,"[-0.037715714320235676, 0.6974858324629155]",43,83
rex tillerson,"[-0.03771571432023568, 0.6974858324629155]",44,84
rex tillerson,"[-0.03771571432023568, 0.6974858324629156]",45,85
rex tillerson,"[-0.03771571432023568, 0.6974858324629156]",46,86
rex tillerson,"[-0.037715714320235676, 0.6974858324629155]",47,87
greta thunberg,"[0.6977407149243607, -0.03874921291460641]",81,121
greta thunberg,"[0.6977407149243608, -0.03874921291460641]",82,122
greta thunberg,"[0.6977407149243607, -0.038749212914606423]",83,123
greta thunberg,"[0.6977407149243608, -0.038749212914606423]",84,124
greta thunberg,"[0.6977407149243607, -0.03874921291460641]",85,125
greta thunberg,"[0.6977407149243608, -0.03874921291460641]",86,126
greta thunberg,"[0.5619514869490162, -0.04813109511118894]",87,127
greta thunberg,"[0.5619514869490161, -0.04813109511118894]",88,128
greta thunberg,"[0.5619514869490161, -0.048131095111188925]",89,129
greta thunberg,"[0.561951486949016, -0.04813109511118894]",90,130
greta thunberg,"[0.5619514869490161, -0.04813109511118894]",91,131
greta thunberg,"[0.561951486949016, -0.04813109511118893]",92,132
greta thunberg,"[0.561951486949016, -0.04813109511118893]",93,133
greta thunberg,"[0.561951486949016, -0.04813109511118894]",94,134
greta thunberg,"[0.5619514869490161, -0.04813109511118894]",95,135
greta thunberg,"[0.561951486949016, -0.04813109511118893]",96,136
greta thunberg,"[0.5619514869490159, -0.04813109511118893]",97,137
greta thunberg,"[0.561951486949016, -0.04813109511118893]",98,138
greta thunberg,"[0.561951486949016, -0.04813109511118894]",99,139
greta thunberg,"[0.561951486949016, -0.04813109511118893]",100,140
greta thunberg,"[0.5619514869490159, -0.04813109511118893]",101,141
greta thunberg,"[0.561951486949016, -0.04813109511118893]",102,142
greta thunberg,"[0.561951486949016, -0.03874921291460642]",103,143
greta thunberg,"[0.6977407149243608, -0.03874921291460642]",104,144
greta thunberg,"[0.6977407149243608, -0.02702702702702702]",105,145
cory booker,"[-0.026315789473684213, 1.0]",36,76
cory booker,"[-0.026315789473684213, 1.0]",37,77
cory booker,"[-0.026315789473684213, 1.0]",38,78
cory booker,"[-0.026315789473684213, 1.0]",39,79
cory booker,"[-0.03568395510523549, 1.0]",40,80
china,"[-0.04394808402890488, 0.6974858324629155]",101,141
china,"[-0.0377157143202357, 0.6974858324629155]",102,142
china,"[-0.0377157143202357, 0.6974858324629155]",103,143
china,"[-0.037715714320235696, 0.6974858324629156]",104,144
china,"[-0.037715714320235696, 0.6974858324629157]",105,145
china,"[-0.037715714320235696, 0.6974858324629157]",106,146
china,"[-0.037715714320235696, 0.6974858324629157]",107,147
china,"[-0.03771571432023569, 0.6974858324629156]",108,148
china,"[-0.037715714320235696, 0.6974858324629156]",109,149
china,"[-0.037715714320235696, 0.6974858324629156]",110,150
china,"[-0.037715714320235696, 0.6974858324629156]",111,151
china,"[-0.03771571432023569, 0.6974858324629155]",112,152
china,"[-0.0377157143202357, 0.6974858324629156]",113,153
china,"[-0.037715714320235696, 0.6974858324629157]",114,154
china,"[-0.037715714320235696, 0.6974858324629157]",115,155
china,"[-0.03771571432023569, 0.6974858324629156]",116,156
china,"[-0.0377157143202357, 0.9999999999999993]",117,157
china,"[-0.026315789473684216, 0.9999999999999996]",118,158
china,"[-0.026315789473684216, 0.9999999999999996]",119,159
china,"[-0.02631578947368421, 0.9999999999999993]",120,160
rescue workers,"[-0.03568395510523546, 0.8920366758651502]",0,40
rescue workers,"[-0.03568395510523546, 0.8920366758651502]",1,41
rescue workers,"[-0.03568395510523546, 0.8920366758651501]",2,42
rescue workers,"[-0.035683955105235476, 0.8920366758651501]",3,43
rescue workers,"[-0.03568395510523546, 0.8920366758651502]",4,44
rescue workers,"[-0.03568395510523546, 0.8920366758651502]",5,45
rescue workers,"[-0.03568395510523546, 0.8920366758651501]",6,46
rescue workers,"[-0.035683955105235476, 0.8920366758651501]",7,47
rescue workers,"[-0.03568395510523547, 0.8920366758651502]",8,48
rescue workers,"[-0.03568395510523547, 0.8920366758651502]",9,49
rescue workers,"[-0.03568395510523546, 0.8920366758651501]",10,50
daniel andrews,"[-0.051142142549476785, 0.6974858324629157]",107,147
daniel andrews,"[-0.0377157143202357, 0.6974858324629156]",108,148
tom cruise,"[-0.03771571432023572, 0.6974858324629157]",0,40
tom cruise,"[-0.03771571432023571, 0.6974858324629156]",1,41
tom cruise,"[-0.037715714320235696, 0.6974858324629156]",2,42
tom cruise,"[-0.037715714320235696, 0.6974858324629155]",3,43
tom cruise,"[-0.037715714320235696, 0.6974858324629154]",4,44
tom cruise,"[-0.037715714320235696, 0.6974858324629155]",5,45
tom cruise,"[-0.037715714320235696, 0.6974858324629155]",6,46
tom cruise,"[-0.03771571432023569, 0.6974858324629155]",7,47
tom cruise,"[-0.037715714320235696, 0.6974858324629155]",8,48
tom cruise,"[-0.037715714320235696, 0.6974858324629155]",9,49
tom cruise,"[-0.037715714320235696, 0.6974858324629155]",10,50
tom cruise,"[-0.03771571432023569, 0.6974858324629155]",11,51
tom cruise,"[-0.0377157143202357, 0.6974858324629155]",12,52
tom cruise,"[-0.037715714320235696, 0.6974858324629155]",13,53
tom cruise,"[-0.037715714320235696, 0.6974858324629155]",14,54
tom cruise,"[-0.037715714320235696, 0.6974858324629155]",15,55
tom cruise,"[-0.037715714320235696, 0.6974858324629155]",16,56
tom cruise,"[-0.03771571432023568, 0.6974858324629155]",17,57
tom cruise,"[-0.03771571432023568, 0.6974858324629155]",18,58
tom cruise,"[-0.037715714320235676, 0.6974858324629156]",19,59
tom cruise,"[-0.03771571432023568, 0.6974858324629156]",20,60
tom cruise,"[-0.03771571432023568, 0.6974858324629156]",21,61
tom cruise,"[-0.03771571432023568, 0.6974858324629155]",22,62
tom cruise,"[-0.037715714320235676, 0.6974858324629156]",23,63
tom cruise,"[-0.03771571432023568, 0.6974858324629156]",24,64
tom cruise,"[-0.03771571432023568, 0.6974858324629156]",25,65
tom cruise,"[-0.03771571432023568, 0.6974858324629155]",26,66
tom cruise,"[-0.037715714320235676, 0.6974858324629155]",27,67
tom cruise,"[-0.03771571432023568, 0.6974858324629156]",28,68
tom cruise,"[-0.03771571432023568, 0.6974858324629156]",29,69
tom cruise,"[-0.03771571432023568, 0.6974858324629155]",30,70
tom cruise,"[-0.037715714320235676, 0.6974858324629155]",31,71
tom cruise,"[-0.03771571432023568, 0.6974858324629156]",32,72
tom cruise,"[-0.03771571432023568, 0.6974858324629156]",33,73
tom cruise,"[-0.02631578947368421, 0.9999999999999993]",34,74
lady gaga,"[-0.026315789473684216, 0.9999999999999999]",0,40
lady gaga,"[-0.026315789473684216, 0.9999999999999999]",1,41
lady gaga,"[-0.026315789473684213, 0.9999999999999997]",2,42
lady gaga,"[-0.026315789473684216, 0.9999999999999997]",3,43
lady gaga,"[-0.026315789473684223, 0.9999999999999999]",4,44
lady gaga,"[-0.026315789473684223, 0.9999999999999999]",5,45
lady gaga,"[-0.026315789473684216, 0.9999999999999997]",6,46
lady gaga,"[-0.02631578947368421, 0.9999999999999997]",7,47
lady gaga,"[-0.02631578947368421, 0.9999999999999999]",8,48
lady gaga,"[-0.02631578947368421, 0.9999999999999999]",9,49
lady gaga,"[-0.02631578947368421, 0.9999999999999997]",10,50
lady gaga,"[-0.02631578947368421, 0.9999999999999996]",11,51
lady gaga,"[-0.026315789473684216, 0.9999999999999996]",12,52
lady gaga,"[-0.026315789473684216, 0.9999999999999996]",13,53
lady gaga,"[-0.02631578947368421, 0.9999999999999993]",14,54
lady gaga,"[-0.03771571432023569, 0.9999999999999996]",15,55
lady gaga,"[-0.03771571432023569, 0.6974858324629157]",16,56
lady gaga,"[-0.03771571432023569, 0.6974858324629157]",17,57
lady gaga,"[-0.03771571432023569, 0.6974858324629156]",18,58
lady gaga,"[-0.037715714320235676, 0.6974858324629156]",19,59
lady gaga,"[-0.03771571432023568, 0.6974858324629157]",20,60
lady gaga,"[-0.03771571432023568, 0.6974858324629157]",21,61
lady gaga,"[-0.03771571432023568, 0.6974858324629155]",22,62
lady gaga,"[-0.037715714320235676, 0.6974858324629155]",23,63
lady gaga,"[-0.03771571432023568, 0.6974858324629156]",24,64
lady gaga,"[-0.03771571432023568, 0.6974858324629156]",25,65
lady gaga,"[-0.03771571432023568, 0.6974858324629155]",26,66
michael flynn,"[0.5619514869490164, -0.038749212914606423]",7,47
michael flynn,"[0.5619514869490163, -0.04813109511118894]",8,48
michael flynn,"[0.5619514869490163, -0.04813109511118893]",9,49
michael flynn,"[0.5619514869490163, -0.048131095111188925]",10,50
michael flynn,"[0.5619514869490163, -0.048131095111188925]",11,51
michael flynn,"[0.5619514869490162, -0.04813109511118892]",12,52
michael flynn,"[0.6977407149243608, -0.038749212914606423]",13,53
michael flynn,"[0.6977407149243607, -0.03874921291460641]",14,54
michael flynn,"[0.6977407149243607, -0.038749212914606423]",15,55
michael flynn,"[0.6977407149243607, -0.0387492129146064]",16,56
michael flynn,"[0.6977407149243608, -0.038749212914606423]",17,57
michael flynn,"[0.6977407149243607, -0.03874921291460641]",18,58
michael flynn,"[0.6977407149243607, -0.038749212914606423]",19,59
michael flynn,"[0.6977407149243607, -0.0387492129146064]",20,60
michael flynn,"[0.6977407149243608, -0.038749212914606423]",21,61
michael flynn,"[0.6977407149243608, -0.03874921291460642]",22,62
michael flynn,"[0.6977407149243608, -0.038749212914606423]",23,63
michael flynn,"[0.6977407149243608, -0.0387492129146064]",24,64
michael flynn,"[0.697740714924361, -0.03874921291460642]",25,65
michael flynn,"[0.9999999999999996, -0.02702702702702702]",26,66
michael flynn,"[0.9999999999999996, -0.02702702702702703]",27,67
michael flynn,"[0.9999999999999996, -0.02702702702702702]",28,68
michael flynn,"[0.9999999999999994, -0.02702702702702702]",29,69
michael flynn,"[0.9999999999999996, -0.02702702702702702]",30,70
michael flynn,"[0.9999999999999996, -0.02702702702702702]",31,71
michael flynn,"[0.9999999999999996, -0.027027027027027015]",32,72
michael flynn,"[0.9999999999999993, -0.02702702702702702]",33,73
michael flynn,"[0.9999999999999996, -0.02702702702702702]",34,74
michael flynn,"[0.9999999999999996, -0.02702702702702702]",35,75
michael flynn,"[0.9999999999999996, -0.027027027027027015]",36,76
michael flynn,"[0.9999999999999993, -0.02702702702702702]",37,77
michael flynn,"[0.9999999999999996, -0.02702702702702702]",38,78
michael flynn,"[0.9999999999999996, -0.02702702702702702]",39,79
michael flynn,"[0.9999999999999996, -0.027027027027027]",40,80
michael flynn,"[0.9999999999999993, -0.02702702702702702]",41,81
michael flynn,"[0.9999999999999996, -0.02702702702702702]",42,82
michael flynn,"[0.9999999999999996, -0.02702702702702702]",43,83
michael flynn,"[0.9999999999999996, -0.027027027027027]",44,84
michael flynn,"[0.9999999999999993, nan]",45,85
gretchen whitmer,"[0.561951486949016, -0.04813109511118891]",104,144
gretchen whitmer,"[0.5619514869490159, nan]",105,145
michael bloomberg,"[-0.03771571432023571, 0.6974858324629158]",39,79
michael bloomberg,"[-0.03771571432023571, 0.6974858324629157]",40,80
michael bloomberg,"[-0.03771571432023569, 0.6974858324629156]",57,97
michael bloomberg,"[-0.03771571432023569, 0.6974858324629156]",58,98
michael bloomberg,"[-0.03771571432023569, 0.6974858324629156]",59,99
michael bloomberg,"[-0.03771571432023569, 0.6974858324629156]",60,100
michael bloomberg,"[-0.037715714320235676, 0.6974858324629157]",61,101
michael bloomberg,"[-0.037715714320235676, 0.6974858324629157]",62,102
michael bloomberg,"[-0.037715714320235676, 0.6974858324629157]",63,103
michael bloomberg,"[-0.037715714320235676, 0.6974858324629156]",64,104
michael bloomberg,"[-0.037715714320235676, 0.6974858324629157]",65,105
michael bloomberg,"[-0.037715714320235676, 0.6974858324629157]",66,106
michael bloomberg,"[-0.037715714320235676, 0.6974858324629157]",67,107
michael bloomberg,"[-0.037715714320235676, 0.6974858324629156]",68,108
michael bloomberg,"[-0.037715714320235676, 0.6974858324629156]",69,109
michael bloomberg,"[-0.037715714320235676, 0.6974858324629157]",70,110
michael bloomberg,"[-0.037715714320235676, 0.6974858324629157]",71,111
michael bloomberg,"[-0.037715714320235676, 0.6974858324629156]",72,112
michael bloomberg,"[-0.037715714320235676, 0.6974858324629156]",73,113
michael bloomberg,"[-0.037715714320235676, 0.6974858324629157]",74,114
michael bloomberg,"[-0.037715714320235676, 0.6974858324629157]",75,115
michael bloomberg,"[-0.037715714320235676, 0.6974858324629156]",76,116
lloyd austin,"[-0.03771571432023571, 0.6974858324629158]",89,129
lloyd austin,"[-0.03771571432023571, 0.6974858324629157]",90,130
lloyd austin,"[-0.03771571432023571, 0.6974858324629157]",91,131
lloyd austin,"[-0.0377157143202357, 0.6974858324629157]",92,132
lloyd austin,"[-0.0377157143202357, 0.6974858324629156]",93,133
lloyd austin,"[-0.0377157143202357, 0.6974858324629156]",94,134
lloyd austin,"[-0.03771571432023571, 0.6974858324629156]",95,135
lloyd austin,"[-0.04682929057908472, 0.6974858324629156]",96,136
lloyd austin,"[-0.04682929057908472, 0.5615294429638709]",97,137
lloyd austin,"[-0.04682929057908473, 0.5615294429638708]",98,138
lloyd austin,"[-0.04682929057908471, 0.5615294429638709]",99,139
lloyd austin,"[-0.04682929057908472, 0.5615294429638709]",100,140
lloyd austin,"[-0.04682929057908472, 0.5615294429638709]",101,141
lloyd austin,"[-0.04682929057908469, 0.5615294429638708]",102,142
lloyd austin,"[-0.0468292905790847, 0.561529442963871]",103,143
lloyd austin,"[-0.04682929057908472, 0.5615294429638709]",104,144
lloyd austin,"[-0.05484084971070816, 0.5615294429638709]",105,145
lloyd austin,"[-0.046829290579084706, 0.5615294429638706]",123,163
lloyd austin,"[-0.046829290579084706, 0.5615294429638708]",124,164
lloyd austin,"[-0.04682929057908471, 0.5615294429638708]",125,165
lloyd austin,"[-0.046829290579084706, 0.5615294429638706]",126,166
gina raimondo,"[-0.03771571432023571, 0.6974858324629158]",91,131
gina raimondo,"[-0.03771571432023571, 0.6974858324629157]",92,132
gina raimondo,"[-0.03771571432023571, 0.6974858324629157]",93,133
gina raimondo,"[-0.0377157143202357, 0.6974858324629157]",94,134
gina raimondo,"[-0.0377157143202357, 0.6974858324629156]",95,135
gina raimondo,"[-0.0377157143202357, 0.6974858324629156]",96,136
gina raimondo,"[-0.03771571432023571, 0.6974858324629156]",97,137
gina raimondo,"[-0.03771571432023571, 0.6974858324629156]",98,138
gina raimondo,"[-0.03771571432023571, 0.6974858324629156]",99,139
gina raimondo,"[-0.03771571432023571, 0.6974858324629156]",100,140
gina raimondo,"[-0.03771571432023569, 0.6974858324629154]",101,141
gina raimondo,"[-0.037715714320235696, 0.6974858324629154]",102,142
gina raimondo,"[-0.037715714320235696, 0.6974858324629154]",103,143
gina raimondo,"[-0.03771571432023571, 0.6974858324629155]",104,144
gina raimondo,"[-0.0377157143202357, 0.6974858324629156]",105,145
gina raimondo,"[-0.03771571432023572, 0.6974858324629156]",106,146
gina raimondo,"[-0.03771571432023572, 0.6974858324629156]",107,147
gina raimondo,"[-0.03771571432023572, 0.6974858324629156]",108,148
gina raimondo,"[-0.0377157143202357, 0.6974858324629155]",109,149
gina raimondo,"[-0.0377157143202357, 0.6974858324629155]",110,150
gina raimondo,"[-0.0377157143202357, 0.6974858324629155]",111,151
gina raimondo,"[-0.0377157143202357, 0.6974858324629156]",112,152
gina raimondo,"[-0.037715714320235696, 0.6974858324629157]",113,153
gina raimondo,"[-0.037715714320235696, 0.6974858324629157]",114,154
gina raimondo,"[-0.037715714320235696, 0.6974858324629157]",115,155
gina raimondo,"[-0.037715714320235696, 0.6974858324629156]",116,156
gina raimondo,"[-0.03771571432023569, 0.6974858324629156]",117,157
gina raimondo,"[-0.037715714320235696, 0.6974858324629156]",118,158
gina raimondo,"[-0.037715714320235696, 0.6974858324629156]",119,159
gina raimondo,"[-0.0377157143202357, 0.6974858324629155]",120,160
gina raimondo,"[-0.03771571432023569, 0.6974858324629156]",121,161
gina raimondo,"[-0.037715714320235696, 0.6974858324629157]",122,162
gina raimondo,"[-0.037715714320235696, 0.6974858324629157]",123,163
gina raimondo,"[-0.0377157143202357, 0.6974858324629156]",124,164
gina raimondo,"[-0.02631578947368421, 0.9999999999999993]",125,165
gina raimondo,"[-0.026315789473684216, 0.9999999999999996]",126,166
gina raimondo,"[-0.026315789473684216, 0.9999999999999996]",127,167
gina raimondo,"[-0.02631578947368421, 0.9999999999999993]",128,168
gal gadot,"[0.8920988776308869, -0.03665904147391029]",0,40
gal gadot,"[0.8920988776308868, -0.03665904147391028]",1,41
gal gadot,"[0.8920988776308869, -0.03665904147391029]",2,42
gal gadot,"[0.8920988776308869, -0.03665904147391029]",3,43
gal gadot,"[0.8920988776308869, -0.036659041473910296]",4,44
gal gadot,"[0.8920988776308867, -0.036659041473910275]",5,45
gal gadot,"[0.8920988776308869, -0.03665904147391029]",6,46
gal gadot,"[0.8130395545347404, -0.04516387521771448]",7,47
gal gadot,"[0.8130395545347404, -0.04516387521771448]",8,48
gal gadot,"[0.8130395545347405, -0.04516387521771448]",9,49
gal gadot,"[0.8130395545347404, -0.04516387521771448]",10,50
gal gadot,"[0.8130395545347404, -0.04516387521771447]",11,51
gal gadot,"[0.8130395545347404, -0.04516387521771447]",12,52
gal gadot,"[0.8130395545347405, -0.036659041473910275]",13,53
gal gadot,"[0.8920988776308868, -0.036659041473910275]",14,54
gal gadot,"[0.8920988776308868, -0.03665904147391029]",15,55
gal gadot,"[0.8920988776308868, -0.036659041473910296]",16,56
gal gadot,"[0.8920988776308867, -0.036659041473910275]",17,57
gal gadot,"[0.8920988776308869, -0.036659041473910275]",18,58
gal gadot,"[0.8920988776308869, -0.036659041473910275]",19,59
gal gadot,"[0.8920988776308869, -0.03665904147391028]",20,60
gal gadot,"[0.8920988776308868, -0.03665904147391027]",21,61
gal gadot,"[0.8920988776308869, -0.036659041473910275]",22,62
gal gadot,"[0.8920988776308869, -0.036659041473910275]",23,63
gal gadot,"[0.8920988776308869, -0.03665904147391028]",24,64
gal gadot,"[0.8920988776308868, -0.03665904147391027]",25,65
gal gadot,"[0.8920988776308869, -0.03665904147391027]",26,66
gal gadot,"[0.8920988776308869, -0.036659041473910275]",27,67
gal gadot,"[0.8920988776308869, -0.03665904147391028]",28,68
gal gadot,"[0.8920988776308868, -0.03665904147391027]",29,69
gal gadot,"[0.8920988776308869, -0.03665904147391027]",30,70
gal gadot,"[0.8920988776308868, -0.036659041473910275]",31,71
gal gadot,"[0.8920988776308869, -0.03665904147391028]",32,72
gal gadot,"[0.8920988776308865, -0.02702702702702702]",33,73
serena williams,"[-0.03771571432023571, 0.6974858324629158]",27,67
serena williams,"[-0.03771571432023571, 0.6974858324629157]",28,68
serena williams,"[-0.03771571432023571, 0.6974858324629157]",29,69
serena williams,"[-0.037715714320235696, 0.6974858324629157]",30,70
serena williams,"[-0.03771571432023569, 0.6974858324629156]",31,71
serena williams,"[-0.03771571432023569, 0.6974858324629156]",32,72
serena williams,"[-0.037715714320235696, 0.6974858324629155]",33,73
serena williams,"[-0.037715714320235696, 0.6974858324629155]",34,74
serena williams,"[-0.037715714320235696, 0.6974858324629155]",35,75
serena williams,"[-0.03771571432023569, 0.6974858324629155]",36,76
serena williams,"[-0.0377157143202357, 0.9999999999999999]",37,77
serena williams,"[-0.026315789473684216, 0.9999999999999999]",38,78
serena williams,"[-0.026315789473684216, 0.9999999999999999]",39,79
serena williams,"[-0.026315789473684213, 0.9999999999999997]",40,80
serena williams,"[-0.026315789473684216, 0.9999999999999997]",41,81
serena williams,"[-0.026315789473684223, 0.9999999999999999]",42,82
serena williams,"[-0.026315789473684223, 0.9999999999999999]",43,83
serena williams,"[-0.026315789473684216, 0.9999999999999997]",44,84
serena williams,"[-0.02631578947368421, 0.9999999999999997]",45,85
serena williams,"[-0.02631578947368421, 0.9999999999999999]",46,86
serena williams,"[-0.02631578947368421, 0.9999999999999999]",47,87
serena williams,"[-0.02631578947368421, 0.9999999999999997]",48,88
serena williams,"[-0.02631578947368421, 0.9999999999999996]",49,89
serena williams,"[-0.026315789473684216, 0.9999999999999996]",50,90
serena williams,"[-0.026315789473684216, 0.9999999999999996]",51,91
serena williams,"[-0.02631578947368421, 0.9999999999999993]",52,92
serena williams,"[-0.02631578947368421, 0.9999999999999996]",53,93
serena williams,"[-0.026315789473684216, 0.9999999999999996]",54,94
serena williams,"[-0.026315789473684216, 0.9999999999999996]",55,95
serena williams,"[-0.02631578947368421, 0.9999999999999993]",56,96
serena williams,"[-0.02631578947368421, 0.9999999999999993]",57,97
serena williams,"[-0.026315789473684216, 0.9999999999999996]",58,98
serena williams,"[-0.026315789473684216, 0.9999999999999996]",59,99
serena williams,"[-0.02631578947368421, 0.9999999999999993]",60,100
serena williams,"[-0.02631578947368421, 0.9999999999999993]",61,101
serena williams,"[-0.026315789473684216, 0.9999999999999996]",62,102
serena williams,"[-0.026315789473684216, 0.9999999999999996]",63,103
serena williams,"[-0.02631578947368421, 0.9999999999999993]",64,104
bradley beal,"[1.0, nan]",9,49
bradley beal,"[1.0, -0.027027027027027032]",10,50
bradley beal,"[0.9999999999999999, -0.027027027027027032]",11,51
bradley beal,"[0.6977407149243606, -0.027027027027027032]",12,52
bradley beal,"[0.5619514869490163, -0.03874921291460643]",13,53
bradley beal,"[0.5619514869490163, -0.04813109511118895]",14,54
bradley beal,"[0.5619514869490162, -0.04813109511118895]",15,55
bradley beal,"[0.5619514869490162, -0.04813109511118895]",16,56
bradley beal,"[0.5619514869490162, -0.048131095111188946]",17,57
bradley beal,"[0.5619514869490162, -0.048131095111188925]",18,58
bradley beal,"[0.5619514869490161, -0.048131095111188925]",19,59
bradley beal,"[0.5619514869490162, -0.04813109511118894]",20,60
bradley beal,"[0.5619514869490162, -0.04813109511118894]",21,61
bradley beal,"[0.5619514869490162, -0.04813109511118894]",22,62
bradley beal,"[0.5619514869490161, -0.04813109511118892]",23,63
bradley beal,"[0.5619514869490162, -0.04813109511118894]",24,64
bradley beal,"[0.5619514869490162, -0.04813109511118894]",25,65
bradley beal,"[0.5619514869490162, -0.04813109511118893]",26,66
bradley beal,"[0.5619514869490161, -0.048131095111188925]",27,67
bradley beal,"[0.5619514869490161, -0.04813109511118894]",28,68
bradley beal,"[0.5619514869490162, -0.04813109511118894]",29,69
bradley beal,"[0.5619514869490161, -0.048131095111188925]",30,70
bradley beal,"[0.561951486949016, -0.048131095111188925]",31,71
bradley beal,"[0.5619514869490161, -0.04813109511118892]",32,72
bradley beal,"[0.5619514869490161, -0.04813109511118892]",33,73
bradley beal,"[0.5619514869490161, -0.04813109511118891]",34,74
bradley beal,"[0.5619514869490159, -0.048131095111188925]",35,75
bradley beal,"[0.561951486949016, -0.048131095111188925]",36,76
bradley beal,"[0.5619514869490161, -0.048131095111188925]",37,77
bradley beal,"[0.561951486949016, -0.04813109511118892]",38,78
bradley beal,"[0.5619514869490159, -0.04813109511118891]",39,79
bradley beal,"[0.561951486949016, -0.04813109511118892]",40,80
bradley beal,"[0.5619514869490161, -0.04813109511118892]",41,81
bradley beal,"[0.561951486949016, -0.04813109511118891]",42,82
bradley beal,"[0.5619514869490159, -0.04813109511118892]",43,83
bradley beal,"[0.561951486949016, -0.048131095111188925]",44,84
bradley beal,"[0.5619514869490161, -0.048131095111188925]",45,85
bradley beal,"[0.561951486949016, -0.04813109511118892]",46,86
bradley beal,"[0.5619514869490159, nan]",47,87
michael avenatti,"[-0.03771571432023571, 0.6974858324629158]",27,67
michael avenatti,"[-0.03771571432023571, 0.6974858324629157]",28,68
michael avenatti,"[-0.03771571432023572, 0.6974858324629157]",29,69
michael avenatti,"[-0.0377157143202357, 0.6974858324629157]",30,70
michael avenatti,"[-0.037715714320235696, 0.6974858324629156]",31,71
michael avenatti,"[-0.03771571432023569, 0.6974858324629156]",32,72
michael avenatti,"[-0.03771571432023569, 0.6974858324629155]",33,73
michael avenatti,"[-0.0377157143202357, 0.6974858324629155]",34,74
michael avenatti,"[-0.0377157143202357, 0.6974858324629155]",35,75
michael avenatti,"[-0.037715714320235696, 0.6974858324629155]",36,76
michael avenatti,"[-0.03771571432023568, 0.6974858324629155]",37,77
michael avenatti,"[-0.0377157143202357, 0.6974858324629155]",38,78
michael avenatti,"[-0.0377157143202357, 0.6974858324629155]",39,79
michael avenatti,"[-0.037715714320235696, 0.6974858324629155]",40,80
michael avenatti,"[-0.051142142549476764, 0.6131863864322429]",41,81
michael avenatti,"[-0.051142142549476764, 0.6131863864322429]",42,82
michael avenatti,"[-0.051142142549476764, 0.6131863864322429]",43,83
michael avenatti,"[-0.051142142549476764, 0.613186386432243]",44,84
michael avenatti,"[-0.051142142549476764, 0.6131863864322429]",45,85
michael avenatti,"[-0.051142142549476764, 0.6131863864322429]",46,86
michael avenatti,"[-0.051142142549476764, 0.613186386432243]",47,87
michael avenatti,"[-0.05114214254947676, 0.613186386432243]",48,88
michael avenatti,"[-0.05114214254947676, 0.613186386432243]",49,89
michael avenatti,"[-0.05114214254947676, 0.613186386432243]",50,90
michael avenatti,"[-0.05114214254947676, 0.613186386432243]",51,91
michael avenatti,"[-0.05114214254947676, 0.613186386432243]",52,92
michael avenatti,"[-0.051142142549476764, 0.613186386432243]",53,93
michael avenatti,"[-0.03568395510523546, 0.8920366758651502]",54,94
michael avenatti,"[-0.03568395510523546, 0.8920366758651502]",55,95
michael avenatti,"[-0.03568395510523546, 0.8920366758651501]",56,96
michael avenatti,"[-0.035683955105235476, 0.8920366758651501]",57,97
michael avenatti,"[-0.03568395510523546, 0.8920366758651502]",58,98
michael avenatti,"[-0.03568395510523546, 0.8920366758651502]",59,99
michael avenatti,"[-0.03568395510523546, 0.8920366758651501]",60,100
michael avenatti,"[-0.035683955105235476, 0.8920366758651501]",61,101
michael avenatti,"[-0.03568395510523546, 0.8920366758651502]",62,102
michael avenatti,"[-0.03568395510523546, 0.8920366758651502]",63,103
michael avenatti,"[-0.03568395510523546, 0.8920366758651501]",64,104
