donald trump,"[0.5428114767840841, -0.13204614181467259]",7,24
donald trump,"[0.5029055206547914, -0.22970702358877018]",37,54
donald trump,"[0.5999999999999999, nan]",75,92
donald trump,"[0.08548671896885303, 0.6813851438692469]",90,107
donald trump,"[0.5183250804400069, 0.24321363539902877]",116,133
donald trump,"[0.5701617002697069, 0.10124149271051076]",117,134
donald trump,"[0.674199862463242, 0.12327841818038447]",118,135
donald trump,"[0.7337406559132841, 0.16451742565458002]",119,136
donald trump,"[-0.12403473458920843, 0.5345224838248486]",125,142
donald trump,"[-0.12403473458920843, 0.5345224838248486]",126,143
donald trump,"[-0.14907119849998599, 0.5345224838248486]",127,144
donald trump,"[-0.12403473458920843, 0.5345224838248486]",129,146
donald trump,"[-0.12403473458920843, 0.5345224838248485]",130,147
donald trump,"[-0.12403473458920843, 0.5345224838248485]",131,148
donald trump,"[-0.09759000729485331, 0.6813851438692465]",132,149
donald trump,"[-0.09759000729485331, 0.6813851438692465]",133,150
donald trump,"[-0.09759000729485331, 0.6813851438692465]",134,151
donald trump,"[-0.11834526708278773, 0.6370589892970319]",140,157
donald trump,"[-0.11834526708278773, 0.6370589892970319]",141,158
donald trump,"[-0.13010726223589664, 0.637058989297032]",142,159
americans,"[0.30185031190749195, 0.5707354170332843]",135,152
americans,"[-0.1384091330895666, 0.7470178808339957]",136,153
americans,"[0.5719446381042076, 0.4432026302139591]",139,156
americans,"[0.1558320661207814, 0.6023259556020625]",143,160
americans,"[0.19433312411550333, 0.6279509375213087]",144,161
americans,"[0.19433312411550333, 0.6060079682382388]",145,162
americans,"[0.11094003924504585, 0.6060079682382389]",146,163
united states,"[-0.14333552726125529, 0.50873004848438]",78,95
united states,"[-0.12403473458920843, 0.5345224838248486]",79,96
united states,"[-0.12403473458920843, 0.5345224838248486]",80,97
united states,"[0.7542472332656507, -0.01282895014476966]",130,147
united states,"[0.7542472332656507, -0.012828950144769638]",131,148
united states,"[0.7810787627463989, 0.01282895014476966]",132,149
united states,"[0.7839072707736546, 0.025310373177627698]",133,150
united states,"[0.820905201785487, 0.05131580057907854]",134,151
united states,"[0.828416869579514, nan]",135,152
hillary clinton,"[0.5382502301920892, 0.33448780360687347]",10,27
hillary clinton,"[0.5188300149011489, 0.17206180040292132]",11,28
hillary clinton,"[-0.06666666666666665, 1.0]",88,105
hillary clinton,"[-0.06666666666666665, 0.9999999999999999]",89,106
hillary clinton,"[-0.06666666666666665, 0.9999999999999999]",90,107
hillary clinton,"[-0.06666666666666665, 0.9999999999999999]",91,108
hillary clinton,"[-0.06666666666666665, 0.9999999999999999]",92,109
hillary clinton,"[-0.06666666666666665, 0.9999999999999999]",93,110
hillary clinton,"[-0.0975900072948533, 0.9999999999999999]",94,111
hillary clinton,"[-0.0975900072948533, 0.6813851438692466]",95,112
hillary clinton,"[-0.09759000729485331, 0.6813851438692466]",96,113
hillary clinton,"[-0.12403473458920843, 0.6813851438692466]",97,114
hillary clinton,"[-0.12403473458920843, 0.5345224838248485]",98,115
democratic party,"[0.0912870929175277, 0.6132846549348301]",114,131
democratic party,"[0.1702970173369342, 0.8451542547285167]",115,132
democratic party,"[0.2197439080600197, 0.8430047390547426]",116,133
democratic party,"[0.5101127853361851, nan]",117,134
democratic party,"[0.5831296952211336, 0.21726204731337037]",144,161
democratic party,"[0.5831296952211336, 0.2172620473133704]",145,162
democratic party,"[0.5831296952211336, 0.21726204731337045]",146,163
democratic party,"[0.5831296952211336, 0.21726204731337048]",147,164
ukraine,"[0.6831300510639731, nan]",54,71
ukraine,"[0.6831300510639731, -0.10482848367219183]",55,72
ukraine,"[0.6831300510639731, -0.10482848367219183]",56,73
ukraine,"[0.6831300510639731, -0.10482848367219184]",57,74
ukraine,"[0.683130051063973, -0.10482848367219186]",58,75
ukraine,"[0.683130051063973, -0.10482848367219186]",59,76
ukraine,"[0.683130051063973, -0.10482848367219186]",60,77
ukraine,"[0.683130051063973, -0.10482848367219186]",61,78
ukraine,"[0.683130051063973, -0.10482848367219183]",62,79
ukraine,"[0.683130051063973, -0.07142857142857145]",63,80
ukraine,"[0.9999999999999999, -0.07142857142857144]",64,81
ukraine,"[0.9999999999999999, -0.07142857142857141]",65,82
ukraine,"[0.9999999999999999, -0.07142857142857144]",66,83
ukraine,"[0.9999999999999999, -0.07142857142857148]",67,84
ukraine,"[0.9999999999999999, -0.07142857142857142]",68,85
ukraine,"[0.9999999999999999, nan]",69,86
republican party,"[0.21821789023599242, 0.5345224838248483]",34,51
republican party,"[0.1528941574312877, 0.5547001962252294]",36,53
republican party,"[0.1528941574312877, 0.5547001962252293]",37,54
republican party,"[-0.12403473458920847, 0.5345224838248486]",39,56
republican party,"[-0.14907119849998599, 0.5345224838248486]",40,57
republican party,"[-0.12403473458920843, 0.5345224838248482]",50,67
republican party,"[0.5727861638528922, 0.7470178808339959]",54,71
republican party,"[0.5345224838248487, 0.8376105968386142]",55,72
republican party,"[0.5345224838248487, 0.8376105968386142]",56,73
republican party,"[0.5345224838248487, 0.8011927448021525]",57,74
republican party,"[0.3396831102433787, 0.5570860145311555]",58,75
republican party,"[0.3396831102433787, 0.5570860145311555]",59,76
republican party,"[0.5331139899831833, 0.16174915980515764]",69,86
republican party,"[0.5374838498865699, -0.13363062095621223]",74,91
republican party,"[0.5374838498865699, nan]",75,92
republican party,"[-0.0975900072948533, 0.6813851438692469]",91,108
republican party,"[-0.0975900072948533, 0.6813851438692469]",92,109
republican party,"[-0.12403473458920845, 0.6813851438692469]",93,110
republican party,"[-0.1815682598006407, 0.7844645405527361]",94,111
republican party,"[-0.1815682598006407, 0.7844645405527361]",95,112
republican party,"[0.291848181487276, 0.5833333333333333]",96,113
republican party,"[-0.19546566523636955, 0.580119351115321]",125,142
republican party,"[-0.15379156298021623, 0.580119351115321]",126,143
republican party,"[-0.15379156298021623, 0.9035079029052514]",127,144
republican party,"[-0.10505963827188339, 0.9035079029052514]",128,145
joe biden,"[0.9999999999999999, nan]",88,105
joe biden,"[-0.24559613253766904, 0.5193771209583072]",103,120
joe biden,"[-0.1557522394953495, 0.5776717998914668]",104,121
joe biden,"[-0.14218723462707156, 0.5776717998914669]",105,122
joe biden,"[-0.15877683720748892, 0.5777466648897325]",106,123
joe biden,"[-0.17649950065855394, 0.5790071225457812]",107,124
joe biden,"[-0.15877683720748892, 0.5790071225457813]",108,125
joe biden,"[-0.17649950065855396, 0.5790071225457813]",109,126
joe biden,"[-0.15091165336763498, 0.6134866108386734]",110,127
joe biden,"[-0.150911653367635, 0.6155470159931968]",111,128
joe biden,"[-0.1842720774104436, 0.6155470159931967]",112,129
joe biden,"[-0.16265001215808889, 0.7600065066233905]",113,130
joe biden,"[-0.16265001215808889, 0.7556704297565758]",114,131
joe biden,"[-0.11354005629317385, 0.800018180142489]",115,132
joe biden,"[-0.06579516949597689, 0.8593854615491786]",116,133
joe biden,"[1.3877787807814457e-17, 0.7319250547113999]",117,134
joe biden,"[0.23526698345822994, 0.7378563179960916]",118,135
joe biden,"[0.08214400968169068, 0.6167939547439611]",140,157
joe biden,"[0.042835293687811915, 0.6167939547439611]",141,158
public,"[-0.14907119849998599, 0.5345224838248485]",22,39
public,"[-0.12403473458920844, 0.5345224838248483]",27,44
public,"[-0.14907119849998596, 0.5345224838248482]",28,45
public,"[-0.31448545101657543, 0.7174300539794395]",119,136
public,"[-0.23794204212451664, 0.646685986377437]",120,137
public,"[-0.21483446221182986, 0.6466859863774369]",121,138
public,"[-0.19369919939163727, 0.6524001229853358]",122,139
public,"[-0.21483446221182984, 0.6524001229853358]",123,140
public,"[-0.21483446221182984, 0.646685986377437]",124,141
public,"[-0.19369919939163727, 0.6524001229853358]",125,142
migrants,"[0.7700535410868199, -0.16574838603294906]",7,24
migrants,"[0.7759791380716372, -0.17444940691627642]",8,25
migrants,"[0.7759791380716372, nan]",9,26
migrants,"[0.53748384988657, -0.13363062095621225]",60,77
migrants,"[0.53748384988657, -0.13363062095621228]",61,78
migrants,"[0.808290376865476, 0.6813851438692469]",144,161
migrants,"[0.50709255283711, 0.8435273922869734]",145,162
migrants,"[0.3394221166510653, 0.8435273922869735]",146,163
migrants,"[0.30185031190749195, 0.6061426456557821]",147,164
migrants,"[0.30185031190749195, 0.5644767065651531]",148,165
migrants,"[0.30185031190749195, 0.5644767065651531]",149,166
taxpayers,"[0.5374838498865699, -0.10482848367219183]",12,29
taxpayers,"[0.5374838498865699, -0.1336306209562122]",13,30
taxpayers,"[0.5374838498865699, nan]",115,132
george floyd,"[1.0, nan]",90,107
george floyd,"[0.5917263354139385, -0.17872502241585794]",119,136
george floyd,"[0.5917263354139385, -0.17872502241585797]",120,137
george floyd,"[0.49924681150913186, 0.5345224838248486]",126,143
george floyd,"[-0.0975900072948533, 0.6813851438692468]",127,144
george floyd,"[-0.0975900072948533, 0.6813851438692468]",128,145
george floyd,"[-0.06666666666666665, 0.9999999999999997]",129,146
george floyd,"[-0.06666666666666665, 0.9999999999999998]",130,147
george floyd,"[-0.06666666666666665, 0.9999999999999998]",131,148
george floyd,"[-0.06666666666666665, 0.9999999999999996]",132,149
george floyd,"[-0.06666666666666665, 0.9999999999999996]",133,150
george floyd,"[-0.06666666666666665, 0.9999999999999998]",134,151
george floyd,"[-0.06666666666666665, 0.9999999999999998]",135,152
george floyd,"[-0.06666666666666665, 0.9999999999999996]",136,153
israel,"[-0.2182178902359924, 0.5345224838248486]",119,136
israel,"[-0.2182178902359924, 0.6504436355879909]",120,137
israel,"[-0.2182178902359924, 0.6504436355879909]",121,138
israel,"[-0.2182178902359924, 0.6504436355879909]",122,139
israel,"[-0.2182178902359924, 0.7844645405527361]",123,140
israel,"[-0.2182178902359924, 0.6504436355879909]",124,141
israel,"[-0.2182178902359924, 0.6504436355879908]",125,142
israel,"[-0.21821789023599242, 0.6504436355879908]",126,143
israel,"[-0.2548235957188127, 0.6504436355879908]",127,144
israel,"[-0.2927700218845599, 0.5547001962252293]",128,145
russia,"[-0.09759000729485331, 0.6813851438692464]",24,41
russia,"[0.18257418583505533, 0.5707354170332849]",44,61
russia,"[0.18257418583505533, 0.5459208336840118]",45,62
russia,"[0.18257418583505533, 0.5459208336840118]",46,63
russia,"[0.18257418583505533, 0.5459208336840118]",47,64
russia,"[0.18257418583505533, 0.5459208336840118]",48,65
russia,"[0.18257418583505533, 0.5459208336840116]",49,66
russia,"[0.18257418583505533, 0.5459208336840117]",50,67
russia,"[0.18257418583505533, 0.5459208336840117]",51,68
russia,"[0.16038012587880984, 0.5459208336840117]",52,69
russia,"[0.16038012587880984, 0.5256574830378468]",53,70
russia,"[0.23841582427170788, 0.6628489803598697]",54,71
russia,"[0.23841582427170788, 0.6628489803598697]",55,72
russia,"[0.2691909510290827, 0.6998542122237652]",56,73
russia,"[0.30450009279704643, 0.7470178808339958]",57,74
iran,"[-0.16038012587880984, 0.5707354170332849]",26,43
iran,"[-0.16038012587880984, 0.7470178808339959]",27,44
iran,"[-0.18257418583505536, 0.5707354170332848]",28,45
iran,"[-0.18257418583505536, 0.5459208336840116]",29,46
iran,"[0.5280845002806083, -0.26111648393354675]",43,60
iran,"[0.6166698388447786, -0.22268088570756167]",44,61
iran,"[0.6166698388447786, -0.16116459280507608]",45,62
iran,"[0.53748384988657, -0.13363062095621234]",122,139
iran,"[0.53748384988657, -0.13363062095621234]",123,140
iran,"[0.6831300510639731, -0.10482848367219189]",124,141
iran,"[0.6831300510639731, nan]",125,142
children,"[-0.09759000729485331, 0.6813851438692465]",0,17
children,"[-0.09759000729485331, 0.6813851438692465]",1,18
children,"[-0.09759000729485331, 0.6813851438692465]",2,19
children,"[0.6831300510639732, 1.0]",89,106
children,"[0.6831300510639732, 0.6813851438692469]",90,107
children,"[0.6831300510639732, 0.6813851438692469]",91,108
children,"[0.6831300510639732, 0.6813851438692468]",92,109
children,"[0.6831300510639731, 0.6813851438692468]",93,110
children,"[0.5374838498865699, 0.6813851438692468]",94,111
children,"[0.447213595499958, 0.5345224838248487]",95,112
children,"[0.5374838498865699, -0.10482848367219183]",143,160
barack obama,"[-0.2886751345948129, 0.5345224838248489]",23,40
barack obama,"[-0.42365927286816174, 0.5345224838248487]",24,41
barack obama,"[-0.13456839120487696, 0.6813851438692468]",70,87
barack obama,"[-0.0975900072948533, 0.6813851438692469]",71,88
barack obama,"[-0.06666666666666665, 0.9999999999999999]",72,89
barack obama,"[-0.06666666666666665, 0.9999999999999997]",73,90
barack obama,"[-0.06666666666666665, 0.9999999999999998]",74,91
barack obama,"[-0.06666666666666665, 0.9999999999999998]",75,92
barack obama,"[-0.06666666666666665, 0.9999999999999996]",76,93
barack obama,"[-0.06666666666666665, 0.9999999999999996]",77,94
barack obama,"[-0.06666666666666665, 0.9999999999999998]",78,95
barack obama,"[-0.06666666666666665, 0.9999999999999998]",79,96
barack obama,"[-0.06666666666666665, 0.9999999999999996]",80,97
consumers,"[-0.16903085094570325, 0.5015568278463085]",63,80
consumers,"[-0.16903085094570325, 0.5015568278463085]",64,81
consumers,"[-0.16903085094570325, 0.8077806958015596]",65,82
consumers,"[-0.11547005383792514, 0.8077806958015598]",66,83
consumers,"[-0.09192771195538434, 0.888234788195688]",67,84
consumers,"[-0.09192771195538434, 0.888234788195688]",68,85
consumers,"[-0.06666666666666665, 0.9999999999999996]",69,86
consumers,"[0.5374838498865699, -0.13363062095621217]",116,133
america,"[0.5374838498865699, -0.10482848367219184]",96,113
immigrants,"[-0.09759000729485331, 0.6813851438692466]",0,17
immigrants,"[-0.09759000729485331, 0.6813851438692465]",1,18
immigrants,"[-0.09759000729485331, 0.6813851438692465]",2,19
immigrants,"[-0.09759000729485331, 0.6813851438692465]",3,20
immigrants,"[-0.09759000729485331, 0.6813851438692465]",4,21
immigrants,"[-0.09759000729485331, 0.6813851438692465]",5,22
immigrants,"[-0.0975900072948533, 0.6813851438692469]",90,107
immigrants,"[-0.0975900072948533, 0.6813851438692469]",91,108
immigrants,"[-0.0975900072948533, 0.6813851438692469]",92,109
immigrants,"[-0.0975900072948533, 0.6813851438692468]",93,110
immigrants,"[-0.0975900072948533, 0.6813851438692468]",94,111
immigrants,"[-0.0975900072948533, 0.6813851438692469]",95,112
immigrants,"[-0.0975900072948533, 0.6813851438692466]",96,113
immigrants,"[-0.0975900072948533, 0.6813851438692466]",97,114
immigrants,"[-0.09759000729485331, 0.6813851438692466]",98,115
immigrants,"[-0.09759000729485331, 0.6813851438692466]",99,116
immigrants,"[-0.09759000729485331, 0.6813851438692465]",100,117
immigrants,"[-0.12403473458920843, 0.6813851438692464]",101,118
immigrants,"[-0.12403473458920843, 0.5345224838248486]",102,119
immigrants,"[-0.12403473458920843, 0.5345224838248486]",103,120
immigrants,"[-0.09759000729485331, 0.6813851438692464]",104,121
california,"[-0.0975900072948533, 0.6813851438692469]",8,25
california,"[-0.0975900072948533, 0.6813851438692469]",9,26
california,"[-0.0975900072948533, 0.6813851438692469]",10,27
california,"[-0.0975900072948533, 0.6813851438692468]",11,28
california,"[-0.09759000729485331, 0.6813851438692468]",12,29
california,"[-0.09759000729485331, 0.6813851438692468]",13,30
california,"[-0.0975900072948533, 0.6813851438692466]",14,31
california,"[-0.09759000729485331, 0.6813851438692466]",15,32
california,"[-0.09759000729485331, 0.6813851438692466]",16,33
california,"[-0.09759000729485331, 0.6813851438692466]",17,34
california,"[-0.09759000729485331, 0.6813851438692465]",18,35
california,"[-0.14285714285714285, 0.6813851438692464]",19,36
california,"[-0.14285714285714285, 0.6813851438692465]",21,38
california,"[-0.09759000729485331, 0.6813851438692464]",22,39
california,"[-0.09759000729485331, 0.6813851438692469]",24,41
california,"[-0.09759000729485331, 0.6813851438692469]",25,42
california,"[-0.09759000729485331, 0.6813851438692469]",26,43
california,"[-0.0975900072948533, 0.6813851438692468]",27,44
california,"[-0.0975900072948533, 0.6813851438692468]",28,45
california,"[-0.0975900072948533, 0.6813851438692468]",29,46
california,"[-0.0975900072948533, 0.6813851438692468]",30,47
california,"[-0.12403473458920844, 0.6813851438692465]",31,48
california,"[-0.12403473458920841, 0.5345224838248486]",32,49
california,"[-0.12403473458920841, 0.5345224838248486]",33,50
california,"[-0.14907119849998599, 0.5345224838248485]",34,51
california,"[-0.12403473458920843, 0.5345224838248483]",35,52
california,"[-0.12403473458920843, 0.5345224838248483]",36,53
california,"[-0.12403473458920843, 0.5345224838248483]",37,54
california,"[-0.12403473458920843, 0.5345224838248482]",38,55
environment,"[0.560611910581388, -0.2773500981126146]",35,52
environment,"[0.5606119105813882, -0.2773500981126146]",36,53
environment,"[0.5606119105813882, -0.236524958395633]",37,54
environment,"[0.6546536707079772, -0.19611613513818404]",38,55
environment,"[0.5374838498865699, -0.13363062095621228]",39,56
environment,"[0.53748384988657, -0.1336306209562122]",40,57
environment,"[0.53748384988657, -0.10482848367219186]",41,58
environment,"[0.53748384988657, -0.1336306209562122]",42,59
environment,"[0.53748384988657, -0.13363062095621225]",43,60
environment,"[0.53748384988657, -0.1336306209562122]",44,61
environment,"[0.53748384988657, -0.1336306209562123]",45,62
environment,"[0.53748384988657, -0.13363062095621234]",46,63
environment,"[0.53748384988657, -0.10482848367219189]",47,64
environment,"[-0.09759000729485331, 0.6813851438692469]",60,77
environment,"[-0.09759000729485331, 0.6813851438692469]",61,78
environment,"[-0.09759000729485331, 0.6813851438692469]",62,79
environment,"[-0.09759000729485331, 0.6813851438692468]",63,80
environment,"[-0.12403473458920844, 0.5345224838248487]",64,81
environment,"[-0.12403473458920844, 0.5345224838248486]",65,82
environment,"[-0.12403473458920844, 0.5345224838248486]",66,83
environment,"[-0.12403473458920841, 0.5345224838248486]",67,84
environment,"[-0.12403473458920841, 0.5345224838248485]",68,85
environment,"[-0.12403473458920841, 0.5345224838248486]",69,86
environment,"[-0.12403473458920841, 0.5345224838248486]",70,87
environment,"[-0.12403473458920841, 0.6813851438692465]",71,88
environment,"[-0.09759000729485333, 0.6813851438692465]",72,89
environment,"[-0.09759000729485333, 0.6813851438692465]",73,90
environment,"[-0.09759000729485333, 0.6813851438692465]",74,91
lgbt community,"[0.6831300510639731, nan]",141,158
lgbt community,"[0.6831300510639731, -0.10482848367219183]",142,159
lgbt community,"[0.6831300510639731, -0.10482848367219184]",143,160
lgbt community,"[0.6831300510639731, -0.10482848367219184]",144,161
lgbt community,"[0.683130051063973, -0.10482848367219183]",145,162
lgbt community,"[0.683130051063973, -0.10482848367219186]",146,163
lgbt community,"[0.683130051063973, -0.10482848367219186]",147,164
lgbt community,"[0.683130051063973, -0.10482848367219186]",148,165
lgbt community,"[0.683130051063973, -0.10482848367219183]",149,166
lgbt community,"[0.7411449079956545, -0.13363062095621225]",150,167
lgbt community,"[0.7411449079956545, -0.18463723646899907]",151,168
uk,"[0.6831300510639732, nan]",34,51
uk,"[0.6831300510639732, -0.10482848367219183]",35,52
uk,"[0.6831300510639732, -0.10482848367219183]",36,53
uk,"[0.6831300510639732, -0.10482848367219183]",37,54
uk,"[0.6831300510639731, -0.07142857142857145]",38,55
uk,"[0.9999999999999999, -0.07142857142857145]",39,56
uk,"[0.9999999999999999, -0.07142857142857145]",40,57
uk,"[0.9999999999999999, -0.07142857142857144]",41,58
uk,"[0.9999999999999999, -0.07142857142857142]",42,59
uk,"[0.9999999999999999, -0.07142857142857145]",43,60
uk,"[0.9999999999999999, -0.07142857142857144]",44,61
uk,"[0.9999999999999999, -0.07142857142857141]",45,62
uk,"[0.6831300510639731, -0.10482848367219184]",46,63
uk,"[0.6831300510639731, -0.10482848367219189]",47,64
uk,"[0.6831300510639731, -0.10482848367219189]",48,65
uk,"[0.6831300510639731, -0.07142857142857142]",49,66
uk,"[-0.13456839120487696, 0.5793654595023214]",70,87
uk,"[-0.13456839120487696, 0.888234788195688]",71,88
uk,"[-0.09192771195538434, 0.888234788195688]",72,89
uk,"[-0.09192771195538434, 0.888234788195688]",73,90
uk,"[-0.09192771195538434, 0.888234788195688]",74,91
uk,"[-0.09192771195538434, 0.888234788195688]",75,92
uk,"[-0.06666666666666665, 0.9999999999999996]",76,93
congress,"[0.6831300510639731, -0.10482848367219189]",77,94
congress,"[0.6831300510639731, -0.10482848367219189]",78,95
congress,"[0.6831300510639731, nan]",79,96
north korea,"[-0.15283065658442813, 0.7143288461787695]",24,41
north korea,"[-0.15283065658442813, 0.7143288461787695]",25,42
north korea,"[-0.039626596261131755, 0.6577011316427899]",26,43
north korea,"[-0.12185697684998403, 0.5388495999948251]",27,44
north korea,"[-0.04438642297650133, 0.6084282207836159]",37,54
north korea,"[0.030280793623974046, 0.5768073915244963]",38,55
north korea,"[0.5366406790951412, -0.16796775328675617]",40,57
north korea,"[0.5066477912385828, -0.12156613477096617]",41,58
north korea,"[0.4285714285714285, 0.6813851438692464]",53,70
north korea,"[-0.06666666666666665, 0.9999999999999998]",54,71
north korea,"[-0.06666666666666665, 0.9999999999999998]",55,72
north korea,"[-0.06666666666666665, 0.9999999999999996]",56,73
woman,"[0.53748384988657, -0.13363062095621217]",19,36
woman,"[0.53748384988657, -0.13363062095621223]",20,37
woman,"[0.53748384988657, -0.1336306209562122]",21,38
woman,"[0.53748384988657, -0.1336306209562123]",22,39
woman,"[0.53748384988657, -0.1336306209562123]",23,40
woman,"[0.53748384988657, -0.13363062095621223]",24,41
woman,"[0.53748384988657, nan]",25,42
students,"[0.5447047794019221, -0.19611613513818402]",121,138
students,"[0.5447047794019221, -0.19611613513818402]",122,139
students,"[0.5844079393248218, -0.165748386032949]",123,140
students,"[0.5844079393248218, -0.165748386032949]",124,141
students,"[0.5844079393248218, -0.11293848786315644]",125,142
students,"[0.9035128891381972, -0.11293848786315644]",126,143
students,"[0.9035128891381972, -0.11293848786315647]",127,144
students,"[0.9035128891381972, -0.11293848786315641]",128,145
students,"[0.9035128891381973, -0.11293848786315647]",129,146
students,"[0.9467292624062574, -0.09235141930792198]",130,147
students,"[0.9467292624062574, -0.09235141930792196]",131,148
students,"[0.9467292624062574, -0.09235141930792198]",132,149
students,"[0.9467292624062574, -0.09235141930792196]",133,150
students,"[1.0, -0.07142857142857148]",134,151
students,"[1.0, -0.07142857142857145]",135,152
students,"[1.0, nan]",136,153
china,"[-0.09759000729485331, 0.9999999999999999]",0,17
china,"[-0.06666666666666665, 0.9999999999999997]",1,18
china,"[-0.06666666666666665, 0.9999999999999998]",2,19
china,"[-0.06666666666666665, 0.9999999999999998]",3,20
china,"[-0.06666666666666665, 0.9999999999999996]",4,21
china,"[-0.06666666666666665, 0.9999999999999996]",5,22
china,"[-0.06666666666666665, 0.9999999999999998]",6,23
china,"[-0.06666666666666665, 0.9999999999999998]",7,24
china,"[-0.06666666666666665, 0.9999999999999996]",8,25
china,"[-0.06666666666666665, 0.9999999999999999]",63,80
china,"[-0.06666666666666665, 0.9999999999999999]",64,81
china,"[-0.06666666666666665, 0.9999999999999999]",65,82
china,"[-0.06666666666666665, 0.9999999999999999]",66,83
china,"[-0.06666666666666665, 0.9999999999999999]",67,84
china,"[-0.06666666666666665, 0.9999999999999999]",68,85
china,"[-0.06666666666666665, 0.9999999999999997]",69,86
china,"[-0.06666666666666665, 0.9999999999999998]",70,87
china,"[-0.06666666666666665, 0.9999999999999998]",71,88
china,"[-0.06666666666666665, 0.9999999999999996]",72,89
china,"[-0.06666666666666665, 0.9999999999999996]",73,90
china,"[-0.06666666666666665, 0.9999999999999998]",74,91
china,"[-0.06666666666666665, 0.9999999999999998]",75,92
china,"[-0.06666666666666665, 0.9999999999999996]",76,93
china,"[-0.0975900072948533, 0.6813851438692469]",91,108
china,"[-0.0975900072948533, 0.6813851438692469]",92,109
china,"[-0.11834526708278771, 0.6813851438692469]",93,110
china,"[-0.11834526708278771, 0.6370589892970319]",94,111
china,"[-0.11834526708278774, 0.6370589892970319]",95,112
china,"[-0.11834526708278774, 0.6370589892970319]",96,113
china,"[-0.11834526708278774, 0.6370589892970319]",97,114
china,"[-0.11834526708278774, 0.6370589892970318]",98,115
china,"[-0.11834526708278774, 0.6370589892970319]",99,116
china,"[-0.11834526708278774, 0.6370589892970319]",100,117
china,"[-0.11834526708278774, 0.6370589892970318]",101,118
china,"[-0.11834526708278774, 0.6370589892970318]",102,119
china,"[-0.11547005383792514, 0.8882347881956881]",103,120
china,"[-0.11547005383792514, 0.8077806958015598]",104,121
china,"[-0.11547005383792514, 0.8077806958015598]",105,122
ted cruz,"[-0.0975900072948533, 0.6813851438692466]",14,31
ted cruz,"[-0.0975900072948533, 0.6813851438692466]",15,32
ted cruz,"[-0.09759000729485331, 0.6813851438692466]",16,33
ted cruz,"[-0.09759000729485331, 0.6813851438692466]",17,34
ted cruz,"[-0.09759000729485331, 0.6813851438692465]",18,35
ted cruz,"[-0.09759000729485331, 0.6813851438692464]",19,36
ted cruz,"[-0.09759000729485331, 0.6813851438692465]",20,37
ted cruz,"[-0.12403473458920843, 0.6813851438692464]",21,38
ted cruz,"[-0.09759000729485331, 0.6813851438692464]",22,39
cnn,"[0.6899683601645579, -0.14484136487558028]",20,37
cnn,"[0.6899683601645579, -0.17170914210964275]",21,38
cnn,"[0.6234581110139545, -0.17170914210964275]",22,39
cnn,"[0.6234581110139545, -0.2064307059611926]",23,40
cnn,"[0.6234581110139545, -0.2064307059611926]",24,41
cnn,"[0.5691604887655424, -0.1494035761667992]",25,42
cnn,"[0.6998964726756151, -0.17496355305594127]",26,43
cnn,"[0.6998964726756151, -0.17496355305594125]",27,44
cnn,"[0.7474093186836598, -0.1494035761667991]",28,45
cnn,"[0.8082903768654759, -0.12427395320024004]",29,46
cnn,"[0.8082903768654759, -0.12427395320023993]",30,47
cnn,"[0.7474093186836598, -0.12427395320024001]",31,48
cnn,"[0.7474093186836598, -0.14940357616679908]",32,49
cnn,"[0.7474093186836598, -0.14940357616679908]",33,50
cnn,"[0.7474093186836598, -0.14940357616679903]",34,51
cnn,"[0.7474093186836598, nan]",35,52
nancy pelosi,"[-0.12403473458920844, 0.5345224838248487]",131,148
nancy pelosi,"[-0.12403473458920844, 0.5345224838248486]",132,149
nancy pelosi,"[-0.12403473458920841, 0.5345224838248487]",133,150
nancy pelosi,"[-0.12403473458920841, 0.5345224838248487]",134,151
nancy pelosi,"[-0.12403473458920841, 0.6813851438692466]",135,152
nancy pelosi,"[-0.09759000729485333, 0.6813851438692466]",136,153
nancy pelosi,"[-0.09759000729485333, 0.9999999999999996]",137,154
nancy pelosi,"[-0.09759000729485331, 0.9999999999999998]",138,155
nancy pelosi,"[-0.09759000729485331, 0.6813851438692465]",139,156
nancy pelosi,"[-0.09759000729485331, 0.6813851438692464]",140,157
covid-19,"[-0.149071198499986, 0.5345224838248485]",127,144
covid-19,"[-0.12403473458920841, 0.5345224838248482]",128,145
planned parenthood,"[0.53748384988657, -0.13363062095621217]",1,18
planned parenthood,"[0.6831300510639731, -0.10482848367219184]",2,19
planned parenthood,"[0.6831300510639731, -0.10482848367219189]",3,20
planned parenthood,"[0.6831300510639731, -0.10482848367219189]",4,21
planned parenthood,"[0.6831300510639731, -0.10482848367219189]",5,22
planned parenthood,"[0.6831300510639731, nan]",6,23
syrian people,"[-0.06666666666666665, 0.9999999999999998]",0,17
syrian people,"[-0.06666666666666665, 0.9999999999999998]",1,18
syrian people,"[-0.06666666666666665, 0.9999999999999996]",2,19
apple,"[-0.14285714285714285, 0.6813851438692469]",49,66
apple,"[-0.09759000729485331, 0.6813851438692469]",50,67
apple,"[-0.0975900072948533, 0.6813851438692468]",51,68
apple,"[-0.12403473458920841, 0.5345224838248485]",59,76
apple,"[-0.12403473458920841, 0.5345224838248485]",60,77
apple,"[-0.12403473458920841, 0.5345224838248485]",61,78
india,"[0.6831300510639731, nan]",4,21
india,"[0.6831300510639731, -0.10482848367219183]",5,22
india,"[0.6831300510639731, -0.10482848367219183]",6,23
india,"[0.6831300510639731, -0.07142857142857145]",7,24
india,"[0.9999999999999999, -0.07142857142857145]",8,25
india,"[0.9999999999999999, -0.07142857142857145]",9,26
india,"[0.9999999999999999, -0.07142857142857145]",10,27
india,"[0.9999999999999999, -0.07142857142857144]",11,28
india,"[0.9999999999999999, -0.07142857142857142]",12,29
india,"[0.9999999999999999, -0.07142857142857145]",13,30
india,"[0.9999999999999999, -0.07142857142857144]",14,31
india,"[0.9999999999999999, -0.07142857142857141]",15,32
india,"[0.9999999999999999, -0.07142857142857144]",16,33
india,"[0.9999999999999999, -0.07142857142857148]",17,34
india,"[0.9999999999999999, -0.07142857142857142]",18,35
india,"[0.9999999999999999, nan]",19,36
india,"[-0.12403473458920844, 0.5345224838248487]",114,131
india,"[-0.18156825980064067, 0.5345224838248486]",115,132
india,"[-0.14285714285714285, 0.6813851438692465]",125,142
india,"[-0.09759000729485333, 0.6813851438692465]",126,143
mexico,"[-0.12403473458920845, 0.5345224838248487]",11,28
mexico,"[-0.12403473458920845, 0.5345224838248487]",12,29
mexico,"[-0.12403473458920845, 0.5345224838248487]",13,30
mexico,"[-0.12403473458920845, 0.5345224838248486]",14,31
mexico,"[-0.12403473458920845, 0.5345224838248486]",15,32
mexico,"[-0.0975900072948533, 0.6813851438692469]",16,33
mexico,"[-0.06666666666666665, 0.9999999999999999]",17,34
mexico,"[-0.06666666666666665, 0.9999999999999997]",18,35
mexico,"[-0.06666666666666665, 0.9999999999999998]",19,36
mexico,"[-0.06666666666666665, 0.9999999999999998]",20,37
mexico,"[-0.06666666666666665, 0.9999999999999996]",21,38
mexico,"[-0.06666666666666665, 0.9999999999999996]",22,39
mexico,"[-0.06666666666666665, 0.9999999999999998]",23,40
mexico,"[-0.06666666666666665, 0.9999999999999998]",24,41
mexico,"[-0.06666666666666665, 0.9999999999999996]",25,42
vladimir putin,"[0.5374838498865699, 0.6813851438692469]",40,57
vladimir putin,"[0.5374838498865699, 0.5345224838248489]",41,58
vladimir putin,"[0.447213595499958, 0.5345224838248487]",42,59
taiwan,"[0.6831300510639732, nan]",142,159
black americans,"[0.6831300510639731, nan]",118,135
black americans,"[0.6831300510639731, -0.10482848367219183]",119,136
black americans,"[0.6831300510639731, -0.10482848367219183]",120,137
black americans,"[0.6831300510639731, -0.10482848367219184]",121,138
black americans,"[0.5374838498865699, -0.13363062095621217]",122,139
black americans,"[0.5374838498865699, -0.13363062095621217]",123,140
black americans,"[0.5374838498865699, -0.1336306209562122]",124,141
black americans,"[0.5374838498865699, -0.13363062095621225]",125,142
black americans,"[0.5374838498865699, -0.1336306209562122]",126,143
black americans,"[0.5374838498865699, -0.1336306209562123]",127,144
black americans,"[0.5374838498865699, -0.13363062095621228]",128,145
black americans,"[0.5374838498865699, -0.10482848367219186]",129,146
black americans,"[0.6831300510639731, -0.10482848367219186]",130,147
black americans,"[0.6831300510639731, -0.10482848367219189]",131,148
black americans,"[0.6831300510639731, -0.10482848367219194]",132,149
black americans,"[0.6831300510639731, -0.07142857142857141]",133,150
germany,"[0.5374838498865699, -0.10482848367219183]",111,128
germany,"[0.5374838498865699, -0.13363062095621217]",112,129
germany,"[0.5374838498865699, -0.1336306209562122]",113,130
germany,"[0.5374838498865699, -0.1336306209562122]",114,131
germany,"[0.5374838498865699, -0.13363062095621223]",115,132
germany,"[0.5374838498865699, -0.13363062095621223]",116,133
germany,"[0.5374838498865699, -0.13363062095621225]",117,134
germany,"[0.5374838498865699, -0.13363062095621223]",118,135
germany,"[0.6831300510639731, -0.10482848367219186]",119,136
germany,"[0.6831300510639731, -0.10482848367219186]",120,137
germany,"[0.6831300510639731, -0.10482848367219186]",121,138
germany,"[0.9999999999999999, -0.07142857142857141]",122,139
germany,"[0.9999999999999999, -0.07142857142857144]",123,140
germany,"[0.9999999999999999, -0.07142857142857148]",124,141
germany,"[0.9999999999999999, -0.07142857142857142]",125,142
germany,"[0.9999999999999999, nan]",126,143
man,"[-0.14907119849998599, 0.5345224838248487]",45,62
man,"[-0.12403473458920844, 0.5345224838248486]",46,63
man,"[-0.18156825980064067, 0.6813851438692468]",47,64
europe,"[-0.09759000729485331, 0.6813851438692469]",56,73
europe,"[-0.09759000729485331, 0.6813851438692469]",57,74
europe,"[-0.09759000729485331, 0.6813851438692469]",58,75
europe,"[-0.0975900072948533, 0.6813851438692468]",59,76
europe,"[-0.0975900072948533, 0.6813851438692468]",60,77
europe,"[-0.0975900072948533, 0.6813851438692468]",61,78
europe,"[-0.0975900072948533, 0.6813851438692468]",62,79
europe,"[-0.09759000729485331, 0.6813851438692465]",63,80
europe,"[-0.09759000729485333, 0.6813851438692466]",64,81
europe,"[-0.09759000729485333, 0.6813851438692466]",65,82
europe,"[-0.09759000729485333, 0.6813851438692466]",66,83
europe,"[-0.06666666666666665, 0.9999999999999996]",67,84
europe,"[-0.09759000729485331, 0.9999999999999998]",68,85
europe,"[-0.09759000729485331, 0.6813851438692465]",69,86
europe,"[-0.09759000729485331, 0.6813851438692464]",70,87
canada,"[-0.06666666666666665, 1.0]",44,61
canada,"[-0.06666666666666665, 0.9999999999999999]",45,62
canada,"[-0.06666666666666665, 0.9999999999999999]",46,63
canada,"[-0.06666666666666665, 0.9999999999999999]",47,64
canada,"[-0.08214400968169068, 0.9999999999999998]",63,80
canada,"[-0.06666666666666665, 0.9999999999999996]",64,81
kamala harris,"[-0.09759000729485331, 0.6813851438692465]",111,128
kamala harris,"[-0.09759000729485331, 0.6813851438692465]",112,129
kamala harris,"[-0.09759000729485331, 0.6813851438692465]",113,130
kamala harris,"[-0.09759000729485331, 0.6813851438692464]",114,131
tara reade,"[1.0, nan]",88,105
tara reade,"[0.8602367431480004, -0.07142857142857145]",89,106
tara reade,"[0.8602367431480004, -0.10060040566156112]",90,107
tara reade,"[0.8602367431480004, -0.10060040566156112]",91,108
tara reade,"[0.8602367431480004, -0.10060040566156112]",92,109
tara reade,"[0.8602367431480004, -0.10060040566156112]",93,110
tara reade,"[0.8602367431480004, -0.10060040566156112]",94,111
tara reade,"[0.8602367431480004, -0.10060040566156112]",95,112
tara reade,"[0.8602367431480004, -0.10060040566156112]",96,113
tara reade,"[0.8602367431480004, -0.10060040566156114]",97,114
tara reade,"[0.8602367431480004, -0.10060040566156117]",98,115
tara reade,"[0.8602367431480004, -0.1006004056615612]",99,116
tara reade,"[0.8602367431480004, -0.10060040566156114]",100,117
tara reade,"[0.8602367431480004, -0.10060040566156117]",101,118
tara reade,"[0.8602367431480004, -0.10060040566156117]",102,119
tara reade,"[0.8602367431480004, nan]",103,120
venezuela,"[0.9999999999999999, -0.07142857142857145]",0,17
venezuela,"[0.9999999999999999, -0.07142857142857144]",1,18
venezuela,"[0.9999999999999999, -0.07142857142857142]",2,19
venezuela,"[0.9999999999999999, -0.07142857142857145]",3,20
venezuela,"[0.9999999999999999, -0.07142857142857144]",4,21
venezuela,"[0.9999999999999999, -0.07142857142857141]",5,22
venezuela,"[0.9999999999999999, -0.07142857142857144]",6,23
venezuela,"[0.9999999999999999, -0.07142857142857148]",7,24
venezuela,"[0.9999999999999999, -0.07142857142857142]",8,25
venezuela,"[0.9999999999999999, nan]",9,26
fbi,"[0.6831300510639732, 1.0]",99,116
fbi,"[0.6831300510639732, 0.6813851438692469]",100,117
fbi,"[0.6831300510639732, 0.6813851438692469]",101,118
fbi,"[0.6831300510639732, 0.6813851438692468]",102,119
fbi,"[0.6831300510639731, 0.6813851438692468]",103,120
fbi,"[0.6831300510639731, 0.6813851438692468]",104,121
fbi,"[0.6831300510639731, 0.6813851438692469]",105,122
fbi,"[0.6831300510639731, 0.6813851438692466]",106,123
fbi,"[0.6831300510639731, 0.6813851438692466]",107,124
fbi,"[0.6831300510639731, 0.6813851438692466]",108,125
fbi,"[0.6831300510639731, 0.6813851438692465]",109,126
fbi,"[0.6831300510639731, 0.6813851438692465]",110,127
fbi,"[0.6831300510639731, 0.6813851438692465]",111,128
fbi,"[0.53748384988657, 0.6813851438692465]",112,129
fbi,"[0.53748384988657, 0.5345224838248485]",113,130
fbi,"[0.6831300510639731, nan]",114,131
motorists,"[-0.09192771195538434, 0.9999999999999996]",115,132
motorists,"[-0.06666666666666665, 0.9999999999999998]",116,133
motorists,"[-0.06666666666666665, 0.9999999999999998]",117,134
motorists,"[-0.06666666666666665, 0.9999999999999996]",118,135
climate change,"[-0.06666666666666665, 1.0]",140,157
climate change,"[-0.0975900072948533, 0.6813851438692469]",141,158
climate change,"[-0.12403473458920845, 0.5345224838248489]",142,159
climate change,"[-0.12403473458920845, 0.5345224838248488]",143,160
climate change,"[-0.12403473458920845, 0.5345224838248487]",144,161
climate change,"[-0.12403473458920845, 0.5345224838248487]",145,162
climate change,"[-0.12403473458920845, 0.5345224838248487]",146,163
climate change,"[-0.12403473458920843, 0.5345224838248486]",147,164
climate change,"[-0.12403473458920843, 0.5345224838248487]",148,165
climate change,"[-0.12403473458920843, 0.5345224838248488]",149,166
climate change,"[-0.12403473458920843, 0.5345224838248486]",150,167
james comey,"[0.2653724462171376, 0.80778069580156]",18,35
james comey,"[0.33562431103976886, 0.9014729960756243]",19,36
james comey,"[0.4, 0.7972972972972971]",20,37
james comey,"[0.39999999999999997, 0.7972972972972974]",21,38
james comey,"[0.4, 0.7972972972972973]",22,39
james comey,"[0.4000000000000001, 0.7972972972972973]",23,40
james comey,"[0.4000000000000001, 0.7972972972972973]",24,41
james comey,"[0.4000000000000001, 0.7972972972972971]",25,42
james comey,"[0.33562431103976886, 0.7972972972972971]",26,43
james comey,"[0.33562431103976886, 0.7148284617513002]",27,44
james comey,"[0.33562431103976886, 0.7148284617513003]",28,45
james comey,"[0.33562431103976886, 0.7148284617513003]",29,46
james comey,"[0.33562431103976886, 0.7148284617513003]",30,47
james comey,"[0.33562431103976886, 0.8257228238447699]",31,48
james comey,"[0.4198799523155204, 0.8257228238447698]",32,49
james comey,"[0.7411449079956546, 0.5345224838248486]",33,50
james comey,"[0.6831300510639731, nan]",34,51
theresa may,"[0.6831300510639731, -0.07142857142857142]",34,51
theresa may,"[0.9999999999999999, -0.07142857142857145]",35,52
theresa may,"[0.9999999999999999, -0.07142857142857144]",36,53
theresa may,"[0.9999999999999999, -0.07142857142857141]",37,54
theresa may,"[0.9999999999999999, -0.07142857142857144]",38,55
theresa may,"[0.9999999999999999, -0.07142857142857148]",39,56
theresa may,"[0.9999999999999999, -0.07142857142857142]",40,57
theresa may,"[0.9999999999999999, nan]",41,58
victim,"[-0.06666666666666665, 1.0]",116,133
victim,"[-0.06666666666666665, 0.9999999999999999]",117,134
victim,"[-0.06666666666666665, 0.9999999999999999]",118,135
victim,"[-0.06666666666666665, 0.9999999999999999]",119,136
victim,"[-0.09759000729485331, 0.6813851438692468]",120,137
victim,"[-0.09759000729485331, 0.6813851438692468]",121,138
victim,"[-0.09759000729485331, 0.6813851438692468]",122,139
victim,"[-0.09759000729485333, 0.6813851438692466]",123,140
victim,"[-0.09759000729485331, 0.6813851438692466]",124,141
victim,"[-0.09759000729485331, 0.6813851438692466]",125,142
victim,"[-0.09759000729485331, 0.6813851438692466]",126,143
victim,"[-0.09759000729485331, 0.6813851438692465]",127,144
victim,"[-0.09759000729485333, 0.6813851438692465]",128,145
victim,"[-0.09759000729485333, 0.6813851438692465]",129,146
victim,"[-0.09759000729485333, 0.6813851438692465]",130,147
turkey,"[0.5374838498865699, -0.10482848367219183]",16,33
turkey,"[0.5374838498865699, -0.13363062095621217]",17,34
turkey,"[0.5374838498865699, -0.1336306209562122]",18,35
turkey,"[0.5374838498865699, -0.1336306209562122]",19,36
turkey,"[0.6831300510639731, -0.10482848367219183]",20,37
turkey,"[0.6831300510639731, -0.10482848367219186]",21,38
turkey,"[0.6831300510639731, -0.10482848367219186]",22,39
turkey,"[0.6831300510639731, -0.10482848367219183]",23,40
turkey,"[0.6831300510639731, -0.10482848367219186]",24,41
turkey,"[0.6831300510639731, -0.10482848367219186]",25,42
turkey,"[0.6831300510639731, -0.10482848367219186]",26,43
turkey,"[0.6831300510639731, -0.10482848367219186]",27,44
turkey,"[0.6831300510639731, -0.10482848367219189]",28,45
turkey,"[0.9999999999999999, -0.07142857142857148]",29,46
turkey,"[0.9999999999999999, -0.07142857142857142]",30,47
turkey,"[0.9999999999999999, nan]",31,48
facebook users,"[0.9999999999999999, -0.07142857142857145]",0,17
facebook users,"[0.9999999999999999, -0.07142857142857144]",1,18
facebook users,"[0.9999999999999999, -0.07142857142857142]",2,19
facebook users,"[0.9999999999999999, -0.07142857142857145]",3,20
facebook users,"[0.9999999999999999, -0.07142857142857144]",4,21
facebook users,"[0.9999999999999999, -0.07142857142857141]",5,22
facebook users,"[0.9999999999999999, -0.07142857142857144]",6,23
facebook users,"[0.9999999999999999, -0.07142857142857148]",7,24
facebook users,"[0.9999999999999999, -0.07142857142857142]",8,25
facebook users,"[0.9999999999999999, nan]",9,26
facebook users,"[0.9999999999999999, nan]",38,55
facebook users,"[0.9999999999999999, -0.07142857142857145]",39,56
facebook users,"[0.9999999999999999, -0.07142857142857145]",40,57
facebook users,"[0.6831300510639732, -0.07142857142857145]",41,58
facebook users,"[0.6831300510639731, -0.10482848367219183]",42,59
facebook users,"[0.6831300510639731, -0.10482848367219184]",43,60
facebook users,"[0.6831300510639731, -0.10482848367219184]",44,61
facebook users,"[0.6831300510639731, -0.10482848367219183]",45,62
facebook users,"[0.6831300510639731, -0.10482848367219186]",46,63
facebook users,"[0.6831300510639731, -0.10482848367219186]",47,64
facebook users,"[0.6831300510639731, -0.10482848367219186]",48,65
facebook users,"[0.6831300510639731, -0.10482848367219186]",49,66
facebook users,"[0.6831300510639731, -0.10482848367219189]",50,67
facebook users,"[0.6831300510639731, -0.10482848367219189]",51,68
facebook users,"[0.6831300510639731, -0.10482848367219189]",52,69
facebook users,"[0.6831300510639731, nan]",53,70
facebook users,"[0.5374838498865699, 0.6813851438692469]",55,72
facebook users,"[0.447213595499958, 0.5345224838248488]",56,73
facebook users,"[0.5374838498865699, 0.5345224838248489]",57,74
facebook users,"[0.447213595499958, 0.5345224838248488]",58,75
jeff sessions,"[-0.06666666666666665, 1.0]",91,108
jeff sessions,"[-0.06666666666666665, 0.9999999999999999]",92,109
jeff sessions,"[-0.06666666666666665, 0.9999999999999999]",93,110
jeff sessions,"[-0.06666666666666665, 0.9999999999999999]",94,111
jeff sessions,"[-0.06666666666666665, 0.9999999999999999]",95,112
jeff sessions,"[-0.06666666666666665, 0.9999999999999999]",96,113
jeff sessions,"[-0.06666666666666665, 0.9999999999999999]",97,114
jeff sessions,"[-0.06666666666666665, 0.9999999999999997]",98,115
jeff sessions,"[-0.06666666666666665, 0.9999999999999998]",99,116
jeff sessions,"[-0.06666666666666665, 0.9999999999999998]",100,117
jeff sessions,"[-0.06666666666666665, 0.9999999999999996]",101,118
jeff sessions,"[-0.06666666666666665, 0.9999999999999996]",102,119
jeff sessions,"[-0.06666666666666665, 0.9999999999999998]",103,120
jeff sessions,"[-0.06666666666666665, 0.9999999999999998]",104,121
jeff sessions,"[-0.06666666666666665, 0.9999999999999996]",105,122
protesters,"[0.6831300510639731, nan]",24,41
protesters,"[0.6831300510639731, -0.10482848367219183]",25,42
protesters,"[0.6831300510639731, -0.10482848367219183]",26,43
protesters,"[0.6831300510639731, -0.10482848367219184]",27,44
protesters,"[0.6831300510639731, -0.10482848367219186]",28,45
protesters,"[0.6831300510639731, -0.10482848367219186]",29,46
protesters,"[0.6831300510639731, -0.10482848367219189]",30,47
protesters,"[0.6831300510639731, -0.10482848367219186]",31,48
protesters,"[0.6831300510639731, -0.10482848367219183]",32,49
protesters,"[0.6831300510639731, -0.10482848367219186]",33,50
protesters,"[0.6831300510639731, -0.10482848367219191]",34,51
protesters,"[0.6831300510639731, -0.07142857142857141]",35,52
protesters,"[0.9999999999999999, -0.07142857142857144]",36,53
protesters,"[0.9999999999999999, -0.07142857142857148]",37,54
protesters,"[0.9999999999999999, -0.07142857142857142]",38,55
protesters,"[0.9999999999999999, nan]",39,56
protesters,"[-0.06666666666666665, 1.0]",91,108
protesters,"[-0.06666666666666665, 0.9999999999999999]",92,109
protesters,"[-0.06666666666666665, 0.9999999999999999]",93,110
protesters,"[-0.06666666666666665, 0.9999999999999999]",94,111
protesters,"[-0.06666666666666665, 0.9999999999999999]",95,112
protesters,"[-0.06666666666666665, 0.9999999999999999]",96,113
protesters,"[-0.06666666666666665, 0.9999999999999999]",97,114
protesters,"[-0.06666666666666665, 0.9999999999999997]",98,115
protesters,"[-0.06666666666666665, 0.9999999999999998]",99,116
protesters,"[-0.06666666666666665, 0.9999999999999998]",100,117
protesters,"[-0.06666666666666665, 0.9999999999999996]",101,118
protesters,"[-0.06666666666666665, 0.9999999999999996]",102,119
protesters,"[-0.06666666666666665, 0.9999999999999998]",103,120
protesters,"[-0.09759000729485331, 0.9999999999999998]",104,121
protesters,"[-0.09759000729485331, 0.6813851438692464]",105,122
new york times,"[-0.12403473458920845, 0.5345224838248487]",50,67
new york times,"[-0.12403473458920845, 0.5345224838248487]",51,68
new york times,"[-0.12403473458920845, 0.5345224838248488]",52,69
new york times,"[-0.12403473458920845, 0.5345224838248486]",53,70
new york times,"[-0.12403473458920845, 0.5345224838248486]",54,71
new york times,"[-0.12403473458920845, 0.5345224838248486]",55,72
new york times,"[-0.0975900072948533, 0.6813851438692466]",56,73
new york times,"[-0.0975900072948533, 0.6813851438692465]",57,74
new york times,"[-0.09759000729485331, 0.6813851438692466]",58,75
new york times,"[-0.06666666666666665, 0.9999999999999998]",59,76
new york times,"[-0.06666666666666665, 0.9999999999999996]",60,77
new york times,"[-0.06666666666666665, 0.9999999999999996]",61,78
new york times,"[-0.06666666666666665, 0.9999999999999998]",62,79
new york times,"[-0.06666666666666665, 0.9999999999999998]",63,80
new york times,"[-0.06666666666666665, 0.9999999999999996]",64,81
mike pence,"[0.5374838498865699, 0.6813851438692469]",106,123
mike pence,"[0.5374838498865699, 0.5345224838248489]",107,124
mike pence,"[0.5374838498865699, 0.5345224838248488]",108,125
mike pence,"[0.5374838498865699, 0.5345224838248487]",109,126
mike pence,"[0.5374838498865699, 0.5345224838248487]",110,127
mike pence,"[0.5374838498865699, 0.5345224838248486]",111,128
mike pence,"[0.5374838498865699, 0.5345224838248486]",112,129
mike pence,"[0.5374838498865699, 0.5345224838248486]",113,130
mike pence,"[0.53748384988657, 0.5345224838248486]",114,131
mike pence,"[0.53748384988657, 0.6813851438692466]",115,132
mike pence,"[0.53748384988657, 0.5345224838248485]",116,133
mike pence,"[0.53748384988657, 0.5345224838248483]",117,134
mike pence,"[0.53748384988657, 0.5345224838248486]",118,135
mike pence,"[0.53748384988657, 0.5345224838248485]",119,136
mike pence,"[0.53748384988657, 0.5345224838248485]",120,137
mike pence,"[0.6831300510639731, nan]",121,138
saudi arabia,"[0.5374838498865699, -0.10482848367219183]",30,47
saudi arabia,"[0.5374838498865699, -0.1336306209562122]",31,48
saudi arabia,"[0.5374838498865699, -0.1336306209562122]",32,49
saudi arabia,"[0.6831300510639731, -0.10482848367219184]",33,50
saudi arabia,"[0.9999999999999999, -0.07142857142857145]",34,51
saudi arabia,"[0.9999999999999999, -0.07142857142857145]",35,52
saudi arabia,"[0.9999999999999999, -0.07142857142857145]",36,53
saudi arabia,"[0.9999999999999999, -0.07142857142857144]",37,54
saudi arabia,"[0.9999999999999999, -0.07142857142857142]",38,55
saudi arabia,"[0.9999999999999999, -0.07142857142857145]",39,56
saudi arabia,"[0.9999999999999999, -0.07142857142857144]",40,57
saudi arabia,"[0.9999999999999999, -0.07142857142857141]",41,58
saudi arabia,"[0.9999999999999999, -0.07142857142857144]",42,59
saudi arabia,"[0.9999999999999999, -0.07142857142857148]",43,60
saudi arabia,"[0.9999999999999999, -0.07142857142857142]",44,61
saudi arabia,"[0.6831300510639731, nan]",45,62
south korea,"[-0.1815682598006407, 0.5345224838248486]",39,56
south korea,"[-0.12403473458920843, 0.5345224838248486]",40,57
south korea,"[-0.12403473458920843, 0.5345224838248485]",41,58
south korea,"[-0.12403473458920843, 0.5345224838248486]",42,59
south korea,"[-0.12403473458920843, 0.5345224838248487]",43,60
south korea,"[-0.12403473458920843, 0.5345224838248486]",44,61
south korea,"[-0.12403473458920843, 0.5345224838248486]",45,62
south korea,"[-0.09759000729485331, 0.6813851438692465]",46,63
south korea,"[-0.09759000729485331, 0.6813851438692465]",47,64
south korea,"[-0.09759000729485331, 0.6813851438692464]",48,65
european union,"[-0.06666666666666665, 1.0]",62,79
european union,"[-0.06666666666666665, 0.9999999999999999]",63,80
european union,"[-0.06666666666666665, 0.9999999999999999]",64,81
european union,"[-0.06666666666666665, 0.9999999999999999]",65,82
european union,"[-0.06666666666666665, 0.9999999999999999]",66,83
european union,"[-0.06666666666666665, 0.9999999999999999]",67,84
european union,"[-0.06666666666666665, 0.9999999999999999]",68,85
european union,"[-0.06666666666666665, 0.9999999999999997]",69,86
european union,"[-0.06666666666666665, 0.9999999999999998]",70,87
european union,"[-0.06666666666666665, 0.9999999999999998]",71,88
european union,"[-0.06666666666666665, 0.9999999999999996]",72,89
european union,"[-0.06666666666666665, 0.9999999999999996]",73,90
european union,"[-0.06666666666666665, 0.9999999999999998]",74,91
european union,"[-0.06666666666666665, 0.9999999999999998]",75,92
european union,"[-0.06666666666666665, 0.9999999999999996]",76,93
melania trump,"[-0.0975900072948533, 0.6813851438692469]",54,71
tesla,"[-0.12403473458920844, 0.5345224838248488]",62,79
tesla,"[-0.12403473458920844, 0.5345224838248487]",63,80
tesla,"[-0.12403473458920844, 0.5345224838248486]",64,81
tesla,"[-0.12403473458920844, 0.6813851438692468]",65,82
tesla,"[-0.09759000729485331, 0.6813851438692468]",66,83
tesla,"[-0.09759000729485331, 0.6813851438692468]",67,84
tesla,"[-0.0975900072948533, 0.6813851438692466]",68,85
tesla,"[-0.09759000729485331, 0.6813851438692466]",69,86
tesla,"[-0.09759000729485331, 0.6813851438692466]",70,87
tesla,"[-0.09759000729485331, 0.6813851438692466]",71,88
tesla,"[-0.09759000729485331, 0.6813851438692465]",72,89
tesla,"[-0.09759000729485331, 0.6813851438692464]",73,90
tesla,"[-0.09759000729485331, 0.6813851438692465]",74,91
tesla,"[-0.09759000729485331, 0.9999999999999998]",75,92
tesla,"[-0.06666666666666665, 0.9999999999999996]",76,93
african americans,"[-0.12403473458920843, 0.5345224838248486]",0,17
african americans,"[-0.12403473458920843, 0.5345224838248486]",1,18
african americans,"[-0.12403473458920843, 0.5345224838248486]",2,19
african americans,"[-0.12403473458920843, 0.5345224838248485]",3,20
undocumented immigrants,"[0.9999999999999999, nan]",11,28
undocumented immigrants,"[0.6831300510639732, 0.6813851438692469]",12,29
undocumented immigrants,"[0.6831300510639732, 0.6813851438692469]",13,30
undocumented immigrants,"[0.6831300510639732, 0.6813851438692469]",14,31
undocumented immigrants,"[0.42857142857142844, 0.6813851438692468]",15,32
bill clinton,"[-0.12403473458920845, 0.5345224838248487]",2,19
bill clinton,"[-0.1384091330895666, 0.5345224838248488]",3,20
society,"[0.9999999999999999, nan]",95,112
society,"[0.9999999999999999, -0.07142857142857145]",96,113
society,"[0.6831300510639731, -0.07142857142857145]",97,114
society,"[0.6831300510639731, -0.10482848367219183]",98,115
society,"[0.683130051063973, -0.10482848367219184]",99,116
society,"[0.683130051063973, -0.10482848367219184]",100,117
society,"[0.683130051063973, -0.10482848367219183]",101,118
society,"[0.683130051063973, -0.10482848367219183]",102,119
society,"[0.683130051063973, -0.10482848367219186]",103,120
society,"[0.53748384988657, -0.10482848367219186]",104,121
society,"[0.53748384988657, -0.1336306209562122]",105,122
society,"[0.53748384988657, -0.13363062095621217]",106,123
society,"[0.53748384988657, -0.13363062095621228]",107,124
society,"[0.53748384988657, -0.13363062095621228]",108,125
society,"[0.53748384988657, -0.13363062095621234]",109,126
society,"[0.53748384988657, nan]",110,127
michael cohen,"[0.8886345489020486, nan]",55,72
michael cohen,"[0.8307471607356973, -0.09869275424396536]",56,73
michael cohen,"[0.8307471607356973, -0.12760182301773407]",57,74
michael cohen,"[0.8307471607356973, -0.127601823017734]",58,75
michael cohen,"[0.8307471607356973, -0.127601823017734]",59,76
michael cohen,"[0.8307471607356973, -0.12760182301773398]",60,77
michael cohen,"[0.7822892653807599, -0.12760182301773398]",61,78
michael cohen,"[0.7822892653807599, -0.15604694598308985]",62,79
michael cohen,"[0.7822892653807599, -0.15604694598308988]",63,80
michael cohen,"[0.7822892653807599, -0.15604694598308988]",64,81
michael cohen,"[0.7822892653807599, -0.1560469459830899]",65,82
michael cohen,"[0.7822892653807599, -0.1560469459830897]",66,83
michael cohen,"[0.7822892653807599, -0.15604694598308994]",67,84
michael cohen,"[0.7822892653807599, -0.15604694598308996]",68,85
michael cohen,"[0.7822892653807599, -0.11293848786315641]",69,86
michael cohen,"[0.9035128891381972, nan]",70,87
american democracy,"[-0.12403473458920844, 0.5345224838248488]",114,131
american democracy,"[-0.12403473458920844, 0.5345224838248488]",115,132
american democracy,"[-0.12403473458920844, 0.5345224838248486]",116,133
american democracy,"[-0.0975900072948533, 0.6813851438692468]",117,134
american democracy,"[-0.0975900072948533, 0.6813851438692468]",118,135
american democracy,"[-0.0975900072948533, 0.6813851438692468]",119,136
american democracy,"[-0.0975900072948533, 0.6813851438692468]",120,137
american democracy,"[-0.06666666666666665, 0.9999999999999997]",121,138
american democracy,"[-0.06666666666666665, 0.9999999999999998]",122,139
american democracy,"[-0.06666666666666665, 0.9999999999999998]",123,140
american democracy,"[-0.06666666666666665, 0.9999999999999996]",124,141
american democracy,"[-0.06666666666666665, 0.9999999999999996]",125,142
american democracy,"[-0.06666666666666665, 0.9999999999999998]",126,143
american democracy,"[-0.06666666666666665, 0.9999999999999998]",127,144
american democracy,"[-0.06666666666666665, 0.9999999999999996]",128,145
american democracy,"[-0.09759000729485331, 0.6813851438692469]",146,163
american democracy,"[-0.09759000729485331, 0.6813851438692469]",147,164
american democracy,"[-0.09759000729485331, 0.6813851438692469]",148,165
american democracy,"[-0.09759000729485331, 0.6813851438692468]",149,166
american democracy,"[-0.0975900072948533, 0.6813851438692468]",150,167
american democracy,"[-0.0975900072948533, 0.6813851438692468]",151,168
marco rubio,"[0.8304744400931678, 0.3314967720658981]",0,17
marco rubio,"[0.8304744400931678, 0.3314967720658981]",1,18
marco rubio,"[0.8304744400931678, 0.33149677206589806]",2,19
marco rubio,"[0.8819171036881966, 0.25396640309678564]",3,20
marco rubio,"[0.9467292624062574, nan]",4,21
italy,"[-0.06666666666666665, 0.9999999999999998]",0,17
italy,"[-0.06666666666666665, 0.9999999999999996]",1,18
italy,"[-0.06666666666666665, 0.9999999999999996]",2,19
italy,"[-0.06666666666666665, 0.9999999999999998]",3,20
italy,"[-0.06666666666666665, 0.9999999999999998]",4,21
italy,"[-0.06666666666666665, 0.9999999999999996]",5,22
ivanka trump,"[0.6831300510639732, -0.07142857142857144]",42,59
ivanka trump,"[0.6831300510639732, -0.10482848367219183]",43,60
ivanka trump,"[0.6831300510639732, -0.10482848367219184]",44,61
ivanka trump,"[0.6831300510639732, -0.10482848367219184]",45,62
ivanka trump,"[0.6831300510639731, -0.10482848367219183]",46,63
ivanka trump,"[0.6831300510639731, -0.10482848367219186]",47,64
ivanka trump,"[0.6831300510639731, -0.10482848367219189]",48,65
ivanka trump,"[0.6831300510639731, -0.10482848367219183]",49,66
ivanka trump,"[0.6831300510639731, -0.10482848367219186]",50,67
ivanka trump,"[0.6831300510639731, -0.10482848367219186]",51,68
ivanka trump,"[0.6831300510639731, -0.10482848367219186]",52,69
ivanka trump,"[0.9999999999999999, -0.07142857142857141]",53,70
ivanka trump,"[0.9999999999999999, -0.07142857142857144]",54,71
ivanka trump,"[0.9999999999999999, -0.07142857142857148]",55,72
ivanka trump,"[0.9999999999999999, -0.07142857142857142]",56,73
ivanka trump,"[0.9999999999999999, nan]",57,74
asylum seekers,"[0.53748384988657, -0.13363062095621223]",68,85
asylum seekers,"[0.53748384988657, -0.13363062095621217]",69,86
asylum seekers,"[0.5374838498865699, -0.13363062095621228]",70,87
asylum seekers,"[0.5374838498865699, -0.1336306209562123]",71,88
asylum seekers,"[0.5374838498865699, -0.13363062095621223]",72,89
asylum seekers,"[0.5374838498865699, nan]",73,90
heather heyer,"[1.0, nan]",23,40
heather heyer,"[0.6831300510639732, 0.6813851438692469]",24,41
heather heyer,"[0.6831300510639732, 0.6813851438692469]",25,42
heather heyer,"[0.6299407883487119, 0.681385143869247]",26,43
heather heyer,"[0.6299407883487119, 0.62684858650382]",27,44
heather heyer,"[0.6299407883487119, 0.62684858650382]",28,45
heather heyer,"[0.6299407883487119, 0.6268485865038201]",29,46
heather heyer,"[0.6299407883487119, 0.6268485865038199]",30,47
heather heyer,"[0.6299407883487118, 0.6268485865038199]",31,48
heather heyer,"[0.6299407883487118, 0.6268485865038199]",32,49
heather heyer,"[0.6299407883487118, 0.6268485865038199]",33,50
heather heyer,"[0.6299407883487118, 0.62684858650382]",34,51
heather heyer,"[0.6299407883487118, 0.6268485865038199]",35,52
heather heyer,"[0.6299407883487118, 0.6268485865038199]",36,53
heather heyer,"[0.6299407883487118, 0.6268485865038199]",37,54
heather heyer,"[0.6299407883487118, 0.9466020479062005]",38,55
economy,"[-0.06666666666666665, 1.0]",50,67
economy,"[-0.06666666666666665, 0.9999999999999999]",51,68
economy,"[-0.06666666666666665, 0.9999999999999999]",52,69
economy,"[-0.06666666666666665, 0.9999999999999999]",53,70
economy,"[-0.06666666666666665, 0.9999999999999999]",54,71
economy,"[-0.06666666666666665, 0.9999999999999999]",55,72
economy,"[-0.0975900072948533, 0.9999999999999999]",56,73
economy,"[-0.0975900072948533, 0.6813851438692466]",57,74
economy,"[-0.09759000729485331, 0.6813851438692466]",58,75
economy,"[-0.09759000729485331, 0.6813851438692466]",59,76
economy,"[-0.09759000729485331, 0.6813851438692465]",60,77
economy,"[-0.09759000729485331, 0.6813851438692465]",61,78
economy,"[-0.09759000729485331, 0.6813851438692465]",62,79
economy,"[-0.09759000729485331, 0.6813851438692465]",63,80
economy,"[-0.09759000729485331, 0.6813851438692464]",64,81
alexei navalny,"[0.5831296952211334, -0.09869275424396536]",111,128
alexei navalny,"[0.8886345489020485, -0.09869275424396531]",112,129
alexei navalny,"[0.8886345489020485, -0.09869275424396533]",113,130
alexei navalny,"[0.8886345489020485, -0.09869275424396533]",114,131
alexei navalny,"[0.8886345489020485, -0.09869275424396534]",115,132
alexei navalny,"[0.5831296952211334, -0.09869275424396534]",116,133
alexei navalny,"[0.5831296952211334, -0.14484136487558028]",117,134
alexei navalny,"[0.5831296952211334, -0.14484136487558028]",118,135
alexei navalny,"[0.5831296952211334, -0.14484136487558022]",119,136
alexei navalny,"[0.5831296952211334, -0.14484136487558022]",120,137
alexei navalny,"[0.5831296952211334, -0.14484136487558016]",121,138
alexei navalny,"[0.5831296952211334, -0.1448413648755802]",122,139
alexei navalny,"[0.5831296952211334, -0.10482848367219189]",123,140
alexei navalny,"[0.6831300510639731, -0.10482848367219189]",124,141
alexei navalny,"[0.6831300510639731, -0.10482848367219189]",125,142
alexei navalny,"[0.6831300510639731, nan]",126,143
future generations,"[0.9999999999999999, nan]",22,39
future generations,"[0.9999999999999999, -0.07142857142857145]",23,40
future generations,"[0.9999999999999999, -0.07142857142857145]",24,41
future generations,"[0.9999999999999999, -0.07142857142857145]",25,42
future generations,"[0.9999999999999999, -0.07142857142857145]",26,43
future generations,"[0.9999999999999999, -0.07142857142857145]",27,44
future generations,"[0.9999999999999999, -0.07142857142857145]",28,45
future generations,"[0.9999999999999999, -0.07142857142857144]",29,46
future generations,"[0.6831300510639731, -0.10482848367219183]",30,47
future generations,"[0.6831300510639731, -0.10482848367219187]",31,48
future generations,"[0.6831300510639731, -0.10482848367219187]",32,49
future generations,"[0.6831300510639731, -0.10482848367219186]",33,50
future generations,"[0.6831300510639731, -0.10482848367219186]",34,51
future generations,"[0.6831300510639731, -0.10482848367219189]",35,52
future generations,"[0.6831300510639731, -0.10482848367219194]",36,53
future generations,"[0.6831300510639731, -0.07142857142857141]",37,54
david hogg,"[0.8886345489020485, 1.0]",38,55
david hogg,"[0.8886345489020485, 0.39477101697586137]",39,56
david hogg,"[0.8886345489020485, 0.39477101697586137]",40,57
david hogg,"[0.8886345489020485, 0.39477101697586137]",41,58
david hogg,"[0.8886345489020485, 0.39477101697586137]",42,59
david hogg,"[0.8886345489020485, 0.3947710169758613]",43,60
david hogg,"[0.8886345489020485, 0.3947710169758613]",44,61
david hogg,"[0.808290376865476, 0.3947710169758613]",45,62
david hogg,"[0.8082903768654759, 0.3417533713006599]",46,63
david hogg,"[0.8082903768654759, 0.3417533713006599]",47,64
david hogg,"[0.8082903768654759, 0.34175337130065975]",48,65
david hogg,"[0.8082903768654759, 0.3417533713006598]",49,66
david hogg,"[0.8082903768654759, 0.3417533713006598]",50,67
david hogg,"[0.8082903768654759, 0.3417533713006598]",51,68
david hogg,"[0.8082903768654759, 0.34175337130065964]",52,69
david hogg,"[0.8886345489020484, nan]",53,70
jacob blake,"[0.820724279183211, nan]",96,113
jacob blake,"[0.820724279183211, -0.1024900077113485]",97,114
jacob blake,"[0.820724279183211, -0.1024900077113485]",98,115
jacob blake,"[0.820724279183211, -0.1024900077113485]",99,116
jacob blake,"[0.820724279183211, -0.1024900077113485]",100,117
jacob blake,"[0.820724279183211, -0.1024900077113485]",101,118
jacob blake,"[0.820724279183211, -0.1024900077113485]",102,119
jacob blake,"[0.820724279183211, -0.10249000771134847]",103,120
jacob blake,"[0.820724279183211, -0.10249000771134847]",104,121
jacob blake,"[0.820724279183211, -0.10249000771134847]",105,122
jacob blake,"[0.820724279183211, -0.1024900077113485]",106,123
jacob blake,"[0.820724279183211, -0.10249000771134845]",107,124
jacob blake,"[0.820724279183211, -0.10249000771134845]",108,125
jacob blake,"[0.820724279183211, -0.1024900077113485]",109,126
jacob blake,"[0.820724279183211, -0.07142857142857148]",110,127
jacob blake,"[1.0, nan]",111,128
general public,"[-0.14285714285714285, 0.6813851438692469]",119,136
general public,"[-0.0975900072948533, 0.6813851438692469]",120,137
general public,"[-0.12403473458920845, 0.6813851438692468]",121,138
general public,"[-0.12403473458920843, 0.5345224838248487]",122,139
general public,"[-0.12403473458920843, 0.5345224838248486]",123,140
general public,"[-0.12403473458920843, 0.5345224838248486]",124,141
general public,"[-0.12403473458920843, 0.5345224838248485]",125,142
general public,"[-0.09759000729485331, 0.6813851438692466]",126,143
general public,"[-0.09759000729485331, 0.6813851438692466]",127,144
general public,"[-0.09759000729485331, 0.6813851438692466]",128,145
general public,"[-0.09759000729485333, 0.6813851438692465]",129,146
general public,"[-0.09759000729485333, 0.6813851438692465]",130,147
general public,"[-0.09759000729485333, 0.6813851438692465]",131,148
general public,"[-0.09759000729485333, 0.6813851438692465]",132,149
meghan markle,"[0.5374838498865699, nan]",109,126
meghan markle,"[0.5374838498865699, -0.13363062095621217]",110,127
meghan markle,"[0.5374838498865699, -0.13363062095621217]",111,128
meghan markle,"[0.5374838498865699, -0.1336306209562122]",112,129
meghan markle,"[0.5374838498865699, -0.1336306209562122]",113,130
meghan markle,"[0.5374838498865699, -0.13363062095621223]",114,131
meghan markle,"[0.5374838498865699, -0.13363062095621223]",115,132
meghan markle,"[0.5374838498865699, -0.13363062095621225]",116,133
meghan markle,"[0.53748384988657, -0.13363062095621223]",117,134
meghan markle,"[0.53748384988657, -0.1336306209562123]",118,135
meghan markle,"[0.53748384988657, -0.13363062095621228]",119,136
meghan markle,"[0.53748384988657, -0.10482848367219189]",122,139
meghan markle,"[0.6831300510639731, -0.10482848367219189]",123,140
meghan markle,"[0.6831300510639731, -0.07142857142857144]",124,141
brittney griner,"[0.9999999999999999, nan]",139,156
brittney griner,"[0.6831300510639732, 0.6813851438692469]",140,157
brittney griner,"[0.4285714285714285, 0.6813851438692469]",141,158
brittney griner,"[0.1794871794871795, 0.5833333333333333]",143,160
brittney griner,"[0.1794871794871795, 0.5833333333333333]",144,161
brittney griner,"[0.1794871794871795, 0.5833333333333334]",145,162
brittney griner,"[0.1794871794871795, 0.5833333333333334]",146,163
brittney griner,"[0.1794871794871795, 0.5833333333333335]",147,164
brittney griner,"[0.1794871794871795, 0.5833333333333335]",148,165
brittney griner,"[0.1794871794871795, 0.5833333333333335]",149,166
brittney griner,"[0.1794871794871795, 0.5833333333333335]",150,167
brittney griner,"[0.0924500327042049, 0.5833333333333337]",151,168
iraq,"[-0.09192771195538432, 0.8882347881956881]",26,43
iraq,"[-0.09192771195538432, 0.9999999999999999]",27,44
iraq,"[-0.06666666666666665, 0.9999999999999999]",28,45
iraq,"[-0.06666666666666665, 0.9999999999999999]",29,46
iraq,"[-0.06666666666666665, 0.9999999999999999]",30,47
iraq,"[-0.06666666666666665, 0.9999999999999999]",31,48
iraq,"[-0.06666666666666665, 0.9999999999999999]",32,49
iraq,"[-0.06666666666666665, 0.9999999999999997]",33,50
iraq,"[-0.06666666666666665, 0.9999999999999998]",34,51
iraq,"[-0.06666666666666665, 0.9999999999999998]",35,52
iraq,"[-0.06666666666666665, 0.9999999999999996]",36,53
iraq,"[-0.06666666666666665, 0.9999999999999996]",37,54
iraq,"[-0.06666666666666665, 0.9999999999999998]",38,55
iraq,"[-0.06666666666666665, 0.9999999999999998]",39,56
iraq,"[-0.06666666666666665, 0.9999999999999996]",40,57
nobody,"[-0.06666666666666665, 0.9999999999999999]",0,17
nobody,"[-0.06666666666666665, 0.9999999999999999]",1,18
nobody,"[-0.06666666666666665, 0.9999999999999999]",2,19
nobody,"[-0.06666666666666665, 0.9999999999999999]",3,20
nobody,"[-0.06666666666666665, 0.9999999999999999]",4,21
nobody,"[-0.06666666666666665, 0.9999999999999999]",5,22
nobody,"[-0.06666666666666665, 0.9999999999999997]",6,23
nobody,"[-0.06666666666666665, 0.9999999999999998]",7,24
nobody,"[-0.06666666666666665, 0.9999999999999998]",8,25
nobody,"[-0.06666666666666665, 0.9999999999999996]",9,26
nobody,"[-0.06666666666666665, 0.9999999999999996]",10,27
nobody,"[-0.06666666666666665, 0.9999999999999998]",11,28
nobody,"[-0.09759000729485331, 0.6813851438692465]",12,29
nobody,"[-0.09759000729485331, 0.6813851438692464]",13,30
disney,"[0.9999999999999999, nan]",150,167
disney,"[0.9999999999999999, -0.07142857142857145]",151,168
immigrant families,"[0.9999999999999999, nan]",44,61
immigrant families,"[0.6831300510639732, -0.07142857142857145]",45,62
immigrant families,"[0.6831300510639732, -0.10482848367219184]",46,63
immigrant families,"[0.6831300510639732, -0.10482848367219184]",47,64
immigrant families,"[0.6831300510639731, -0.10482848367219184]",48,65
immigrant families,"[0.6831300510639731, -0.10482848367219183]",49,66
immigrant families,"[0.6831300510639731, -0.10482848367219183]",50,67
immigrant families,"[0.6831300510639731, -0.10482848367219186]",51,68
immigrant families,"[0.6831300510639731, -0.10482848367219186]",52,69
immigrant families,"[0.6831300510639731, -0.10482848367219186]",53,70
immigrant families,"[0.6831300510639731, -0.10482848367219186]",54,71
immigrant families,"[0.6831300510639731, -0.10482848367219186]",55,72
immigrant families,"[0.6831300510639731, -0.10482848367219189]",56,73
immigrant families,"[0.6831300510639731, -0.10482848367219189]",57,74
immigrant families,"[0.6831300510639731, -0.10482848367219189]",58,75
immigrant families,"[0.6831300510639731, nan]",59,76
residents,"[0.9999999999999999, nan]",96,113
residents,"[0.9999999999999999, -0.07142857142857145]",97,114
residents,"[0.9999999999999999, -0.07142857142857145]",98,115
residents,"[0.9999999999999999, -0.07142857142857145]",99,116
residents,"[0.9999999999999999, -0.07142857142857145]",100,117
residents,"[0.9999999999999999, -0.07142857142857145]",101,118
residents,"[0.9999999999999999, -0.07142857142857145]",102,119
residents,"[0.9999999999999999, -0.07142857142857144]",103,120
residents,"[0.9999999999999999, -0.07142857142857142]",104,121
residents,"[0.9999999999999999, -0.07142857142857145]",105,122
residents,"[0.9999999999999999, -0.07142857142857144]",106,123
residents,"[0.9999999999999999, -0.07142857142857141]",107,124
residents,"[0.9999999999999999, -0.07142857142857144]",108,125
residents,"[0.6831300510639731, -0.07142857142857148]",109,126
residents,"[0.6831300510639731, -0.10482848367219187]",110,127
residents,"[0.6831300510639731, nan]",111,128
mika brzezinski,"[0.6831300510639732, nan]",20,37
mika brzezinski,"[0.6831300510639732, -0.10482848367219184]",21,38
mika brzezinski,"[0.6831300510639732, -0.10482848367219184]",22,39
mika brzezinski,"[0.6831300510639732, -0.10482848367219184]",23,40
mika brzezinski,"[0.6831300510639731, -0.10482848367219186]",24,41
mika brzezinski,"[0.6831300510639731, -0.10482848367219189]",25,42
mika brzezinski,"[0.6831300510639731, -0.10482848367219186]",26,43
mika brzezinski,"[0.6831300510639731, -0.10482848367219186]",27,44
mika brzezinski,"[0.6831300510639731, -0.10482848367219183]",28,45
mika brzezinski,"[0.6831300510639731, -0.10482848367219186]",29,46
mika brzezinski,"[0.6831300510639731, -0.10482848367219186]",30,47
mika brzezinski,"[0.6831300510639731, -0.10482848367219186]",31,48
mika brzezinski,"[0.6831300510639731, -0.10482848367219186]",32,49
mika brzezinski,"[0.6831300510639731, -0.10482848367219189]",33,50
mika brzezinski,"[0.6831300510639731, -0.07142857142857142]",34,51
mika brzezinski,"[0.9999999999999999, nan]",35,52
17 people,"[0.6831300510639731, nan]",36,53
17 people,"[0.5831296952211336, -0.10482848367219183]",37,54
17 people,"[0.5831296952211336, -0.14484136487558028]",38,55
17 people,"[0.5831296952211336, -0.14484136487558025]",39,56
17 people,"[0.5831296952211336, -0.14484136487558025]",40,57
17 people,"[0.5831296952211336, -0.14484136487558022]",41,58
17 people,"[0.5831296952211336, -0.14484136487558022]",42,59
17 people,"[0.5831296952211336, -0.1448413648755802]",43,60
17 people,"[0.5831296952211333, -0.1448413648755802]",44,61
17 people,"[0.5831296952211333, -0.1448413648755802]",45,62
17 people,"[0.5831296952211333, -0.14484136487558016]",46,63
17 people,"[0.5831296952211333, -0.14484136487558016]",47,64
17 people,"[0.5831296952211333, -0.14484136487558016]",48,65
17 people,"[0.5831296952211333, -0.0986927542439654]",49,66
17 people,"[0.8886345489020484, -0.09869275424396534]",50,67
17 people,"[0.8886345489020484, nan]",51,68
george soros,"[0.9999999999999999, nan]",52,69
george soros,"[0.9999999999999999, -0.07142857142857145]",53,70
george soros,"[0.9999999999999999, -0.07142857142857145]",54,71
george soros,"[0.9999999999999999, -0.07142857142857145]",55,72
george soros,"[0.9999999999999999, -0.07142857142857145]",56,73
george soros,"[0.9999999999999999, -0.07142857142857145]",57,74
george soros,"[0.9999999999999999, -0.07142857142857145]",58,75
george soros,"[0.9999999999999999, -0.07142857142857144]",59,76
george soros,"[0.9999999999999999, -0.07142857142857142]",60,77
george soros,"[0.9999999999999999, -0.07142857142857145]",61,78
george soros,"[0.9999999999999999, -0.07142857142857144]",62,79
george soros,"[0.9999999999999999, -0.07142857142857141]",63,80
george soros,"[0.9999999999999999, -0.07142857142857144]",64,81
george soros,"[0.9999999999999999, -0.07142857142857148]",65,82
george soros,"[0.9999999999999999, -0.07142857142857142]",66,83
george soros,"[0.9999999999999999, nan]",67,84
afghans,"[-0.06666666666666667, 1.0]",120,137
afghans,"[-0.06666666666666667, 1.0]",121,138
afghans,"[-0.06666666666666667, 1.0]",122,139
afghans,"[-0.06666666666666667, 1.0]",123,140
afghans,"[-0.06666666666666667, 1.0]",124,141
afghans,"[-0.06666666666666667, 1.0]",125,142
afghans,"[-0.06666666666666667, 1.0]",126,143
afghans,"[-0.06666666666666667, 0.9999999999999998]",127,144
afghans,"[-0.06666666666666667, 0.9999999999999998]",128,145
afghans,"[-0.06666666666666667, 0.9999999999999998]",129,146
afghans,"[-0.06666666666666667, 0.9999999999999999]",130,147
afghans,"[-0.06666666666666667, 0.9999999999999997]",131,148
afghans,"[-0.06666666666666667, 0.9999999999999998]",132,149
afghans,"[-0.06666666666666667, 0.9999999999999998]",133,150
afghans,"[-0.06666666666666667, 0.9999999999999998]",134,151
