joe biden,"[0.472455591261534, 0.6035934632436997]",77,105
joe biden,"[0.47245559126153397, 0.5537749241945383]",79,107
joe biden,"[0.5094247973543277, 0.009019446597263425]",101,129
joe biden,"[0.5197081607606928, -0.2613184439966153]",109,137
joe biden,"[0.5242835737859131, -0.31881898265819014]",110,138
joe biden,"[0.5242835737859131, -0.3244240395967173]",111,139
joe biden,"[0.5827715174143585, -0.2543890975794274]",112,140
joe biden,"[0.5449659169381743, -0.22054910308957099]",113,141
joe biden,"[0.5249733655539801, -0.20342242085075085]",114,142
joe biden,"[0.5729697916616778, -0.07942767628710198]",115,143
police,"[0.5573640511319539, 0.09694734785128725]",80,108
police,"[0.6175748555722129, -0.08656873106996098]",81,109
police,"[0.5660493543790808, -0.08656873106996098]",82,110
police,"[0.5232166435699436, 0.09098680561400199]",83,111
police,"[0.5232166435699435, 0.11560333616061202]",84,112
nancy pelosi,"[0.02294157338705618, 0.5169842621131975]",117,145
nancy pelosi,"[-0.09730085108210398, 0.5588005588008378]",120,148
barack obama,"[0.5160468465421398, -0.13043478260869568]",34,62
barack obama,"[0.5547001962252294, -0.07223151185146161]",36,64
barack obama,"[0.5547001962252295, -0.05773502691896261]",37,65
barack obama,"[0.6933752452815365, -0.05773502691896261]",38,66
barack obama,"[0.6933752452815365, -0.04000000000000002]",39,67
barack obama,"[1.0, -0.04000000000000002]",40,68
barack obama,"[0.6933752452815366, nan]",41,69
barack obama,"[0.6933752452815364, -0.04000000000000001]",43,71
barack obama,"[0.5547001962252291, -0.0577350269189626]",44,72
barack obama,"[0.593295878967653, -0.12309149097933277]",51,79
barack obama,"[0.593295878967653, -0.1408590424547528]",52,80
barack obama,"[0.5294143019465852, -0.20806259464411977]",55,83
barack obama,"[0.5294143019465851, -0.23354968324845687]",56,84
barack obama,"[0.5294143019465851, -0.23354968324845685]",57,85
barack obama,"[0.529414301946585, -0.23354968324845693]",58,86
barack obama,"[0.5294143019465851, -0.23354968324845687]",59,87
barack obama,"[0.5294143019465851, -0.23354968324845693]",60,88
barack obama,"[0.529414301946585, -0.23354968324845687]",61,89
barack obama,"[0.529414301946585, -0.23354968324845699]",62,90
barack obama,"[0.5294143019465851, -0.23354968324845699]",63,91
barack obama,"[0.5294143019465851, -0.23354968324845699]",64,92
barack obama,"[0.529414301946585, -0.23354968324845699]",65,93
barack obama,"[0.529414301946585, -0.23354968324845699]",66,94
barack obama,"[0.529414301946585, -0.23354968324845699]",67,95
barack obama,"[0.6063726140217529, -0.20806259464411975]",68,96
barack obama,"[0.6063726140217529, -0.17622684421256044]",69,97
barack obama,"[0.5160468465421398, -0.15399810070180373]",70,98
barack obama,"[0.6250000000000001, -0.13043478260869573]",71,99
barack obama,"[0.7999999999999993, -0.10425720702853736]",72,100
barack obama,"[0.7999999999999993, -0.10425720702853736]",73,101
barack obama,"[0.7999999999999994, -0.10425720702853733]",74,102
barack obama,"[0.7999999999999993, -0.10425720702853733]",75,103
barack obama,"[0.7999999999999993, -0.10425720702853736]",76,104
barack obama,"[0.7999999999999993, -0.08333333333333329]",77,105
barack obama,"[0.6933752452815365, -0.05773502691896261]",78,106
barack obama,"[0.7999999999999999, -0.05773502691896261]",79,107
barack obama,"[0.9999999999999994, -0.08333333333333331]",80,108
barack obama,"[0.9999999999999994, -0.057735026918962574]",81,109
barack obama,"[1.0, -0.04000000000000001]",82,110
barack obama,"[1.0, -0.04000000000000001]",83,111
barack obama,"[1.0, -0.04000000000000001]",84,112
barack obama,"[1.0, -0.04000000000000001]",85,113
barack obama,"[1.0, -0.04000000000000001]",86,114
barack obama,"[1.0, -0.04000000000000001]",87,115
barack obama,"[1.0, -0.04000000000000001]",88,116
barack obama,"[0.6933752452815365, -0.0577350269189626]",89,117
barack obama,"[0.6933752452815366, -0.057735026918962616]",90,118
barack obama,"[0.6933752452815365, -0.0577350269189626]",91,119
barack obama,"[0.6933752452815366, -0.05773502691896261]",92,120
barack obama,"[0.6933752452815366, -0.05773502691896261]",93,121
barack obama,"[0.6933752452815366, -0.05773502691896261]",94,122
barack obama,"[0.6933752452815365, -0.05773502691896261]",95,123
barack obama,"[0.6933752452815366, -0.05773502691896261]",96,124
barack obama,"[0.6933752452815366, -0.05773502691896261]",97,125
barack obama,"[0.6933752452815366, -0.05773502691896261]",98,126
barack obama,"[0.6933752452815365, -0.05773502691896261]",99,127
barack obama,"[0.6933752452815365, -0.05773502691896261]",100,128
barack obama,"[0.6933752452815366, -0.05773502691896261]",101,129
barack obama,"[0.6933752452815365, -0.05773502691896261]",102,130
barack obama,"[0.6933752452815365, -0.05773502691896261]",103,131
barack obama,"[0.6933752452815365, -0.05773502691896261]",104,132
barack obama,"[0.6933752452815366, -0.04000000000000002]",105,133
ted cruz,"[0.544089363117517, 0.6986907093295212]",0,28
ted cruz,"[0.5484054184579251, 0.701390297827325]",1,29
ted cruz,"[0.6286866642962864, 0.7936144555663832]",2,30
ted cruz,"[0.6838259883865498, 0.7736193323489708]",3,31
ted cruz,"[0.641801624431205, 0.7419897601685874]",4,32
ted cruz,"[0.6069769786668836, 0.15555555555555559]",5,33
hillary clinton,"[0.6635087809810998, 0.18825255241509772]",16,44
hillary clinton,"[0.6635087809810998, 0.2766729512759953]",17,45
hillary clinton,"[0.5561149194914493, 0.34265454991154004]",18,46
hillary clinton,"[0.6933752452815367, -0.04000000000000001]",19,47
hillary clinton,"[-0.09999999999999992, 0.5537749241945382]",53,81
hillary clinton,"[-0.06933752452815363, 0.5537749241945382]",54,82
hillary clinton,"[-0.06933752452815362, 0.5537749241945382]",55,83
hillary clinton,"[-0.06933752452815362, 0.5537749241945382]",56,84
hillary clinton,"[-0.08178608201095304, 0.5537749241945382]",57,85
gavin newsom,"[0.25, 0.6231884057971016]",136,164
gavin newsom,"[0.24999999999999997, 0.6231884057971016]",137,165
gavin newsom,"[0.25, 0.6231884057971013]",138,166
gavin newsom,"[0.18430244519362146, 0.6231884057971013]",139,167
gavin newsom,"[0.13483997249264845, 0.5133270023393453]",140,168
lebron james,"[-0.11210508723689167, 0.7068562857729411]",59,87
lebron james,"[-0.08847479104076177, 0.7068562857729411]",60,88
alexandria ocasio-cortez,"[0.47026997156298017, 0.5537749241945383]",44,72
alexandria ocasio-cortez,"[0.08660254037844385, 0.604858378909134]",49,77
alexandria ocasio-cortez,"[0.06614378277661477, 0.6048583789091341]",50,78
alexandria ocasio-cortez,"[0.06614378277661477, 0.5749623996456545]",51,79
alexandria ocasio-cortez,"[0.04662524041201571, 0.5749623996456545]",52,80
alexandria ocasio-cortez,"[0.046625240412015705, 0.5487032611687342]",53,81
alexandria ocasio-cortez,"[0.027735009811261476, 0.5487032611687344]",54,82
alexandria ocasio-cortez,"[0.027735009811261466, 0.525486787309028]",55,83
alexandria ocasio-cortez,"[0.027735009811261483, 0.5254867873090279]",56,84
alexandria ocasio-cortez,"[0.009205746178983234, 0.5254867873090279]",57,85
alexandria ocasio-cortez,"[0.009205746178983221, 0.5048781642974013]",58,86
alexandria ocasio-cortez,"[0.02773500981126144, 0.5254867873090278]",59,87
alexandria ocasio-cortez,"[0.04662524041201568, 0.5487032611687344]",60,88
alexandria ocasio-cortez,"[0.04662524041201567, 0.5487032611687344]",61,89
alexandria ocasio-cortez,"[0.04662524041201568, 0.5487032611687344]",62,90
alexandria ocasio-cortez,"[0.04662524041201566, 0.5487032611687345]",63,91
alexandria ocasio-cortez,"[0.04662524041201568, 0.5487032611687345]",64,92
alexandria ocasio-cortez,"[0.04662524041201568, 0.5487032611687346]",65,93
alexandria ocasio-cortez,"[0.04662524041201568, 0.5487032611687346]",66,94
alexandria ocasio-cortez,"[0.04662524041201568, 0.5487032611687346]",67,95
alexandria ocasio-cortez,"[0.04662524041201566, 0.5487032611687347]",68,96
alexandria ocasio-cortez,"[0.04662524041201565, 0.5487032611687347]",69,97
alexandria ocasio-cortez,"[0.06614378277661476, 0.5769143685844942]",70,98
alexandria ocasio-cortez,"[-0.12009611535381542, 0.600650054361837]",71,99
alexandria ocasio-cortez,"[-0.10931246878883938, 0.6285714285714284]",72,100
alexandria ocasio-cortez,"[-0.09856222548132665, 0.6616931598844266]",73,101
alexandria ocasio-cortez,"[-0.08770580193070299, 0.7014934235299812]",74,102
jesus christ,"[0.8115343414514943, -0.05773502691896258]",27,55
jesus christ,"[0.8115343414514945, -0.06761234037828132]",28,56
jesus christ,"[0.8115343414514943, -0.06761234037828132]",29,57
jesus christ,"[0.8115343414514945, -0.06761234037828132]",30,58
jesus christ,"[0.8115343414514945, -0.0676123403782813]",31,59
jesus christ,"[0.8115343414514945, -0.0676123403782813]",32,60
jesus christ,"[0.8115343414514944, -0.0676123403782813]",33,61
jesus christ,"[0.8115343414514946, -0.0676123403782813]",34,62
jesus christ,"[0.8115343414514946, -0.06761234037828129]",35,63
jesus christ,"[0.750390767493819, -0.06761234037828129]",36,64
jesus christ,"[0.7503907674938192, -0.07980868844676221]",37,65
jesus christ,"[0.7503907674938193, -0.07980868844676221]",38,66
jesus christ,"[0.8115343414514945, -0.0676123403782813]",39,67
jesus christ,"[0.8115343414514945, -0.06761234037828129]",40,68
jesus christ,"[0.8115343414514946, -0.06761234037828129]",41,69
jesus christ,"[0.7503907674938192, -0.06761234037828129]",42,70
jesus christ,"[0.7503907674938193, -0.07980868844676221]",43,71
jesus christ,"[0.7016464154456238, -0.07980868844676221]",44,72
jesus christ,"[0.6617749425174794, -0.09149914219956277]",45,73
jesus christ,"[0.6285466955358264, -0.10293004709313315]",46,74
jesus christ,"[0.6285466955358265, -0.11428571428571434]",47,75
jesus christ,"[0.6617749425174794, -0.10293004709313315]",48,76
jesus christ,"[0.6617749425174795, -0.10293004709313315]",49,77
jesus christ,"[0.6617749425174794, -0.10293004709313315]",50,78
jesus christ,"[0.6617749425174794, -0.10293004709313315]",51,79
jesus christ,"[0.6617749425174794, -0.10293004709313315]",52,80
jesus christ,"[0.6617749425174795, nan]",53,81
xi jinping,"[1.0, nan]",27,55
xi jinping,"[1.0, -0.04000000000000001]",28,56
xi jinping,"[1.0, -0.04000000000000001]",29,57
xi jinping,"[1.0, -0.04000000000000001]",30,58
xi jinping,"[0.6933752452815365, -0.04000000000000001]",31,59
xi jinping,"[0.554700196225229, -0.05773502691896259]",32,60
xi jinping,"[-0.05241424183609587, 0.9999999999999997]",131,159
xi jinping,"[-0.038461538461538505, 0.9999999999999997]",132,160
xi jinping,"[-0.03846153846153851, 0.9999999999999996]",133,161
xi jinping,"[-0.03846153846153851, 0.9999999999999996]",134,162
xi jinping,"[-0.03846153846153851, 0.9999999999999996]",135,163
xi jinping,"[-0.03846153846153852, 0.9999999999999996]",136,164
xi jinping,"[-0.03846153846153852, 0.9999999999999996]",137,165
xi jinping,"[-0.03846153846153851, 0.9999999999999996]",138,166
xi jinping,"[-0.03846153846153851, 0.9999999999999996]",139,167
xi jinping,"[-0.055470019622522904, 0.6928203230275514]",140,168
author,"[1.0, nan]",78,106
author,"[1.0, -0.04000000000000001]",79,107
mike pence,"[-0.05547001962252289, 0.6928203230275514]",63,91
mike pence,"[-0.055470019622522904, 0.6928203230275514]",64,92
mike pence,"[-0.05547001962252289, 0.6928203230275514]",65,93
mike pence,"[-0.05547001962252292, 0.6928203230275514]",66,94
mike pence,"[-0.05547001962252289, 0.6928203230275514]",67,95
mike pence,"[-0.055470019622522904, 0.6928203230275514]",68,96
mike pence,"[-0.05547001962252289, 0.6928203230275514]",69,97
mike pence,"[-0.05547001962252292, 0.6928203230275514]",70,98
mike pence,"[-0.05547001962252289, 0.6928203230275514]",71,99
mike pence,"[-0.055470019622522904, 0.6928203230275514]",72,100
mike pence,"[-0.05547001962252289, 0.9999999999999996]",73,101
mike pence,"[-0.03846153846153851, 0.9999999999999996]",74,102
mike pence,"[-0.03846153846153851, 0.9999999999999996]",75,103
mike pence,"[-0.03846153846153852, 0.9999999999999996]",76,104
chuck schumer,"[1.0, -0.04000000000000001]",0,28
chuck schumer,"[1.0, -0.04000000000000001]",1,29
chuck schumer,"[1.0, -0.04000000000000001]",2,30
chuck schumer,"[0.6933752452815365, -0.04000000000000001]",3,31
chuck schumer,"[0.6933752452815365, -0.05773502691896259]",4,32
chuck schumer,"[0.5547001962252293, -0.057735026918962616]",5,33
chuck schumer,"[0.5547001962252293, -0.07223151185146152]",6,34
chuck schumer,"[0.5547001962252293, -0.07223151185146154]",7,35
chuck schumer,"[0.6933752452815365, -0.05773502691896261]",118,146
chuck schumer,"[0.6933752452815365, -0.05773502691896261]",119,147
chuck schumer,"[0.6933752452815365, -0.05773502691896261]",120,148
chuck schumer,"[0.6933752452815366, nan]",121,149
chuck schumer,"[0.6933752452815364, 0.9999999999999999]",130,158
chuck schumer,"[0.6933752452815365, 0.6928203230275509]",131,159
chuck schumer,"[0.6933752452815365, 0.692820323027551]",132,160
chuck schumer,"[0.6933752452815364, 0.6928203230275509]",133,161
chuck schumer,"[0.6933752452815364, 0.6928203230275509]",134,162
chuck schumer,"[0.6933752452815364, 0.692820323027551]",135,163
chuck schumer,"[0.6933752452815365, 0.692820323027551]",136,164
chuck schumer,"[0.6933752452815365, 0.692820323027551]",137,165
chuck schumer,"[0.6933752452815365, 0.6928203230275511]",138,166
chuck schumer,"[0.6933752452815364, 0.6928203230275511]",139,167
chuck schumer,"[0.6933752452815366, 0.6928203230275513]",140,168
apple,"[-0.0554700196225229, 0.6928203230275509]",39,67
apple,"[-0.055470019622522904, 0.692820323027551]",40,68
apple,"[0.6933752452815365, nan]",107,135
apple,"[0.6933752452815364, -0.057735026918962574]",108,136
apple,"[0.6933752452815364, -0.057735026918962574]",109,137
apple,"[0.6933752452815363, -0.05773502691896258]",110,138
apple,"[0.6933752452815364, -0.05773502691896258]",111,139
apple,"[0.6933752452815364, -0.05773502691896258]",112,140
apple,"[0.6933752452815364, -0.05773502691896258]",113,141
apple,"[0.6933752452815364, -0.04000000000000001]",114,142
apple,"[1.0, -0.04000000000000001]",115,143
apple,"[1.0, -0.04000000000000001]",116,144
apple,"[1.0, -0.04000000000000001]",117,145
apple,"[1.0, -0.04000000000000001]",118,146
apple,"[1.0, -0.04000000000000001]",119,147
apple,"[1.0, -0.04000000000000001]",120,148
apple,"[1.0, -0.040000000000000015]",121,149
apple,"[1.0, -0.04000000000000002]",122,150
apple,"[1.0, -0.04000000000000002]",123,151
apple,"[1.0, -0.04000000000000002]",124,152
apple,"[1.0, -0.04000000000000002]",125,153
apple,"[1.0, -0.04000000000000002]",126,154
apple,"[1.0, -0.04000000000000002]",127,155
apple,"[1.0, -0.04000000000000002]",128,156
apple,"[1.0, -0.04000000000000002]",129,157
apple,"[1.0, -0.04000000000000002]",130,158
apple,"[1.0, -0.04000000000000002]",131,159
apple,"[1.0, -0.04000000000000002]",132,160
apple,"[1.0, nan]",133,161
robert mueller,"[-0.05241424183609586, 0.9999999999999996]",79,107
robert mueller,"[-0.03846153846153852, 0.9999999999999996]",80,108
benjamin netanyahu,"[0.6933752452815366, nan]",0,28
kamala harris,"[0.6933752452815363, -0.04]",85,113
kamala harris,"[0.5547001962252291, -0.057735026918962595]",86,114
mark zuckerberg,"[-0.03846153846153847, 0.9999999999999999]",87,115
mark zuckerberg,"[-0.03846153846153847, 0.9999999999999999]",88,116
mark zuckerberg,"[-0.038461538461538464, 0.9999999999999998]",89,117
mark zuckerberg,"[-0.038461538461538464, 0.9999999999999998]",90,118
mark zuckerberg,"[-0.038461538461538464, 0.9999999999999997]",91,119
mark zuckerberg,"[-0.03846153846153847, 0.9999999999999997]",92,120
mark zuckerberg,"[-0.03846153846153848, 0.9999999999999996]",93,121
mark zuckerberg,"[-0.0554700196225229, 0.9999999999999996]",94,122
mark zuckerberg,"[-0.08, 0.9999999999999999]",95,123
mark zuckerberg,"[-0.1, 1.0]",96,124
mark zuckerberg,"[-0.09999999999999998, 0.799305253885453]",97,125
mark zuckerberg,"[-0.09999999999999999, 0.799305253885453]",98,126
mark zuckerberg,"[-0.09999999999999996, 0.799305253885453]",99,127
mark zuckerberg,"[-0.09999999999999995, 0.799305253885453]",100,128
mark zuckerberg,"[-0.09999999999999995, 0.7993052538854531]",101,129
mark zuckerberg,"[-0.09999999999999996, 0.7993052538854531]",102,130
mark zuckerberg,"[-0.09999999999999995, 0.7993052538854531]",103,131
mark zuckerberg,"[-0.09999999999999995, 0.7993052538854531]",104,132
mark zuckerberg,"[-0.09999999999999995, 0.799305253885453]",105,133
mark zuckerberg,"[-0.09999999999999995, 0.799305253885453]",106,134
mark zuckerberg,"[-0.09999999999999992, 0.799305253885453]",107,135
mark zuckerberg,"[-0.09999999999999992, 0.799305253885453]",108,136
mark zuckerberg,"[-0.09999999999999992, 0.799305253885453]",109,137
mark zuckerberg,"[-0.09999999999999992, 0.799305253885453]",110,138
mark zuckerberg,"[-0.09999999999999992, 0.799305253885453]",111,139
mark zuckerberg,"[-0.09999999999999992, 0.799305253885453]",112,140
mark zuckerberg,"[-0.08, 0.6928203230275514]",113,141
mark zuckerberg,"[-0.05547001962252289, 0.6928203230275514]",114,142
mark zuckerberg,"[-0.05547001962252289, 0.6928203230275514]",115,143
mark zuckerberg,"[-0.05547001962252289, 0.6928203230275514]",116,144
mark zuckerberg,"[-0.055470019622522904, 0.6928203230275514]",117,145
mark zuckerberg,"[-0.05547001962252289, 0.6928203230275514]",118,146
mark zuckerberg,"[-0.05547001962252289, 0.6928203230275514]",119,147
mark zuckerberg,"[-0.05547001962252289, 0.6928203230275514]",120,148
fbi,"[0.5547001962252291, -0.057735026918962574]",126,154
fbi,"[0.5547001962252291, -0.07223151185146151]",127,155
fbi,"[0.5547001962252291, -0.07223151185146152]",128,156
fbi,"[0.5547001962252291, -0.07223151185146151]",129,157
fbi,"[0.554700196225229, -0.07223151185146154]",130,158
fbi,"[0.6933752452815364, -0.05773502691896258]",131,159
fbi,"[0.6933752452815364, -0.05773502691896258]",132,160
fbi,"[0.6933752452815365, -0.05773502691896258]",133,161
fbi,"[0.6933752452815364, -0.057735026918962595]",134,162
fbi,"[0.6933752452815364, -0.057735026918962595]",135,163
fbi,"[1.0, -0.04000000000000001]",136,164
fbi,"[1.0, -0.04000000000000001]",137,165
fbi,"[1.0, -0.04000000000000001]",138,166
fbi,"[1.0, -0.04000000000000001]",139,167
fbi,"[1.0, -0.040000000000000015]",140,168
nikki haley,"[0.6088199772559068, -0.08934271123648285]",31,59
nikki haley,"[0.6088199772559068, -0.08934271123648285]",32,60
nikki haley,"[0.6088199772559068, -0.08934271123648285]",33,61
nikki haley,"[0.6088199772559068, -0.08934271123648285]",34,62
nikki haley,"[0.6088199772559068, -0.08934271123648285]",35,63
nikki haley,"[0.6088199772559068, -0.08934271123648285]",36,64
nikki haley,"[0.6088199772559068, -0.07392212709545734]",37,65
nikki haley,"[0.6477702518737632, -0.057735026918962595]",38,66
nikki haley,"[0.6933752452815368, nan]",39,67
ivanka trump,"[-0.06933752452815364, 0.5537749241945383]",9,37
ivanka trump,"[-0.06933752452815366, 0.6928203230275509]",10,38
ivanka trump,"[-0.06933752452815364, 0.5537749241945382]",11,39
ivanka trump,"[-0.07657048647896113, 0.5537749241945383]",12,40
prince harry,"[-0.05547001962252292, 0.6928203230275514]",118,146
prince harry,"[-0.055470019622522904, 0.6928203230275514]",119,147
prince harry,"[-0.05547001962252289, 0.6928203230275514]",120,148
prince harry,"[-0.05547001962252289, 0.6928203230275514]",121,149
prince harry,"[-0.055470019622522904, 0.9999999999999997]",122,150
prince harry,"[-0.03846153846153851, 0.9999999999999996]",123,151
prince harry,"[-0.03846153846153851, 0.9999999999999996]",124,152
prince harry,"[-0.03846153846153851, 0.9999999999999996]",125,153
prince harry,"[-0.03846153846153852, 0.9999999999999996]",126,154
prince harry,"[-0.03846153846153852, 0.9999999999999996]",127,155
prince harry,"[-0.03846153846153851, 0.9999999999999996]",128,156
prince harry,"[-0.03846153846153851, 0.9999999999999996]",129,157
prince harry,"[-0.03846153846153852, 0.9999999999999996]",130,158
chris christie,"[0.5547001962252295, nan]",3,31
angela merkel,"[1.0, nan]",33,61
angela merkel,"[1.0, -0.04000000000000001]",34,62
angela merkel,"[1.0, -0.04000000000000001]",35,63
angela merkel,"[1.0, -0.04000000000000001]",36,64
angela merkel,"[1.0, -0.04000000000000001]",37,65
angela merkel,"[1.0, -0.04000000000000001]",38,66
angela merkel,"[1.0, -0.04000000000000001]",39,67
angela merkel,"[1.0, -0.04000000000000001]",40,68
angela merkel,"[1.0, -0.04000000000000001]",41,69
angela merkel,"[1.0, -0.04000000000000001]",42,70
angela merkel,"[0.6933752452815365, -0.04000000000000001]",43,71
angela merkel,"[0.6933752452815366, -0.057735026918962616]",44,72
angela merkel,"[0.6933752452815365, -0.057735026918962616]",45,73
angela merkel,"[0.6933752452815366, -0.0577350269189626]",46,74
angela merkel,"[0.6933752452815366, -0.05773502691896261]",47,75
angela merkel,"[0.6933752452815366, -0.05773502691896261]",48,76
angela merkel,"[0.6933752452815365, -0.05773502691896261]",49,77
angela merkel,"[0.6933752452815366, -0.05773502691896261]",50,78
google,"[0.4193139346887673, 0.9999999999999999]",127,155
google,"[0.4193139346887673, 0.8909090909090908]",128,156
google,"[0.41931393468876743, 0.8909090909090908]",129,157
google,"[0.37330579706768746, 0.8909090909090908]",130,158
google,"[0.3733057970676875, 0.8113480845393758]",131,159
google,"[0.37330579706768746, 0.8113480845393757]",132,160
google,"[0.22237817967264795, 0.5367450401216932]",133,161
google,"[0.22237817967264803, 0.5367450401216932]",134,162
google,"[0.22237817967264806, 0.5367450401216933]",135,163
google,"[0.22237817967264797, 0.5367450401216932]",136,164
google,"[0.22237817967264803, 0.5367450401216932]",137,165
google,"[0.22237817967264803, 0.5367450401216932]",138,166
google,"[0.22237817967264809, 0.5367450401216932]",139,167
google,"[0.22237817967264809, 0.5367450401216932]",140,168
john kelly,"[0.5547001962252291, -0.05773502691896258]",11,39
emmanuel macron,"[-0.03846153846153847, 0.9999999999999999]",7,35
emmanuel macron,"[-0.03846153846153847, 0.9999999999999999]",8,36
emmanuel macron,"[-0.038461538461538464, 0.9999999999999998]",9,37
emmanuel macron,"[-0.038461538461538464, 0.9999999999999998]",10,38
emmanuel macron,"[-0.038461538461538464, 0.9999999999999997]",11,39
emmanuel macron,"[-0.03846153846153847, 0.9999999999999997]",12,40
emmanuel macron,"[-0.0554700196225229, 0.6928203230275511]",13,41
emmanuel macron,"[-0.0554700196225229, 0.6928203230275511]",14,42
emmanuel macron,"[-0.0554700196225229, 0.6928203230275511]",15,43
emmanuel macron,"[-0.05547001962252292, 0.6928203230275511]",16,44
emmanuel macron,"[-0.055470019622522904, 0.6928203230275513]",17,45
emmanuel macron,"[-0.055470019622522904, 0.6928203230275513]",18,46
emmanuel macron,"[-0.055470019622522904, 0.6928203230275513]",19,47
emmanuel macron,"[-0.05547001962252292, 0.6928203230275513]",20,48
emmanuel macron,"[-0.055470019622522904, 0.6928203230275513]",21,49
emmanuel macron,"[-0.055470019622522904, 0.6928203230275513]",22,50
emmanuel macron,"[-0.06933752452815366, 0.5537749241945382]",23,51
emmanuel macron,"[-0.06933752452815364, 0.5537749241945382]",24,52
emmanuel macron,"[-0.06933752452815362, 0.5537749241945382]",25,53
emmanuel macron,"[-0.0693375245281536, 0.5537749241945382]",26,54
emmanuel macron,"[-0.0693375245281536, 0.5537749241945382]",27,55
emmanuel macron,"[-0.06933752452815362, 0.5537749241945382]",28,56
emmanuel macron,"[-0.06933752452815359, 0.5537749241945382]",29,57
emmanuel macron,"[-0.06933752452815359, 0.5537749241945382]",30,58
emmanuel macron,"[-0.06933752452815359, 0.5537749241945382]",31,59
emmanuel macron,"[-0.06933752452815362, 0.5537749241945382]",32,60
emmanuel macron,"[-0.055470019622522904, 0.6928203230275508]",45,73
emmanuel macron,"[-0.05547001962252292, 0.6928203230275509]",46,74
emmanuel macron,"[-0.0554700196225229, 0.6928203230275509]",47,75
emmanuel macron,"[-0.055470019622522904, 0.692820323027551]",48,76
emmanuel macron,"[-0.05547001962252289, 0.9999999999999997]",49,77
emmanuel macron,"[-0.03846153846153847, 0.9999999999999997]",50,78
emmanuel macron,"[-0.03846153846153848, 0.9999999999999996]",51,79
emmanuel macron,"[-0.03846153846153847, 0.9999999999999996]",52,80
emmanuel macron,"[-0.03846153846153848, 0.9999999999999996]",53,81
emmanuel macron,"[-0.038461538461538484, 0.9999999999999994]",54,82
emmanuel macron,"[-0.0384615384615385, 0.9999999999999997]",55,83
emmanuel macron,"[-0.0384615384615385, 0.9999999999999997]",56,84
emmanuel macron,"[-0.0384615384615385, 0.9999999999999997]",57,85
emmanuel macron,"[-0.038461538461538505, 0.9999999999999997]",58,86
emmanuel macron,"[-0.038461538461538505, 0.9999999999999997]",59,87
emmanuel macron,"[-0.0384615384615385, 0.9999999999999997]",60,88
emmanuel macron,"[-0.0384615384615385, 0.9999999999999997]",61,89
emmanuel macron,"[-0.038461538461538505, 0.9999999999999997]",62,90
emmanuel macron,"[-0.03846153846153851, 0.9999999999999996]",63,91
emmanuel macron,"[-0.03846153846153851, 0.9999999999999996]",64,92
emmanuel macron,"[-0.03846153846153851, 0.9999999999999996]",65,93
emmanuel macron,"[-0.03846153846153852, 0.9999999999999996]",66,94
emmanuel macron,"[-0.03846153846153852, 0.9999999999999996]",67,95
emmanuel macron,"[-0.03846153846153851, 0.9999999999999996]",68,96
emmanuel macron,"[-0.03846153846153851, 0.9999999999999996]",69,97
emmanuel macron,"[-0.03846153846153852, 0.9999999999999996]",70,98
serena williams,"[-0.055470019622522904, 0.6928203230275509]",39,67
serena williams,"[-0.05547001962252292, 0.692820323027551]",40,68
serena williams,"[-0.055470019622522904, 0.6928203230275509]",41,69
serena williams,"[-0.055470019622522904, 0.6928203230275509]",42,70
serena williams,"[-0.05547001962252289, 0.692820323027551]",43,71
serena williams,"[-0.05547001962252292, 0.692820323027551]",44,72
serena williams,"[-0.06933752452815366, 0.5537749241945383]",45,73
serena williams,"[-0.06933752452815364, 0.5537749241945383]",46,74
serena williams,"[-0.06933752452815364, 0.5537749241945383]",47,75
serena williams,"[-0.06933752452815363, 0.5537749241945382]",48,76
serena williams,"[-0.06933752452815363, 0.5537749241945382]",49,77
serena williams,"[-0.06933752452815362, 0.5537749241945382]",50,78
serena williams,"[-0.06933752452815362, 0.5537749241945382]",51,79
serena williams,"[-0.06933752452815362, 0.5537749241945382]",52,80
serena williams,"[-0.06933752452815362, 0.5537749241945382]",53,81
serena williams,"[-0.06933752452815362, 0.5537749241945382]",54,82
serena williams,"[-0.06933752452815362, 0.5537749241945383]",55,83
serena williams,"[-0.06933752452815362, 0.5537749241945383]",56,84
serena williams,"[-0.06933752452815359, 0.5537749241945383]",57,85
serena williams,"[-0.06933752452815359, 0.5537749241945383]",58,86
serena williams,"[-0.06933752452815359, 0.5537749241945383]",59,87
serena williams,"[-0.0693375245281536, 0.5537749241945383]",60,88
serena williams,"[-0.06933752452815359, 0.5537749241945383]",61,89
serena williams,"[-0.06933752452815359, 0.5537749241945383]",62,90
serena williams,"[-0.06933752452815359, 0.6928203230275514]",63,91
serena williams,"[-0.055470019622522904, 0.6928203230275514]",64,92
tom cruise,"[-0.06933752452815367, 0.5537749241945383]",128,156
parents,"[0.5547001962252293, -0.07223151185146158]",139,167
parents,"[0.5547001962252294, -0.07223151185146158]",140,168
john kerry,"[0.7999999999999995, -0.10425720702853736]",0,28
john kerry,"[0.7999999999999994, -0.10425720702853736]",1,29
john kerry,"[0.7999999999999994, -0.10425720702853736]",2,30
john kerry,"[0.7999999999999994, -0.08333333333333329]",3,31
john kerry,"[0.6933752452815364, -0.05773502691896261]",4,32
john kerry,"[0.6933752452815365, -0.05773502691896261]",5,33
john kerry,"[0.6933752452815365, -0.05773502691896261]",6,34
john kerry,"[0.6933752452815364, -0.05773502691896261]",7,35
john kerry,"[0.6933752452815364, -0.05773502691896261]",8,36
john kerry,"[0.6933752452815365, -0.04000000000000002]",9,37
john kerry,"[1.0, -0.04000000000000002]",10,38
john kerry,"[1.0, -0.04000000000000002]",11,39
john kerry,"[1.0, -0.04000000000000002]",12,40
john kerry,"[1.0, -0.04000000000000002]",13,41
john kerry,"[1.0, -0.04000000000000002]",14,42
john kerry,"[1.0, -0.04000000000000002]",15,43
john kerry,"[1.0, -0.04000000000000002]",16,44
john kerry,"[1.0, nan]",17,45
cdc,"[1.0, -0.04000000000000002]",118,146
cdc,"[1.0, -0.04000000000000002]",119,147
cdc,"[1.0, -0.04000000000000002]",120,148
cdc,"[1.0, -0.04000000000000002]",121,149
cdc,"[1.0, -0.04000000000000002]",122,150
cdc,"[1.0, -0.04000000000000002]",123,151
cdc,"[1.0, -0.04000000000000002]",124,152
cdc,"[1.0, nan]",125,153
susan collins,"[0.6933752452815365, -0.039999999999999994]",11,39
susan collins,"[0.6933752452815364, -0.057735026918962574]",12,40
susan collins,"[0.6933752452815365, -0.05773502691896258]",13,41
susan collins,"[0.6933752452815364, -0.05773502691896258]",14,42
susan collins,"[0.5547001962252291, -0.05773502691896258]",15,43
susan collins,"[0.5547001962252291, -0.07223151185146151]",16,44
susan collins,"[0.5547001962252294, -0.07223151185146158]",25,53
susan collins,"[0.5547001962252293, -0.07223151185146158]",26,54
susan collins,"[0.5547001962252293, -0.07223151185146158]",27,55
susan collins,"[0.5547001962252294, -0.0722315118514616]",28,56
susan collins,"[0.5547001962252295, -0.07223151185146161]",29,57
susan collins,"[0.5547001962252294, -0.07223151185146161]",30,58
susan collins,"[0.5547001962252294, -0.07223151185146161]",31,59
susan collins,"[0.5547001962252294, -0.0722315118514616]",32,60
susan collins,"[0.5547001962252295, -0.07223151185146161]",33,61
susan collins,"[0.5547001962252294, -0.0722315118514616]",34,62
susan collins,"[0.5547001962252294, -0.0722315118514616]",35,63
susan collins,"[0.5547001962252294, -0.0722315118514616]",36,64
susan collins,"[0.5547001962252295, nan]",37,65
susan collins,"[1.0, nan]",95,123
susan collins,"[1.0, -0.04000000000000001]",96,124
susan collins,"[1.0, -0.04000000000000001]",97,125
susan collins,"[1.0, -0.04000000000000001]",98,126
susan collins,"[1.0, -0.04000000000000001]",99,127
susan collins,"[1.0, -0.04000000000000001]",100,128
susan collins,"[1.0, -0.04000000000000001]",101,129
susan collins,"[1.0, -0.04000000000000001]",102,130
susan collins,"[1.0, -0.04000000000000001]",103,131
susan collins,"[1.0, -0.04000000000000001]",104,132
susan collins,"[1.0, -0.04000000000000001]",105,133
susan collins,"[1.0, -0.04000000000000001]",106,134
susan collins,"[1.0, -0.04000000000000001]",107,135
susan collins,"[1.0, -0.04000000000000001]",108,136
susan collins,"[1.0, -0.040000000000000015]",109,137
susan collins,"[1.0, -0.04000000000000002]",110,138
susan collins,"[1.0, -0.04000000000000002]",111,139
susan collins,"[1.0, -0.04000000000000002]",112,140
susan collins,"[1.0, -0.04000000000000002]",113,141
susan collins,"[1.0, -0.04000000000000002]",114,142
susan collins,"[1.0, -0.04000000000000002]",115,143
susan collins,"[1.0, -0.04000000000000002]",116,144
susan collins,"[1.0, -0.04000000000000002]",117,145
susan collins,"[1.0, -0.04000000000000002]",118,146
susan collins,"[1.0, -0.04000000000000002]",119,147
susan collins,"[1.0, -0.04000000000000002]",120,148
susan collins,"[1.0, nan]",121,149
jacinda ardern,"[-0.05241424183609591, 0.8909090909090909]",91,119
jacinda ardern,"[-0.05241424183609589, 0.8909090909090908]",92,120
jacinda ardern,"[-0.05241424183609593, 0.8909090909090908]",93,121
jacinda ardern,"[-0.052414241836095894, 0.8909090909090908]",94,122
jacinda ardern,"[-0.052414241836095894, 0.8909090909090907]",95,123
jacinda ardern,"[-0.05241424183609589, 0.8909090909090907]",96,124
jacinda ardern,"[-0.06492274731611954, 0.8113480845393757]",97,125
jacinda ardern,"[-0.09363291775690444, 0.8113480845393756]",98,126
jacinda ardern,"[-0.09363291775690445, 0.5367450401216932]",99,127
jacinda ardern,"[-0.09363291775690447, 0.5367450401216932]",100,128
jacinda ardern,"[-0.09363291775690447, 0.5367450401216932]",101,129
jacinda ardern,"[-0.09363291775690445, 0.5367450401216932]",102,130
jacinda ardern,"[-0.09363291775690445, 0.5367450401216932]",103,131
jacinda ardern,"[-0.09363291775690445, 0.5367450401216932]",104,132
jacinda ardern,"[-0.1170411471961305, 0.5367450401216931]",105,133
jerry brown,"[1.0, -0.04000000000000002]",66,94
jerry brown,"[1.0, -0.04000000000000002]",67,95
jerry brown,"[1.0, -0.04000000000000002]",68,96
jerry brown,"[1.0, -0.04000000000000002]",69,97
jerry brown,"[1.0, -0.04000000000000002]",70,98
jerry brown,"[1.0, nan]",71,99
joe scarborough,"[0.6933752452815365, -0.05773502691896261]",0,28
joe scarborough,"[0.6933752452815366, -0.05773502691896261]",1,29
joe scarborough,"[0.6933752452815366, nan]",2,30
cory booker,"[1.0, nan]",47,75
cory booker,"[1.0, -0.04000000000000001]",48,76
cory booker,"[1.0, -0.04000000000000001]",49,77
cory booker,"[1.0, -0.04000000000000001]",50,78
cory booker,"[1.0, -0.04000000000000001]",51,79
kellyanne conway,"[-0.08178608201095305, 0.5537749241945382]",0,28
kellyanne conway,"[-0.11795356492391772, 0.67700320038633]",1,29
kellyanne conway,"[-0.11795356492391772, 0.6770032003863302]",2,30
kellyanne conway,"[-0.1179535649239177, 0.67700320038633]",3,31
kellyanne conway,"[-0.1179535649239177, 0.6770032003863301]",4,32
kellyanne conway,"[-0.1179535649239177, 0.6770032003863301]",5,33
kellyanne conway,"[-0.1179535649239177, 0.6770032003863302]",6,34
kellyanne conway,"[-0.1179535649239177, 0.6770032003863303]",7,35
kellyanne conway,"[-0.1179535649239177, 0.6770032003863303]",8,36
kellyanne conway,"[-0.13483997249264842, 0.6770032003863304]",9,37
kellyanne conway,"[-0.13483997249264848, 0.5916079783099616]",10,38
kellyanne conway,"[-0.13483997249264842, 0.5916079783099615]",11,39
kellyanne conway,"[-0.1348399724926485, 0.5916079783099615]",12,40
kellyanne conway,"[-0.13483997249264845, 0.5916079783099615]",13,41
kellyanne conway,"[-0.13483997249264845, 0.5916079783099615]",14,42
kellyanne conway,"[-0.13483997249264845, 0.5916079783099615]",15,43
kellyanne conway,"[-0.11795356492391773, 0.6770032003863304]",16,44
kellyanne conway,"[-0.09999999999999992, 0.799305253885453]",17,45
kellyanne conway,"[-0.09999999999999992, 0.799305253885453]",18,46
kellyanne conway,"[-0.09999999999999992, 0.799305253885453]",19,47
kellyanne conway,"[-0.09999999999999992, 0.799305253885453]",20,48
kellyanne conway,"[-0.09999999999999992, 0.799305253885453]",21,49
kellyanne conway,"[-0.09999999999999992, 0.799305253885453]",22,50
kellyanne conway,"[-0.09999999999999992, 0.6928203230275515]",23,51
kellyanne conway,"[-0.06933752452815363, 0.5537749241945383]",24,52
kellyanne conway,"[-0.06933752452815363, 0.5537749241945383]",25,53
kellyanne conway,"[-0.06933752452815362, 0.5537749241945382]",26,54
ariana grande,"[0.8910421112136305, nan]",47,75
ariana grande,"[0.8910421112136306, -0.054545454545454536]",48,76
ariana grande,"[0.8910421112136305, -0.054545454545454536]",49,77
ariana grande,"[0.8910421112136305, -0.05454545454545454]",50,78
ariana grande,"[0.8910421112136304, -0.05454545454545454]",51,79
ariana grande,"[0.8910421112136305, -0.05454545454545455]",52,80
ariana grande,"[0.8910421112136305, -0.05454545454545455]",53,81
ariana grande,"[0.8910421112136304, -0.054545454545454536]",54,82
ariana grande,"[0.8910421112136304, -0.054545454545454536]",55,83
ariana grande,"[0.8910421112136304, -0.054545454545454536]",56,84
ariana grande,"[0.8910421112136305, -0.054545454545454536]",57,85
ariana grande,"[0.8910421112136305, -0.054545454545454536]",58,86
ariana grande,"[0.8910421112136305, -0.054545454545454536]",59,87
ariana grande,"[0.8910421112136305, -0.054545454545454536]",60,88
ariana grande,"[0.8910421112136306, -0.054545454545454536]",61,89
ariana grande,"[0.8910421112136305, -0.054545454545454536]",62,90
ariana grande,"[0.8910421112136305, -0.04000000000000002]",63,91
ariana grande,"[1.0, -0.04000000000000002]",64,92
ariana grande,"[1.0, -0.04000000000000002]",65,93
ariana grande,"[1.0, -0.04000000000000002]",66,94
ariana grande,"[1.0, -0.04000000000000002]",67,95
ariana grande,"[1.0, -0.04000000000000002]",68,96
ariana grande,"[1.0, -0.04000000000000002]",69,97
ariana grande,"[1.0, -0.04000000000000002]",70,98
ariana grande,"[1.0, -0.04000000000000002]",71,99
ariana grande,"[1.0, -0.04000000000000002]",72,100
ariana grande,"[1.0, nan]",73,101
prince william,"[1.0, nan]",96,124
prince william,"[1.0, -0.04000000000000001]",97,125
prince william,"[1.0, -0.04000000000000001]",98,126
prince william,"[1.0, -0.04000000000000001]",99,127
prince william,"[1.0, -0.04000000000000001]",100,128
prince william,"[1.0, -0.04000000000000001]",101,129
prince william,"[1.0, -0.04000000000000001]",102,130
prince william,"[1.0, -0.04000000000000001]",103,131
prince william,"[1.0, -0.04000000000000001]",104,132
prince william,"[1.0, -0.04000000000000001]",105,133
prince william,"[1.0, -0.04000000000000001]",106,134
prince william,"[1.0, -0.04000000000000001]",107,135
prince william,"[1.0, -0.04000000000000001]",108,136
prince william,"[1.0, -0.04000000000000001]",109,137
prince william,"[1.0, -0.040000000000000015]",110,138
prince william,"[1.0, -0.04000000000000002]",111,139
prince william,"[1.0, -0.04000000000000002]",112,140
prince william,"[1.0, -0.04000000000000002]",113,141
prince william,"[1.0, -0.04000000000000002]",114,142
prince william,"[1.0, -0.04000000000000002]",115,143
prince william,"[0.6933752452815365, -0.04000000000000002]",116,144
prince william,"[0.6933752452815365, -0.05773502691896261]",117,145
prince william,"[0.6933752452815366, -0.05773502691896261]",118,146
prince william,"[0.6933752452815366, -0.05773502691896261]",119,147
prince william,"[0.6933752452815365, -0.05773502691896261]",120,148
prince william,"[0.6933752452815365, -0.05773502691896261]",121,149
prince william,"[0.6933752452815366, nan]",122,150
prince william,"[0.6933752452815365, -0.039999999999999994]",128,156
prince william,"[0.6933752452815364, -0.057735026918962574]",129,157
prince william,"[0.6933752452815364, -0.05773502691896258]",130,158
prince william,"[0.6933752452815364, -0.05773502691896258]",131,159
prince william,"[0.6933752452815363, -0.05773502691896258]",132,160
prince william,"[0.6933752452815363, -0.05773502691896258]",133,161
prince william,"[0.5547001962252293, -0.057735026918962595]",134,162
prince william,"[0.5547001962252291, -0.07223151185146152]",135,163
prince william,"[0.5547001962252291, -0.07223151185146152]",136,164
prince william,"[0.5547001962252293, -0.07223151185146155]",137,165
prince william,"[0.5547001962252293, -0.07223151185146157]",138,166
prince william,"[0.5547001962252293, -0.07223151185146158]",139,167
prince william,"[0.5547001962252293, -0.07223151185146158]",140,168
kanye west,"[-0.09449111825230681, 0.5537749241945382]",57,85
kanye west,"[-0.06933752452815359, 0.5537749241945382]",58,86
stacey abrams,"[1.0, nan]",47,75
stacey abrams,"[1.0, -0.04000000000000001]",48,76
stacey abrams,"[0.8910421112136305, -0.04000000000000001]",49,77
stacey abrams,"[0.8910421112136305, -0.054545454545454564]",50,78
stacey abrams,"[0.8910421112136304, -0.054545454545454564]",51,79
stacey abrams,"[0.8115343414514944, -0.054545454545454564]",52,80
stacey abrams,"[0.8115343414514943, -0.06761234037828133]",53,81
stacey abrams,"[0.7503907674938189, -0.06761234037828133]",54,82
stacey abrams,"[0.7503907674938189, -0.07980868844676221]",55,83
stacey abrams,"[0.750390767493819, -0.07980868844676221]",56,84
stacey abrams,"[0.7503907674938193, -0.07980868844676223]",57,85
stacey abrams,"[0.7503907674938192, -0.07980868844676223]",58,86
stacey abrams,"[0.7503907674938193, -0.07980868844676223]",59,87
stacey abrams,"[0.7503907674938192, -0.07980868844676223]",60,88
stacey abrams,"[0.7503907674938194, -0.0798086884467622]",61,89
stacey abrams,"[0.7503907674938192, -0.07980868844676221]",62,90
stacey abrams,"[0.7503907674938194, -0.0798086884467622]",63,91
stacey abrams,"[0.7503907674938193, -0.0798086884467622]",64,92
stacey abrams,"[0.7503907674938195, -0.0798086884467622]",65,93
stacey abrams,"[0.7503907674938194, -0.0798086884467622]",66,94
stacey abrams,"[0.7503907674938195, -0.0798086884467622]",67,95
stacey abrams,"[0.7503907674938194, -0.0798086884467622]",68,96
stacey abrams,"[0.7503907674938196, -0.0798086884467622]",69,97
stacey abrams,"[0.7503907674938194, -0.0798086884467622]",70,98
stacey abrams,"[0.7503907674938194, -0.0798086884467622]",71,99
stacey abrams,"[0.7503907674938194, -0.0798086884467622]",72,100
stacey abrams,"[0.7503907674938196, nan]",73,101
jair bolsonaro,"[0.35, 0.5537749241945383]",71,99
jair bolsonaro,"[0.5547001962252294, 0.5537749241945383]",72,100
jair bolsonaro,"[0.6933752452815366, 0.6928203230275515]",73,101
jair bolsonaro,"[0.6933752452815365, 0.6928203230275515]",74,102
jair bolsonaro,"[0.6933752452815365, 0.6928203230275515]",75,103
jair bolsonaro,"[0.6933752452815365, 0.6928203230275515]",76,104
jair bolsonaro,"[1.0, nan]",77,105
john kasich,"[0.28013971669430476, 0.6770032003863307]",0,28
john kasich,"[0.28013971669430476, 0.6770032003863307]",1,29
john kasich,"[0.28013971669430476, 0.6770032003863307]",2,30
john kasich,"[0.35, 0.5537749241945382]",3,31
john kasich,"[0.5547001962252293, 0.5537749241945382]",4,32
john kasich,"[0.47026997156298045, 0.5537749241945382]",5,33
john kasich,"[0.5547001962252294, nan]",7,35
muhammad ali,"[-0.07098852075328917, 0.6928203230275513]",9,37
muhammad ali,"[-0.055470019622522904, 0.6928203230275514]",10,38
muhammad ali,"[-0.05547001962252292, 0.6928203230275514]",11,39
muhammad ali,"[-0.055470019622522904, 0.6928203230275514]",12,40
muhammad ali,"[-0.055470019622522904, 0.6928203230275514]",13,41
muhammad ali,"[-0.055470019622522904, 0.6928203230275514]",14,42
muhammad ali,"[-0.05547001962252289, 0.6928203230275514]",15,43
muhammad ali,"[-0.05547001962252289, 0.6928203230275514]",16,44
muhammad ali,"[-0.05547001962252289, 0.6928203230275514]",17,45
muhammad ali,"[-0.055470019622522904, 0.6928203230275515]",18,46
muhammad ali,"[-0.05547001962252289, 0.6928203230275515]",19,47
muhammad ali,"[-0.05547001962252289, 0.6928203230275515]",20,48
muhammad ali,"[-0.05547001962252289, 0.6928203230275515]",21,49
muhammad ali,"[-0.055470019622522904, 0.6928203230275515]",22,50
muhammad ali,"[-0.03846153846153851, 0.9999999999999996]",23,51
muhammad ali,"[-0.03846153846153851, 0.9999999999999996]",24,52
muhammad ali,"[-0.03846153846153852, 0.9999999999999996]",25,53
jordan peele,"[-0.03846153846153847, 0.9999999999999999]",0,28
jordan peele,"[-0.03846153846153847, 0.9999999999999999]",1,29
jordan peele,"[-0.038461538461538464, 0.9999999999999998]",2,30
jordan peele,"[-0.038461538461538464, 0.9999999999999998]",3,31
jordan peele,"[-0.038461538461538464, 0.9999999999999997]",4,32
jordan peele,"[-0.03846153846153847, 0.9999999999999997]",5,33
jordan peele,"[-0.03846153846153848, 0.9999999999999996]",6,34
jordan peele,"[-0.03846153846153847, 0.9999999999999996]",7,35
jordan peele,"[-0.03846153846153848, 0.9999999999999996]",8,36
jordan peele,"[-0.038461538461538484, 0.9999999999999994]",9,37
jordan peele,"[-0.0384615384615385, 0.9999999999999997]",10,38
jordan peele,"[-0.0384615384615385, 0.9999999999999997]",11,39
jordan peele,"[-0.0384615384615385, 0.9999999999999997]",12,40
jordan peele,"[-0.038461538461538505, 0.9999999999999997]",13,41
jordan peele,"[-0.038461538461538505, 0.9999999999999997]",14,42
jordan peele,"[-0.0384615384615385, 0.9999999999999997]",15,43
jordan peele,"[-0.0384615384615385, 0.9999999999999997]",16,44
jordan peele,"[-0.038461538461538505, 0.9999999999999997]",17,45
jordan peele,"[-0.03846153846153851, 0.9999999999999996]",18,46
jordan peele,"[-0.03846153846153851, 0.9999999999999996]",19,47
jordan peele,"[-0.03846153846153851, 0.9999999999999996]",20,48
jordan peele,"[-0.055470019622522904, 0.6928203230275514]",21,49
jordan peele,"[-0.0554700196225229, 0.6928203230275514]",22,50
jordan peele,"[-0.06933752452815366, 0.5537749241945382]",23,51
jordan peele,"[-0.06933752452815366, 0.5537749241945382]",24,52
jordan peele,"[-0.06933752452815366, 0.5537749241945381]",25,53
larry hogan,"[0.6933752452815364, -0.057735026918962574]",48,76
larry hogan,"[0.6933752452815364, -0.05773502691896258]",49,77
larry hogan,"[0.6933752452815364, -0.057735026918962574]",50,78
larry hogan,"[0.6933752452815363, -0.05773502691896258]",51,79
larry hogan,"[0.6933752452815364, -0.05773502691896258]",52,80
larry hogan,"[0.6933752452815366, -0.05773502691896261]",58,86
larry hogan,"[0.6933752452815365, -0.05773502691896261]",59,87
larry hogan,"[0.6933752452815366, -0.05773502691896261]",60,88
larry hogan,"[0.6933752452815366, -0.05773502691896261]",61,89
larry hogan,"[0.6933752452815366, -0.05773502691896261]",62,90
larry hogan,"[0.6933752452815365, -0.05773502691896261]",63,91
larry hogan,"[0.6933752452815366, -0.05773502691896261]",64,92
larry hogan,"[0.6933752452815366, -0.057735026918962595]",65,93
larry hogan,"[0.6933752452815365, -0.05773502691896261]",66,94
larry hogan,"[0.6933752452815365, -0.05773502691896261]",67,95
larry hogan,"[0.6933752452815365, -0.05773502691896261]",68,96
larry hogan,"[0.6933752452815366, -0.05773502691896261]",69,97
larry hogan,"[0.6933752452815365, -0.05773502691896261]",70,98
larry hogan,"[0.6933752452815365, -0.05773502691896261]",71,99
larry hogan,"[0.6933752452815365, -0.05773502691896261]",72,100
larry hogan,"[0.6933752452815366, -0.04000000000000002]",73,101
maxine waters,"[-0.055470019622522904, 0.6928203230275508]",1,29
maxine waters,"[-0.05547001962252292, 0.692820323027551]",2,30
maxine waters,"[-0.05547001962252292, 0.6928203230275509]",3,31
maxine waters,"[-0.0554700196225229, 0.6928203230275509]",4,32
maxine waters,"[-0.055470019622522904, 0.692820323027551]",5,33
maxine waters,"[-0.055470019622522904, 0.692820323027551]",6,34
maxine waters,"[-0.05547001962252292, 0.6928203230275511]",7,35
maxine waters,"[-0.05547001962252289, 0.6928203230275511]",8,36
maxine waters,"[-0.05547001962252289, 0.6928203230275511]",9,37
maxine waters,"[-0.05547001962252289, 0.6928203230275513]",10,38
maxine waters,"[-0.055470019622522904, 0.6928203230275514]",11,39
maxine waters,"[-0.055470019622522904, 0.6928203230275514]",12,40
maxine waters,"[-0.055470019622522904, 0.6928203230275514]",13,41
maxine waters,"[-0.055470019622522904, 0.6928203230275514]",14,42
maxine waters,"[-0.055470019622522904, 0.6928203230275514]",15,43
maxine waters,"[-0.05547001962252289, 0.6928203230275514]",16,44
maxine waters,"[-0.05547001962252289, 0.6928203230275514]",17,45
maxine waters,"[-0.038461538461538505, 0.9999999999999997]",18,46
maxine waters,"[-0.03846153846153851, 0.9999999999999996]",19,47
maxine waters,"[-0.03846153846153851, 0.9999999999999996]",20,48
maxine waters,"[-0.0554700196225229, 0.6928203230275514]",21,49
maxine waters,"[-0.055470019622522904, 0.6928203230275514]",22,50
maxine waters,"[-0.0554700196225229, 0.6928203230275514]",23,51
maxine waters,"[-0.05547001962252291, 0.6928203230275514]",24,52
maxine waters,"[-0.055470019622522904, 0.6928203230275514]",25,53
maxine waters,"[-0.055470019622522904, 0.6928203230275514]",26,54
rex tillerson,"[0.5383892771022005, -0.08333333333333333]",15,43
rex tillerson,"[0.5383892771022004, -0.09759000729485333]",16,44
rex tillerson,"[0.5383892771022004, -0.09759000729485331]",17,45
rex tillerson,"[0.5383892771022006, -0.09759000729485331]",18,46
rex tillerson,"[0.5383892771022005, -0.09759000729485333]",19,47
rex tillerson,"[0.5383892771022005, -0.09759000729485333]",20,48
rex tillerson,"[0.5383892771022002, -0.09759000729485337]",30,58
rex tillerson,"[0.604743156814764, -0.07872958216222171]",31,59
rex tillerson,"[0.604743156814764, -0.0787295821622217]",32,60
rex tillerson,"[0.604743156814764, -0.0787295821622217]",33,61
rex tillerson,"[0.6047431568147641, -0.0787295821622217]",34,62
rex tillerson,"[0.6047431568147641, -0.054545454545454536]",35,63
rex tillerson,"[0.8910421112136305, -0.054545454545454536]",36,64
rex tillerson,"[0.8910421112136306, -0.054545454545454536]",37,65
rex tillerson,"[0.8910421112136305, -0.054545454545454536]",38,66
rex tillerson,"[0.8910421112136305, -0.054545454545454536]",39,67
rex tillerson,"[0.8910421112136305, -0.054545454545454536]",40,68
rex tillerson,"[0.8910421112136306, nan]",41,69
bradley beal,"[1.0, nan]",21,49
bradley beal,"[1.0, -0.04000000000000001]",22,50
bradley beal,"[1.0, -0.04000000000000001]",23,51
bradley beal,"[0.6933752452815365, -0.04000000000000001]",24,52
bradley beal,"[0.554700196225229, -0.0577350269189626]",25,53
bradley beal,"[0.554700196225229, -0.07223151185146152]",26,54
bradley beal,"[0.5547001962252291, -0.07223151185146152]",27,55
bradley beal,"[0.5547001962252291, -0.07223151185146154]",28,56
bradley beal,"[0.5547001962252291, -0.07223151185146154]",29,57
bradley beal,"[0.5547001962252291, -0.07223151185146155]",30,58
bradley beal,"[0.5547001962252293, -0.07223151185146157]",31,59
bradley beal,"[0.5547001962252293, -0.07223151185146157]",32,60
bradley beal,"[0.5547001962252293, -0.07223151185146158]",33,61
bradley beal,"[0.5547001962252293, -0.07223151185146158]",34,62
bradley beal,"[0.5547001962252294, -0.07223151185146158]",35,63
bradley beal,"[0.5547001962252293, -0.07223151185146158]",36,64
bradley beal,"[0.5547001962252293, -0.07223151185146158]",37,65
bradley beal,"[0.5547001962252293, -0.07223151185146158]",38,66
bradley beal,"[0.5547001962252294, -0.0722315118514616]",39,67
bradley beal,"[0.5547001962252293, -0.0722315118514616]",40,68
bradley beal,"[0.5547001962252293, -0.0722315118514616]",41,69
bradley beal,"[0.5547001962252293, -0.0722315118514616]",42,70
bradley beal,"[0.5547001962252294, -0.0722315118514616]",43,71
bradley beal,"[0.5547001962252293, -0.0722315118514616]",44,72
bradley beal,"[0.5547001962252293, -0.0722315118514616]",45,73
bradley beal,"[0.5547001962252293, -0.0722315118514616]",46,74
bradley beal,"[0.5547001962252294, nan]",47,75
liz cheney,"[-0.055470019622522904, 0.6928203230275509]",131,159
liz cheney,"[-0.06933752452815366, 0.5537749241945383]",132,160
liz cheney,"[-0.06933752452815364, 0.5537749241945383]",133,161
liz cheney,"[-0.06933752452815364, 0.5537749241945382]",134,162
liz cheney,"[-0.09999999999999998, 0.5537749241945382]",135,163
nato,"[0.6933752452815364, -0.05773502691896261]",0,28
nato,"[0.6933752452815365, -0.05773502691896262]",1,29
nato,"[0.6933752452815366, -0.05773502691896262]",2,30
nato,"[0.6933752452815365, -0.05773502691896262]",3,31
nato,"[0.6933752452815365, -0.05773502691896262]",4,32
nato,"[0.6933752452815366, -0.05773502691896262]",5,33
nato,"[1.0, -0.04000000000000002]",6,34
nato,"[0.6933752452815365, -0.04000000000000002]",7,35
nato,"[0.6933752452815365, -0.05773502691896261]",8,36
nato,"[0.6933752452815366, nan]",9,37
michael flynn,"[0.6933752452815364, -0.057735026918962574]",21,49
michael flynn,"[0.6933752452815364, -0.057735026918962574]",22,50
michael flynn,"[0.6933752452815363, -0.05773502691896258]",23,51
michael flynn,"[0.6933752452815364, -0.05773502691896258]",24,52
michael flynn,"[0.6933752452815364, -0.05773502691896258]",25,53
michael flynn,"[1.0, -0.04000000000000001]",26,54
michael flynn,"[1.0, -0.04000000000000001]",27,55
michael flynn,"[1.0, -0.04000000000000001]",28,56
michael flynn,"[1.0, -0.04000000000000001]",29,57
michael flynn,"[1.0, -0.04000000000000001]",30,58
michael flynn,"[1.0, -0.04000000000000001]",31,59
michael flynn,"[1.0, -0.04000000000000001]",32,60
michael flynn,"[1.0, -0.040000000000000015]",33,61
michael flynn,"[1.0, -0.04000000000000002]",34,62
michael flynn,"[1.0, -0.04000000000000002]",35,63
michael flynn,"[1.0, -0.04000000000000002]",36,64
michael flynn,"[1.0, -0.04000000000000002]",37,65
michael flynn,"[1.0, -0.04000000000000002]",38,66
michael flynn,"[1.0, -0.04000000000000002]",39,67
michael flynn,"[1.0, -0.04000000000000002]",40,68
michael flynn,"[1.0, -0.04000000000000002]",41,69
michael flynn,"[1.0, -0.04000000000000002]",42,70
michael flynn,"[1.0, -0.04000000000000002]",43,71
michael flynn,"[1.0, -0.04000000000000002]",44,72
michael flynn,"[1.0, nan]",45,73
gina raimondo,"[-0.05547001962252292, 0.6928203230275508]",103,131
gina raimondo,"[-0.055470019622522904, 0.692820323027551]",104,132
gina raimondo,"[-0.05547001962252292, 0.6928203230275509]",105,133
gina raimondo,"[-0.055470019622522904, 0.6928203230275509]",106,134
gina raimondo,"[-0.055470019622522904, 0.692820323027551]",107,135
gina raimondo,"[-0.055470019622522904, 0.692820323027551]",108,136
gina raimondo,"[-0.05547001962252292, 0.6928203230275513]",109,137
gina raimondo,"[-0.055470019622522904, 0.6928203230275513]",110,138
gina raimondo,"[-0.055470019622522904, 0.6928203230275513]",111,139
gina raimondo,"[-0.05547001962252289, 0.6928203230275514]",112,140
gina raimondo,"[-0.05547001962252292, 0.6928203230275514]",113,141
gina raimondo,"[-0.05547001962252289, 0.6928203230275514]",114,142
gina raimondo,"[-0.05547001962252289, 0.6928203230275514]",115,143
gina raimondo,"[-0.05547001962252289, 0.6928203230275514]",116,144
gina raimondo,"[-0.05547001962252292, 0.6928203230275514]",117,145
gina raimondo,"[-0.05547001962252289, 0.6928203230275514]",118,146
gina raimondo,"[-0.05547001962252289, 0.6928203230275514]",119,147
gina raimondo,"[-0.05547001962252289, 0.6928203230275514]",120,148
gina raimondo,"[-0.05547001962252292, 0.6928203230275514]",121,149
gina raimondo,"[-0.05547001962252289, 0.6928203230275514]",122,150
gina raimondo,"[-0.05547001962252289, 0.6928203230275514]",123,151
gina raimondo,"[-0.05547001962252289, 0.6928203230275514]",124,152
gina raimondo,"[-0.03846153846153852, 0.9999999999999996]",125,153
gina raimondo,"[-0.03846153846153851, 0.9999999999999996]",126,154
gina raimondo,"[-0.03846153846153851, 0.9999999999999996]",127,155
gina raimondo,"[-0.03846153846153852, 0.9999999999999996]",128,156
lady gaga,"[-0.052414241836095894, 0.8909090909090909]",1,29
lady gaga,"[-0.052414241836095894, 0.8909090909090908]",2,30
lady gaga,"[-0.0524142418360959, 0.8909090909090908]",3,31
lady gaga,"[-0.0524142418360959, 0.8909090909090908]",4,32
lady gaga,"[-0.05241424183609592, 0.8909090909090907]",5,33
lady gaga,"[-0.052414241836095894, 0.8909090909090907]",6,34
lady gaga,"[-0.0524142418360959, 0.8909090909090907]",7,35
lady gaga,"[-0.05241424183609593, 0.8909090909090905]",8,36
lady gaga,"[-0.052414241836095915, 0.8909090909090905]",9,37
lady gaga,"[-0.05241424183609589, 0.8909090909090905]",10,38
lady gaga,"[-0.05241424183609589, 0.8909090909090905]",11,39
lady gaga,"[-0.05241424183609587, 0.8909090909090905]",12,40
lady gaga,"[-0.05241424183609587, 0.8909090909090905]",13,41
lady gaga,"[-0.05241424183609587, 0.8909090909090905]",14,42
lady gaga,"[-0.05241424183609587, 0.8909090909090905]",15,43
lady gaga,"[-0.05241424183609587, 0.8909090909090905]",16,44
lady gaga,"[-0.05241424183609587, 0.8909090909090905]",17,45
lady gaga,"[-0.05241424183609587, 0.8909090909090905]",18,46
lady gaga,"[-0.05241424183609587, 0.8909090909090904]",19,47
lady gaga,"[-0.05241424183609587, 0.8909090909090904]",20,48
lady gaga,"[-0.05241424183609587, 0.8909090909090904]",21,49
lady gaga,"[-0.05241424183609587, 0.9999999999999996]",22,50
lady gaga,"[-0.03846153846153852, 0.9999999999999996]",23,51
lady gaga,"[-0.03846153846153851, 0.9999999999999996]",24,52
lady gaga,"[-0.03846153846153851, 0.9999999999999996]",25,53
lady gaga,"[-0.03846153846153852, 0.9999999999999996]",26,54
novak djokovic,"[1.0, nan]",85,113
novak djokovic,"[1.0, -0.04000000000000001]",86,114
novak djokovic,"[1.0, -0.04000000000000001]",87,115
novak djokovic,"[1.0, -0.04000000000000001]",88,116
novak djokovic,"[1.0, -0.04000000000000001]",89,117
novak djokovic,"[1.0, -0.04000000000000001]",90,118
novak djokovic,"[1.0, -0.04000000000000001]",91,119
novak djokovic,"[1.0, -0.04000000000000001]",92,120
novak djokovic,"[0.6933752452815365, -0.04000000000000001]",93,121
novak djokovic,"[0.6933752452815365, -0.05773502691896259]",94,122
novak djokovic,"[0.6933752452815365, -0.057735026918962616]",95,123
novak djokovic,"[0.6933752452815366, -0.0577350269189626]",96,124
novak djokovic,"[0.6933752452815365, -0.05773502691896261]",97,125
novak djokovic,"[0.6933752452815365, -0.05773502691896261]",98,126
novak djokovic,"[0.6933752452815366, -0.05773502691896261]",99,127
novak djokovic,"[0.6933752452815366, -0.05773502691896262]",100,128
novak djokovic,"[0.6933752452815366, -0.05773502691896262]",101,129
novak djokovic,"[0.6933752452815366, -0.05773502691896262]",102,130
novak djokovic,"[0.6933752452815366, -0.05773502691896262]",103,131
novak djokovic,"[0.6933752452815366, -0.05773502691896262]",104,132
novak djokovic,"[0.6933752452815365, -0.05773502691896262]",105,133
novak djokovic,"[0.6933752452815365, -0.05773502691896262]",106,134
novak djokovic,"[0.6933752452815366, -0.05773502691896262]",107,135
novak djokovic,"[0.6933752452815366, -0.05773502691896262]",108,136
novak djokovic,"[0.6933752452815365, -0.05773502691896262]",109,137
novak djokovic,"[0.6933752452815365, -0.05773502691896262]",110,138
novak djokovic,"[0.6933752452815366, nan]",111,139
david hogg,"[-0.03846153846153847, 0.9999999999999999]",27,55
david hogg,"[-0.03846153846153847, 0.9999999999999999]",28,56
david hogg,"[-0.038461538461538464, 0.9999999999999998]",29,57
david hogg,"[-0.038461538461538464, 0.9999999999999998]",30,58
david hogg,"[-0.038461538461538464, 0.9999999999999997]",31,59
david hogg,"[-0.03846153846153847, 0.9999999999999997]",32,60
david hogg,"[-0.05547001962252292, 0.9999999999999996]",33,61
david hogg,"[-0.0554700196225229, 0.6928203230275511]",34,62
david hogg,"[-0.0554700196225229, 0.6928203230275511]",35,63
david hogg,"[-0.0554700196225229, 0.6928203230275511]",36,64
david hogg,"[-0.05547001962252292, 0.6928203230275513]",37,65
david hogg,"[-0.055470019622522904, 0.6928203230275513]",38,66
david hogg,"[-0.055470019622522904, 0.6928203230275513]",39,67
david hogg,"[-0.055470019622522904, 0.6928203230275513]",40,68
david hogg,"[-0.05547001962252292, 0.6928203230275513]",41,69
david hogg,"[-0.055470019622522904, 0.6928203230275513]",42,70
david hogg,"[-0.055470019622522904, 0.6928203230275513]",43,71
david hogg,"[-0.07559289460184544, 0.6035934632436999]",44,72
david hogg,"[-0.07559289460184544, 0.6035934632436999]",45,73
david hogg,"[-0.07559289460184544, 0.6035934632436999]",46,74
david hogg,"[-0.07559289460184546, 0.6035934632436999]",47,75
david hogg,"[-0.07559289460184546, 0.6035934632436999]",48,76
david hogg,"[-0.07559289460184546, 0.6035934632436999]",49,77
david hogg,"[-0.07559289460184546, 0.6035934632436999]",50,78
david hogg,"[-0.07559289460184546, 0.6035934632436999]",51,79
david hogg,"[-0.07559289460184546, 0.6035934632436999]",52,80
george floyd,"[1.0, nan]",79,107
george floyd,"[0.6933752452815364, -0.04000000000000001]",80,108
george floyd,"[0.6933752452815365, -0.0577350269189626]",81,109
george floyd,"[0.6933752452815365, -0.0577350269189626]",82,110
george floyd,"[0.6933752452815365, -0.05773502691896259]",83,111
george floyd,"[0.6933752452815365, -0.057735026918962595]",84,112
george floyd,"[0.6933752452815365, -0.057735026918962595]",85,113
george floyd,"[0.6933752452815365, -0.057735026918962595]",86,114
george floyd,"[0.6933752452815365, -0.057735026918962595]",87,115
george floyd,"[0.6933752452815365, -0.057735026918962595]",88,116
george floyd,"[0.6933752452815365, -0.05773502691896261]",89,117
george floyd,"[0.6933752452815366, -0.05773502691896261]",90,118
george floyd,"[0.6933752452815366, -0.05773502691896261]",91,119
george floyd,"[0.6933752452815365, -0.05773502691896261]",92,120
george floyd,"[0.6933752452815366, -0.05773502691896261]",93,121
george floyd,"[0.6933752452815365, -0.05773502691896261]",94,122
george floyd,"[0.6933752452815366, -0.05773502691896261]",95,123
george floyd,"[0.6933752452815365, -0.05773502691896261]",96,124
george floyd,"[0.6933752452815366, -0.05773502691896261]",97,125
george floyd,"[0.6933752452815365, -0.05773502691896261]",98,126
george floyd,"[0.6933752452815365, -0.05773502691896261]",99,127
john fetterman,"[-0.03846153846153847, 0.9999999999999999]",127,155
john fetterman,"[-0.03846153846153847, 0.9999999999999999]",128,156
john fetterman,"[-0.0554700196225229, 0.692820323027551]",129,157
john fetterman,"[-0.0554700196225229, 0.692820323027551]",130,158
john fetterman,"[-0.0554700196225229, 0.6928203230275509]",131,159
john fetterman,"[-0.05547001962252292, 0.692820323027551]",132,160
john fetterman,"[-0.05547001962252289, 0.692820323027551]",133,161
john fetterman,"[0.35, 0.5537749241945382]",134,162
john fetterman,"[0.28013971669430454, 0.6770032003863299]",135,163
john fetterman,"[0.28013971669430454, 0.6770032003863302]",136,164
john fetterman,"[0.2801397166943046, 0.67700320038633]",137,165
john fetterman,"[0.2801397166943046, 0.6770032003863301]",138,166
john fetterman,"[0.2801397166943046, 0.6770032003863301]",139,167
john fetterman,"[0.28013971669430465, 0.6770032003863303]",140,168
j.k. rowling,"[-0.05547001962252292, 0.6928203230275508]",13,41
j.k. rowling,"[-0.0554700196225229, 0.692820323027551]",14,42
j.k. rowling,"[-0.055470019622522904, 0.6928203230275509]",15,43
j.k. rowling,"[-0.055470019622522904, 0.692820323027551]",16,44
j.k. rowling,"[-0.05547001962252289, 0.692820323027551]",17,45
j.k. rowling,"[-0.055470019622522904, 0.692820323027551]",18,46
j.k. rowling,"[-0.05547001962252289, 0.6928203230275511]",19,47
j.k. rowling,"[-0.055470019622522904, 0.6928203230275511]",20,48
j.k. rowling,"[-0.05547001962252289, 0.6928203230275511]",21,49
j.k. rowling,"[-0.055470019622522904, 0.6928203230275513]",22,50
j.k. rowling,"[-0.055470019622522904, 0.9999999999999997]",23,51
j.k. rowling,"[-0.0384615384615385, 0.9999999999999997]",24,52
j.k. rowling,"[-0.0384615384615385, 0.9999999999999997]",25,53
j.k. rowling,"[-0.038461538461538505, 0.9999999999999997]",26,54
j.k. rowling,"[-0.038461538461538505, 0.9999999999999997]",27,55
j.k. rowling,"[-0.0384615384615385, 0.9999999999999997]",28,56
j.k. rowling,"[-0.0384615384615385, 0.9999999999999997]",29,57
j.k. rowling,"[-0.038461538461538505, 0.9999999999999997]",30,58
j.k. rowling,"[-0.03846153846153851, 0.9999999999999996]",31,59
j.k. rowling,"[-0.03846153846153851, 0.9999999999999996]",32,60
j.k. rowling,"[-0.03846153846153851, 0.9999999999999996]",33,61
j.k. rowling,"[-0.03846153846153852, 0.9999999999999996]",34,62
j.k. rowling,"[-0.03846153846153852, 0.9999999999999996]",35,63
j.k. rowling,"[-0.03846153846153851, 0.9999999999999996]",36,64
j.k. rowling,"[-0.03846153846153851, 0.9999999999999996]",37,65
j.k. rowling,"[-0.03846153846153852, 0.9999999999999996]",38,66
giannis antetokounmpo,"[-0.055470019622522904, 0.692820323027551]",53,81
giannis antetokounmpo,"[-0.05547001962252292, 0.692820323027551]",54,82
giannis antetokounmpo,"[-0.055470019622522904, 0.6928203230275509]",55,83
giannis antetokounmpo,"[-0.055470019622522904, 0.6928203230275509]",56,84
giannis antetokounmpo,"[-0.055470019622522904, 0.692820323027551]",57,85
giannis antetokounmpo,"[-0.05547001962252292, 0.692820323027551]",58,86
giannis antetokounmpo,"[-0.05547001962252289, 0.6928203230275511]",59,87
giannis antetokounmpo,"[-0.055470019622522904, 0.6928203230275511]",60,88
giannis antetokounmpo,"[-0.05547001962252289, 0.6928203230275511]",61,89
giannis antetokounmpo,"[-0.05547001962252292, 0.6928203230275513]",62,90
giannis antetokounmpo,"[-0.055470019622522904, 0.6928203230275513]",63,91
giannis antetokounmpo,"[-0.05547001962252292, 0.6928203230275513]",64,92
giannis antetokounmpo,"[-0.055470019622522904, 0.6928203230275513]",65,93
giannis antetokounmpo,"[-0.05547001962252292, 0.6928203230275513]",66,94
giannis antetokounmpo,"[-0.055470019622522904, 0.6928203230275513]",67,95
giannis antetokounmpo,"[-0.05547001962252289, 0.6928203230275513]",68,96
giannis antetokounmpo,"[-0.05547001962252289, 0.6928203230275513]",69,97
giannis antetokounmpo,"[-0.055470019622522904, 0.6928203230275513]",70,98
giannis antetokounmpo,"[-0.05547001962252289, 0.6928203230275514]",71,99
giannis antetokounmpo,"[-0.05547001962252289, 0.6928203230275514]",72,100
giannis antetokounmpo,"[-0.05547001962252289, 0.9999999999999996]",73,101
giannis antetokounmpo,"[-0.03846153846153852, 0.9999999999999996]",74,102
giannis antetokounmpo,"[-0.03846153846153852, 0.9999999999999996]",75,103
giannis antetokounmpo,"[-0.03846153846153851, 0.9999999999999996]",76,104
giannis antetokounmpo,"[-0.03846153846153851, 0.9999999999999996]",77,105
giannis antetokounmpo,"[-0.03846153846153852, 0.9999999999999996]",78,106
giannis antetokounmpo,"[1.0, nan]",83,111
giannis antetokounmpo,"[1.0, -0.04000000000000001]",84,112
giannis antetokounmpo,"[1.0, -0.04000000000000001]",85,113
giannis antetokounmpo,"[1.0, -0.04000000000000001]",86,114
giannis antetokounmpo,"[1.0, -0.04000000000000001]",87,115
giannis antetokounmpo,"[1.0, -0.04000000000000001]",88,116
giannis antetokounmpo,"[1.0, -0.04000000000000001]",89,117
giannis antetokounmpo,"[1.0, -0.04000000000000001]",90,118
giannis antetokounmpo,"[1.0, -0.04000000000000001]",91,119
giannis antetokounmpo,"[1.0, -0.04000000000000001]",92,120
giannis antetokounmpo,"[1.0, -0.04000000000000001]",93,121
giannis antetokounmpo,"[1.0, -0.04000000000000001]",94,122
giannis antetokounmpo,"[1.0, -0.04000000000000001]",95,123
giannis antetokounmpo,"[1.0, -0.04000000000000001]",96,124
giannis antetokounmpo,"[1.0, -0.040000000000000015]",97,125
giannis antetokounmpo,"[1.0, -0.04000000000000002]",98,126
giannis antetokounmpo,"[1.0, -0.04000000000000002]",99,127
giannis antetokounmpo,"[1.0, -0.04000000000000002]",100,128
giannis antetokounmpo,"[1.0, -0.04000000000000002]",101,129
giannis antetokounmpo,"[1.0, -0.04000000000000002]",102,130
giannis antetokounmpo,"[1.0, -0.04000000000000002]",103,131
giannis antetokounmpo,"[1.0, -0.04000000000000002]",104,132
giannis antetokounmpo,"[1.0, -0.04000000000000002]",105,133
giannis antetokounmpo,"[1.0, -0.04000000000000002]",106,134
giannis antetokounmpo,"[1.0, -0.04000000000000002]",107,135
giannis antetokounmpo,"[1.0, -0.04000000000000002]",108,136
giannis antetokounmpo,"[1.0, nan]",109,137
noam chomsky,"[-0.03846153846153847, 0.9999999999999999]",83,111
noam chomsky,"[-0.03846153846153847, 0.9999999999999999]",84,112
noam chomsky,"[-0.038461538461538464, 0.9999999999999998]",85,113
noam chomsky,"[-0.038461538461538464, 0.9999999999999998]",86,114
noam chomsky,"[-0.038461538461538464, 0.9999999999999997]",87,115
noam chomsky,"[-0.05547001962252292, 0.692820323027551]",88,116
noam chomsky,"[-0.0554700196225229, 0.6928203230275511]",89,117
noam chomsky,"[-0.0554700196225229, 0.692820323027551]",90,118
noam chomsky,"[-0.0554700196225229, 0.6928203230275511]",91,119
noam chomsky,"[-0.05547001962252292, 0.6928203230275511]",92,120
noam chomsky,"[-0.055470019622522904, 0.6928203230275513]",93,121
noam chomsky,"[-0.055470019622522904, 0.6928203230275513]",94,122
noam chomsky,"[-0.055470019622522904, 0.6928203230275513]",95,123
noam chomsky,"[-0.055470019622522904, 0.6928203230275513]",96,124
noam chomsky,"[-0.055470019622522904, 0.6928203230275513]",97,125
noam chomsky,"[-0.055470019622522904, 0.6928203230275514]",98,126
noam chomsky,"[-0.05547001962252292, 0.6928203230275514]",99,127
noam chomsky,"[-0.055470019622522904, 0.6928203230275514]",100,128
noam chomsky,"[-0.05547001962252289, 0.6928203230275515]",101,129
noam chomsky,"[-0.05547001962252289, 0.6928203230275515]",102,130
noam chomsky,"[-0.05547001962252289, 0.6928203230275515]",103,131
noam chomsky,"[-0.055470019622522904, 0.6928203230275515]",104,132
noam chomsky,"[-0.05547001962252289, 0.6928203230275515]",105,133
noam chomsky,"[-0.05547001962252289, 0.6928203230275515]",106,134
noam chomsky,"[-0.05547001962252289, 0.6928203230275515]",107,135
noam chomsky,"[-0.055470019622522904, 0.6928203230275515]",108,136
deb haaland,"[1.0, nan]",100,128
deb haaland,"[1.0, -0.04000000000000001]",101,129
deb haaland,"[1.0, -0.04000000000000001]",102,130
deb haaland,"[1.0, -0.04000000000000001]",103,131
deb haaland,"[1.0, -0.04000000000000001]",104,132
deb haaland,"[1.0, -0.04000000000000001]",105,133
deb haaland,"[1.0, -0.04000000000000001]",106,134
deb haaland,"[1.0, -0.04000000000000001]",107,135
deb haaland,"[1.0, -0.04000000000000001]",108,136
deb haaland,"[0.6933752452815365, -0.05773502691896259]",109,137
deb haaland,"[0.6933752452815365, -0.0577350269189626]",110,138
deb haaland,"[0.6933752452815366, -0.0577350269189626]",111,139
deb haaland,"[0.6933752452815366, -0.05773502691896261]",112,140
deb haaland,"[0.6933752452815365, -0.05773502691896261]",113,141
deb haaland,"[0.6933752452815366, -0.05773502691896261]",114,142
deb haaland,"[0.6933752452815366, -0.05773502691896261]",115,143
