joe biden,"[0.6770032003863298, -0.13483997249264848]",20,34
joe biden,"[0.5270462766947298, -0.17407765595569796]",21,35
joe biden,"[0.52704627669473, nan]",68,82
joe biden,"[0.5270462766947298, -0.17407765595569785]",69,83
joe biden,"[0.5270462766947298, -0.17407765595569785]",72,86
joe biden,"[0.5270462766947298, -0.13483997249264845]",73,87
joe biden,"[0.6770032003863299, -0.13483997249264845]",74,88
joe biden,"[0.6770032003863299, -0.13483997249264845]",75,89
joe biden,"[0.6770032003863299, -0.1348399724926485]",76,90
joe biden,"[0.6770032003863298, -0.13483997249264848]",77,91
joe biden,"[0.6770032003863298, -0.13483997249264848]",78,92
joe biden,"[0.6770032003863298, -0.13483997249264848]",79,93
joe biden,"[0.6770032003863297, -0.09090909090909095]",80,94
joe biden,"[0.8872442622820286, nan]",90,104
joe biden,"[0.9335638713962128, 0.6288082227054205]",91,105
joe biden,"[0.9335638713962128, 0.3436164855716713]",92,106
joe biden,"[0.5886629461509557, 0.14509525002200235]",93,107
joe biden,"[0.6950341723961974, -0.1438389904456152]",96,110
joe biden,"[0.5615168478552979, 0.21936339884283262]",97,111
joe biden,"[0.7502910777133853, -0.11861851355835633]",99,113
joe biden,"[0.7488396318416092, 0.017474081133220756]",100,114
joe biden,"[0.750291028032794, -0.060598270695464924]",101,115
joe biden,"[0.7502910280327941, -0.03535533905932736]",102,116
joe biden,"[0.7902828912024875, -0.13807733687630674]",103,117
joe biden,"[0.6987503251224437, -0.17734310717834897]",104,118
joe biden,"[0.6710222642455953, -0.24390243902439018]",105,119
joe biden,"[0.6814832908116167, -0.28608757699221227]",106,120
joe biden,"[0.6814832908116168, -0.31360446054086205]",107,121
joe biden,"[0.6096822788713443, -0.33400980086577353]",108,122
joe biden,"[0.633294206753219, -0.3496382681707023]",109,123
joe biden,"[0.6573685452323075, -0.39809149357205104]",110,124
joe biden,"[0.6661937351861692, -0.3810988179951092]",111,125
joe biden,"[0.5570626975778937, -0.5071254094511879]",112,126
joe biden,"[0.5522407803830429, -0.0368855556781659]",142,156
donald trump,"[0.6707451656761828, 0.17368821999595457]",0,14
donald trump,"[0.5489544864705677, -0.34641016151377546]",45,59
donald trump,"[0.5781744669956589, 0.10162195813511539]",48,62
donald trump,"[0.5169162223730077, 0.25041900371049086]",49,63
donald trump,"[-0.08584645893961881, 0.5518701141703084]",53,67
donald trump,"[-0.01860664152355194, 0.5843487097907777]",54,68
donald trump,"[-0.0546106853225549, 0.5843487097907777]",55,69
donald trump,"[-0.054610685322554905, 0.5521576303742328]",56,70
donald trump,"[-0.04786387724118255, 0.6472977780031546]",57,71
donald trump,"[-0.38013381619248016, 0.5079520323569664]",58,72
donald trump,"[-0.35767376201519246, 0.5496791209698201]",59,73
donald trump,"[-0.36493151293645276, 0.5496791209698201]",60,74
donald trump,"[-0.2679348758298853, 0.5750861417649515]",61,75
donald trump,"[-0.3264339282042846, 0.6410364402283429]",62,76
donald trump,"[-0.17776657670806442, 0.5430753866417044]",63,77
donald trump,"[-0.2595983519744031, 0.5139561687500463]",64,78
donald trump,"[0.9691236661397292, 1.0]",91,105
donald trump,"[0.8679563435367671, 0.15775211186016916]",92,106
donald trump,"[0.7946628662761659, 0.10580973892262124]",93,107
donald trump,"[0.7859052479933757, 0.061122745662804616]",94,108
donald trump,"[0.7859052479933757, 0.04141576832812913]",95,109
donald trump,"[0.665719023448946, 0.04141576832812912]",96,110
donald trump,"[0.6360431018595893, -0.019031227316797766]",97,111
donald trump,"[0.5708992257184501, 0.08606629658238704]",98,112
donald trump,"[0.5686068791275766, 0.029682608859776263]",99,113
donald trump,"[0.5413127381832803, -1.0227391459420347e-17]",100,114
donald trump,"[0.5231388366621641, -0.06741998624632421]",101,115
donald trump,"[-0.1230914909793328, 0.6741998624632428]",121,135
bernie sanders,"[0.851590636145236, -0.19230176593926276]",11,25
bernie sanders,"[0.7727341339992764, 0.01694915254237292]",12,26
bernie sanders,"[-0.1504823163572115, 0.6288082227054205]",53,67
bernie sanders,"[-0.1504823163572115, 0.6288082227054206]",54,68
bernie sanders,"[-0.1504823163572115, 0.6288082227054206]",55,69
bernie sanders,"[-0.1504823163572115, 0.6288082227054206]",56,70
bernie sanders,"[-0.1786474002526241, 0.5921565254637922]",57,71
bernie sanders,"[-0.1786474002526241, 0.6288082227054206]",58,72
bernie sanders,"[-0.15048231635721152, 0.6288082227054207]",59,73
bernie sanders,"[-0.15048231635721152, 0.6288082227054207]",60,74
bernie sanders,"[-0.15048231635721152, 0.6288082227054207]",61,75
bernie sanders,"[-0.11572751247156893, 1.0]",79,93
bernie sanders,"[-0.08333333333333329, 1.0]",80,94
bernie sanders,"[-0.08333333333333329, 1.0]",81,95
nancy pelosi,"[0.5270462766947299, -0.13483997249264842]",19,33
nancy pelosi,"[0.67700320038633, -0.13483997249264842]",20,34
nancy pelosi,"[0.67700320038633, -0.13483997249264845]",21,35
nancy pelosi,"[0.5270462766947298, -0.13483997249264845]",22,36
nancy pelosi,"[0.5270462766947298, -0.17407765595569788]",25,39
nancy pelosi,"[0.6013377943029549, -0.24253562503633297]",26,40
nancy pelosi,"[0.6013377943029549, -0.29704426289300234]",27,41
nancy pelosi,"[0.6013377943029549, -0.2970442628930024]",28,42
nancy pelosi,"[-0.23354968324845674, 0.5222329678670936]",41,55
nancy pelosi,"[0.6770032003863302, nan]",56,70
nancy pelosi,"[0.8393720596645177, 0.8058229640253803]",57,71
nancy pelosi,"[0.6260475092762272, 0.47809144373375745]",58,72
nancy pelosi,"[0.6896715738353065, 0.6557632539969139]",59,73
nancy pelosi,"[0.33744508936606776, 0.7141149482839229]",60,74
nancy pelosi,"[0.25623537159526905, 0.6248505797484325]",61,75
nancy pelosi,"[0.1215431087010994, 0.6248505797484324]",62,76
nancy pelosi,"[0.07669649888473705, 0.5868022988728282]",63,77
nancy pelosi,"[-2.5315772348850332e-17, 0.5868022988728282]",64,78
nancy pelosi,"[0.9999999999999997, 0.6741998624632427]",81,95
nancy pelosi,"[0.9999999999999998, nan]",82,96
nancy pelosi,"[0.8872442622820286, nan]",91,105
nancy pelosi,"[0.7678571428571429, -0.12666009927622474]",92,106
nancy pelosi,"[0.7678571428571428, -0.17647058823529413]",93,107
nancy pelosi,"[0.7903225806451613, -0.22454435656953592]",94,108
nancy pelosi,"[0.5370615799888022, -0.28571428571428564]",95,109
nancy pelosi,"[0.5012062743707415, 0.25819888974716104]",118,132
barack obama,"[-0.04455061240583739, 0.5707159185991031]",18,32
barack obama,"[-0.044550612405837416, 0.6686137412403139]",19,33
barack obama,"[-0.009188630773666204, 0.6686137412403139]",20,34
barack obama,"[0.1062615955510884, 0.7895420339517226]",21,35
barack obama,"[0.10626159555108837, 0.8277502640310599]",22,36
barack obama,"[0.052193886700168265, 0.8041848585451525]",23,37
hillary clinton,"[-0.03023068053169021, 0.6015937234287392]",12,26
hillary clinton,"[0.02864798545634705, 0.66950909197891]",13,27
hillary clinton,"[-0.006909874910284758, 0.6673083711820308]",14,28
hillary clinton,"[0.07013788634640539, 0.6852120795017816]",15,29
hillary clinton,"[0.6106804620458048, 0.665267348636088]",17,31
hillary clinton,"[0.5270462766947299, 0.6178020632152154]",18,32
hillary clinton,"[0.43301270189221913, 0.5222329678670935]",19,33
hillary clinton,"[-0.11572751247156893, 1.0]",53,67
hillary clinton,"[-0.12309149097933272, 1.0]",54,68
hillary clinton,"[-0.12309149097933271, 0.6741998624632421]",55,69
hillary clinton,"[-0.12309149097933274, 0.6741998624632424]",56,70
hillary clinton,"[-0.12309149097933277, 0.6741998624632423]",57,71
hillary clinton,"[-0.12309149097933277, 0.6741998624632423]",58,72
hillary clinton,"[-0.12309149097933277, 0.6741998624632424]",59,73
hillary clinton,"[-0.12309149097933277, 0.6741998624632425]",60,74
hillary clinton,"[-0.1230914909793328, 0.6741998624632425]",61,75
hillary clinton,"[-0.1230914909793328, 0.6741998624632425]",62,76
hillary clinton,"[-0.1230914909793328, 0.6741998624632426]",63,77
hillary clinton,"[-0.15811388300841883, 0.6741998624632427]",64,78
police,"[-0.17712297710801897, 0.6764814252025458]",31,45
police,"[-0.11070186069251194, 0.6928203230275508]",32,46
police,"[-0.025854384499750933, 0.6928203230275508]",33,47
police,"[-0.025854384499750936, 0.6928203230275508]",34,48
police,"[-0.07872958216222167, 0.6404447607135402]",35,49
police,"[-0.025854384499750936, 0.6404447607135402]",36,50
police,"[0.025854384499750957, 0.7006490497453708]",37,51
police,"[0.21004201260420147, 0.7006490497453708]",38,52
police,"[0.21004201260420147, 0.6673083711820309]",39,53
ted cruz,"[0.7570640217407997, 0.5348994124971927]",0,14
ted cruz,"[0.7570640217407995, 0.7679817174694635]",1,15
ted cruz,"[0.7369327767613112, 0.9135002783911398]",2,16
ted cruz,"[0.8299102766330649, 0.9205043423443524]",3,17
ted cruz,"[0.8046168361411912, 0.9112973794335114]",4,18
ted cruz,"[0.8449531831132929, 0.674199862463242]",5,19
ted cruz,"[1.0, nan]",43,57
ted cruz,"[1.0, -0.09090909090909093]",44,58
ted cruz,"[1.0, -0.09090909090909093]",45,59
ted cruz,"[1.0, -0.09090909090909094]",46,60
ted cruz,"[1.0, -0.09090909090909093]",47,61
ted cruz,"[1.0, -0.0909090909090909]",48,62
ted cruz,"[1.0, -0.0909090909090909]",49,63
ted cruz,"[0.9999999999999999, -0.09090909090909093]",50,64
ted cruz,"[0.6770032003863299, -0.13483997249264842]",51,65
ted cruz,"[0.6770032003863298, -0.13483997249264848]",52,66
ted cruz,"[0.6770032003863298, -0.13483997249264848]",53,67
ted cruz,"[0.6770032003863298, -0.1348399724926485]",54,68
ted cruz,"[0.6770032003863298, -0.09090909090909091]",55,69
alexandria ocasio-cortez,"[0.6770032003863302, 1.0]",47,61
alexandria ocasio-cortez,"[0.4090909090909091, 1.0]",48,62
alexandria ocasio-cortez,"[0.4090909090909091, 1.0]",49,63
alexandria ocasio-cortez,"[0.4090909090909092, 1.0]",50,64
alexandria ocasio-cortez,"[0.2724746304565331, 0.7745966692414833]",51,65
alexandria ocasio-cortez,"[0.2724746304565331, 0.7745966692414833]",52,66
alexandria ocasio-cortez,"[0.27247463045653314, 0.7745966692414832]",53,67
alexandria ocasio-cortez,"[0.2724746304565331, 0.7745966692414831]",54,68
alexandria ocasio-cortez,"[0.17766726362967541, 0.6324555320336757]",55,69
alexandria ocasio-cortez,"[0.17766726362967541, 0.6324555320336757]",56,70
alexandria ocasio-cortez,"[0.5346815442312336, 0.13483997249264837]",57,71
alexandria ocasio-cortez,"[0.5051814855409225, 4.163336342344337e-17]",59,73
alexandria ocasio-cortez,"[0.625, 0.22549380840084868]",60,74
alexandria ocasio-cortez,"[0.7012526785324503, 0.38807526285316646]",61,75
alexandria ocasio-cortez,"[0.7609706744606265, 0.458682472293863]",62,76
alexandria ocasio-cortez,"[0.5725799558044118, 0.5651329115440037]",63,77
alexandria ocasio-cortez,"[0.49005545861045463, 0.5651329115440038]",64,78
alexandria ocasio-cortez,"[0.4192054818036136, 0.5222626427239444]",65,79
alexandria ocasio-cortez,"[0.30162362385542213, 0.5222626427239443]",66,80
alexandria ocasio-cortez,"[0.17034628596731174, 0.5626178834732708]",69,83
alexandria ocasio-cortez,"[0.17874916019967693, 0.6559403340379552]",70,84
alexandria ocasio-cortez,"[0.17874916019967688, 0.7333933110610719]",71,85
alexandria ocasio-cortez,"[0.27695585470349854, 0.6312827485401165]",72,86
alexandria ocasio-cortez,"[0.29490260364897636, 0.6639673935014125]",73,87
alexandria ocasio-cortez,"[0.26541917906001405, 0.7067583668854309]",74,88
alexandria ocasio-cortez,"[0.6396021490668312, -0.2581988897471611]",111,125
alexandria ocasio-cortez,"[0.778498944161523, -0.2581988897471611]",112,126
alexandria ocasio-cortez,"[0.7784989441615229, -0.2581988897471611]",113,127
alexandria ocasio-cortez,"[0.7784989441615229, -0.2581988897471611]",114,128
alexandria ocasio-cortez,"[0.5666666666666664, -0.3333333333333333]",115,129
alexandria ocasio-cortez,"[0.5666666666666665, -0.2581988897471611]",116,130
alexandria ocasio-cortez,"[0.6013377943029549, -0.21320071635561053]",122,136
alexandria ocasio-cortez,"[0.3403069548648862, 0.6015930993855524]",123,137
alexandria ocasio-cortez,"[0.28426762180748055, 0.7458152383799167]",124,138
alexandria ocasio-cortez,"[0.28426762180748055, 0.7458152383799167]",125,139
alexandria ocasio-cortez,"[0.28426762180748055, 0.7458152383799168]",126,140
alexandria ocasio-cortez,"[0.2842676218074806, 0.8058229640253801]",127,141
alexandria ocasio-cortez,"[0.32995600879804493, 0.8058229640253801]",128,142
alexandria ocasio-cortez,"[0.32995600879804493, 0.80582296402538]",129,143
alexandria ocasio-cortez,"[0.32995600879804493, 0.8058229640253801]",130,144
alexandria ocasio-cortez,"[0.3299560087980449, 0.80582296402538]",131,145
alexandria ocasio-cortez,"[0.3299560087980449, 0.8866206949335729]",132,146
alexandria ocasio-cortez,"[0.3857583749052295, 0.8866206949335729]",133,147
alexandria ocasio-cortez,"[0.3857583749052295, 1.0]",134,148
anthony fauci,"[0.9035398058696477, nan]",91,105
anthony fauci,"[-0.1522862259682933, 0.6741998624632426]",140,154
anthony fauci,"[-0.12309149097933282, 0.6741998624632427]",141,155
anthony fauci,"[0.6770032003863302, nan]",147,161
vladimir putin,"[0.8403658068160178, -0.05581455721859477]",0,14
vladimir putin,"[0.7833333333333334, -0.11111111111111112]",1,15
vladimir putin,"[0.7833333333333331, -0.11111111111111112]",2,16
vladimir putin,"[0.7833333333333331, -0.055814557218594796]",3,17
vladimir putin,"[0.8243221055778027, -0.1754116038614059]",4,18
vladimir putin,"[0.9462916232627816, -0.11826247919781659]",5,19
vladimir putin,"[0.9462916232627817, -0.11826247919781661]",6,20
vladimir putin,"[0.9462916232627818, -0.11826247919781661]",7,21
vladimir putin,"[0.9462916232627817, -0.11826247919781661]",8,22
vladimir putin,"[0.9462916232627817, -0.11826247919781661]",9,23
vladimir putin,"[0.9462916232627817, -0.11826247919781664]",10,24
vladimir putin,"[0.6190103744689253, -0.09090909090909095]",11,25
vladimir putin,"[0.6770032003863302, nan]",41,55
vladimir putin,"[0.6320257287002882, 0.23166618731252334]",42,56
vladimir putin,"[0.5154823466322013, 0.3799802978286742]",43,57
vladimir putin,"[0.6788442333021307, 0.29411764705882354]",44,58
vladimir putin,"[-0.08333333333333329, 1.0]",68,82
tucker carlson,"[1.0, nan]",91,105
tucker carlson,"[1.0, -0.09090909090909093]",92,106
tucker carlson,"[0.6770032003863301, -0.09090909090909093]",93,107
tucker carlson,"[-0.15811388300841892, 0.5222329678670934]",109,123
tucker carlson,"[-0.15811388300841883, 0.5222329678670935]",110,124
tucker carlson,"[-0.1581138830084188, 0.5222329678670937]",111,125
ron desantis,"[0.5270462766947299, -0.13483997249264845]",112,126
ron desantis,"[0.5270462766947298, -0.17407765595569785]",113,127
pope francis,"[0.5270462766947298, -0.17407765595569785]",21,35
pope francis,"[0.40909090909090934, 0.6741998624632426]",32,46
pope francis,"[-0.08333333333333329, 1.0]",33,47
pope francis,"[-0.08333333333333329, 1.0]",34,48
pope francis,"[0.5270462766947299, 0.6741998624632421]",146,160
pope francis,"[0.5270462766947299, 0.5222329678670936]",147,161
pope francis,"[0.5270462766947298, 0.5222329678670935]",148,162
pope francis,"[0.5270462766947298, 0.5222329678670936]",149,163
pope francis,"[0.5270462766947298, 0.5222329678670936]",150,164
pope francis,"[0.5270462766947299, 0.5222329678670935]",151,165
pope francis,"[0.5270462766947298, 0.5222329678670936]",152,166
pope francis,"[0.6770032003863298, 0.6741998624632425]",153,167
pope francis,"[0.6770032003863298, 0.6741998624632425]",154,168
nigel farage,"[0.6770032003863301, -0.13483997249264845]",0,14
nigel farage,"[0.6770032003863301, -0.13483997249264845]",1,15
nigel farage,"[0.5270462766947299, -0.17407765595569785]",2,16
nigel farage,"[0.5270462766947299, -0.17407765595569788]",3,17
nigel farage,"[0.5270462766947299, -0.17407765595569785]",4,18
adam schiff,"[0.6770032003863302, nan]",123,137
adam schiff,"[0.67700320038633, -0.13483997249264845]",124,138
adam schiff,"[0.67700320038633, -0.13483997249264845]",125,139
adam schiff,"[0.67700320038633, -0.13483997249264845]",126,140
adam schiff,"[0.6770032003863299, -0.13483997249264848]",127,141
adam schiff,"[0.5270462766947299, -0.1740776559556979]",128,142
adam schiff,"[0.5270462766947299, -0.17407765595569788]",130,144
adam schiff,"[0.5270462766947298, -0.17407765595569782]",131,145
adam schiff,"[0.5270462766947298, -0.17407765595569794]",132,146
adam schiff,"[0.5270462766947298, -0.1740776559556979]",133,147
adam schiff,"[0.5270462766947299, -0.17407765595569794]",134,148
adam schiff,"[0.5270462766947299, -0.13483997249264848]",135,149
adam schiff,"[0.2842676218074806, 0.5222329678670936]",151,165
adam schiff,"[0.52704627669473, 0.5222329678670936]",152,166
adam schiff,"[0.5270462766947299, 0.5222329678670936]",153,167
adam schiff,"[0.5270462766947299, 0.6741998624632425]",154,168
democratic party,"[1.0, nan]",56,70
democratic party,"[1.0, -0.09090909090909093]",57,71
democratic party,"[1.0, -0.09090909090909093]",58,72
john mccain,"[0.5166666666666666, 0.055814557218594754]",25,39
john mccain,"[0.5166666666666666, 0.055814557218594754]",26,40
john mccain,"[0.5166666666666666, 0.05581455721859475]",27,41
john mccain,"[0.739573996953447, -3.4732397003593066e-17]",28,42
john mccain,"[0.8696263565463044, 0.1740776559556978]",29,43
john mccain,"[0.8696263565463044, 0.1740776559556978]",30,44
john mccain,"[0.5254867873090278, 0.1740776559556978]",31,45
john mccain,"[0.5254867873090278, 0.043233770116711666]",32,46
john mccain,"[0.5691747871846736, 0.08770580193070289]",33,47
john mccain,"[0.6190103744689253, 0.08770580193070296]",34,48
john mccain,"[0.6190103744689252, 0.08770580193070297]",35,49
john mccain,"[0.6190103744689253, 0.6741998624632427]",36,50
john mccain,"[-0.10814761408717505, 1.0]",63,77
john mccain,"[-0.08333333333333329, 1.0]",64,78
kamala harris,"[-0.12309149097933275, 0.6741998624632421]",65,79
kamala harris,"[-0.12309149097933274, 0.6741998624632421]",66,80
kamala harris,"[-0.10309826235529033, 0.9690486871410394]",97,111
kamala harris,"[-0.13951602128303114, 0.7658395810674836]",98,112
kamala harris,"[-0.20607882090279148, 0.7658395810674837]",99,113
kamala harris,"[-0.03361463227264072, 0.774596669241483]",110,124
kamala harris,"[0.1776672636296754, 0.774596669241483]",111,125
kamala harris,"[0.27247463045653314, 0.774596669241483]",112,126
kamala harris,"[0.40909090909090934, 0.6741998624632428]",113,127
gavin newsom,"[0.07944407119985639, 0.5072123337653985]",124,138
gavin newsom,"[0.153251508458222, 0.5072123337653986]",125,139
gavin newsom,"[0.15325150845822202, 0.5072123337653985]",126,140
gavin newsom,"[0.15325150845822202, 0.5072123337653986]",127,141
gavin newsom,"[0.30357142857142866, 0.764705882352941]",128,142
gavin newsom,"[0.2375954816557458, 0.6736330697086078]",129,143
gavin newsom,"[0.16129032258064513, 0.6736330697086078]",130,144
gavin newsom,"[0.1612903225806451, 0.5714285714285716]",131,145
gavin newsom,"[0.1612903225806451, 0.5714285714285716]",132,146
gavin newsom,"[0.23759548165574582, 0.6736330697086077]",133,147
gavin newsom,"[0.23759548165574587, 0.7647058823529409]",134,148
mitch mcconnell,"[-0.08333333333333336, 1.0]",13,27
mitch mcconnell,"[-0.08333333333333334, 1.0]",14,28
mitch mcconnell,"[-0.08333333333333333, 1.0]",15,29
mitch mcconnell,"[-0.08333333333333333, 1.0]",16,30
mitch mcconnell,"[-0.08333333333333331, 1.0]",17,31
mitch mcconnell,"[-0.08333333333333331, 1.0]",18,32
mitch mcconnell,"[-0.0833333333333333, 1.0]",19,33
mitch mcconnell,"[-0.08333333333333329, 1.0]",20,34
mitch mcconnell,"[-0.08333333333333329, 1.0]",21,35
mitch mcconnell,"[-0.08333333333333329, 1.0]",22,36
mitch mcconnell,"[-0.08333333333333329, 1.0]",23,37
mitch mcconnell,"[-0.12309149097933277, 0.6741998624632427]",24,38
mitch mcconnell,"[0.56980288229819, 0.1878672873255448]",118,132
mitch mcconnell,"[0.56980288229819, 0.6741998624632426]",119,133
mitch mcconnell,"[-0.12309149097933277, 0.6741998624632427]",120,134
jeremy corbyn,"[0.011945462064187418, 0.7458152383799169]",33,47
jeremy corbyn,"[0.2842676218074806, 0.80582296402538]",34,48
julian assange,"[0.6770032003863302, nan]",1,15
julian assange,"[1.0, 0.6741998624632421]",2,16
julian assange,"[1.0, 0.4000000000000001]",3,17
julian assange,"[1.0, 0.40000000000000013]",4,18
julian assange,"[1.0, 0.4]",5,19
julian assange,"[0.7784989441615228, 0.2581988897471612]",6,20
julian assange,"[0.8215838362577491, 0.158113883008419]",7,21
julian assange,"[0.7784989441615229, 0.29277002188455997]",8,22
julian assange,"[0.7784989441615228, -0.022005942406783077]",9,23
julian assange,"[0.671094365241449, -0.022005942406783077]",10,24
julian assange,"[0.6710943652414492, -0.13093073414159542]",11,25
julian assange,"[0.6710943652414492, -0.13093073414159545]",12,26
julian assange,"[0.6710943652414492, 2.1678946923031168e-18]",13,27
julian assange,"[0.6564879518897747, -0.07516460280028286]",14,28
julian assange,"[0.6260475092762271, 2.6327982849756348e-17]",15,29
julian assange,"[0.5393598899705935, 2.6327982849756348e-17]",16,30
julian assange,"[-0.15811388300841894, 0.5222329678670935]",21,35
julian assange,"[-0.1581138830084189, 0.5222329678670935]",22,36
julian assange,"[-0.12309149097933277, 0.6741998624632424]",23,37
julian assange,"[-0.12309149097933277, 0.6741998624632425]",24,38
julian assange,"[-0.1230914909793328, 0.6741998624632425]",25,39
julian assange,"[-0.1230914909793328, 0.6741998624632425]",26,40
julian assange,"[-0.11572751247156893, 0.8866206949335732]",46,60
julian assange,"[-0.11572751247156893, 0.8866206949335732]",47,61
julian assange,"[-0.11572751247156893, 0.8866206949335731]",48,62
julian assange,"[-0.11572751247156893, 0.8866206949335732]",49,63
julian assange,"[-0.1709408646894569, 0.8866206949335731]",50,64
julian assange,"[-0.17094086468945693, 0.5636018619766348]",51,65
julian assange,"[-0.17094086468945696, 0.5636018619766349]",52,66
julian assange,"[-0.17094086468945702, 0.6741998624632426]",53,67
julian assange,"[-0.12309149097933277, 0.6741998624632425]",54,68
julian assange,"[-0.1230914909793328, 0.6741998624632425]",55,69
julian assange,"[-0.1230914909793328, 0.6741998624632426]",56,70
julian assange,"[-0.12309149097933282, 0.6741998624632427]",57,71
julian assange,"[-0.12309149097933275, 0.6741998624632421]",68,82
julian assange,"[-0.12309149097933274, 0.6741998624632421]",69,83
julian assange,"[-0.12309149097933274, 0.6741998624632423]",70,84
julian assange,"[-0.12309149097933277, 0.6741998624632424]",71,85
julian assange,"[-0.12309149097933277, 0.6741998624632424]",72,86
julian assange,"[-0.12309149097933277, 0.6741998624632424]",73,87
julian assange,"[-0.12309149097933277, 0.6741998624632424]",74,88
julian assange,"[-0.1230914909793328, 0.6741998624632426]",75,89
julian assange,"[-0.1230914909793328, 0.6741998624632425]",76,90
julian assange,"[-0.08333333333333329, 1.0]",77,91
julian assange,"[-0.08333333333333329, 1.0]",78,92
julian assange,"[-0.08333333333333329, 1.0]",79,93
chuck schumer,"[0.5270462766947298, -0.17407765595569785]",32,46
chuck schumer,"[0.5270462766947298, -0.17407765595569785]",33,47
chuck schumer,"[0.5270462766947298, -0.17407765595569788]",34,48
chuck schumer,"[0.5270462766947298, -0.17407765595569785]",35,49
chuck schumer,"[0.6770032003863302, nan]",59,73
chuck schumer,"[0.67700320038633, -0.13483997249264845]",60,74
chuck schumer,"[0.67700320038633, -0.13483997249264845]",61,75
chuck schumer,"[0.67700320038633, -0.13483997249264845]",62,76
chuck schumer,"[0.5270462766947298, -0.17407765595569785]",63,77
chuck schumer,"[0.5270462766947298, -0.17407765595569788]",64,78
chuck schumer,"[0.5270462766947298, -0.17407765595569796]",69,83
chuck schumer,"[0.5270462766947299, -0.174077655955698]",70,84
chuck schumer,"[0.5270462766947299, -0.1348399724926485]",71,85
chuck schumer,"[-0.17094086468945696, 0.6741998624632425]",120,134
chuck schumer,"[-0.12309149097933282, 0.6741998624632426]",121,135
chuck schumer,"[-0.08333333333333329, 1.0]",122,136
chuck schumer,"[-0.08333333333333329, 1.0]",123,137
chuck schumer,"[0.4090909090909091, 0.6741998624632421]",144,158
chuck schumer,"[0.27247463045653303, 0.7745966692414834]",145,159
chuck schumer,"[0.2724746304565331, 0.7745966692414834]",146,160
chuck schumer,"[0.17766726362967536, 0.6324555320336758]",147,161
chuck schumer,"[0.1776672636296754, 0.6324555320336758]",148,162
chuck schumer,"[0.1776672636296754, 0.6324555320336758]",149,163
chuck schumer,"[0.17766726362967536, 0.6324555320336758]",150,164
chuck schumer,"[0.17766726362967533, 0.6324555320336758]",151,165
chuck schumer,"[0.1776672636296754, 0.7745966692414831]",152,166
chuck schumer,"[0.27247463045653303, 0.7745966692414831]",153,167
chuck schumer,"[0.27247463045653303, 0.7745966692414831]",154,168
paul ryan,"[-0.4444444444444444, 0.625]",8,22
paul ryan,"[-0.3651483716701106, 0.8164965809277259]",9,23
paul ryan,"[-0.36514837167011055, 0.7745966692414831]",10,24
paul ryan,"[-0.3651483716701106, 0.816496580927726]",11,25
paul ryan,"[-0.3651483716701107, 0.7745966692414834]",12,26
paul ryan,"[-0.2999999999999999, 0.5555555555555556]",13,27
paul ryan,"[-0.30000000000000004, 0.5555555555555556]",14,28
paul ryan,"[0.9999999999999998, nan]",28,42
paul ryan,"[-0.14664711502135333, 0.6741998624632425]",41,55
paul ryan,"[-0.1230914909793328, 0.6741998624632426]",42,56
paul ryan,"[-0.18181818181818185, 1.0]",43,57
paul ryan,"[-0.12309149097933277, 0.6741998624632427]",44,58
paul ryan,"[-0.12309149097933275, 0.6741998624632421]",48,62
paul ryan,"[-0.12309149097933274, 0.6741998624632421]",49,63
paul ryan,"[-0.12309149097933274, 0.6741998624632423]",50,64
paul ryan,"[-0.1230914909793328, 0.6741998624632425]",51,65
paul ryan,"[-0.12309149097933277, 0.6741998624632424]",52,66
paul ryan,"[-0.12309149097933277, 0.6741998624632424]",53,67
paul ryan,"[-0.1230914909793328, 0.6741998624632425]",54,68
paul ryan,"[-0.12309149097933282, 0.6741998624632426]",55,69
paul ryan,"[-0.08333333333333329, 1.0]",56,70
paul ryan,"[-0.08333333333333329, 1.0]",57,71
paul ryan,"[-0.08333333333333329, 1.0]",58,72
paul ryan,"[-0.08333333333333329, 1.0]",59,73
firefighters,"[-0.12309149097933282, 0.6741998624632427]",62,76
firefighters,"[0.9462916232627817, nan]",99,113
firefighters,"[0.9462916232627817, -0.11826247919781656]",100,114
firefighters,"[0.9462916232627817, -0.11826247919781656]",101,115
firefighters,"[0.9035398058696475, -0.14574100933227224]",102,116
firefighters,"[0.9035398058696478, -0.14574100933227224]",103,117
firefighters,"[0.9035398058696478, -0.14574100933227224]",104,118
firefighters,"[0.9035398058696478, -0.14574100933227224]",105,119
firefighters,"[0.9035398058696477, -0.14574100933227224]",106,120
firefighters,"[0.9035398058696477, -0.14574100933227227]",107,121
firefighters,"[0.9035398058696478, -0.14574100933227224]",108,122
firefighters,"[0.9035398058696478, -0.14574100933227224]",109,123
firefighters,"[0.5691747871846736, -0.11826247919781664]",110,124
firefighters,"[0.6190103744689253, -0.13483997249264848]",111,125
jesus christ,"[0.56980288229819, -0.18786728732554486]",46,60
jesus christ,"[0.56980288229819, -0.18786728732554486]",47,61
jesus christ,"[0.6770032003863298, -0.13483997249264848]",48,62
jesus christ,"[0.6770032003863298, -0.1348399724926485]",49,63
jesus christ,"[0.5698028822981901, -0.13483997249264848]",50,64
jesus christ,"[0.5698028822981901, -0.1878672873255449]",51,65
jesus christ,"[0.5698028822981901, -0.12666009927622482]",52,66
jesus christ,"[0.8872442622820289, nan]",53,67
jesus christ,"[-0.2842676218074806, 0.5222329678670935]",124,138
jesus christ,"[-0.1581138830084188, 0.5222329678670936]",129,143
robert mueller,"[0.9999999999999998, nan]",80,94
boris johnson,"[0.5270462766947299, 0.5222329678670935]",0,14
boris johnson,"[0.5270462766947298, 0.5222329678670936]",1,15
boris johnson,"[0.52704627669473, 0.5222329678670936]",2,16
boris johnson,"[0.5270462766947299, 0.5222329678670936]",3,17
boris johnson,"[0.5270462766947299, 0.5222329678670936]",4,18
boris johnson,"[0.5270462766947299, 0.6741998624632426]",5,19
boris johnson,"[0.6770032003863298, 0.6741998624632426]",6,20
boris johnson,"[0.5270462766947299, 0.6741998624632427]",7,21
boris johnson,"[1.0, nan]",28,42
boris johnson,"[1.0, -0.09090909090909093]",29,43
boris johnson,"[1.0, -0.09090909090909093]",30,44
boris johnson,"[1.0, -0.09090909090909094]",31,45
boris johnson,"[1.0, -0.09090909090909093]",32,46
boris johnson,"[1.0, -0.0909090909090909]",33,47
boris johnson,"[1.0, -0.0909090909090909]",34,48
boris johnson,"[0.9999999999999999, -0.09090909090909093]",35,49
boris johnson,"[0.9999999999999999, -0.09090909090909093]",36,50
boris johnson,"[0.9999999999999999, -0.09090909090909093]",37,51
boris johnson,"[0.9999999999999999, -0.09090909090909093]",38,52
boris johnson,"[0.9999999999999998, -0.09090909090909095]",39,53
boris johnson,"[0.9999999999999998, nan]",40,54
lindsey graham,"[-0.1818181818181819, 0.6741998624632425]",77,91
lindsey graham,"[-0.1230914909793328, 0.6741998624632425]",78,92
lindsey graham,"[-0.1230914909793328, 0.6741998624632426]",79,93
lindsey graham,"[-0.12309149097933282, 0.6741998624632427]",80,94
lindsey graham,"[-0.12309149097933275, 0.6741998624632421]",148,162
lindsey graham,"[-0.18181818181818185, 0.6741998624632423]",149,163
lindsey graham,"[-0.23354968324845693, 0.7745966692414834]",150,164
lindsey graham,"[-0.23354968324845685, 0.7745966692414834]",151,165
lindsey graham,"[-0.23354968324845685, 0.7745966692414832]",152,166
lindsey graham,"[-0.23354968324845685, 0.7745966692414832]",153,167
lindsey graham,"[-0.2335496832484568, 0.7745966692414832]",154,168
theresa may,"[0.5270462766947299, nan]",4,18
theresa may,"[0.5270462766947299, -0.17407765595569785]",5,19
theresa may,"[0.5270462766947298, -0.17407765595569785]",6,20
theresa may,"[0.5270462766947298, -0.17407765595569788]",7,21
theresa may,"[0.5270462766947299, -0.17407765595569785]",8,22
theresa may,"[0.5270462766947299, -0.1740776559556979]",9,23
theresa may,"[-0.15811388300841894, 0.5222329678670934]",17,31
theresa may,"[-0.15811388300841894, 0.5222329678670935]",18,32
theresa may,"[-0.15811388300841883, 0.5222329678670935]",19,33
theresa may,"[-0.15811388300841883, 0.5222329678670935]",20,34
elon musk,"[-0.18181818181818185, 0.6741998624632421]",49,63
elon musk,"[-0.12309149097933274, 0.6741998624632423]",50,64
elon musk,"[-0.12309149097933277, 0.6741998624632423]",51,65
elon musk,"[-0.12309149097933277, 0.6741998624632424]",52,66
elon musk,"[-0.12309149097933277, 0.6741998624632424]",53,67
elon musk,"[-0.12309149097933277, 0.6741998624632424]",54,68
elon musk,"[-0.12309149097933277, 0.6741998624632424]",55,69
elon musk,"[-0.1230914909793328, 0.6741998624632426]",56,70
elon musk,"[-0.1230914909793328, 0.6741998624632425]",57,71
elon musk,"[-0.12309149097933282, 0.6741998624632426]",58,72
elon musk,"[-0.12309149097933282, 0.6741998624632426]",59,73
elon musk,"[-0.08333333333333329, 1.0]",60,74
elon musk,"[0.5270462766947299, -0.13483997249264842]",115,129
elon musk,"[0.67700320038633, -0.13483997249264842]",116,130
elon musk,"[0.67700320038633, -0.13483997249264845]",117,131
elon musk,"[0.67700320038633, -0.13483997249264845]",118,132
elon musk,"[0.6770032003863299, -0.13483997249264845]",119,133
elon musk,"[0.6770032003863299, -0.13483997249264845]",120,134
elon musk,"[1.0, -0.0909090909090909]",121,135
elon musk,"[0.9999999999999999, -0.09090909090909093]",122,136
elon musk,"[0.9999999999999999, -0.09090909090909093]",123,137
elon musk,"[0.9999999999999999, -0.09090909090909093]",124,138
elon musk,"[0.9999999999999999, -0.09090909090909093]",125,139
elon musk,"[0.9999999999999998, -0.09090909090909095]",126,140
elon musk,"[0.9999999999999998, nan]",127,141
elon musk,"[1.0, nan]",141,155
elon musk,"[0.8872442622820286, -0.09090909090909093]",142,156
elon musk,"[0.8872442622820286, -0.12666009927622474]",143,157
elon musk,"[0.8872442622820286, -0.1266600992762248]",144,158
elon musk,"[0.8872442622820287, -0.12666009927622474]",145,159
elon musk,"[0.8872442622820287, -0.12666009927622474]",146,160
elon musk,"[0.8872442622820287, -0.12666009927622474]",147,161
elon musk,"[0.8872442622820287, -0.1266600992762248]",148,162
elon musk,"[0.56980288229819, -0.1878672873255449]",149,163
mike pence,"[0.6770032003863302, nan]",1,15
mike pence,"[0.6770032003863301, -0.13483997249264845]",2,16
mike pence,"[0.67700320038633, -0.13483997249264845]",3,17
mike pence,"[0.67700320038633, -0.13483997249264845]",4,18
mike pence,"[0.6770032003863299, -0.13483997249264848]",5,19
mike pence,"[0.6770032003863299, -0.13483997249264845]",6,20
mike pence,"[0.6770032003863299, -0.13483997249264848]",7,21
mike pence,"[0.6770032003863298, -0.13483997249264848]",8,22
mike pence,"[0.6770032003863298, -0.1348399724926485]",9,23
mike pence,"[0.6770032003863298, -0.13483997249264848]",10,24
mike pence,"[0.6770032003863297, -0.09090909090909093]",11,25
mike pence,"[0.9999999999999998, -0.09090909090909095]",12,26
mike pence,"[0.6770032003863297, nan]",13,27
mike pence,"[-0.12309149097933275, 0.6741998624632421]",36,50
mike pence,"[-0.12309149097933274, 0.6741998624632421]",37,51
mike pence,"[-0.12309149097933274, 0.6741998624632423]",38,52
mike pence,"[-0.15811388300841894, 0.6741998624632425]",39,53
mike pence,"[-0.15811388300841894, 0.5222329678670935]",40,54
mike pence,"[-0.15811388300841894, 0.5222329678670934]",41,55
mike pence,"[-0.15811388300841894, 0.5222329678670934]",42,56
mike pence,"[-0.15811388300841886, 0.5222329678670936]",43,57
mike pence,"[-0.15811388300841894, 0.6741998624632425]",44,58
mike pence,"[-0.15811388300841892, 0.5222329678670933]",45,59
mike pence,"[-0.15811388300841892, 0.5222329678670933]",46,60
mike pence,"[-0.1581138830084188, 0.5222329678670935]",47,61
mike pence,"[0.6770032003863302, nan]",130,144
mike pence,"[0.6770032003863301, -0.13483997249264845]",131,145
mike pence,"[0.67700320038633, -0.13483997249264845]",132,146
mike pence,"[0.67700320038633, -0.13483997249264845]",133,147
mike pence,"[0.6770032003863299, -0.13483997249264848]",134,148
mike pence,"[0.6770032003863299, -0.13483997249264845]",135,149
mike pence,"[0.6770032003863299, -0.13483997249264848]",136,150
mike pence,"[0.6770032003863298, -0.13483997249264848]",137,151
mike pence,"[0.6770032003863298, -0.1348399724926485]",138,152
mike pence,"[0.6770032003863298, -0.13483997249264848]",139,153
mike pence,"[0.6770032003863298, -0.13483997249264845]",141,155
james comey,"[0.6770032003863299, -0.13483997249264848]",13,27
james comey,"[0.6770032003863298, -0.13483997249264848]",14,28
james comey,"[0.5270462766947298, -0.17407765595569782]",15,29
james comey,"[-0.11627971148239175, 0.6741998624632425]",33,47
james comey,"[-0.1581138830084189, 0.6741998624632425]",34,48
james comey,"[-0.12309149097933274, 0.6741998624632425]",35,49
james comey,"[-0.12309149097933274, 0.6741998624632425]",36,50
james comey,"[-0.12309149097933277, 0.6741998624632426]",37,51
james comey,"[-0.1230914909793328, 0.6741998624632427]",38,52
james comey,"[1.0, nan]",57,71
james comey,"[1.0, -0.09090909090909093]",58,72
james comey,"[1.0, -0.09090909090909093]",59,73
james comey,"[1.0, -0.09090909090909093]",60,74
james comey,"[1.0, -0.09090909090909091]",61,75
james comey,"[1.0, -0.0909090909090909]",62,76
james comey,"[1.0, -0.0909090909090909]",63,77
james comey,"[1.0, -0.0909090909090909]",64,78
james comey,"[1.0, -0.09090909090909093]",65,79
james comey,"[1.0, -0.09090909090909093]",66,80
james comey,"[1.0, -0.09090909090909093]",67,81
james comey,"[0.9999999999999999, -0.09090909090909095]",68,82
james comey,"[1.0, nan]",69,83
joe scarborough,"[-0.12309149097933275, 0.6741998624632421]",116,130
joe scarborough,"[-0.12309149097933274, 0.6741998624632421]",117,131
joe scarborough,"[-0.12309149097933274, 0.6741998624632423]",118,132
joe scarborough,"[-0.12309149097933277, 0.6741998624632425]",119,133
joe scarborough,"[-0.1230914909793328, 1.0]",120,134
joe scarborough,"[-0.08333333333333331, 1.0]",121,135
joe scarborough,"[-0.0833333333333333, 1.0]",122,136
joe scarborough,"[-0.12309149097933271, 0.6741998624632425]",123,137
joe scarborough,"[-0.12309149097933274, 0.6741998624632425]",124,138
joe scarborough,"[-0.12309149097933274, 0.6741998624632425]",125,139
joe scarborough,"[-0.12309149097933277, 0.6741998624632426]",126,140
joe scarborough,"[-0.1230914909793328, 0.6741998624632427]",127,141
marco rubio,"[-0.29999999999999993, 0.7745966692414834]",10,24
marco rubio,"[-0.23354968324845685, 0.7745966692414834]",11,25
marco rubio,"[-0.23354968324845696, 0.7745966692414833]",12,26
marco rubio,"[-0.28426762180748055, 0.7745966692414834]",13,27
marco rubio,"[-0.23354968324845696, 0.5222329678670935]",14,28
marco rubio,"[-0.1581138830084189, 0.5222329678670934]",15,29
marco rubio,"[-0.12309149097933274, 0.6741998624632424]",16,30
marco rubio,"[-0.1230914909793328, 0.6741998624632426]",17,31
marco rubio,"[-0.1230914909793328, 0.6741998624632425]",18,32
marco rubio,"[-0.1230914909793328, 0.6741998624632425]",19,33
marco rubio,"[-0.1230914909793328, 0.6741998624632426]",20,34
marco rubio,"[-0.12309149097933288, 0.6741998624632428]",21,35
james mattis,"[0.6013377943029549, 0.40422604172722165]",28,42
james mattis,"[0.6013377943029549, 0.2970442628930023]",29,43
liz cheney,"[1.0, nan]",108,122
liz cheney,"[0.6770032003863301, 0.6741998624632421]",109,123
liz cheney,"[0.6770032003863301, 0.6741998624632423]",110,124
liz cheney,"[0.6770032003863301, 0.6741998624632423]",111,125
liz cheney,"[0.6770032003863301, 0.6741998624632424]",112,126
liz cheney,"[0.67700320038633, 0.6741998624632424]",113,127
liz cheney,"[0.6770032003863299, 0.6741998624632424]",114,128
susan collins,"[-0.12309149097933275, 1.0]",13,27
susan collins,"[-0.08333333333333334, 1.0]",14,28
susan collins,"[-0.08333333333333333, 1.0]",15,29
susan collins,"[-0.08333333333333333, 1.0]",16,30
susan collins,"[-0.08333333333333331, 1.0]",17,31
susan collins,"[-0.12309149097933274, 0.6741998624632423]",18,32
susan collins,"[-0.12309149097933271, 0.6741998624632425]",19,33
susan collins,"[-0.12309149097933271, 0.6741998624632426]",20,34
susan collins,"[-0.1230914909793328, 0.6741998624632425]",21,35
susan collins,"[-0.12309149097933277, 0.6741998624632425]",22,36
susan collins,"[-0.1230914909793328, 0.6741998624632426]",23,37
susan collins,"[-0.12309149097933282, 0.6741998624632427]",24,38
susan collins,"[0.6770032003863297, nan]",41,55
susan collins,"[0.6770032003863301, -0.13483997249264848]",66,80
susan collins,"[1.0, -0.09090909090909093]",67,81
susan collins,"[1.0, -0.0909090909090909]",68,82
susan collins,"[1.0, -0.0909090909090909]",69,83
susan collins,"[0.9999999999999999, -0.09090909090909093]",70,84
susan collins,"[0.9999999999999999, -0.09090909090909093]",71,85
susan collins,"[0.9999999999999999, -0.09090909090909093]",72,86
susan collins,"[0.9999999999999999, -0.09090909090909093]",73,87
susan collins,"[0.9999999999999998, -0.09090909090909095]",74,88
susan collins,"[0.9999999999999998, nan]",75,89
susan collins,"[-0.15811388300841897, 0.5222329678670936]",110,124
susan collins,"[-0.1924500897298752, 0.5222329678670935]",115,129
susan collins,"[-0.15811388300841886, 0.5222329678670936]",116,130
susan collins,"[-0.15811388300841894, 0.5222329678670936]",117,131
susan collins,"[-0.15811388300841883, 0.5222329678670936]",118,132
susan collins,"[-0.15811388300841883, 0.5222329678670936]",119,133
susan collins,"[-0.15811388300841883, 0.6741998624632426]",120,134
susan collins,"[-0.12309149097933282, 0.6741998624632427]",121,135
andrew cuomo,"[0.7884004962363695, nan]",91,105
andrew cuomo,"[0.7884004962363694, -0.15745916432444337]",92,106
andrew cuomo,"[0.7884004962363694, -0.1574591643244434]",93,107
andrew cuomo,"[0.7645095721079948, -0.1844021794208413]",94,108
andrew cuomo,"[0.7645095721079948, -0.1844021794208413]",95,109
andrew cuomo,"[0.6898603002333296, -0.1844021794208413]",96,110
andrew cuomo,"[0.6898603002333296, -0.23988644798568207]",97,111
andrew cuomo,"[0.6898603002333294, -0.23988644798568204]",98,112
andrew cuomo,"[0.6247358392298322, -0.23988644798568204]",99,113
andrew cuomo,"[0.5666230173895304, -0.29562455727050585]",100,114
andrew cuomo,"[0.5666230173895304, -0.27907278609297376]",101,115
andrew cuomo,"[0.7311182519299356, -0.22645540682891913]",102,116
andrew cuomo,"[0.7311182519299356, -0.2581988897471611]",103,117
fbi,"[-0.23354968324845696, 0.5222329678670935]",3,17
fbi,"[-0.15811388300841892, 0.5222329678670935]",4,18
fbi,"[-0.15811388300841892, 0.5222329678670936]",5,19
fbi,"[-0.12309149097933277, 0.6741998624632424]",6,20
fbi,"[-0.12309149097933277, 0.6741998624632424]",7,21
fbi,"[-0.1230914909793328, 0.6741998624632425]",8,22
fbi,"[-0.10814761408717503, 1.0]",9,23
fbi,"[-0.08333333333333336, 1.0]",53,67
fbi,"[-0.08333333333333334, 1.0]",54,68
fbi,"[-0.08333333333333333, 1.0]",55,69
fbi,"[-0.08333333333333333, 1.0]",56,70
fbi,"[-0.08333333333333331, 1.0]",57,71
fbi,"[-0.08333333333333331, 1.0]",58,72
fbi,"[-0.0833333333333333, 1.0]",59,73
fbi,"[-0.08333333333333329, 1.0]",60,74
fbi,"[-0.08333333333333329, 1.0]",61,75
fbi,"[-0.08333333333333329, 1.0]",62,76
fbi,"[-0.08333333333333329, 1.0]",63,77
fbi,"[-0.08333333333333329, 1.0]",64,78
chuck grassley,"[0.6770032003863302, -0.09090909090909094]",31,45
chuck grassley,"[0.67700320038633, -0.13483997249264842]",32,46
chuck grassley,"[0.67700320038633, -0.13483997249264845]",33,47
chuck grassley,"[0.67700320038633, -0.13483997249264845]",34,48
chuck grassley,"[0.67700320038633, -0.13483997249264845]",35,49
chuck grassley,"[1.0, -0.0909090909090909]",36,50
chuck grassley,"[1.0, -0.0909090909090909]",37,51
chuck grassley,"[0.9999999999999999, -0.09090909090909093]",38,52
chuck grassley,"[0.6770032003863299, -0.09090909090909093]",39,53
chuck grassley,"[0.6770032003863298, -0.13483997249264845]",40,54
chuck grassley,"[0.6770032003863298, -0.13483997249264848]",41,55
chuck grassley,"[0.6770032003863298, -0.13483997249264848]",42,56
chuck grassley,"[0.6770032003863298, nan]",43,57
rand paul,"[0.6770032003863302, -0.09090909090909094]",16,30
rand paul,"[0.67700320038633, -0.13483997249264842]",17,31
rand paul,"[0.5270462766947299, -0.13483997249264845]",18,32
rand paul,"[0.5270462766947298, -0.17407765595569788]",19,33
rand paul,"[0.5270462766947298, -0.17407765595569788]",20,34
rand paul,"[0.67700320038633, -0.13483997249264845]",21,35
rand paul,"[0.6770032003863299, -0.13483997249264845]",22,36
rand paul,"[0.6770032003863299, -0.13483997249264848]",23,37
rand paul,"[0.6770032003863299, -0.13483997249264845]",24,38
rand paul,"[0.5270462766947299, -0.13483997249264845]",25,39
rand paul,"[0.5270462766947298, -0.17407765595569796]",26,40
rand paul,"[0.5270462766947299, -0.1740776559556978]",27,41
john kelly,"[1.0, nan]",18,32
john kelly,"[0.6770032003863301, -0.09090909090909093]",19,33
john kelly,"[0.6770032003863301, -0.13483997249264848]",20,34
john kelly,"[-0.03361463227264069, 0.6139406135149205]",37,51
john kelly,"[-0.20519567041703088, 0.6793662204867574]",38,52
john kelly,"[-0.19245008972987526, 0.5222329678670936]",39,53
john kelly,"[-0.15811388300841897, 0.5222329678670935]",40,54
john kelly,"[-0.15811388300841892, 0.6741998624632424]",41,55
john kelly,"[-0.12309149097933277, 0.6741998624632423]",42,56
john kelly,"[-0.12309149097933277, 0.6741998624632423]",43,57
john kelly,"[-0.12309149097933277, 0.6741998624632424]",44,58
john kelly,"[-0.12309149097933277, 0.6741998624632425]",45,59
john kelly,"[-0.1230914909793328, 0.6741998624632425]",46,60
john kelly,"[-0.1230914909793328, 0.6741998624632425]",47,61
john kelly,"[-0.1230914909793328, 0.6741998624632426]",48,62
john kelly,"[-0.12309149097933282, 0.6741998624632427]",49,63
stacey abrams,"[0.7462025072446364, -0.19626716799471494]",69,83
stacey abrams,"[0.7462025072446364, -0.19626716799471494]",70,84
stacey abrams,"[0.7462025072446364, -0.19626716799471494]",71,85
stacey abrams,"[0.7462025072446364, -0.19626716799471497]",72,86
stacey abrams,"[0.7462025072446364, nan]",73,87
pete buttigieg,"[-0.13287350086318347, 0.9035942578600881]",67,81
pete buttigieg,"[-0.09404801560780582, 0.8703882797784893]",68,82
pete buttigieg,"[-0.0940480156078058, 0.7925939239012172]",69,83
pete buttigieg,"[-0.14286218715872304, 0.7925939239012172]",70,84
pete buttigieg,"[-0.142862187158723, 0.7255892438417321]",71,85
pete buttigieg,"[-0.142862187158723, 0.7255892438417321]",72,86
pete buttigieg,"[-0.14286218715872306, 0.7757009345794392]",73,87
pete buttigieg,"[-0.10169491525423727, 0.7757009345794392]",74,88
pete buttigieg,"[-0.10169491525423732, 0.775700934579439]",75,89
pete buttigieg,"[-0.10169491525423732, 0.8342075452862492]",76,90
pete buttigieg,"[-0.060353798793806646, 0.8342075452862492]",77,91
pete buttigieg,"[-0.060353798793806625, 0.8342075452862494]",78,92
pete buttigieg,"[0.6770032003863297, nan]",80,94
john kasich,"[-0.21957751641341983, 0.5222329678670936]",4,18
john kasich,"[-0.1581138830084189, 0.5222329678670936]",5,19
john kasich,"[-0.15811388300841883, 0.5222329678670936]",6,20
john kasich,"[-0.12309149097933282, 0.6741998624632426]",7,21
john kasich,"[-0.08333333333333329, 1.0]",8,22
martin luther king jr.,"[0.9999999999999998, -0.09090909090909095]",0,14
martin luther king jr.,"[0.9999999999999998, nan]",1,15
nikki haley,"[0.9999999999999998, nan]",46,60
melania trump,"[0.5270462766947299, nan]",41,55
melania trump,"[0.6770032003863302, nan]",49,63
melania trump,"[0.67700320038633, -0.13483997249264845]",50,64
melania trump,"[0.67700320038633, -0.13483997249264845]",51,65
melania trump,"[0.67700320038633, -0.13483997249264845]",52,66
melania trump,"[0.6770032003863299, -0.13483997249264845]",53,67
melania trump,"[0.6770032003863299, -0.13483997249264845]",54,68
melania trump,"[0.6770032003863299, -0.13483997249264848]",55,69
melania trump,"[0.7784989441615231, -0.1740776559556979]",56,70
melania trump,"[0.778498944161523, -0.2581988897471611]",57,71
melania trump,"[0.778498944161523, -0.19999999999999998]",58,72
melania trump,"[0.7784989441615229, -0.19999999999999998]",59,73
melania trump,"[0.7784989441615229, -0.2581988897471611]",60,74
melania trump,"[0.7784989441615229, -0.17407765595569788]",61,75
melania trump,"[0.6770032003863299, -0.13483997249264845]",62,76
melania trump,"[0.6770032003863299, -0.13483997249264848]",63,77
melania trump,"[0.6770032003863299, -0.13483997249264845]",64,78
melania trump,"[0.6770032003863298, -0.13483997249264845]",65,79
melania trump,"[0.6770032003863298, -0.13483997249264848]",66,80
melania trump,"[0.6770032003863298, -0.13483997249264854]",67,81
melania trump,"[0.6770032003863297, nan]",68,82
mark zuckerberg,"[-0.08333333333333336, 1.0]",26,40
mark zuckerberg,"[-0.12309149097933272, 1.0]",27,41
mark zuckerberg,"[-0.15811388300841894, 0.6741998624632421]",28,42
mark zuckerberg,"[-0.23354968324845685, 0.7745966692414834]",29,43
mark zuckerberg,"[-0.23354968324845685, 0.7745966692414834]",30,44
mark zuckerberg,"[-0.23354968324845685, 0.7745966692414832]",31,45
mark zuckerberg,"[-0.2335496832484569, 0.7745966692414832]",32,46
mark zuckerberg,"[-0.2335496832484568, 0.7745966692414832]",33,47
mark zuckerberg,"[-0.23354968324845685, 0.7745966692414832]",34,48
mark zuckerberg,"[-0.23354968324845674, 0.7745966692414832]",35,49
mark zuckerberg,"[-0.23354968324845674, 0.774596669241483]",36,50
mark zuckerberg,"[-0.23354968324845668, 0.774596669241483]",37,51
mark zuckerberg,"[-0.18181818181818174, 0.6741998624632426]",38,52
mark zuckerberg,"[-0.12309149097933282, 0.6741998624632426]",39,53
mark zuckerberg,"[-0.08333333333333329, 1.0]",40,54
mark zuckerberg,"[0.6770032003863302, nan]",41,55
mark zuckerberg,"[1.0, -0.09090909090909093]",42,56
mark zuckerberg,"[0.6770032003863301, -0.13483997249264845]",43,57
michael cohen,"[0.5494576741043697, -0.12666009927622476]",69,83
michael cohen,"[0.8872442622820287, -0.12666009927622476]",70,84
michael cohen,"[0.8872442622820288, -0.1266600992762248]",71,85
michael cohen,"[0.8872442622820288, -0.12666009927622476]",72,86
michael cohen,"[0.8872442622820288, -0.12666009927622476]",73,87
michael cohen,"[0.8872442622820288, -0.09090909090909095]",74,88
michael cohen,"[0.9999999999999998, nan]",75,89
rachel maddow,"[-0.12309149097933275, 0.6741998624632421]",19,33
rachel maddow,"[-0.15811388300841892, 0.5222329678670937]",30,44
angela merkel,"[-0.12309149097933275, 0.6741998624632421]",8,22
angela merkel,"[0.4090909090909091, 0.6741998624632421]",9,23
rex tillerson,"[0.28426762180748055, 0.7458152383799168]",42,56
rex tillerson,"[0.2842676218074806, 0.7458152383799169]",43,57
rex tillerson,"[0.2450490147049017, 0.7006490497453708]",44,58
rex tillerson,"[0.2450490147049017, 0.7006490497453708]",45,59
rex tillerson,"[0.2450490147049017, 0.7006490497453708]",46,60
rex tillerson,"[0.2450490147049017, 0.745815238379917]",47,61
xi jinping,"[0.02585438449975096, 0.7006490497453708]",51,65
xi jinping,"[0.21004201260420147, 0.7006490497453708]",52,66
xi jinping,"[0.21004201260420147, 0.6673083711820305]",53,67
xi jinping,"[0.21004201260420147, 0.7006490497453708]",54,68
xi jinping,"[0.17766726362967533, 0.6673083711820309]",55,69
xi jinping,"[0.14664711502135333, 0.6446583712203046]",56,70
xi jinping,"[0.14664711502135333, 0.633300496381124]",57,71
xi jinping,"[0.17766726362967533, 0.6446583712203047]",58,72
nasa,"[-0.08333333333333336, 1.0]",23,37
nasa,"[-0.08333333333333334, 1.0]",24,38
nasa,"[-0.08333333333333333, 1.0]",25,39
nasa,"[-0.08333333333333333, 1.0]",26,40
nasa,"[-0.08333333333333331, 1.0]",27,41
nasa,"[-0.08333333333333331, 1.0]",28,42
nasa,"[-0.12309149097933272, 1.0]",29,43
nasa,"[-0.12309149097933271, 0.6741998624632425]",30,44
nasa,"[-0.12309149097933274, 0.6741998624632425]",31,45
nasa,"[-0.12309149097933277, 0.6741998624632425]",32,46
nasa,"[-0.12309149097933277, 0.6741998624632426]",33,47
nasa,"[0.67700320038633, -0.13483997249264845]",36,50
nasa,"[0.6770032003863301, -0.13483997249264848]",37,51
nasa,"[0.6770032003863299, -0.13483997249264845]",38,52
nasa,"[0.5270462766947299, -0.13483997249264845]",39,53
nasa,"[0.5270462766947299, -0.1740776559556979]",40,54
nasa,"[0.5270462766947298, -0.17407765595569782]",41,55
nasa,"[0.67700320038633, -0.1348399724926485]",42,56
nasa,"[0.6770032003863298, -0.13483997249264845]",43,57
nasa,"[0.6770032003863298, -0.13483997249264848]",44,58
nasa,"[0.5270462766947299, -0.13483997249264854]",45,59
nasa,"[0.5270462766947298, nan]",46,60
merrick garland,"[1.0, nan]",145,159
merrick garland,"[1.0, -0.09090909090909093]",146,160
merrick garland,"[1.0, -0.09090909090909093]",147,161
merrick garland,"[1.0, -0.09090909090909094]",148,162
merrick garland,"[1.0, -0.09090909090909093]",149,163
merrick garland,"[1.0, -0.0909090909090909]",150,164
merrick garland,"[1.0, -0.0909090909090909]",151,165
merrick garland,"[0.9999999999999999, -0.09090909090909093]",152,166
merrick garland,"[0.9999999999999999, -0.09090909090909093]",153,167
merrick garland,"[0.9999999999999999, -0.09090909090909093]",154,168
ivanka trump,"[-0.12309149097933282, 0.6741998624632427]",39,53
scientists,"[-0.08333333333333336, 1.0]",41,55
scientists,"[-0.08333333333333334, 1.0]",42,56
scientists,"[-0.08333333333333333, 1.0]",43,57
scientists,"[-0.12309149097933274, 0.6741998624632424]",44,58
scientists,"[-0.12309149097933274, 0.6741998624632423]",45,59
scientists,"[-0.12309149097933274, 0.6741998624632423]",46,60
scientists,"[-0.12309149097933274, 0.6741998624632424]",47,61
scientists,"[-0.12309149097933274, 0.6741998624632425]",48,62
scientists,"[-0.1230914909793328, 0.6741998624632425]",49,63
scientists,"[-0.1230914909793328, 0.6741998624632425]",50,64
scientists,"[-0.1230914909793328, 0.6741998624632426]",51,65
scientists,"[-0.12309149097933282, 0.6741998624632427]",52,66
letitia james,"[0.32995600879804493, 0.8058229640253801]",104,118
letitia james,"[0.32995600879804493, 0.8058229640253801]",105,119
letitia james,"[0.2842676218074806, 0.7458152383799168]",106,120
letitia james,"[0.2842676218074806, 0.7458152383799169]",107,121
letitia james,"[0.2842676218074806, 0.7458152383799169]",108,122
letitia james,"[0.2842676218074806, 0.7458152383799169]",109,123
letitia james,"[0.2842676218074806, 0.8058229640253799]",110,124
letitia james,"[0.3299560087980449, 0.8866206949335729]",111,125
jen psaki,"[-0.08333333333333336, 1.0]",111,125
jen psaki,"[-0.12309149097933272, 0.6741998624632421]",112,126
jen psaki,"[-0.12309149097933271, 0.6741998624632423]",113,127
jen psaki,"[-0.12309149097933274, 0.6741998624632424]",114,128
jen psaki,"[-0.12309149097933277, 0.6741998624632423]",115,129
jen psaki,"[-0.12309149097933277, 0.6741998624632423]",116,130
jen psaki,"[-0.12309149097933277, 0.6741998624632424]",117,131
jen psaki,"[-0.15048231635721152, 0.6288082227054206]",118,132
jen psaki,"[-0.15048231635721152, 0.6288082227054207]",119,133
jen psaki,"[-0.15048231635721152, 0.6288082227054207]",120,134
jen psaki,"[-0.2222771122371935, 0.6288082227054206]",121,135
noam chomsky,"[1.0, nan]",96,110
noam chomsky,"[1.0, -0.09090909090909093]",97,111
noam chomsky,"[1.0, -0.09090909090909093]",98,112
noam chomsky,"[1.0, -0.09090909090909094]",99,113
noam chomsky,"[1.0, -0.09090909090909093]",100,114
noam chomsky,"[1.0, -0.0909090909090909]",101,115
noam chomsky,"[0.6770032003863299, -0.13483997249264845]",102,116
noam chomsky,"[0.6770032003863299, -0.13483997249264848]",103,117
noam chomsky,"[0.6770032003863299, -0.13483997249264845]",104,118
noam chomsky,"[0.6770032003863298, -0.13483997249264848]",105,119
noam chomsky,"[0.6770032003863298, -0.13483997249264848]",106,120
noam chomsky,"[0.6770032003863298, -0.13483997249264848]",107,121
noam chomsky,"[0.6770032003863297, -0.09090909090909093]",108,122
justin trudeau,"[-0.15811388300841897, 0.5222329678670935]",0,14
justin trudeau,"[-0.15811388300841894, 0.5222329678670936]",1,15
justin trudeau,"[-0.1581138830084189, 0.6741998624632424]",2,16
justin trudeau,"[-0.12309149097933277, 0.6741998624632424]",3,17
justin trudeau,"[-0.12309149097933277, 0.6741998624632425]",4,18
justin trudeau,"[-0.1230914909793328, 0.6741998624632426]",5,19
justin trudeau,"[-0.12309149097933285, 1.0]",6,20
justin trudeau,"[-0.08333333333333329, 1.0]",7,21
justin trudeau,"[-0.08333333333333329, 1.0]",8,22
justin trudeau,"[-0.08333333333333329, 1.0]",9,23
author,"[-0.12309149097933274, 0.6741998624632424]",0,14
author,"[-0.12309149097933277, 0.6741998624632423]",1,15
author,"[-0.12309149097933277, 0.6741998624632423]",2,16
author,"[-0.12309149097933277, 0.6741998624632424]",3,17
author,"[-0.12309149097933277, 0.6741998624632425]",4,18
author,"[-0.1230914909793328, 0.6741998624632425]",5,19
author,"[-0.1230914909793328, 0.6741998624632425]",6,20
author,"[0.6770032003863301, -0.13483997249264848]",10,24
author,"[1.0, -0.09090909090909093]",11,25
author,"[1.0, -0.0909090909090909]",12,26
author,"[1.0, -0.0909090909090909]",13,27
author,"[0.9999999999999999, -0.09090909090909093]",14,28
author,"[0.9999999999999999, -0.09090909090909093]",15,29
author,"[0.6770032003863298, -0.13483997249264848]",16,30
author,"[0.6770032003863298, -0.1348399724926485]",17,31
author,"[0.6770032003863298, -0.1348399724926485]",18,32
author,"[0.6770032003863298, -0.09090909090909094]",19,33
facebook,"[0.6770032003863302, -0.09090909090909094]",62,76
facebook,"[1.0, -0.09090909090909093]",63,77
facebook,"[1.0, -0.09090909090909093]",64,78
facebook,"[1.0, -0.09090909090909094]",65,79
facebook,"[1.0, -0.09090909090909093]",66,80
facebook,"[1.0, -0.0909090909090909]",67,81
facebook,"[0.6770032003863299, -0.0909090909090909]",68,82
facebook,"[0.6770032003863299, -0.13483997249264842]",69,83
facebook,"[0.6770032003863299, -0.1348399724926485]",70,84
facebook,"[0.5270462766947298, -0.13483997249264845]",71,85
facebook,"[0.5270462766947298, -0.17407765595569796]",72,86
facebook,"[0.5270462766947299, -0.1740776559556978]",73,87
facebook,"[0.5270462766947298, nan]",74,88
bill maher,"[0.6770032003863302, -0.09090909090909094]",40,54
bill maher,"[0.67700320038633, -0.13483997249264842]",41,55
bill maher,"[0.67700320038633, -0.13483997249264845]",42,56
bill maher,"[0.67700320038633, -0.13483997249264845]",43,57
bill maher,"[0.67700320038633, -0.13483997249264845]",44,58
bill maher,"[0.67700320038633, -0.13483997249264845]",45,59
bill maher,"[0.6770032003863299, -0.13483997249264848]",46,60
bill maher,"[0.6770032003863299, -0.13483997249264848]",47,61
bill maher,"[0.67700320038633, -0.13483997249264848]",48,62
bill maher,"[0.6770032003863298, -0.13483997249264848]",49,63
bill maher,"[0.6770032003863298, -0.13483997249264848]",50,64
bill maher,"[0.6770032003863298, -0.13483997249264848]",51,65
bill maher,"[0.6770032003863297, -0.09090909090909095]",52,66
john brennan,"[0.6770032003863302, -0.09090909090909093]",0,14
john brennan,"[0.67700320038633, -0.13483997249264842]",1,15
john brennan,"[0.67700320038633, -0.13483997249264845]",2,16
john brennan,"[0.67700320038633, -0.13483997249264845]",3,17
john brennan,"[0.6770032003863299, -0.13483997249264845]",4,18
john brennan,"[0.6770032003863299, -0.13483997249264845]",5,19
john brennan,"[1.0, -0.0909090909090909]",6,20
john brennan,"[0.9999999999999999, -0.09090909090909093]",7,21
john brennan,"[0.6770032003863299, -0.13483997249264842]",8,22
john brennan,"[0.6770032003863298, -0.13483997249264848]",9,23
john brennan,"[0.6770032003863298, -0.13483997249264848]",10,24
john brennan,"[0.6770032003863298, -0.1348399724926485]",11,25
john brennan,"[0.5270462766947298, -0.1348399724926484]",12,26
jake tapper,"[1.0, nan]",5,19
jake tapper,"[1.0, -0.09090909090909093]",6,20
jake tapper,"[1.0, -0.09090909090909093]",7,21
jake tapper,"[1.0, -0.09090909090909094]",8,22
jake tapper,"[1.0, -0.09090909090909093]",9,23
jake tapper,"[1.0, -0.0909090909090909]",10,24
jake tapper,"[1.0, -0.0909090909090909]",11,25
jake tapper,"[0.9999999999999999, -0.09090909090909093]",12,26
jake tapper,"[0.9999999999999999, -0.09090909090909093]",13,27
jake tapper,"[0.9999999999999999, -0.09090909090909093]",14,28
jake tapper,"[0.9999999999999999, -0.09090909090909093]",15,29
jake tapper,"[0.9999999999999998, -0.09090909090909095]",16,30
jake tapper,"[0.9999999999999998, nan]",17,31
rush limbaugh,"[1.0, nan]",7,21
rush limbaugh,"[0.6770032003863301, -0.09090909090909093]",8,22
rush limbaugh,"[0.5270462766947298, -0.13483997249264848]",9,23
rush limbaugh,"[0.5270462766947297, -0.17407765595569788]",10,24
rush limbaugh,"[0.5270462766947297, -0.17407765595569782]",11,25
rush limbaugh,"[0.5270462766947298, -0.17407765595569785]",12,26
rush limbaugh,"[0.5270462766947298, -0.17407765595569788]",13,27
rush limbaugh,"[0.5270462766947299, -0.17407765595569785]",14,28
rush limbaugh,"[0.5270462766947299, -0.17407765595569788]",15,29
rush limbaugh,"[0.5270462766947299, -0.1740776559556979]",16,30
rush limbaugh,"[0.5270462766947299, -0.1740776559556979]",17,31
rush limbaugh,"[0.52704627669473, -0.1740776559556978]",18,32
rush limbaugh,"[0.5270462766947299, nan]",19,33
cory booker,"[1.0, nan]",61,75
cory booker,"[1.0, -0.09090909090909093]",62,76
cory booker,"[1.0, -0.09090909090909093]",63,77
cory booker,"[1.0, -0.09090909090909094]",64,78
cory booker,"[1.0, -0.09090909090909093]",65,79
mark meadows,"[1.0, nan]",16,30
mark meadows,"[1.0, -0.09090909090909093]",17,31
mark meadows,"[1.0, -0.09090909090909093]",18,32
mark meadows,"[1.0, -0.09090909090909094]",19,33
mark meadows,"[1.0, -0.09090909090909093]",20,34
mark meadows,"[1.0, -0.0909090909090909]",21,35
mark meadows,"[1.0, -0.0909090909090909]",22,36
mark meadows,"[0.9999999999999999, -0.09090909090909093]",23,37
mark meadows,"[0.9999999999999999, -0.09090909090909093]",24,38
mark meadows,"[0.9999999999999999, -0.09090909090909093]",25,39
mark meadows,"[0.9999999999999999, -0.09090909090909093]",26,40
mark meadows,"[0.9999999999999998, -0.09090909090909095]",27,41
mark meadows,"[0.9999999999999998, nan]",28,42
mark meadows,"[1.0, nan]",99,113
mark meadows,"[0.6770032003863301, -0.09090909090909093]",100,114
mark meadows,"[0.6770032003863301, -0.13483997249264848]",101,115
mark meadows,"[0.6770032003863301, -0.13483997249264845]",102,116
mark meadows,"[0.6770032003863301, -0.13483997249264848]",103,117
mark meadows,"[0.67700320038633, -0.13483997249264845]",104,118
mark meadows,"[0.6770032003863299, -0.13483997249264845]",105,119
mark meadows,"[0.6770032003863299, -0.1348399724926485]",106,120
mark meadows,"[0.6770032003863299, -0.13483997249264845]",107,121
mark meadows,"[0.6770032003863298, -0.13483997249264845]",108,122
mark meadows,"[0.6770032003863298, -0.13483997249264848]",109,123
mark meadows,"[0.6770032003863298, -0.13483997249264854]",110,124
mark meadows,"[0.6770032003863297, nan]",111,125
gretchen whitmer,"[1.0, nan]",91,105
gretchen whitmer,"[1.0, -0.09090909090909093]",92,106
gretchen whitmer,"[0.6770032003863301, -0.09090909090909093]",93,107
gretchen whitmer,"[0.6770032003863301, -0.13483997249264842]",94,108
gretchen whitmer,"[0.5270462766947297, -0.13483997249264848]",95,109
gretchen whitmer,"[0.5270462766947298, -0.17407765595569785]",96,110
gretchen whitmer,"[0.5270462766947298, -0.17407765595569788]",97,111
lebron james,"[-0.08333333333333336, 1.0]",101,115
lebron james,"[-0.12309149097933272, 0.6741998624632421]",102,116
lebron james,"[-0.12309149097933271, 0.6741998624632423]",103,117
lebron james,"[-0.12309149097933274, 0.6741998624632424]",104,118
lebron james,"[-0.12309149097933277, 0.6741998624632423]",105,119
lebron james,"[-0.12309149097933277, 0.6741998624632423]",106,120
lebron james,"[-0.12309149097933277, 0.6741998624632424]",107,121
lebron james,"[-0.12309149097933277, 0.6741998624632425]",108,122
lebron james,"[-0.1230914909793328, 0.6741998624632425]",109,123
lebron james,"[-0.1230914909793328, 0.6741998624632425]",110,124
lebron james,"[-0.1230914909793328, 0.6741998624632426]",111,125
lebron james,"[-0.18181818181818185, 0.6741998624632427]",112,126
wikileaks,"[0.5270462766947299, -0.17407765595569794]",20,34
wikileaks,"[0.5270462766947298, -0.17407765595569796]",21,35
wikileaks,"[0.6770032003863298, -0.13483997249264854]",22,36
wikileaks,"[0.6770032003863297, nan]",23,37
jimmy kimmel,"[0.5270462766947299, nan]",21,35
jimmy kimmel,"[0.5270462766947298, -0.17407765595569785]",22,36
jimmy kimmel,"[0.5270462766947298, -0.17407765595569785]",23,37
jimmy kimmel,"[0.5270462766947299, -0.17407765595569788]",24,38
jimmy kimmel,"[0.5270462766947298, -0.17407765595569785]",25,39
jimmy kimmel,"[0.5270462766947299, -0.1740776559556979]",26,40
jimmy kimmel,"[0.5270462766947298, -0.13483997249264848]",27,41
republican party,"[0.6770032003863302, nan]",31,45
republican party,"[0.67700320038633, -0.13483997249264842]",32,46
republican party,"[0.67700320038633, -0.13483997249264845]",33,47
republican party,"[0.67700320038633, -0.13483997249264845]",34,48
republican party,"[0.6770032003863299, -0.13483997249264848]",35,49
republican party,"[0.6770032003863299, -0.0909090909090909]",36,50
republican party,"[1.0, -0.0909090909090909]",37,51
republican party,"[0.9999999999999999, -0.09090909090909093]",38,52
republican party,"[0.9999999999999999, -0.09090909090909093]",39,53
republican party,"[0.9999999999999999, -0.09090909090909093]",40,54
republican party,"[0.9999999999999999, -0.09090909090909093]",41,55
republican party,"[0.9999999999999998, -0.09090909090909095]",42,56
republican party,"[0.9999999999999998, nan]",43,57
tara reade,"[0.6502210988757894, 0.6741998624632421]",91,105
tara reade,"[0.6256844536351936, -1.5765244188515218e-17]",92,106
tara reade,"[0.6256844536351936, -0.02696799449852969]",93,107
tara reade,"[0.6256844536351935, -0.02696799449852968]",94,108
tara reade,"[0.6256844536351935, -0.02696799449852968]",95,109
tara reade,"[0.6256844536351935, -0.02696799449852968]",96,110
tara reade,"[0.6256844536351935, -0.026967994498529695]",97,111
tara reade,"[0.6031483057987304, -0.026967994498529695]",98,112
tara reade,"[0.6031483057987304, -0.054232614454664034]",99,113
tara reade,"[0.6031483057987302, -0.05423261445466406]",100,114
tara reade,"[0.6031483057987301, 0.07312724241271308]",101,115
tara reade,"[0.9499999999999998, 0.0731272424127131]",102,116
tara reade,"[0.963460466568388, nan]",103,117
robert parry,"[-0.12309149097933275, 0.6741998624632421]",19,33
robert parry,"[-0.12309149097933274, 0.6741998624632423]",20,34
robert parry,"[-0.12309149097933277, 0.6741998624632423]",21,35
robert parry,"[-0.12309149097933277, 0.6741998624632424]",22,36
robert parry,"[-0.12309149097933277, 0.6741998624632424]",23,37
robert parry,"[-0.12309149097933277, 0.6741998624632424]",24,38
robert parry,"[-0.12309149097933277, 0.6741998624632424]",25,39
robert parry,"[-0.1230914909793328, 0.6741998624632426]",26,40
robert parry,"[-0.1230914909793328, 0.6741998624632425]",27,41
robert parry,"[-0.12309149097933282, 0.6741998624632426]",28,42
robert parry,"[-0.12309149097933277, 0.6741998624632428]",30,44
robert parry,"[-0.12309149097933275, 0.6741998624632421]",37,51
robert parry,"[-0.12309149097933274, 0.6741998624632421]",38,52
robert parry,"[-0.12309149097933274, 0.6741998624632423]",39,53
robert parry,"[-0.12309149097933277, 0.6741998624632425]",40,54
robert parry,"[-0.1230914909793328, 1.0]",41,55
robert parry,"[-0.08333333333333331, 1.0]",42,56
robert parry,"[-0.0833333333333333, 1.0]",43,57
robert parry,"[-0.08333333333333329, 1.0]",44,58
robert parry,"[-0.08333333333333329, 1.0]",45,59
robert parry,"[-0.08333333333333329, 1.0]",46,60
robert parry,"[-0.08333333333333329, 1.0]",47,61
robert parry,"[-0.08333333333333329, 1.0]",48,62
megyn kelly,"[0.43301270189221924, 0.5222329678670935]",12,26
megyn kelly,"[0.5270462766947298, 0.6741998624632424]",13,27
megyn kelly,"[0.6770032003863299, 0.6741998624632424]",14,28
megyn kelly,"[0.6770032003863299, 0.6741998624632426]",15,29
megyn kelly,"[0.6770032003863298, 0.6741998624632425]",16,30
megyn kelly,"[0.6770032003863298, 0.6741998624632426]",17,31
megyn kelly,"[0.6770032003863298, 0.6741998624632426]",18,32
megyn kelly,"[0.6770032003863297, 1.0]",19,33
chelsea manning,"[-0.08333333333333336, 1.0]",65,79
chelsea manning,"[-0.08333333333333334, 1.0]",66,80
chelsea manning,"[-0.12309149097933272, 0.6741998624632421]",67,81
chelsea manning,"[-0.12309149097933274, 0.6741998624632424]",68,82
chelsea manning,"[-0.12309149097933274, 0.6741998624632423]",69,83
chelsea manning,"[-0.12309149097933277, 0.6741998624632423]",70,84
chelsea manning,"[-0.12309149097933277, 0.6741998624632424]",71,85
chelsea manning,"[-0.12309149097933277, 0.6741998624632425]",72,86
chelsea manning,"[-0.1230914909793328, 0.6741998624632425]",73,87
chelsea manning,"[-0.1230914909793328, 0.6741998624632425]",74,88
chelsea manning,"[-0.1230914909793328, 0.6741998624632426]",75,89
chelsea manning,"[-0.12309149097933282, 0.6741998624632427]",76,90
kayleigh mcenany,"[1.0, nan]",91,105
kayleigh mcenany,"[0.6770032003863302, -0.09090909090909091]",92,106
kayleigh mcenany,"[0.6190103744689258, 0.08770580193070297]",93,107
kayleigh mcenany,"[0.6190103744689257, 0.08770580193070299]",94,108
kayleigh mcenany,"[0.5691747871846733, 0.0432337701167117]",95,109
kayleigh mcenany,"[0.5691747871846733, 0.04323377011671167]",96,110
kayleigh mcenany,"[0.5691747871846733, 0.043233770116711666]",97,111
kayleigh mcenany,"[0.5254867873090278, 3.5073744360105366e-18]",98,112
kayleigh mcenany,"[0.525486787309028, -6.976821387964151e-18]",99,113
kayleigh mcenany,"[0.5254867873090281, -2.085460919577861e-17]",100,114
kayleigh mcenany,"[0.5254867873090281, -6.976821387964151e-18]",101,115
kayleigh mcenany,"[0.5254867873090282, -2.085460919577861e-17]",102,116
kayleigh mcenany,"[0.5254867873090281, 0.2581988897471612]",103,117
kayleigh mcenany,"[-0.15811388300841892, 0.5222329678670937]",104,118
michael moore,"[-0.158113883008419, 0.5222329678670936]",2,16
michael moore,"[-0.15811388300841897, 0.5222329678670935]",3,17
michael moore,"[-0.15811388300841892, 0.5222329678670935]",4,18
michael moore,"[-0.12309149097933277, 0.6741998624632424]",5,19
michael moore,"[-0.12309149097933277, 0.6741998624632424]",6,20
michael moore,"[-0.12309149097933277, 0.6741998624632424]",7,21
michael moore,"[-0.1230914909793328, 0.6741998624632425]",8,22
michael moore,"[-0.08333333333333329, 1.0]",9,23
michael moore,"[-0.08333333333333329, 1.0]",10,24
michael moore,"[-0.11572751247156893, 0.8866206949335729]",11,25
michael moore,"[-0.11572751247156893, 0.8866206949335729]",12,26
michael moore,"[-0.11572751247156893, 0.8866206949335729]",13,27
john lewis,"[0.6770032003863302, nan]",97,111
john lewis,"[0.6770032003863301, -0.13483997249264848]",98,112
john lewis,"[0.67700320038633, -0.13483997249264848]",99,113
john lewis,"[0.6770032003863301, -0.13483997249264845]",100,114
john lewis,"[0.6770032003863299, -0.13483997249264845]",101,115
john lewis,"[0.6770032003863299, -0.13483997249264845]",102,116
john lewis,"[0.6770032003863299, -0.13483997249264848]",103,117
john lewis,"[0.6770032003863298, -0.13483997249264848]",104,118
john lewis,"[0.6770032003863298, -0.1348399724926485]",105,119
john lewis,"[0.6770032003863298, -0.13483997249264848]",106,120
john lewis,"[0.6770032003863297, -0.13483997249264848]",107,121
john lewis,"[0.6770032003863297, -0.09090909090909095]",108,122
john lewis,"[0.9999999999999998, nan]",109,123
jerry brown,"[-0.15811388300841883, 0.5222329678670934]",23,37
jerry brown,"[-0.15811388300841883, 0.6741998624632425]",24,38
jerry brown,"[-0.12309149097933277, 0.6741998624632426]",25,39
jerry brown,"[-0.12309149097933282, 0.6741998624632427]",26,40
jerry brown,"[-0.08333333333333336, 1.0]",51,65
jerry brown,"[-0.08333333333333334, 1.0]",52,66
jerry brown,"[-0.12309149097933272, 0.6741998624632421]",53,67
jerry brown,"[-0.12309149097933274, 0.6741998624632424]",54,68
jerry brown,"[-0.12309149097933274, 0.6741998624632423]",55,69
jerry brown,"[-0.12309149097933277, 0.6741998624632423]",56,70
jerry brown,"[-0.12309149097933277, 0.6741998624632424]",57,71
jerry brown,"[-0.12309149097933277, 0.6741998624632425]",58,72
jerry brown,"[-0.18181818181818185, 0.6741998624632425]",59,73
kellyanne conway,"[-0.15811388300841897, 0.5222329678670936]",11,25
kellyanne conway,"[-0.15811388300841894, 0.5222329678670935]",12,26
kellyanne conway,"[-0.15811388300841892, 0.5222329678670935]",13,27
kellyanne conway,"[-0.19245008972987523, 0.5222329678670936]",14,28
kellyanne conway,"[-0.1581138830084189, 0.5222329678670934]",16,30
kellyanne conway,"[-0.12309149097933274, 0.6741998624632424]",17,31
kellyanne conway,"[-0.1230914909793328, 0.6741998624632426]",18,32
kellyanne conway,"[-0.1230914909793328, 0.6741998624632425]",19,33
kellyanne conway,"[-0.1230914909793328, 0.6741998624632425]",20,34
kellyanne conway,"[-0.1230914909793328, 0.6741998624632426]",21,35
kellyanne conway,"[-0.12309149097933288, 0.6741998624632428]",22,36
kirsten gillibrand,"[1.0, nan]",59,73
kirsten gillibrand,"[0.6770032003863302, -0.09090909090909091]",60,74
kirsten gillibrand,"[0.6770032003863302, -0.13483997249264845]",61,75
kirsten gillibrand,"[0.6770032003863301, -0.13483997249264845]",62,76
kirsten gillibrand,"[0.6770032003863302, -0.13483997249264845]",63,77
kirsten gillibrand,"[0.6770032003863299, -0.13483997249264845]",64,78
kirsten gillibrand,"[0.6190103744689255, -0.1754116038614059]",65,79
kirsten gillibrand,"[0.6190103744689254, -0.17541160386140592]",66,80
kirsten gillibrand,"[0.6190103744689255, -0.17541160386140586]",67,81
kirsten gillibrand,"[0.6190103744689253, -0.17541160386140592]",68,82
kirsten gillibrand,"[0.6190103744689253, -0.1754116038614059]",69,83
kirsten gillibrand,"[0.6190103744689252, -0.17541160386140595]",70,84
kirsten gillibrand,"[0.6190103744689253, -0.13483997249264848]",71,85
michael avenatti,"[-0.14334554477024897, 0.8866206949335732]",56,70
michael avenatti,"[-0.11572751247156893, 1.0]",57,71
michael avenatti,"[-0.08333333333333331, 1.0]",58,72
michael avenatti,"[-0.0833333333333333, 1.0]",59,73
michael avenatti,"[-0.08333333333333329, 1.0]",60,74
michael avenatti,"[-0.08333333333333329, 1.0]",61,75
michael avenatti,"[-0.08333333333333329, 1.0]",62,76
michael avenatti,"[-0.08333333333333329, 1.0]",63,77
michael avenatti,"[-0.08333333333333329, 1.0]",64,78
cdc,"[0.6770032003863302, nan]",99,113
cdc,"[0.67700320038633, -0.13483997249264842]",100,114
cdc,"[0.67700320038633, -0.13483997249264845]",101,115
cdc,"[0.67700320038633, -0.13483997249264845]",102,116
cdc,"[0.67700320038633, -0.13483997249264845]",103,117
cdc,"[0.6770032003863299, -0.13483997249264845]",104,118
cdc,"[0.6770032003863299, -0.13483997249264845]",105,119
cdc,"[0.6770032003863298, -0.13483997249264848]",106,120
cdc,"[0.6770032003863299, -0.09090909090909093]",107,121
cdc,"[0.9999999999999999, -0.09090909090909093]",108,122
cdc,"[0.9999999999999999, -0.09090909090909093]",109,123
cdc,"[0.9999999999999998, -0.09090909090909095]",110,124
cdc,"[0.6770032003863297, -0.09090909090909094]",111,125
adam kinzinger,"[1.0, nan]",143,157
adam kinzinger,"[1.0, -0.09090909090909093]",144,158
adam kinzinger,"[1.0, -0.09090909090909093]",145,159
adam kinzinger,"[0.6770032003863301, -0.13483997249264845]",146,160
adam kinzinger,"[0.67700320038633, -0.13483997249264842]",147,161
adam kinzinger,"[0.67700320038633, -0.13483997249264845]",148,162
adam kinzinger,"[0.5270462766947298, -0.17407765595569785]",149,163
adam kinzinger,"[0.5270462766947298, -0.17407765595569788]",150,164
adam kinzinger,"[0.5270462766947298, -0.17407765595569782]",151,165
brian kemp,"[-0.12309149097933274, 0.6741998624632421]",142,156
brian kemp,"[-0.12309149097933274, 0.6741998624632421]",143,157
brian kemp,"[-0.12309149097933274, 0.6741998624632423]",144,158
brian kemp,"[-0.12309149097933277, 0.6741998624632424]",145,159
brian kemp,"[-0.12309149097933277, 0.6741998624632424]",146,160
brian kemp,"[-0.12309149097933277, 0.6741998624632424]",147,161
brian kemp,"[-0.12309149097933277, 0.6741998624632424]",148,162
brian kemp,"[-0.1230914909793328, 0.6741998624632426]",149,163
brian kemp,"[-0.1230914909793328, 0.6741998624632425]",150,164
brian kemp,"[-0.18181818181818185, 1.0]",151,165
brian kemp,"[-0.12309149097933274, 0.6741998624632426]",152,166
brian kemp,"[-0.12309149097933277, 0.6741998624632428]",153,167
twitter users,"[-0.08333333333333336, 1.0]",14,28
twitter users,"[-0.08333333333333334, 1.0]",15,29
twitter users,"[-0.08333333333333333, 1.0]",16,30
twitter users,"[-0.08333333333333333, 1.0]",17,31
twitter users,"[-0.08333333333333331, 1.0]",18,32
twitter users,"[-0.08333333333333331, 1.0]",19,33
twitter users,"[-0.0833333333333333, 1.0]",20,34
twitter users,"[-0.08333333333333329, 1.0]",21,35
twitter users,"[-0.08333333333333329, 1.0]",22,36
twitter users,"[-0.08333333333333329, 1.0]",23,37
twitter users,"[-0.08333333333333329, 1.0]",24,38
twitter users,"[-0.08333333333333329, 1.0]",25,39
officer,"[0.6770032003863302, nan]",48,62
officer,"[0.67700320038633, -0.13483997249264842]",49,63
officer,"[0.67700320038633, -0.13483997249264845]",50,64
officer,"[0.67700320038633, -0.13483997249264845]",51,65
officer,"[0.67700320038633, -0.13483997249264845]",52,66
officer,"[0.6770032003863299, -0.13483997249264845]",53,67
officer,"[0.6770032003863299, -0.13483997249264845]",54,68
officer,"[0.6770032003863298, -0.13483997249264848]",55,69
officer,"[0.6770032003863299, -0.09090909090909093]",56,70
officer,"[0.9999999999999999, -0.09090909090909093]",57,71
officer,"[0.9999999999999999, -0.09090909090909093]",58,72
officer,"[0.9999999999999998, -0.09090909090909095]",59,73
officer,"[0.9999999999999998, nan]",60,74
phil murphy,"[1.0, nan]",94,108
phil murphy,"[1.0, -0.09090909090909093]",95,109
phil murphy,"[1.0, -0.09090909090909093]",96,110
phil murphy,"[1.0, -0.09090909090909094]",97,111
phil murphy,"[1.0, -0.09090909090909093]",98,112
phil murphy,"[0.67700320038633, -0.0909090909090909]",99,113
phil murphy,"[0.5270462766947299, -0.13483997249264845]",100,114
phil murphy,"[0.5270462766947299, -0.17407765595569788]",101,115
gary johnson,"[0.52704627669473, 0.6741998624632421]",3,17
gary johnson,"[0.09759000729485331, 0.727606875108999]",4,18
gary johnson,"[0.13538259026847063, 0.8366600265340756]",5,19
gary johnson,"[0.13538259026847063, 0.8366600265340756]",6,20
gary johnson,"[0.13538259026847063, 0.8366600265340753]",7,21
gary johnson,"[0.13538259026847063, 0.8366600265340753]",8,22
gary johnson,"[0.13538259026847063, 0.8366600265340752]",9,23
gary johnson,"[0.13538259026847063, 0.8366600265340752]",10,24
gary johnson,"[0.13538259026847063, 0.8366600265340752]",11,25
gary johnson,"[0.1353825902684706, 0.8366600265340751]",12,26
gary johnson,"[0.13538259026847063, 0.8366600265340751]",13,27
gary johnson,"[0.13538259026847063, 0.8366600265340751]",14,28
gary johnson,"[0.3299560087980449, 0.8866206949335729]",15,29
rod rosenstein,"[0.6770032003863302, -0.09090909090909094]",39,53
rod rosenstein,"[0.67700320038633, -0.13483997249264842]",40,54
rod rosenstein,"[0.67700320038633, -0.13483997249264845]",41,55
rod rosenstein,"[0.67700320038633, -0.13483997249264845]",42,56
rod rosenstein,"[0.67700320038633, -0.13483997249264845]",43,57
rod rosenstein,"[1.0, -0.0909090909090909]",44,58
rod rosenstein,"[1.0, -0.0909090909090909]",45,59
rod rosenstein,"[0.9999999999999999, -0.09090909090909093]",46,60
rod rosenstein,"[0.9999999999999999, -0.09090909090909093]",47,61
rod rosenstein,"[0.9999999999999999, -0.09090909090909093]",48,62
rod rosenstein,"[0.9999999999999999, -0.09090909090909093]",49,63
rod rosenstein,"[0.9999999999999998, -0.09090909090909095]",50,64
rod rosenstein,"[0.6770032003863297, -0.09090909090909094]",51,65
abraham lincoln,"[-0.12309149097933272, 0.6741998624632421]",67,81
abraham lincoln,"[-0.18181818181818182, 0.6741998624632423]",68,82
abraham lincoln,"[-0.18181818181818174, 0.6741998624632426]",77,91
abraham lincoln,"[-0.12309149097933282, 0.6741998624632427]",78,92
sarah sanders,"[0.5270462766947298, -0.17407765595569788]",46,60
sarah sanders,"[0.5270462766947298, -0.17407765595569785]",47,61
sarah sanders,"[0.5270462766947299, -0.1740776559556979]",48,62
sarah sanders,"[0.5270462766947298, -0.13483997249264848]",49,63
sarah sanders,"[0.6770032003863298, -0.13483997249264848]",50,64
sarah sanders,"[0.6770032003863298, -0.1348399724926485]",51,65
sarah sanders,"[0.6770032003863298, -0.13483997249264848]",52,66
sarah sanders,"[0.6770032003863297, -0.13483997249264848]",53,67
sarah sanders,"[0.6770032003863297, -0.09090909090909095]",54,68
sarah sanders,"[0.9999999999999998, nan]",55,69
recep tayyip erdogan,"[-0.08333333333333336, 1.0]",51,65
recep tayyip erdogan,"[-0.08333333333333334, 1.0]",52,66
recep tayyip erdogan,"[-0.08333333333333333, 1.0]",53,67
recep tayyip erdogan,"[-0.08333333333333333, 1.0]",54,68
recep tayyip erdogan,"[-0.08333333333333331, 1.0]",55,69
recep tayyip erdogan,"[-0.08333333333333331, 1.0]",56,70
recep tayyip erdogan,"[-0.0833333333333333, 1.0]",57,71
recep tayyip erdogan,"[-0.08333333333333329, 1.0]",58,72
recep tayyip erdogan,"[-0.08333333333333329, 1.0]",59,73
recep tayyip erdogan,"[-0.08333333333333329, 1.0]",60,74
recep tayyip erdogan,"[-0.08333333333333329, 1.0]",61,75
recep tayyip erdogan,"[-0.08333333333333329, 1.0]",62,76
mick mulvaney,"[-0.12309149097933275, 0.6741998624632421]",16,30
mick mulvaney,"[-0.12309149097933274, 0.6741998624632421]",17,31
mick mulvaney,"[-0.12309149097933274, 0.6741998624632423]",18,32
mick mulvaney,"[-0.1230914909793328, 0.6741998624632425]",19,33
mick mulvaney,"[-0.12309149097933277, 0.6741998624632424]",20,34
mick mulvaney,"[-0.12309149097933277, 0.6741998624632424]",21,35
mick mulvaney,"[-0.1230914909793328, 0.6741998624632425]",22,36
mick mulvaney,"[-0.12309149097933282, 0.6741998624632426]",23,37
mick mulvaney,"[-0.08333333333333329, 1.0]",24,38
mick mulvaney,"[-0.08333333333333329, 1.0]",25,39
mick mulvaney,"[-0.08333333333333329, 1.0]",26,40
mick mulvaney,"[-0.08333333333333329, 1.0]",27,41
mick mulvaney,"[1.0, nan]",59,73
mick mulvaney,"[1.0, -0.09090909090909093]",60,74
mick mulvaney,"[1.0, -0.09090909090909093]",61,75
mick mulvaney,"[1.0, -0.09090909090909094]",62,76
mick mulvaney,"[1.0, -0.09090909090909093]",63,77
mick mulvaney,"[1.0, -0.0909090909090909]",64,78
mick mulvaney,"[1.0, -0.0909090909090909]",65,79
mick mulvaney,"[0.9999999999999999, -0.09090909090909093]",66,80
mick mulvaney,"[0.9999999999999999, -0.09090909090909093]",67,81
mick mulvaney,"[0.9999999999999999, -0.09090909090909093]",68,82
mick mulvaney,"[0.9999999999999999, -0.09090909090909093]",69,83
mick mulvaney,"[0.9999999999999998, -0.09090909090909095]",70,84
mick mulvaney,"[0.9999999999999998, nan]",71,85
michael flynn,"[1.0, nan]",33,47
michael flynn,"[1.0, -0.09090909090909093]",34,48
michael flynn,"[1.0, -0.09090909090909093]",35,49
michael flynn,"[1.0, -0.09090909090909094]",36,50
michael flynn,"[1.0, -0.09090909090909093]",37,51
michael flynn,"[1.0, -0.0909090909090909]",38,52
michael flynn,"[1.0, -0.0909090909090909]",39,53
michael flynn,"[0.9999999999999999, -0.09090909090909093]",40,54
michael flynn,"[0.9999999999999999, -0.09090909090909093]",41,55
michael flynn,"[0.9999999999999999, -0.09090909090909093]",42,56
michael flynn,"[0.9999999999999999, -0.09090909090909093]",43,57
michael flynn,"[0.9999999999999998, -0.09090909090909095]",44,58
michael flynn,"[0.9999999999999998, nan]",45,59
dolly parton,"[0.6770032003863302, nan]",105,119
dolly parton,"[0.6770032003863301, -0.13483997249264848]",106,120
dolly parton,"[0.67700320038633, -0.13483997249264848]",107,121
dolly parton,"[0.6770032003863301, -0.13483997249264845]",108,122
dolly parton,"[0.6770032003863299, -0.13483997249264845]",109,123
dolly parton,"[0.6770032003863299, -0.13483997249264845]",110,124
dolly parton,"[0.6770032003863299, -0.13483997249264848]",111,125
dolly parton,"[0.6770032003863298, -0.13483997249264848]",112,126
dolly parton,"[0.6770032003863298, -0.1348399724926485]",113,127
dolly parton,"[0.6770032003863298, -0.13483997249264848]",114,128
dolly parton,"[0.6770032003863297, -0.13483997249264848]",115,129
dolly parton,"[0.6770032003863297, -0.09090909090909095]",116,130
dolly parton,"[0.9999999999999998, nan]",117,131
andrew gillum,"[0.5270462766947299, nan]",55,69
jerrold nadler,"[0.6770032003863298, -0.13483997249264854]",76,90
jerrold nadler,"[0.6770032003863297, nan]",77,91
aaron rodgers,"[0.52704627669473, -0.13483997249264842]",115,129
aaron rodgers,"[0.5270462766947298, -0.17407765595569785]",116,130
aaron rodgers,"[0.5270462766947299, -0.17407765595569788]",117,131
aaron rodgers,"[0.5270462766947298, -0.17407765595569785]",118,132
aaron rodgers,"[0.6770032003863299, -0.13483997249264845]",119,133
aaron rodgers,"[0.6770032003863299, -0.13483997249264845]",120,134
aaron rodgers,"[1.0, -0.0909090909090909]",121,135
aaron rodgers,"[0.9999999999999999, -0.09090909090909093]",122,136
aaron rodgers,"[0.9999999999999999, -0.09090909090909093]",123,137
aaron rodgers,"[0.9999999999999999, -0.09090909090909093]",124,138
aaron rodgers,"[0.9999999999999999, -0.09090909090909093]",125,139
aaron rodgers,"[0.9999999999999998, -0.09090909090909095]",126,140
aaron rodgers,"[0.9999999999999998, nan]",127,141
mark milley,"[0.43301270189221924, 0.5222329678670936]",131,145
gary cohn,"[1.0, nan]",27,41
gary cohn,"[1.0, -0.09090909090909093]",28,42
gary cohn,"[1.0, -0.09090909090909093]",29,43
gary cohn,"[1.0, -0.09090909090909094]",30,44
gary cohn,"[1.0, -0.09090909090909093]",31,45
gary cohn,"[1.0, -0.0909090909090909]",32,46
gary cohn,"[1.0, -0.0909090909090909]",33,47
gary cohn,"[0.9999999999999999, -0.09090909090909093]",34,48
gary cohn,"[0.9999999999999999, -0.09090909090909093]",35,49
gary cohn,"[0.9999999999999999, -0.09090909090909093]",36,50
gary cohn,"[0.9999999999999999, -0.09090909090909093]",37,51
gary cohn,"[0.9999999999999998, -0.09090909090909095]",38,52
gary cohn,"[0.9999999999999998, nan]",39,53
george soros,"[0.5270462766947299, -0.13483997249264845]",55,69
george soros,"[0.67700320038633, -0.13483997249264842]",56,70
george soros,"[0.67700320038633, -0.13483997249264845]",57,71
george soros,"[0.67700320038633, -0.13483997249264845]",58,72
george soros,"[0.67700320038633, -0.13483997249264845]",59,73
george soros,"[1.0, -0.0909090909090909]",60,74
george soros,"[1.0, -0.0909090909090909]",61,75
george soros,"[0.9999999999999999, -0.09090909090909093]",62,76
george soros,"[0.9999999999999999, -0.09090909090909093]",63,77
george soros,"[0.9999999999999999, -0.09090909090909093]",64,78
george soros,"[0.9999999999999999, -0.09090909090909093]",65,79
george soros,"[0.9999999999999998, -0.09090909090909095]",66,80
george soros,"[0.9999999999999998, nan]",67,81
jim acosta,"[-0.11572751247156893, 0.8866206949335732]",49,63
jim acosta,"[-0.11572751247156894, 0.8866206949335731]",50,64
jim acosta,"[-0.11572751247156893, 1.0]",51,65
jim acosta,"[-0.08333333333333333, 1.0]",52,66
jim acosta,"[-0.08333333333333331, 1.0]",53,67
jim acosta,"[-0.08333333333333331, 1.0]",54,68
jim acosta,"[-0.0833333333333333, 1.0]",55,69
jim acosta,"[-0.11572751247156893, 0.8866206949335731]",56,70
jim acosta,"[-0.11572751247156893, 0.886620694933573]",57,71
jim acosta,"[-0.11572751247156893, 0.8866206949335729]",58,72
jim acosta,"[-0.11572751247156893, 0.8866206949335729]",59,73
jim acosta,"[-0.11572751247156893, 0.8866206949335729]",60,74
david hogg,"[1.0, nan]",40,54
david hogg,"[1.0, -0.09090909090909093]",41,55
david hogg,"[1.0, -0.09090909090909093]",42,56
david hogg,"[1.0, -0.09090909090909094]",43,57
david hogg,"[1.0, -0.09090909090909093]",44,58
david hogg,"[1.0, -0.0909090909090909]",45,59
david hogg,"[1.0, -0.0909090909090909]",46,60
david hogg,"[0.6770032003863299, -0.09090909090909093]",47,61
larry hogan,"[-0.12309149097933275, 0.6741998624632421]",62,76
larry hogan,"[-0.12309149097933274, 0.6741998624632421]",63,77
larry hogan,"[-0.12309149097933274, 0.6741998624632423]",64,78
larry hogan,"[-0.12309149097933274, 0.6741998624632424]",65,79
larry hogan,"[-0.12309149097933277, 0.6741998624632424]",66,80
larry hogan,"[-0.12309149097933277, 1.0]",67,81
larry hogan,"[-0.0833333333333333, 1.0]",68,82
larry hogan,"[-0.08333333333333329, 1.0]",69,83
larry hogan,"[-0.08333333333333329, 1.0]",70,84
larry hogan,"[-0.08333333333333329, 1.0]",71,85
larry hogan,"[-0.08333333333333329, 1.0]",72,86
larry hogan,"[-0.08333333333333329, 1.0]",73,87
cassidy hutchinson,"[0.5051814855409226, nan]",143,157
cassidy hutchinson,"[0.5051814855409226, -0.1317158424434581]",144,158
cassidy hutchinson,"[0.5051814855409226, -0.1317158424434581]",145,159
cassidy hutchinson,"[0.5051814855409227, -0.13171584244345805]",146,160
cassidy hutchinson,"[0.5051814855409226, -0.13171584244345805]",147,161
cassidy hutchinson,"[0.5051814855409226, -0.13171584244345802]",148,162
cassidy hutchinson,"[0.5051814855409226, -0.13171584244345805]",149,163
cassidy hutchinson,"[0.5051814855409226, -0.131715842443458]",150,164
cassidy hutchinson,"[0.5051814855409226, -0.13171584244345802]",151,165
cassidy hutchinson,"[0.5051814855409226, -0.13171584244345796]",152,166
cassidy hutchinson,"[0.5051814855409226, -0.131715842443458]",153,167
cassidy hutchinson,"[0.5051814855409226, -0.09090909090909095]",154,168
vicente fox,"[-0.12309149097933277, 0.6741998624632423]",0,14
vicente fox,"[-0.12309149097933277, 0.6741998624632424]",1,15
eric schneiderman,"[-0.12309149097933275, 0.6741998624632421]",15,29
eric schneiderman,"[-0.12309149097933274, 0.6741998624632423]",16,30
eric schneiderman,"[-0.12309149097933277, 0.6741998624632423]",17,31
eric schneiderman,"[-0.12309149097933277, 0.6741998624632424]",18,32
eric schneiderman,"[-0.12309149097933277, 0.6741998624632424]",19,33
eric schneiderman,"[-0.12309149097933277, 0.6741998624632424]",20,34
eric schneiderman,"[-0.1581138830084189, 0.6741998624632424]",21,35
eric schneiderman,"[-0.15811388300841886, 0.5222329678670935]",22,36
eric schneiderman,"[-0.15811388300841892, 0.5222329678670934]",23,37
eric schneiderman,"[-0.15811388300841883, 0.5222329678670935]",24,38
eric schneiderman,"[-0.1581138830084188, 0.5222329678670936]",25,39
eric schneiderman,"[-0.12309149097933282, 0.6741998624632427]",26,40
al franken,"[-0.08333333333333336, 1.0]",15,29
al franken,"[-0.08333333333333334, 1.0]",16,30
al franken,"[-0.08333333333333333, 1.0]",17,31
al franken,"[-0.08333333333333333, 1.0]",18,32
al franken,"[-0.08333333333333331, 1.0]",19,33
al franken,"[-0.08333333333333331, 1.0]",20,34
al franken,"[-0.0833333333333333, 1.0]",21,35
al franken,"[-0.08333333333333329, 1.0]",22,36
al franken,"[-0.08333333333333329, 1.0]",23,37
al franken,"[-0.08333333333333329, 1.0]",24,38
al franken,"[-0.08333333333333329, 1.0]",25,39
al franken,"[-0.08333333333333329, 1.0]",26,40
alec baldwin,"[0.6770032003863302, nan]",33,47
alec baldwin,"[0.67700320038633, -0.13483997249264842]",34,48
alec baldwin,"[0.67700320038633, -0.13483997249264845]",35,49
alec baldwin,"[0.67700320038633, -0.13483997249264845]",36,50
alec baldwin,"[0.6770032003863299, -0.13483997249264848]",37,51
alec baldwin,"[0.6770032003863299, -0.0909090909090909]",38,52
alec baldwin,"[1.0, -0.0909090909090909]",39,53
alec baldwin,"[0.9999999999999999, -0.09090909090909093]",40,54
alec baldwin,"[0.9999999999999999, -0.09090909090909093]",41,55
alec baldwin,"[0.9999999999999999, -0.09090909090909093]",42,56
alec baldwin,"[0.9999999999999999, -0.09090909090909093]",43,57
alec baldwin,"[0.9999999999999998, -0.09090909090909095]",44,58
alec baldwin,"[0.9999999999999998, nan]",45,59
nypd,"[-0.12309149097933275, 0.6741998624632421]",57,71
nypd,"[-0.12309149097933274, 0.6741998624632423]",58,72
nypd,"[-0.12309149097933274, 0.6741998624632423]",59,73
nypd,"[-0.12309149097933274, 0.6741998624632424]",60,74
nypd,"[-0.12309149097933277, 0.6741998624632424]",61,75
nypd,"[-0.12309149097933277, 0.6741998624632424]",62,76
nypd,"[-0.0833333333333333, 1.0]",63,77
nypd,"[-0.08333333333333329, 1.0]",64,78
nypd,"[-0.08333333333333329, 1.0]",65,79
nypd,"[-0.08333333333333329, 1.0]",66,80
nypd,"[-0.08333333333333329, 1.0]",67,81
nypd,"[-0.08333333333333329, 1.0]",68,82
