donald trump,"[0.5090084376587001, 0.013118460335266776]",73,107
joe biden,"[0.5590169943749475, 0.6956083436402524]",71,105
joe biden,"[0.5590169943749473, 0.5584155773160768]",72,106
joe biden,"[0.08409704726019909, 0.509070631046531]",77,111
joe biden,"[0.08409704726019912, 0.509070631046531]",78,112
joe biden,"[0.6525289349057958, 0.22572011594448854]",79,113
joe biden,"[0.6657801370984072, 0.3086066999241839]",80,114
joe biden,"[0.5911040987536048, 0.38112741077138035]",81,115
joe biden,"[0.5060821576051713, 0.07620499280986875]",83,117
police,"[0.6051785244066328, 0.02744085414829605]",72,106
police,"[0.5654527761937891, 0.10119453729458625]",73,107
police,"[0.6169137089349244, 0.1292000723520607]",74,108
police,"[0.5825888867246823, 0.10730956331787157]",75,109
police,"[0.5293352275567252, -0.047946330148538406]",82,116
police,"[0.5293352275567252, -0.047946330148538406]",83,117
police,"[0.5293352275567254, -0.030795627922464555]",84,118
narendra modi,"[-0.06565321642986127, 0.5584155773160767]",122,156
narendra modi,"[-0.055901699437494734, 0.5584155773160767]",123,157
narendra modi,"[-0.055901699437494734, 0.5584155773160767]",124,158
narendra modi,"[-0.055901699437494734, 0.5584155773160767]",125,159
narendra modi,"[-0.055901699437494734, 0.5584155773160767]",126,160
narendra modi,"[-0.055901699437494734, 0.5584155773160767]",127,161
narendra modi,"[-0.055901699437494734, 0.5584155773160767]",128,162
hillary clinton,"[0.5040935462921546, 0.2087414303617165]",6,40
hillary clinton,"[0.5040935462921546, 0.2087414303617165]",7,41
hillary clinton,"[0.5040935462921546, 0.2087414303617165]",8,42
hillary clinton,"[0.5040935462921546, 0.2087414303617165]",9,43
hillary clinton,"[0.5040935462921546, 0.2087414303617165]",10,44
hillary clinton,"[0.5469470049236735, 0.17731193073182905]",11,45
hillary clinton,"[0.5723347319802806, 0.17731193073182905]",12,46
hillary clinton,"[0.5858396731835455, 0.15270375536811043]",13,47
hillary clinton,"[0.5357196241459402, 0.01627656765307354]",14,48
hillary clinton,"[0.6417983387593215, 0.03751348383156346]",15,49
hillary clinton,"[0.6495956606174286, 0.0811107105653813]",16,50
hillary clinton,"[0.6495956606174286, 0.4445004445006668]",17,51
hillary clinton,"[0.7965318751745053, 0.5132140515415138]",18,52
hillary clinton,"[0.9477281753053008, nan]",19,53
hillary clinton,"[-0.04490132550669372, 0.6956083436402524]",33,67
hillary clinton,"[-0.05590169943749475, 0.6956083436402524]",34,68
hillary clinton,"[-0.05590169943749474, 0.5584155773160768]",35,69
hillary clinton,"[-0.05590169943749474, 0.5584155773160768]",36,70
hillary clinton,"[-0.05590169943749473, 0.5584155773160768]",37,71
hillary clinton,"[-0.05590169943749473, 0.5584155773160768]",38,72
hillary clinton,"[-0.05590169943749473, 0.5584155773160768]",39,73
hillary clinton,"[-0.05590169943749473, 0.5584155773160768]",40,74
hillary clinton,"[-0.05590169943749473, 0.5584155773160768]",41,75
hillary clinton,"[-0.05590169943749473, 0.5584155773160768]",42,76
hillary clinton,"[-0.05590169943749473, 0.5584155773160768]",43,77
hillary clinton,"[-0.06565321642986129, 0.5584155773160768]",44,78
hillary clinton,"[-0.055901699437494734, 0.5584155773160768]",48,82
hillary clinton,"[-0.055901699437494734, 0.5584155773160767]",49,83
hillary clinton,"[-0.05590169943749474, 0.5584155773160767]",50,84
hillary clinton,"[-0.0656532164298613, 0.5584155773160767]",51,85
gavin newsom,"[-0.1174440439029407, 0.52678658400752]",83,117
gavin newsom,"[-0.11744404390294072, 0.52678658400752]",84,118
gavin newsom,"[-0.11744404390294072, 0.52678658400752]",85,119
gavin newsom,"[-0.11744404390294072, 0.52678658400752]",86,120
gavin newsom,"[-0.11744404390294072, 0.52678658400752]",87,121
gavin newsom,"[-0.11744404390294072, 0.52678658400752]",88,122
gavin newsom,"[-0.13793103448275862, 0.52678658400752]",89,123
"none
villain: none
victim: none","[-0.04490132550669373, 0.6956083436402524]",79,113
"none
villain: none
victim: none","[-0.044901325506693734, 0.6956083436402524]",80,114
"none
villain: none
victim: none","[-0.044901325506693734, 0.6956083436402524]",81,115
"none
villain: none
victim: none","[-0.04490132550669373, 0.6956083436402524]",82,116
"none
villain: none
victim: none","[-0.04490132550669373, 0.6956083436402524]",83,117
"none
villain: none
victim: none","[-0.04490132550669373, 0.6956083436402524]",84,118
"none
villain: none
victim: none","[-0.04490132550669373, 0.6956083436402524]",85,119
"none
villain: none
victim: none","[-0.04490132550669373, 0.6956083436402524]",86,120
"none
villain: none
victim: none","[-0.055901699437494734, 0.5584155773160768]",87,121
"none
villain: none
victim: none","[-0.055901699437494734, 0.5584155773160768]",88,122
"none
villain: none
victim: none","[-0.055901699437494734, 0.5584155773160768]",89,123
"none
villain: none
victim: none","[-0.055901699437494734, 0.5584155773160768]",90,124
"none
villain: none
victim: none","[-0.055901699437494734, 0.5584155773160768]",91,125
mark zuckerberg,"[0.5590169943749473, -0.05776712868787]",71,105
mark zuckerberg,"[0.5590169943749473, -0.05776712868787]",72,106
mark zuckerberg,"[0.5590169943749473, -0.05776712868787]",73,107
mark zuckerberg,"[0.5590169943749473, -0.05776712868787]",74,108
mark zuckerberg,"[0.5590169943749473, -0.046373889576016826]",75,109
mark zuckerberg,"[-0.044901325506693734, 0.6956083436402524]",81,115
mark zuckerberg,"[-0.044901325506693734, 0.6956083436402524]",82,116
mark zuckerberg,"[-0.044901325506693734, 0.6956083436402524]",83,117
mark zuckerberg,"[-0.04490132550669373, 0.6956083436402524]",84,118
mark zuckerberg,"[-0.04490132550669374, 0.6956083436402524]",85,119
mark zuckerberg,"[-0.04490132550669373, 0.6956083436402524]",86,120
mark zuckerberg,"[-0.04490132550669374, 0.6956083436402524]",87,121
mark zuckerberg,"[-0.06451612903225808, 0.6956083436402524]",88,122
jesus christ,"[0.5460047926576328, -0.0778498944161523]",23,57
jesus christ,"[0.5460047926576328, -0.0778498944161523]",24,58
jesus christ,"[0.5460047926576328, -0.0778498944161523]",25,59
jesus christ,"[0.5460047926576328, -0.0778498944161523]",26,60
jesus christ,"[0.5460047926576328, -0.0778498944161523]",27,61
jesus christ,"[0.5460047926576328, -0.0778498944161523]",28,62
jesus christ,"[0.5460047926576328, -0.0778498944161523]",29,63
apple,"[-0.04807692307692307, 0.9038298266428528]",7,41
apple,"[-0.04807692307692308, 0.9038298266428528]",8,42
apple,"[-0.05590169943749475, 0.9038298266428528]",9,43
apple,"[-0.048076923076923066, 0.9038298266428528]",10,44
apple,"[-0.048076923076923066, 0.9038298266428528]",11,45
apple,"[-0.048076923076923066, 0.9038298266428528]",12,46
apple,"[-0.048076923076923066, 0.9038298266428528]",13,47
apple,"[-0.048076923076923066, 0.9038298266428528]",14,48
apple,"[-0.048076923076923066, 0.9038298266428529]",15,49
apple,"[-0.048076923076923066, 0.9038298266428529]",16,50
apple,"[-0.05590169943749474, 0.8665069303180502]",17,51
apple,"[-0.05590169943749473, 0.8665069303180502]",18,52
apple,"[-0.05590169943749474, 0.8665069303180502]",19,53
apple,"[-0.05590169943749474, 0.8665069303180502]",20,54
apple,"[-0.05590169943749474, 0.8665069303180502]",21,55
apple,"[-0.05590169943749473, 0.8665069303180502]",22,56
apple,"[-0.05590169943749474, 0.86650693031805]",23,57
apple,"[-0.05590169943749473, 0.86650693031805]",24,58
apple,"[-0.05590169943749474, 0.86650693031805]",25,59
apple,"[-0.055901699437494734, 0.86650693031805]",26,60
apple,"[-0.055901699437494734, 0.86650693031805]",27,61
apple,"[-0.055901699437494734, 0.86650693031805]",28,62
apple,"[-0.05590169943749474, 0.86650693031805]",29,63
apple,"[-0.08032193289024987, 0.86650693031805]",30,64
apple,"[-0.08032193289024987, 0.6139725428586379]",31,65
apple,"[-0.06907896231799034, 0.6139725428586379]",32,66
apple,"[-0.06907896231799032, 0.6139725428586379]",33,67
apple,"[-0.06907896231799034, 0.6139725428586379]",34,68
apple,"[-0.06907896231799032, 0.6139725428586379]",35,69
apple,"[-0.06907896231799034, 0.6139725428586379]",36,70
apple,"[-0.08032193289024989, 0.5813183589761796]",37,71
apple,"[-0.0803219328902499, 0.5813183589761796]",38,72
amazon,"[-0.03125, 1.0]",0,34
amazon,"[-0.03125, 1.0]",1,35
amazon,"[-0.03125, 1.0]",2,36
amazon,"[-0.03125, 1.0]",3,37
amazon,"[-0.03125, 1.0]",4,38
amazon,"[-0.03125, 1.0]",5,39
amazon,"[-0.03125000000000001, 1.0]",6,40
amazon,"[-0.03125000000000001, 1.0]",7,41
amazon,"[-0.03125, 1.0]",8,42
amazon,"[-0.03125, 1.0]",9,43
amazon,"[-0.03125000000000001, 1.0]",10,44
amazon,"[-0.03125000000000001, 1.0]",11,45
amazon,"[-0.03125, 1.0]",12,46
amazon,"[-0.03125, 1.0]",13,47
amazon,"[-0.03125, 1.0]",14,48
amazon,"[0.27453999423895337, 0.8915804037333366]",15,49
amazon,"[0.27453999423895337, 0.6093459019769237]",16,50
amazon,"[0.27453999423895337, 0.6093459019769237]",17,51
amazon,"[0.27453999423895337, 0.6093459019769237]",18,52
amazon,"[0.27453999423895337, 0.6093459019769237]",19,53
amazon,"[0.27453999423895337, 0.6093459019769237]",20,54
amazon,"[1.0, -0.03225806451612903]",22,56
amazon,"[1.0, -0.03225806451612903]",23,57
amazon,"[1.0, -0.03225806451612903]",24,58
amazon,"[1.0, -0.03225806451612903]",25,59
amazon,"[1.0, -0.03225806451612903]",26,60
amazon,"[0.6959705453537527, -0.03225806451612903]",27,61
amazon,"[0.6959705453537527, -0.046373889576016826]",28,62
amazon,"[0.6959705453537527, -0.046373889576016826]",29,63
amazon,"[0.6959705453537527, -0.046373889576016826]",30,64
amazon,"[0.6959705453537528, -0.046373889576016826]",31,65
amazon,"[0.6959705453537527, -0.046373889576016826]",32,66
amazon,"[-0.06565321642986127, 0.5584155773160768]",80,114
amazon,"[-0.05590169943749473, 0.5584155773160768]",81,115
amazon,"[-0.055901699437494734, 0.5584155773160768]",82,116
amazon,"[-0.055901699437494734, 0.5584155773160768]",83,117
amazon,"[-0.05590169943749474, 0.5584155773160768]",84,118
amazon,"[-0.05590169943749474, 0.5584155773160768]",85,119
amazon,"[-0.05590169943749473, 0.5584155773160768]",86,120
amazon,"[-0.05590169943749473, 0.5584155773160768]",87,121
amazon,"[-0.05590169943749473, 0.5584155773160768]",88,122
amazon,"[-0.05590169943749473, 0.5584155773160768]",89,123
amazon,"[-0.05590169943749473, 0.5584155773160767]",90,124
amazon,"[-0.05590169943749473, 0.5584155773160767]",91,125
amazon,"[-0.05590169943749473, 0.5584155773160767]",92,126
firefighters,"[0.6959705453537527, -0.046373889576016826]",108,142
google,"[-0.06565321642986129, 0.5584155773160766]",29,63
google,"[-0.05590169943749473, 0.6956083436402525]",30,64
google,"[-0.05590169943749474, 0.5584155773160766]",31,65
google,"[-0.05590169943749474, 0.5584155773160766]",32,66
google,"[-0.05590169943749474, 0.5584155773160766]",33,67
google,"[-0.055901699437494734, 0.5584155773160766]",34,68
google,"[-0.055901699437494734, 0.5584155773160766]",35,69
google,"[-0.055901699437494734, 0.5584155773160766]",36,70
google,"[-0.055901699437494734, 0.5584155773160766]",37,71
google,"[-0.055901699437494734, 0.5584155773160766]",38,72
google,"[-0.055901699437494734, 0.5584155773160766]",39,73
julian assange,"[-0.055901699437494734, 0.5584155773160768]",45,79
julian assange,"[-0.05590169943749474, 0.5584155773160768]",46,80
julian assange,"[-0.06565321642986129, 0.5584155773160768]",47,81
julian assange,"[-0.05590169943749473, 0.5584155773160768]",58,92
julian assange,"[-0.05590169943749473, 0.5584155773160768]",59,93
julian assange,"[-0.05590169943749473, 0.5584155773160768]",60,94
julian assange,"[-0.05590169943749473, 0.5584155773160767]",61,95
julian assange,"[-0.05590169943749474, 0.5584155773160767]",62,96
julian assange,"[-0.044901325506693734, 0.6956083436402525]",63,97
julian assange,"[-0.044901325506693734, 0.6956083436402525]",64,98
julian assange,"[-0.044901325506693714, 0.6956083436402525]",65,99
julian assange,"[-0.044901325506693734, 0.6956083436402525]",66,100
julian assange,"[-0.044901325506693734, 0.6956083436402525]",67,101
julian assange,"[-0.044901325506693734, 0.6956083436402525]",68,102
julian assange,"[-0.044901325506693734, 0.6956083436402525]",69,103
julian assange,"[-0.044901325506693734, 0.6956083436402525]",70,104
julian assange,"[-0.044901325506693734, 0.6956083436402525]",71,105
julian assange,"[-0.044901325506693734, 0.6956083436402525]",72,106
julian assange,"[-0.044901325506693734, 0.6956083436402525]",73,107
julian assange,"[-0.044901325506693734, 0.6956083436402525]",74,108
julian assange,"[-0.044901325506693734, 0.6956083436402525]",75,109
julian assange,"[-0.044901325506693734, 0.6956083436402525]",76,110
nasa,"[0.5590169943749475, -0.04637388957601683]",2,36
nasa,"[0.5590169943749473, -0.057767128687870005]",3,37
nasa,"[0.5590169943749473, -0.057767128687870005]",4,38
nasa,"[-0.05590169943749474, 0.5584155773160767]",42,76
nasa,"[-0.05590169943749474, 0.5584155773160767]",43,77
nasa,"[-0.05590169943749473, 0.5584155773160767]",44,78
nasa,"[-0.05590169943749473, 0.5584155773160767]",45,79
nasa,"[-0.05590169943749473, 0.5584155773160767]",46,80
nasa,"[-0.052414241836095915, 0.6956083436402525]",47,81
jeff sessions,"[0.5203059023730163, -0.08980265101338747]",8,42
jeff sessions,"[0.5027497915874024, -0.09627854781311668]",9,43
jeff sessions,"[0.5027497915874023, -0.10427125818074232]",18,52
jeff sessions,"[0.5027497915874023, -0.10427125818074232]",19,53
jeff sessions,"[0.5027497915874023, -0.10427125818074232]",20,54
jeff sessions,"[0.5027497915874023, -0.09627854781311666]",21,55
jeff sessions,"[0.5203059023730163, -0.09627854781311666]",22,56
jeff sessions,"[0.5203059023730163, -0.09627854781311666]",23,57
jeff sessions,"[0.5203059023730163, -0.09627854781311666]",24,58
jeff sessions,"[0.5203059023730162, -0.09627854781311666]",25,59
jeff sessions,"[0.5203059023730162, -0.09627854781311666]",26,60
jeff sessions,"[0.5027497915874023, -0.09627854781311666]",27,61
jeff sessions,"[0.5027497915874023, -0.10427125818074232]",28,62
jeff sessions,"[0.5203059023730162, -0.09627854781311668]",29,63
jeff sessions,"[0.5203059023730162, -0.09627854781311668]",30,64
jeff sessions,"[0.5203059023730162, -0.09627854781311668]",31,65
jeff sessions,"[0.5203059023730161, -0.09627854781311668]",32,66
jeff sessions,"[0.5203059023730161, -0.09627854781311668]",33,67
jeff sessions,"[0.5203059023730161, -0.09627854781311668]",34,68
jeff sessions,"[0.5401448560499686, -0.0883159731974364]",35,69
jeff sessions,"[0.5401448560499688, -0.08831597319743639]",36,70
jeff sessions,"[0.5401448560499685, -0.08831597319743639]",37,71
jeff sessions,"[0.6622945512237323, -0.08132390842004979]",38,72
jeff sessions,"[0.6622945512237323, -0.08132390842004979]",39,73
jeff sessions,"[0.6622945512237324, nan]",40,74
lionel messi,"[0.6959705453537527, -0.04637388957601682]",36,70
lionel messi,"[0.5590169943749473, -0.05776712868787]",37,71
lionel messi,"[0.5590169943749472, -0.05776712868787]",38,72
lionel messi,"[0.5590169943749472, -0.05776712868787]",39,73
lionel messi,"[0.5590169943749472, -0.05776712868787]",40,74
lionel messi,"[0.5590169943749472, -0.05776712868787]",41,75
lionel messi,"[0.5590169943749472, -0.05776712868787]",42,76
lionel messi,"[0.5590169943749472, -0.05776712868787]",43,77
lionel messi,"[0.5590169943749472, -0.05776712868787]",44,78
lionel messi,"[0.5590169943749472, -0.05776712868786999]",45,79
lionel messi,"[0.5590169943749472, -0.05776712868786999]",46,80
lionel messi,"[0.5590169943749472, -0.05776712868786999]",47,81
lionel messi,"[0.5590169943749472, -0.05776712868786999]",48,82
lionel messi,"[0.5590169943749472, -0.05776712868786999]",49,83
lionel messi,"[0.5590169943749472, -0.05776712868786999]",50,84
lionel messi,"[0.5590169943749472, -0.05776712868786999]",51,85
lionel messi,"[0.5590169943749472, -0.046373889576016826]",52,86
lionel messi,"[0.6959705453537527, -0.032258064516129045]",53,87
kamala harris,"[-0.03125, 1.0]",77,111
kamala harris,"[-0.03125, 1.0]",78,112
kamala harris,"[-0.04490132550669373, 1.0]",79,113
kamala harris,"[-0.05590169943749474, 0.6956083436402524]",80,114
kamala harris,"[0.2947916441478614, 0.8027729719194863]",81,115
kamala harris,"[0.2947916441478614, 0.6831300510639732]",82,116
kamala harris,"[0.2947916441478614, 0.6831300510639732]",83,117
kamala harris,"[0.2947916441478614, 0.6831300510639732]",84,118
kamala harris,"[0.2947916441478614, 0.6831300510639732]",85,119
kamala harris,"[0.29479164414786135, 0.6831300510639732]",86,120
kamala harris,"[0.29479164414786135, 0.6831300510639732]",87,121
kamala harris,"[0.29479164414786135, 0.6831300510639732]",88,122
kamala harris,"[0.29479164414786135, 0.6831300510639732]",89,123
kamala harris,"[0.2947916441478614, 0.6831300510639732]",90,124
kamala harris,"[0.24686980467612782, 0.6831300510639732]",91,125
kamala harris,"[0.24686980467612785, 0.6]",92,126
mike pompeo,"[0.6959705453537527, -0.03225806451612903]",11,45
mike pompeo,"[0.6959705453537528, -0.046373889576016826]",12,46
mike pompeo,"[0.6959705453537528, -0.046373889576016826]",13,47
mike pompeo,"[0.6959705453537528, -0.046373889576016826]",14,48
mike pompeo,"[0.6959705453537527, -0.046373889576016826]",15,49
mike pompeo,"[0.6959705453537527, -0.046373889576016826]",16,50
mike pompeo,"[0.6959705453537527, -0.046373889576016826]",17,51
mike pompeo,"[0.6959705453537527, -0.046373889576016826]",18,52
mike pompeo,"[0.6959705453537527, -0.046373889576016826]",19,53
mike pompeo,"[0.6959705453537527, -0.04637388957601683]",20,54
mike pompeo,"[0.6959705453537527, -0.04637388957601683]",21,55
mike pompeo,"[0.6959705453537527, -0.04637388957601683]",22,56
tom brady,"[0.6959705453537527, -0.04637388957601682]",48,82
tom brady,"[0.6959705453537527, nan]",49,83
john mccain,"[0.5590169943749473, -0.05776712868787]",29,63
john mccain,"[0.5590169943749473, -0.05776712868787]",30,64
mitch mcconnell,"[0.29185861579350914, 0.7023212455599]",85,119
mitch mcconnell,"[0.29185861579350914, 0.6622089685632628]",86,120
mitch mcconnell,"[0.2709718654762875, 0.6622089685632628]",87,121
mitch mcconnell,"[0.2526455763199557, 0.6286185570937123]",88,122
mitch mcconnell,"[0.25264557631995566, 0.6000634811475993]",89,123
mitch mcconnell,"[0.2526455763199556, 0.6000634811475993]",90,124
mitch mcconnell,"[0.25264557631995566, 0.6000634811475993]",91,125
mitch mcconnell,"[0.25264557631995566, 0.6000634811475993]",92,126
mitch mcconnell,"[0.25264557631995566, 0.6000634811475993]",93,127
mitch mcconnell,"[0.2526455763199556, 0.6000634811475993]",94,128
mitch mcconnell,"[0.25264557631995566, 0.6000634811475993]",95,129
mitch mcconnell,"[0.25264557631995566, 0.6000634811475993]",96,130
mitch mcconnell,"[0.25264557631995566, 0.6000634811475993]",97,131
mitch mcconnell,"[0.2526455763199556, 0.6000634811475993]",98,132
mitch mcconnell,"[0.25264557631995566, 0.6000634811475993]",99,133
mitch mcconnell,"[0.25264557631995566, 0.6000634811475993]",100,134
mitch mcconnell,"[0.2526455763199556, 0.6000634811475993]",101,135
mitch mcconnell,"[0.23632354425145116, 0.6000634811475993]",102,136
mitch mcconnell,"[0.23632354425145116, 0.5755111510313082]",103,137
mitch mcconnell,"[0.23632354425145116, 0.5755111510313082]",104,138
mitch mcconnell,"[0.23632354425145105, 0.5755111510313081]",105,139
mitch mcconnell,"[0.2363235442514511, 0.5755111510313081]",106,140
mitch mcconnell,"[0.2363235442514511, 0.5755111510313081]",107,141
mitch mcconnell,"[0.23632354425145116, 0.5755111510313081]",108,142
mitch mcconnell,"[0.25264557631995566, 0.6000634811475993]",109,143
mitch mcconnell,"[0.2526455763199556, 0.6286185570937122]",110,144
mitch mcconnell,"[0.2709718654762873, 0.6286185570937122]",111,145
mitch mcconnell,"[0.2709718654762873, 0.6286185570937122]",112,146
mitch mcconnell,"[0.2918586157935091, 0.6622089685632627]",113,147
mitch mcconnell,"[0.2918586157935091, 0.6622089685632627]",114,148
mitch mcconnell,"[0.2918586157935091, 0.6622089685632627]",115,149
mitch mcconnell,"[0.2918586157935091, 0.6622089685632627]",116,150
serena williams,"[-0.039904344223381086, 1.0]",63,97
serena williams,"[-0.03125, 1.0]",64,98
chuck schumer,"[0.5590169943749473, -0.057767128687870005]",0,34
chuck schumer,"[0.5590169943749473, -0.057767128687870005]",1,35
chuck schumer,"[0.5590169943749473, -0.057767128687870005]",2,36
chuck schumer,"[0.5590169943749472, -0.057767128687870005]",3,37
chuck schumer,"[0.5590169943749472, -0.057767128687870005]",4,38
chuck schumer,"[0.5590169943749472, -0.057767128687870005]",5,39
chuck schumer,"[0.5590169943749472, -0.05776712868787]",6,40
chuck schumer,"[0.5590169943749472, -0.05776712868786999]",7,41
chuck schumer,"[0.5590169943749473, -0.05776712868786999]",8,42
chuck schumer,"[0.5590169943749473, -0.05776712868786999]",9,43
chuck schumer,"[0.5590169943749473, -0.05776712868786999]",10,44
chuck schumer,"[0.5590169943749473, -0.05776712868786999]",22,56
chuck schumer,"[0.5590169943749473, -0.05776712868786999]",23,57
chuck schumer,"[0.5590169943749473, -0.05776712868786999]",24,58
chuck schumer,"[0.5590169943749473, -0.05776712868786999]",25,59
chuck schumer,"[0.5590169943749473, -0.05776712868786999]",26,60
chuck schumer,"[0.5590169943749473, -0.05776712868786999]",27,61
chuck schumer,"[0.5590169943749473, -0.05776712868786999]",28,62
chuck schumer,"[0.5590169943749473, -0.05776712868786999]",29,63
chuck schumer,"[0.6959705453537526, -0.046373889576016826]",30,64
chuck schumer,"[0.6959705453537527, nan]",31,65
facebook,"[-0.05590169943749473, 0.5584155773160767]",63,97
facebook,"[-0.05590169943749474, 0.5584155773160767]",64,98
facebook,"[-0.05590169943749474, 0.5584155773160767]",65,99
facebook,"[-0.05590169943749474, 0.5584155773160767]",66,100
facebook,"[-0.05590169943749473, 0.5584155773160767]",67,101
facebook,"[-0.05590169943749473, 0.5584155773160767]",68,102
facebook,"[-0.05590169943749473, 0.5584155773160767]",69,103
facebook,"[-0.05590169943749473, 0.5584155773160767]",70,104
fbi,"[-0.03125, 1.0]",33,67
fbi,"[-0.03125, 1.0]",34,68
fbi,"[-0.03125, 1.0]",35,69
fbi,"[-0.03125, 1.0]",36,70
fbi,"[-0.03125, 1.0]",37,71
fbi,"[-0.03125, 1.0]",38,72
fbi,"[-0.03125, 1.0]",39,73
fbi,"[-0.03125, 1.0]",40,74
fbi,"[-0.03125, 1.0]",41,75
fbi,"[-0.03125, 1.0]",42,76
fbi,"[-0.03125, 1.0]",43,77
fbi,"[-0.03125, 1.0]",44,78
fbi,"[-0.03125, 1.0]",45,79
fbi,"[-0.03125, 1.0]",46,80
fbi,"[-0.03125, 1.0]",47,81
fbi,"[-0.03125, 1.0]",48,82
fbi,"[-0.03125, 1.0]",49,83
fbi,"[-0.03125000000000001, 1.0]",50,84
fbi,"[-0.03125000000000001, 1.0]",51,85
fbi,"[-0.03125, 1.0]",52,86
fbi,"[-0.03125, 1.0]",53,87
fbi,"[-0.03125000000000001, 1.0]",54,88
fbi,"[-0.03125000000000001, 1.0]",55,89
fbi,"[-0.03125, 1.0]",56,90
fbi,"[-0.03125, 1.0]",57,91
fbi,"[-0.03125, 1.0]",58,92
fbi,"[-0.03125, 1.0]",59,93
fbi,"[-0.03125, 1.0]",60,94
fbi,"[-0.03125, 1.0]",61,95
fbi,"[-0.03125, 1.0]",62,96
fbi,"[-0.03125, 1.0]",63,97
fbi,"[-0.03125, 1.0]",64,98
elizabeth warren,"[-0.042460388780422346, 0.8915804037333365]",76,110
elizabeth warren,"[-0.04246038878042235, 0.8915804037333365]",77,111
elizabeth warren,"[-0.04246038878042235, 0.8915804037333365]",78,112
elizabeth warren,"[-0.052414241836095915, 0.8122955416108234]",79,113
elizabeth warren,"[-0.052414241836095915, 0.8122955416108234]",80,114
elizabeth warren,"[-0.052414241836095915, 0.8122955416108234]",81,115
elizabeth warren,"[-0.052414241836095915, 0.8122955416108234]",82,116
elizabeth warren,"[-0.052414241836095915, 0.8122955416108234]",83,117
elizabeth warren,"[-0.052414241836095915, 0.8122955416108234]",84,118
elizabeth warren,"[-0.052414241836095915, 0.8122955416108234]",85,119
elizabeth warren,"[-0.052414241836095915, 0.8122955416108234]",86,120
elizabeth warren,"[-0.052414241836095915, 0.8122955416108234]",87,121
elizabeth warren,"[-0.052414241836095915, 0.8122955416108234]",88,122
elizabeth warren,"[-0.06158307988526833, 0.7511810552670952]",89,123
elizabeth warren,"[-0.06158307988526831, 0.7511810552670952]",90,124
elizabeth warren,"[-0.07024393586862707, 0.7023212455599002]",91,125
elizabeth warren,"[-0.07024393586862705, 0.7023212455599002]",92,126
elizabeth warren,"[-0.07024393586862705, 0.7023212455599002]",93,127
elizabeth warren,"[-0.07024393586862705, 0.7023212455599002]",94,128
elizabeth warren,"[-0.07024393586862704, 0.7023212455599002]",95,129
elizabeth warren,"[-0.07024393586862707, 0.7023212455599002]",96,130
elizabeth warren,"[-0.07024393586862707, 0.7023212455599002]",97,131
elizabeth warren,"[-0.07024393586862707, 0.7023212455599002]",98,132
elizabeth warren,"[-0.07024393586862705, 0.7023212455599002]",99,133
elizabeth warren,"[-0.07024393586862705, 0.7023212455599002]",100,134
elizabeth warren,"[-0.07024393586862705, 0.7023212455599002]",101,135
elizabeth warren,"[-0.07024393586862705, 0.7023212455599002]",102,136
elizabeth warren,"[-0.07024393586862705, 0.7023212455599002]",103,137
elizabeth warren,"[-0.07024393586862705, 0.7023212455599002]",104,138
elizabeth warren,"[-0.07024393586862705, 0.7511810552670951]",105,139
elizabeth warren,"[-0.06158307988526831, 0.7511810552670951]",106,140
elizabeth warren,"[-0.06158307988526831, 0.7511810552670951]",107,141
joe manchin,"[-0.03125, 1.0]",89,123
joe manchin,"[-0.03125, 1.0]",90,124
joe manchin,"[-0.03125, 1.0]",91,125
joe manchin,"[-0.03125, 1.0]",92,126
joe manchin,"[-0.03125, 1.0]",93,127
joe manchin,"[-0.03125, 1.0]",94,128
joe manchin,"[-0.03125, 1.0]",95,129
joe manchin,"[-0.03125, 1.0]",96,130
joe manchin,"[-0.03125, 1.0]",97,131
joe manchin,"[-0.03125, 1.0]",98,132
joe manchin,"[-0.0399043442233811, 1.0]",99,133
rishi sunak,"[0.5590169943749473, -0.05776712868786999]",108,142
rishi sunak,"[0.5590169943749473, -0.05776712868786999]",109,143
rishi sunak,"[0.5590169943749473, -0.05776712868787]",124,158
rishi sunak,"[0.5590169943749473, -0.05776712868787]",125,159
rishi sunak,"[0.5590169943749473, -0.05776712868787]",126,160
rishi sunak,"[0.5590169943749473, -0.05776712868787]",127,161
rishi sunak,"[0.5590169943749473, -0.05776712868787]",128,162
rishi sunak,"[0.5590169943749473, -0.05776712868787]",129,163
rishi sunak,"[0.5590169943749473, -0.05776712868787]",130,164
andy murray,"[0.5590169943749473, -0.05776712868786999]",24,58
andy murray,"[0.5590169943749473, -0.05776712868786999]",25,59
andy murray,"[0.5590169943749473, -0.05776712868786999]",26,60
andy murray,"[0.5590169943749473, -0.046373889576016826]",27,61
andy murray,"[0.6959705453537526, -0.046373889576016826]",28,62
andy murray,"[0.6959705453537526, -0.046373889576016826]",29,63
andy murray,"[0.6959705453537526, -0.046373889576016826]",30,64
andy murray,"[0.6959705453537526, -0.046373889576016826]",31,65
andy murray,"[0.6959705453537526, -0.046373889576016826]",32,66
andy murray,"[0.6959705453537526, -0.032258064516129045]",33,67
rescuers,"[-0.055901699437494734, 0.5584155773160768]",31,65
rescuers,"[-0.05590169943749474, 0.5584155773160768]",32,66
rescuers,"[-0.05590169943749474, 0.5584155773160768]",33,67
rescuers,"[-0.05590169943749474, 0.5584155773160768]",34,68
rescuers,"[-0.05590169943749473, 0.5584155773160768]",35,69
rescuers,"[-0.055901699437494734, 0.5584155773160768]",36,70
rescuers,"[-0.05590169943749473, 0.5584155773160768]",37,71
rescuers,"[-0.055901699437494734, 0.5584155773160768]",38,72
rescuers,"[-0.05590169943749473, 0.5584155773160768]",39,73
rescuers,"[-0.05590169943749473, 0.5584155773160768]",40,74
rescuers,"[-0.05590169943749473, 0.5584155773160768]",41,75
rescuers,"[-0.05590169943749473, 0.5584155773160768]",42,76
rescuers,"[-0.055901699437494734, 0.5584155773160768]",43,77
rescuers,"[-0.055901699437494734, 0.5584155773160768]",44,78
rescuers,"[-0.055901699437494734, 0.5584155773160768]",45,79
rescuers,"[-0.055901699437494734, 0.5584155773160768]",46,80
rescuers,"[-0.055901699437494734, 0.5584155773160767]",47,81
rescuers,"[-0.05590169943749474, 0.5584155773160767]",48,82
rescuers,"[-0.05590169943749474, 0.5584155773160767]",49,83
rescuers,"[-0.05590169943749474, 0.5584155773160767]",50,84
rescuers,"[-0.055901699437494734, 0.5584155773160767]",51,85
rescuers,"[-0.05590169943749474, 0.5584155773160767]",52,86
rescuers,"[-0.05590169943749474, 0.5584155773160767]",53,87
rescuers,"[-0.05590169943749474, 0.5584155773160767]",54,88
rescuers,"[-0.055901699437494734, 0.5584155773160767]",55,89
rescuers,"[-0.055901699437494734, 0.5584155773160767]",56,90
rescuers,"[-0.055901699437494734, 0.5584155773160767]",57,91
rescuers,"[-0.055901699437494734, 0.5584155773160767]",58,92
rescuers,"[-0.044901325506693734, 0.6956083436402525]",59,93
rescuers,"[-0.044901325506693734, 0.6956083436402525]",60,94
rescuers,"[-0.03125, 1.0]",61,95
rescuers,"[-0.03125, 1.0]",62,96
joel embiid,"[0.9803614520381427, nan]",23,57
joel embiid,"[0.980361452038143, -0.03819564687798789]",24,58
joel embiid,"[0.980361452038143, -0.03819564687798789]",25,59
joel embiid,"[0.980361452038143, -0.03819564687798789]",26,60
joel embiid,"[0.9803614520381428, -0.03819564687798789]",27,61
joel embiid,"[0.9803614520381428, -0.03819564687798789]",28,62
joel embiid,"[0.9803614520381428, -0.03819564687798789]",29,63
joel embiid,"[0.9803614520381428, -0.03819564687798789]",30,64
joel embiid,"[0.9803614520381428, -0.03819564687798789]",31,65
joel embiid,"[0.9803614520381428, -0.0381956468779879]",32,66
joel embiid,"[0.9803614520381428, -0.0381956468779879]",33,67
joel embiid,"[0.9803614520381428, -0.0381956468779879]",34,68
joel embiid,"[0.9803614520381428, -0.0381956468779879]",35,69
joel embiid,"[0.9803614520381428, -0.0381956468779879]",36,70
joel embiid,"[0.9803614520381428, -0.0381956468779879]",37,71
joel embiid,"[0.9803614520381428, -0.0381956468779879]",38,72
joel embiid,"[0.9803614520381428, -0.0381956468779879]",39,73
joel embiid,"[0.9803614520381428, -0.03819564687798789]",40,74
joel embiid,"[0.9625561031864442, -0.04403909530966375]",41,75
joel embiid,"[0.9625561031864442, -0.04403909530966375]",42,76
joel embiid,"[0.9625561031864441, -0.04403909530966375]",43,77
joel embiid,"[0.9625561031864442, -0.04403909530966375]",44,78
joel embiid,"[0.9625561031864442, -0.03819564687798789]",45,79
joel embiid,"[0.9803614520381428, -0.03819564687798789]",46,80
joel embiid,"[0.9803614520381427, -0.03819564687798789]",47,81
joel embiid,"[0.9803614520381427, -0.03819564687798789]",48,82
joel embiid,"[0.980361452038143, -0.03819564687798789]",49,83
joel embiid,"[0.9803614520381427, -0.03819564687798789]",50,84
joel embiid,"[0.980361452038143, -0.03819564687798789]",51,85
joel embiid,"[0.9803614520381427, -0.03819564687798789]",52,86
joel embiid,"[0.980361452038143, -0.03819564687798789]",53,87
joel embiid,"[0.9803614520381427, -0.03819564687798789]",54,88
joel embiid,"[0.980361452038143, -0.03225806451612904]",55,89
nikki haley,"[0.5590169943749473, -0.05776712868787]",0,34
nikki haley,"[0.5590169943749473, -0.05776712868787]",1,35
nikki haley,"[0.5590169943749472, -0.05776712868787001]",2,36
nikki haley,"[0.5590169943749472, -0.05776712868787001]",3,37
nikki haley,"[0.5590169943749472, -0.05776712868787001]",4,38
nikki haley,"[0.5590169943749472, -0.05776712868787001]",5,39
nikki haley,"[0.5590169943749472, -0.05776712868787]",6,40
nikki haley,"[0.36144869800612456, 0.5584155773160766]",30,64
nikki haley,"[-0.044901325506693734, 0.6956083436402525]",31,65
nikki haley,"[-0.044901325506693734, 0.6956083436402525]",32,66
nikki haley,"[-0.044901325506693734, 0.6956083436402525]",33,67
nikki haley,"[-0.044901325506693734, 0.6956083436402525]",34,68
nikki haley,"[-0.044901325506693734, 0.6956083436402525]",35,69
nikki haley,"[-0.044901325506693734, 0.6956083436402525]",36,70
nikki haley,"[-0.044901325506693734, 0.6956083436402525]",37,71
nikki haley,"[-0.044901325506693734, 0.6956083436402525]",38,72
nikki haley,"[-0.044901325506693734, 0.6956083436402525]",39,73
john kelly,"[0.5590169943749475, -0.04637388957601683]",5,39
pete buttigieg,"[-0.04490132550669372, 0.6956083436402524]",111,145
pete buttigieg,"[-0.044901325506693734, 0.6956083436402524]",112,146
pete buttigieg,"[-0.044901325506693734, 0.6956083436402524]",113,147
pete buttigieg,"[-0.044901325506693734, 0.6956083436402524]",114,148
pete buttigieg,"[-0.04490132550669373, 0.6956083436402524]",115,149
pete buttigieg,"[-0.04490132550669373, 0.6956083436402524]",116,150
pete buttigieg,"[-0.04490132550669373, 0.6956083436402524]",117,151
pete buttigieg,"[-0.04490132550669374, 0.6956083436402524]",118,152
pete buttigieg,"[-0.04490132550669373, 0.6956083436402524]",119,153
pete buttigieg,"[-0.04490132550669374, 0.6956083436402524]",120,154
pete buttigieg,"[-0.04490132550669373, 0.6956083436402524]",121,155
pete buttigieg,"[-0.044901325506693734, 0.6956083436402524]",122,156
pete buttigieg,"[-0.04490132550669373, 0.6956083436402524]",123,157
pete buttigieg,"[-0.044901325506693734, 0.6956083436402524]",124,158
pete buttigieg,"[-0.055901699437494734, 0.6956083436402524]",125,159
pete buttigieg,"[-0.05590169943749473, 0.5584155773160768]",126,160
pete buttigieg,"[-0.05590169943749473, 0.5584155773160767]",127,161
pete buttigieg,"[-0.05590169943749474, 0.5584155773160767]",128,162
pete buttigieg,"[-0.05590169943749474, 0.5584155773160767]",129,163
pete buttigieg,"[-0.05590169943749474, 0.5584155773160767]",130,164
pete buttigieg,"[-0.05590169943749473, 0.5584155773160767]",131,165
pete buttigieg,"[-0.05590169943749474, 0.5584155773160767]",132,166
pete buttigieg,"[-0.05590169943749474, 0.5584155773160767]",133,167
pete buttigieg,"[-0.05590169943749474, 0.5584155773160767]",134,168
volodymyr zelensky,"[0.6010743070375285, 0.2927700218845599]",131,165
volodymyr zelensky,"[0.6010743070375285, 0.2444444444444444]",132,166
volodymyr zelensky,"[0.6010743070375285, 0.2444444444444444]",133,167
volodymyr zelensky,"[0.5388159060803247, 0.2444444444444444]",134,168
aaron rodgers,"[-0.055901699437494734, 0.5584155773160768]",89,123
aaron rodgers,"[-0.05590169943749474, 0.5584155773160768]",90,124
aaron rodgers,"[-0.05590169943749474, 0.5584155773160768]",91,125
aaron rodgers,"[-0.05590169943749474, 0.5584155773160768]",92,126
aaron rodgers,"[-0.05590169943749473, 0.5584155773160768]",93,127
aaron rodgers,"[-0.05590169943749473, 0.5584155773160768]",94,128
aaron rodgers,"[-0.06565321642986127, 0.5584155773160768]",95,129
aaron rodgers,"[-0.05590169943749474, 0.5584155773160767]",110,144
aaron rodgers,"[-0.05590169943749474, 0.5584155773160767]",111,145
aaron rodgers,"[-0.05590169943749474, 0.5584155773160767]",112,146
aaron rodgers,"[-0.05590169943749473, 0.5584155773160767]",113,147
aaron rodgers,"[-0.05590169943749473, 0.5584155773160767]",114,148
aaron rodgers,"[-0.05590169943749473, 0.5584155773160767]",115,149
aaron rodgers,"[-0.05590169943749473, 0.5584155773160767]",116,150
aaron rodgers,"[-0.05590169943749473, 0.5584155773160767]",117,151
aaron rodgers,"[-0.05590169943749473, 0.5584155773160767]",118,152
aaron rodgers,"[-0.044901325506693734, 0.6956083436402525]",119,153
aaron rodgers,"[-0.044901325506693734, 0.6956083436402525]",120,154
jerry brown,"[-0.044901325506693734, 1.0]",31,65
jerry brown,"[-0.03125, 1.0]",32,66
jerry brown,"[-0.04490132550669373, 0.6956083436402524]",33,67
jerry brown,"[-0.04490132550669373, 0.6956083436402524]",34,68
jerry brown,"[-0.04490132550669373, 0.6956083436402524]",35,69
jerry brown,"[-0.04490132550669373, 0.6956083436402524]",36,70
jerry brown,"[-0.04490132550669373, 0.6956083436402524]",37,71
jerry brown,"[-0.04490132550669373, 0.6956083436402524]",38,72
jerry brown,"[-0.06451612903225808, 0.6956083436402524]",39,73
justin bieber,"[-0.03125, 1.0]",79,113
justin bieber,"[-0.03125, 1.0]",80,114
justin bieber,"[-0.03125, 1.0]",81,115
justin bieber,"[-0.03125, 1.0]",82,116
justin bieber,"[-0.04490132550669373, 0.6956083436402524]",83,117
justin bieber,"[-0.04490132550669373, 0.6956083436402524]",84,118
justin bieber,"[-0.04490132550669373, 0.6956083436402524]",85,119
justin bieber,"[-0.04490132550669373, 0.6956083436402524]",86,120
justin bieber,"[-0.055901699437494734, 0.5584155773160768]",87,121
justin bieber,"[-0.055901699437494734, 0.5584155773160768]",88,122
justin bieber,"[-0.055901699437494734, 0.5584155773160768]",89,123
justin bieber,"[-0.055901699437494734, 0.5584155773160768]",90,124
justin bieber,"[-0.055901699437494734, 0.5584155773160767]",91,125
justin bieber,"[-0.055901699437494734, 0.5584155773160767]",92,126
james comey,"[0.6959705453537528, -0.04637388957601683]",39,73
james comey,"[0.6959705453537528, -0.03225806451612903]",40,74
james comey,"[1.0, -0.03225806451612903]",41,75
james comey,"[1.0, -0.03225806451612903]",42,76
james comey,"[1.0, -0.03225806451612903]",43,77
james comey,"[1.0, -0.03225806451612903]",44,78
james comey,"[1.0, -0.03225806451612903]",45,79
james comey,"[1.0, -0.03225806451612903]",46,80
james comey,"[1.0, -0.03225806451612903]",47,81
james comey,"[1.0, -0.03225806451612903]",48,82
james comey,"[1.0, -0.03225806451612903]",49,83
james comey,"[1.0, -0.03225806451612903]",50,84
james comey,"[1.0, -0.03225806451612903]",51,85
james comey,"[1.0, -0.03225806451612903]",52,86
james comey,"[1.0, -0.03225806451612904]",53,87
james comey,"[1.0, -0.032258064516129045]",54,88
james comey,"[1.0, -0.032258064516129045]",55,89
james comey,"[1.0, -0.032258064516129045]",56,90
james comey,"[0.9999999999999999, -0.032258064516129045]",57,91
james comey,"[1.0, -0.032258064516129045]",58,92
james comey,"[1.0, -0.032258064516129045]",59,93
james comey,"[1.0, -0.032258064516129045]",60,94
james comey,"[0.9999999999999999, -0.032258064516129045]",61,95
james comey,"[0.9999999999999999, -0.032258064516129045]",62,96
james comey,"[0.9999999999999999, -0.032258064516129045]",63,97
james comey,"[0.9999999999999999, -0.032258064516129045]",64,98
james comey,"[0.9999999999999999, -0.032258064516129045]",65,99
james comey,"[0.9999999999999999, -0.032258064516129045]",66,100
james comey,"[0.9999999999999999, -0.032258064516129045]",67,101
james comey,"[0.9999999999999999, -0.032258064516129045]",68,102
james comey,"[0.9999999999999999, nan]",69,103
giannis antetokounmpo,"[-0.042460388780422346, 0.8915804037333365]",47,81
giannis antetokounmpo,"[-0.042460388780422346, 0.8915804037333365]",48,82
giannis antetokounmpo,"[-0.042460388780422346, 0.8915804037333365]",49,83
giannis antetokounmpo,"[-0.04246038878042234, 0.8915804037333365]",50,84
giannis antetokounmpo,"[-0.04246038878042234, 0.8915804037333365]",51,85
giannis antetokounmpo,"[-0.04246038878042234, 0.8915804037333365]",52,86
giannis antetokounmpo,"[-0.04246038878042234, 0.8915804037333365]",53,87
giannis antetokounmpo,"[-0.04246038878042234, 0.8915804037333365]",54,88
giannis antetokounmpo,"[-0.04246038878042234, 0.8915804037333365]",55,89
giannis antetokounmpo,"[-0.04246038878042234, 0.8915804037333365]",56,90
giannis antetokounmpo,"[-0.04246038878042234, 0.8915804037333365]",57,91
giannis antetokounmpo,"[-0.04246038878042234, 0.8915804037333365]",58,92
giannis antetokounmpo,"[-0.04246038878042234, 0.8915804037333365]",59,93
giannis antetokounmpo,"[-0.04246038878042234, 0.8915804037333365]",60,94
giannis antetokounmpo,"[-0.04246038878042234, 0.8915804037333365]",61,95
giannis antetokounmpo,"[-0.04246038878042234, 0.8915804037333365]",62,96
giannis antetokounmpo,"[-0.04246038878042235, 0.8915804037333366]",63,97
giannis antetokounmpo,"[-0.04246038878042234, 0.8915804037333366]",64,98
giannis antetokounmpo,"[-0.04246038878042234, 0.8915804037333366]",65,99
giannis antetokounmpo,"[-0.04246038878042234, 0.8915804037333366]",66,100
giannis antetokounmpo,"[-0.04246038878042234, 0.8915804037333366]",67,101
giannis antetokounmpo,"[-0.04246038878042234, 0.8915804037333366]",68,102
giannis antetokounmpo,"[-0.04246038878042234, 0.8915804037333366]",69,103
giannis antetokounmpo,"[-0.04246038878042234, 0.8915804037333366]",70,104
giannis antetokounmpo,"[-0.04246038878042234, 0.8915804037333366]",71,105
giannis antetokounmpo,"[-0.04246038878042234, 0.8915804037333366]",72,106
giannis antetokounmpo,"[-0.04246038878042234, 1.0]",73,107
giannis antetokounmpo,"[-0.03125, 1.0]",74,108
giannis antetokounmpo,"[-0.03125, 1.0]",75,109
giannis antetokounmpo,"[-0.03125, 1.0]",76,110
giannis antetokounmpo,"[0.27453999423895337, 0.8915804037333366]",77,111
giannis antetokounmpo,"[0.27453999423895337, 0.6093459019769237]",78,112
giannis antetokounmpo,"[1.0, -0.03225806451612903]",80,114
giannis antetokounmpo,"[1.0, -0.03225806451612903]",81,115
giannis antetokounmpo,"[1.0, -0.03225806451612903]",82,116
giannis antetokounmpo,"[1.0, -0.03225806451612903]",83,117
giannis antetokounmpo,"[1.0, -0.03225806451612903]",84,118
giannis antetokounmpo,"[1.0, -0.03225806451612903]",85,119
giannis antetokounmpo,"[1.0, -0.03225806451612903]",86,120
giannis antetokounmpo,"[1.0, -0.03225806451612903]",87,121
giannis antetokounmpo,"[1.0, -0.03225806451612903]",88,122
giannis antetokounmpo,"[1.0, -0.03225806451612903]",89,123
giannis antetokounmpo,"[1.0, -0.03225806451612903]",90,124
giannis antetokounmpo,"[1.0, -0.03225806451612903]",91,125
giannis antetokounmpo,"[1.0, -0.03225806451612903]",92,126
giannis antetokounmpo,"[0.6959705453537527, -0.046373889576016826]",93,127
giannis antetokounmpo,"[0.6959705453537527, -0.046373889576016826]",94,128
giannis antetokounmpo,"[0.6959705453537527, -0.046373889576016826]",95,129
giannis antetokounmpo,"[0.6959705453537527, -0.046373889576016826]",96,130
giannis antetokounmpo,"[0.6959705453537527, -0.046373889576016826]",97,131
giannis antetokounmpo,"[0.6959705453537527, -0.046373889576016826]",98,132
giannis antetokounmpo,"[0.6959705453537527, -0.046373889576016826]",99,133
giannis antetokounmpo,"[0.6959705453537527, -0.046373889576016826]",100,134
giannis antetokounmpo,"[0.6959705453537526, -0.046373889576016826]",101,135
giannis antetokounmpo,"[0.6959705453537526, -0.046373889576016826]",102,136
giannis antetokounmpo,"[0.6959705453537526, -0.046373889576016826]",103,137
giannis antetokounmpo,"[0.6959705453537526, -0.046373889576016826]",104,138
giannis antetokounmpo,"[0.6959705453537527, -0.046373889576016826]",105,139
giannis antetokounmpo,"[0.6959705453537526, -0.046373889576016826]",106,140
giannis antetokounmpo,"[0.6959705453537526, -0.046373889576016826]",107,141
giannis antetokounmpo,"[0.6959705453537526, -0.046373889576016826]",108,142
giannis antetokounmpo,"[0.6959705453537527, -0.032258064516129045]",109,143
cam newton,"[-0.03125, 1.0]",81,115
cam newton,"[-0.03125, 1.0]",82,116
cam newton,"[-0.03125, 1.0]",83,117
cam newton,"[-0.03125, 1.0]",84,118
cam newton,"[-0.03125, 1.0]",85,119
cam newton,"[-0.04490132550669373, 1.0]",86,120
cam newton,"[-0.04490132550669373, 0.6956083436402524]",87,121
cam newton,"[-0.04490132550669373, 0.6956083436402524]",88,122
cam newton,"[-0.04490132550669373, 0.6956083436402524]",89,123
cam newton,"[-0.04490132550669373, 0.6956083436402524]",90,124
cam newton,"[-0.04490132550669373, 0.6956083436402524]",91,125
cam newton,"[-0.04490132550669373, 0.6956083436402524]",92,126
cam newton,"[-0.04490132550669373, 0.6956083436402524]",93,127
cam newton,"[-0.04490132550669374, 0.6956083436402524]",94,128
cam newton,"[-0.04490132550669373, 0.6956083436402524]",95,129
cam newton,"[-0.04490132550669374, 0.6956083436402524]",96,130
cam newton,"[-0.04490132550669373, 0.6956083436402525]",97,131
cam newton,"[-0.04490132550669374, 0.6956083436402525]",98,132
cam newton,"[-0.044901325506693734, 0.6956083436402525]",99,133
cam newton,"[-0.04490132550669374, 0.6956083436402525]",100,134
cam newton,"[-0.04490132550669372, 0.6956083436402525]",101,135
cam newton,"[-0.04490132550669374, 0.6956083436402525]",102,136
cam newton,"[-0.044901325506693734, 0.6956083436402525]",103,137
cam newton,"[-0.04490132550669374, 0.6956083436402525]",104,138
cam newton,"[-0.044901325506693734, 0.6956083436402525]",105,139
cam newton,"[-0.044901325506693734, 0.6956083436402525]",106,140
cam newton,"[-0.044901325506693734, 0.6956083436402525]",107,141
cam newton,"[-0.044901325506693734, 0.6956083436402525]",108,142
cam newton,"[-0.044901325506693734, 0.6956083436402525]",109,143
cam newton,"[-0.044901325506693734, 0.6956083436402525]",110,144
cam newton,"[-0.044901325506693734, 0.6956083436402525]",111,145
cam newton,"[-0.044901325506693734, 0.6956083436402525]",112,146
megyn kelly,"[0.6959705453537528, -0.046373889576016826]",3,37
megyn kelly,"[0.6959705453537527, -0.046373889576016826]",4,38
megyn kelly,"[0.6959705453537527, -0.046373889576016826]",5,39
megyn kelly,"[0.6959705453537527, -0.046373889576016826]",6,40
megyn kelly,"[0.6959705453537526, -0.046373889576016826]",7,41
megyn kelly,"[0.6959705453537527, -0.046373889576016826]",8,42
megyn kelly,"[0.6959705453537527, -0.046373889576016826]",9,43
megyn kelly,"[0.6959705453537527, -0.046373889576016826]",10,44
megyn kelly,"[0.6959705453537527, -0.046373889576016826]",11,45
megyn kelly,"[0.6959705453537526, -0.046373889576016826]",12,46
megyn kelly,"[0.6959705453537526, -0.046373889576016826]",13,47
ariana grande,"[0.6959705453537527, -0.046373889576016826]",64,98
ariana grande,"[0.6959705453537527, -0.046373889576016826]",65,99
ariana grande,"[0.6959705453537526, -0.046373889576016826]",66,100
ariana grande,"[0.6959705453537526, -0.046373889576016826]",67,101
ariana grande,"[0.6959705453537526, -0.046373889576016826]",68,102
ariana grande,"[0.6959705453537527, -0.032258064516129045]",69,103
ariana grande,"[0.9999999999999999, -0.032258064516129045]",70,104
ariana grande,"[0.9999999999999999, -0.032258064516129045]",71,105
ariana grande,"[0.9999999999999999, -0.032258064516129045]",72,106
ariana grande,"[0.9999999999999999, nan]",73,107
juan guaidó,"[0.9999999999999999, nan]",45,79
juan guaidó,"[1.0, -0.03225806451612903]",46,80
juan guaidó,"[0.9697199645781728, -0.039418988727015186]",47,81
juan guaidó,"[0.9697199645781728, -0.039418988727015186]",48,82
juan guaidó,"[0.9697199645781726, -0.039418988727015186]",49,83
juan guaidó,"[0.9697199645781727, -0.039418988727015186]",50,84
juan guaidó,"[0.9697199645781727, -0.039418988727015186]",51,85
juan guaidó,"[0.9697199645781727, -0.039418988727015186]",52,86
juan guaidó,"[0.9697199645781726, -0.039418988727015186]",53,87
juan guaidó,"[0.9697199645781726, -0.039418988727015186]",54,88
juan guaidó,"[0.9697199645781726, -0.039418988727015186]",55,89
juan guaidó,"[0.9697199645781726, -0.039418988727015186]",56,90
juan guaidó,"[0.9697199645781726, -0.039418988727015186]",57,91
juan guaidó,"[0.9697199645781726, -0.039418988727015186]",58,92
juan guaidó,"[0.9697199645781726, -0.039418988727015186]",59,93
juan guaidó,"[0.9697199645781726, -0.039418988727015186]",60,94
juan guaidó,"[0.9697199645781726, -0.03941898872701518]",61,95
juan guaidó,"[0.9697199645781727, -0.03941898872701518]",62,96
juan guaidó,"[0.9697199645781727, -0.03941898872701518]",63,97
juan guaidó,"[0.9697199645781727, -0.03941898872701518]",64,98
juan guaidó,"[0.9697199645781726, -0.03941898872701518]",65,99
juan guaidó,"[0.9697199645781727, -0.03941898872701518]",66,100
juan guaidó,"[0.9697199645781727, -0.03941898872701518]",67,101
juan guaidó,"[0.9697199645781727, -0.03941898872701518]",68,102
juan guaidó,"[0.9697199645781726, -0.03941898872701518]",69,103
juan guaidó,"[0.9697199645781726, -0.03941898872701518]",70,104
juan guaidó,"[0.9697199645781726, -0.03941898872701518]",71,105
juan guaidó,"[0.9697199645781726, -0.03941898872701518]",72,106
juan guaidó,"[0.9697199645781726, -0.03941898872701518]",73,107
juan guaidó,"[0.9697199645781726, -0.03941898872701518]",74,108
juan guaidó,"[0.9697199645781726, -0.03941898872701518]",75,109
juan guaidó,"[0.9697199645781726, -0.03941898872701518]",76,110
juan guaidó,"[0.9697199645781726, -0.032258064516129045]",77,111
chris pratt,"[-0.055901699437494734, 0.5584155773160767]",41,75
chris pratt,"[-0.05590169943749475, 0.5584155773160767]",42,76
chris pratt,"[-0.05590169943749475, 0.5584155773160767]",43,77
chris pratt,"[-0.055901699437494734, 0.5584155773160767]",44,78
chris pratt,"[-0.055901699437494734, 0.5584155773160767]",45,79
chris pratt,"[-0.05590169943749473, 0.5584155773160767]",46,80
chris pratt,"[-0.05590169943749473, 0.5584155773160767]",47,81
chris pratt,"[-0.05590169943749473, 0.5584155773160767]",48,82
chris pratt,"[-0.05590169943749473, 0.5584155773160767]",49,83
chris pratt,"[-0.05590169943749473, 0.5584155773160767]",50,84
chris pratt,"[-0.05590169943749473, 0.5584155773160767]",51,85
chris pratt,"[-0.05590169943749473, 0.5584155773160767]",52,86
chris pratt,"[-0.05590169943749473, 0.5584155773160767]",53,87
chris pratt,"[-0.05590169943749473, 0.5584155773160767]",54,88
chris pratt,"[-0.05590169943749473, 0.5584155773160767]",55,89
chris pratt,"[-0.05590169943749473, 0.5584155773160767]",56,90
chris pratt,"[-0.05590169943749473, 0.5584155773160766]",57,91
chris pratt,"[-0.05590169943749474, 0.5584155773160766]",58,92
chris pratt,"[-0.05590169943749474, 0.5584155773160766]",59,93
chris pratt,"[-0.044901325506693734, 0.6956083436402525]",60,94
chris pratt,"[-0.044901325506693714, 0.6956083436402525]",61,95
chris pratt,"[-0.044901325506693734, 0.6956083436402525]",62,96
chris pratt,"[-0.044901325506693734, 0.6956083436402525]",63,97
chris pratt,"[-0.04490132550669374, 0.6956083436402525]",64,98
chris pratt,"[-0.044901325506693734, 0.6956083436402525]",65,99
chris pratt,"[-0.044901325506693734, 0.6956083436402525]",66,100
chris pratt,"[-0.044901325506693734, 0.6956083436402525]",67,101
chris pratt,"[-0.044901325506693734, 0.6956083436402525]",68,102
chris pratt,"[-0.044901325506693734, 0.6956083436402525]",69,103
chris pratt,"[-0.044901325506693734, 0.6956083436402525]",70,104
chris pratt,"[-0.044901325506693734, 0.6956083436402525]",71,105
chris pratt,"[-0.03125, 1.0]",72,106
gal gadot,"[0.9999999999999999, nan]",1,35
gal gadot,"[1.0, -0.03225806451612903]",2,36
gal gadot,"[1.0, -0.03225806451612903]",3,37
gal gadot,"[1.0, -0.03225806451612903]",4,38
gal gadot,"[1.0, -0.03225806451612903]",5,39
gal gadot,"[1.0, -0.03225806451612903]",6,40
gal gadot,"[1.0, -0.03225806451612903]",7,41
gal gadot,"[1.0, -0.03225806451612903]",8,42
gal gadot,"[1.0, -0.03225806451612903]",9,43
gal gadot,"[1.0, -0.03225806451612903]",10,44
gal gadot,"[1.0, -0.03225806451612903]",11,45
gal gadot,"[1.0, -0.03225806451612903]",12,46
gal gadot,"[1.0, -0.03225806451612903]",13,47
gal gadot,"[1.0, -0.03225806451612903]",14,48
gal gadot,"[0.6959705453537527, -0.046373889576016826]",15,49
gal gadot,"[0.6959705453537526, -0.046373889576016826]",16,50
gal gadot,"[0.6959705453537527, -0.046373889576016826]",17,51
gal gadot,"[0.6959705453537526, -0.046373889576016826]",18,52
gal gadot,"[0.6959705453537527, -0.046373889576016826]",19,53
gal gadot,"[0.5590169943749475, -0.05776712868787]",20,54
gal gadot,"[0.5590169943749473, -0.05776712868787]",21,55
gal gadot,"[0.5590169943749473, -0.05776712868787]",22,56
gal gadot,"[0.5590169943749473, -0.05776712868787]",23,57
gal gadot,"[0.5590169943749473, -0.05776712868787]",24,58
gal gadot,"[0.5590169943749473, -0.05776712868787]",25,59
gal gadot,"[0.5590169943749473, -0.05776712868787]",26,60
gal gadot,"[0.5590169943749473, -0.05776712868787]",27,61
gal gadot,"[0.5590169943749473, -0.05776712868787]",28,62
gal gadot,"[0.5590169943749473, -0.05776712868787]",29,63
gal gadot,"[0.5590169943749473, -0.05776712868787]",30,64
gal gadot,"[0.5590169943749473, -0.05776712868787]",31,65
gal gadot,"[0.5590169943749473, -0.05776712868787]",32,66
gal gadot,"[0.5590169943749473, -0.046373889576016826]",33,67
ajit pai,"[-0.055901699437494734, 0.5584155773160767]",18,52
ajit pai,"[-0.05590169943749474, 0.5584155773160767]",19,53
ajit pai,"[-0.055901699437494734, 0.5584155773160767]",20,54
ajit pai,"[-0.05590169943749474, 0.5584155773160767]",21,55
ajit pai,"[-0.05590169943749473, 0.5584155773160767]",22,56
ajit pai,"[-0.055901699437494734, 0.5584155773160767]",23,57
ajit pai,"[-0.05590169943749473, 0.5584155773160767]",24,58
ajit pai,"[-0.055901699437494734, 0.5584155773160767]",25,59
ajit pai,"[-0.05590169943749473, 0.5584155773160767]",26,60
ajit pai,"[-0.055901699437494734, 0.5584155773160767]",27,61
ajit pai,"[-0.055901699437494734, 0.5584155773160767]",28,62
ajit pai,"[-0.055901699437494734, 0.5584155773160767]",29,63
ajit pai,"[-0.055901699437494734, 0.5584155773160767]",30,64
ajit pai,"[-0.055901699437494734, 0.5584155773160767]",31,65
ajit pai,"[-0.055901699437494734, 0.5584155773160767]",32,66
ajit pai,"[-0.055901699437494734, 0.5584155773160767]",33,67
ajit pai,"[-0.044901325506693734, 0.6956083436402525]",34,68
ajit pai,"[-0.04490132550669374, 0.6956083436402525]",35,69
ajit pai,"[-0.04490132550669374, 0.6956083436402525]",36,70
ajit pai,"[-0.04490132550669375, 0.6956083436402525]",37,71
ajit pai,"[-0.04490132550669373, 0.6956083436402525]",38,72
ajit pai,"[-0.04490132550669374, 0.6956083436402525]",39,73
ajit pai,"[-0.04490132550669374, 0.6956083436402525]",40,74
ajit pai,"[-0.04490132550669375, 0.6956083436402525]",41,75
ajit pai,"[-0.04490132550669373, 0.6956083436402525]",42,76
ajit pai,"[-0.04490132550669373, 0.6956083436402525]",43,77
ajit pai,"[-0.04490132550669373, 0.6956083436402525]",44,78
ajit pai,"[-0.04490132550669374, 0.6956083436402525]",45,79
ajit pai,"[-0.03125, 1.0]",46,80
ajit pai,"[-0.03125, 1.0]",47,81
ajit pai,"[-0.03125, 1.0]",48,82
ajit pai,"[-0.03125, 1.0]",49,83
healthcare workers,"[-0.04490132550669372, 0.6956083436402524]",83,117
healthcare workers,"[-0.044901325506693734, 0.6956083436402524]",84,118
abraham lincoln,"[0.6959705453537527, -0.03225806451612903]",83,117
abraham lincoln,"[0.6959705453537528, -0.04637388957601683]",84,118
abraham lincoln,"[0.6959705453537528, -0.04637388957601683]",85,119
abraham lincoln,"[0.6959705453537528, -0.04637388957601683]",86,120
abraham lincoln,"[0.6959705453537527, -0.04637388957601683]",87,121
abraham lincoln,"[0.6959705453537527, -0.04637388957601683]",88,122
abraham lincoln,"[0.6959705453537527, -0.04637388957601683]",89,123
abraham lincoln,"[0.6959705453537527, -0.04637388957601683]",90,124
abraham lincoln,"[0.6959705453537527, -0.046373889576016826]",91,125
abraham lincoln,"[0.6959705453537527, -0.04637388957601683]",92,126
abraham lincoln,"[0.6959705453537527, -0.04637388957601683]",93,127
abraham lincoln,"[0.6959705453537527, -0.04637388957601683]",94,128
abraham lincoln,"[0.6959705453537527, -0.04637388957601683]",95,129
abraham lincoln,"[0.6959705453537527, -0.04637388957601683]",96,130
abraham lincoln,"[0.6959705453537527, -0.04637388957601682]",97,131
abraham lincoln,"[0.5590169943749473, -0.04637388957601682]",98,132
abraham lincoln,"[0.5590169943749473, -0.05776712868787]",99,133
abraham lincoln,"[0.5590169943749473, -0.05776712868787]",100,134
abraham lincoln,"[0.5590169943749473, -0.05776712868787]",101,135
abraham lincoln,"[0.5590169943749473, -0.05776712868787]",102,136
abraham lincoln,"[0.5590169943749473, -0.05776712868787]",103,137
abraham lincoln,"[0.5590169943749473, -0.05776712868787]",104,138
abraham lincoln,"[0.5590169943749473, -0.05776712868787]",105,139
abraham lincoln,"[0.5590169943749473, -0.05776712868787]",106,140
abraham lincoln,"[0.5590169943749473, -0.05776712868787]",107,141
abraham lincoln,"[0.5590169943749473, -0.05776712868787]",108,142
abraham lincoln,"[0.5590169943749473, -0.05776712868787]",109,143
abraham lincoln,"[0.5590169943749473, -0.05776712868787]",110,144
abraham lincoln,"[0.5590169943749473, -0.05776712868787]",111,145
abraham lincoln,"[0.5590169943749473, -0.05776712868787]",112,146
abraham lincoln,"[0.6959705453537527, -0.046373889576016826]",113,147
abraham lincoln,"[0.6959705453537527, -0.046373889576016826]",114,148
abraham lincoln,"[0.6959705453537527, nan]",115,149
david cameron,"[-0.03125, 1.0]",4,38
david cameron,"[-0.03125, 1.0]",5,39
david cameron,"[-0.03125, 1.0]",6,40
david cameron,"[-0.03125, 1.0]",7,41
david cameron,"[-0.03125, 1.0]",8,42
jeremy hunt,"[-0.03125, 1.0]",132,166
jeremy hunt,"[-0.03125, 1.0]",133,167
jeremy hunt,"[-0.03125, 1.0]",134,168
larry kudlow,"[-0.03125, 1.0]",43,77
larry kudlow,"[-0.03125, 1.0]",44,78
larry kudlow,"[-0.04490132550669373, 0.6956083436402524]",45,79
larry kudlow,"[-0.04490132550669373, 0.6956083436402524]",46,80
larry kudlow,"[-0.04490132550669373, 0.6956083436402524]",47,81
larry kudlow,"[-0.04490132550669373, 0.6956083436402524]",48,82
larry kudlow,"[-0.04490132550669373, 0.6956083436402524]",49,83
larry kudlow,"[-0.04490132550669373, 0.6956083436402524]",50,84
larry kudlow,"[-0.04490132550669373, 0.6956083436402524]",51,85
larry kudlow,"[-0.04490132550669373, 0.6956083436402524]",52,86
larry kudlow,"[-0.04490132550669373, 0.6956083436402524]",53,87
larry kudlow,"[-0.04490132550669373, 0.6956083436402524]",54,88
larry kudlow,"[-0.04490132550669373, 0.6956083436402524]",55,89
larry kudlow,"[-0.04490132550669373, 0.6956083436402524]",56,90
larry kudlow,"[-0.04490132550669374, 0.6956083436402524]",57,91
larry kudlow,"[-0.04490132550669373, 0.6956083436402524]",58,92
larry kudlow,"[-0.04490132550669374, 0.6956083436402525]",59,93
larry kudlow,"[-0.044901325506693734, 0.6956083436402525]",60,94
larry kudlow,"[-0.04490132550669374, 0.6956083436402525]",61,95
larry kudlow,"[-0.04490132550669372, 0.6956083436402525]",62,96
larry kudlow,"[-0.04490132550669374, 0.6956083436402525]",63,97
larry kudlow,"[-0.044901325506693734, 0.6956083436402525]",64,98
larry kudlow,"[-0.04490132550669374, 0.6956083436402525]",65,99
larry kudlow,"[-0.04490132550669372, 0.6956083436402525]",66,100
larry kudlow,"[-0.044901325506693734, 0.6956083436402525]",67,101
larry kudlow,"[-0.044901325506693734, 0.6956083436402525]",68,102
larry kudlow,"[-0.044901325506693734, 0.6956083436402525]",69,103
larry kudlow,"[-0.044901325506693734, 0.6956083436402525]",70,104
larry kudlow,"[-0.044901325506693734, 0.6956083436402525]",71,105
larry kudlow,"[-0.044901325506693734, 0.6956083436402525]",72,106
larry kudlow,"[-0.044901325506693734, 0.6956083436402525]",73,107
larry kudlow,"[-0.044901325506693734, 0.6956083436402525]",74,108
