joe biden,"[0.5667557862184746, 0.7005289007176938]",48,105
joe biden,"[0.5667557862184746, 0.5665577237325317]",49,106
ted cruz,"[0.48095963312228734, 0.5084922620016945]",1,58
ted cruz,"[0.31277392963869477, 0.5612296281466874]",2,59
ted cruz,"[0.3357747334096865, 0.5969493780231033]",3,60
ted cruz,"[0.43239294817082535, 0.7576883224381539]",4,61
ted cruz,"[0.6831300510639727, nan]",5,62
vladimir putin,"[0.48148148148148145, 0.7005289007176939]",76,133
pope francis,"[0.5667557862184743, -0.03268602252303067]",76,133
pope francis,"[0.5667557862184743, -0.03268602252303066]",77,134
pope francis,"[0.5667557862184742, -0.03268602252303066]",78,135
pope francis,"[0.5667557862184742, -0.032686022523030656]",79,136
pope francis,"[0.5667557862184743, -0.032686022523030656]",80,137
pope francis,"[0.5667557862184743, -0.032686022523030656]",81,138
pope francis,"[0.5667557862184743, -0.032686022523030656]",82,139
pope francis,"[0.5667557862184743, -0.032686022523030656]",83,140
pope francis,"[0.7006490497453702, -0.026435052857271473]",84,141
pope francis,"[0.7006490497453702, -0.026435052857271473]",85,142
pope francis,"[0.7006490497453702, -0.026435052857271473]",86,143
pope francis,"[0.7006490497453702, -0.02643505285727147]",87,144
pope francis,"[0.8089010988089465, -0.03773584905660375]",88,145
pope francis,"[0.8089010988089465, -0.046659063586875195]",89,146
pope francis,"[0.8089010988089465, -0.046659063586875195]",90,147
pope francis,"[0.8089010988089465, -0.046659063586875195]",91,148
pope francis,"[0.8089010988089465, -0.04665906358687519]",92,149
pope francis,"[0.8089010988089465, -0.046659063586875195]",93,150
pope francis,"[0.8089010988089465, -0.046659063586875195]",94,151
pope francis,"[0.8089010988089465, -0.046659063586875195]",95,152
pope francis,"[0.8089010988089465, -0.046659063586875195]",96,153
pope francis,"[0.6938886664887108, -0.046659063586875195]",97,154
pope francis,"[0.6938886664887108, -0.054402889958273914]",98,155
pope francis,"[0.5498823377682294, -0.06726727939963126]",99,156
pope francis,"[0.5498823377682294, -0.06726727939963124]",100,157
pope francis,"[0.5498823377682294, -0.06726727939963126]",101,158
hillary clinton,"[0.5070724870494423, 0.3196169785048591]",18,75
hillary clinton,"[0.5952291104443194, -0.032686022523030656]",19,76
lionel messi,"[0.5750701330954211, -0.057505463278529505]",16,73
lionel messi,"[0.5750701330954211, -0.05750546327852949]",17,74
lionel messi,"[0.5750701330954211, -0.057505463278529505]",18,75
lionel messi,"[0.5750701330954211, -0.0535032281254816]",19,76
lionel messi,"[0.6004529584489613, -0.05350322812548158]",20,77
lionel messi,"[0.6004529584489614, -0.049382716049382734]",21,78
lionel messi,"[0.6296673236054277, -0.04938271604938274]",22,79
lionel messi,"[0.6296673236054277, -0.04938271604938274]",23,80
lionel messi,"[0.5258849911562836, -0.05257335815637598]",24,81
lionel messi,"[0.5258849911562836, -0.04864083263441408]",25,82
lionel messi,"[0.5460139513519385, -0.04864083263441408]",26,83
lionel messi,"[0.5460139513519385, -0.04459333747271004]",27,84
lionel messi,"[0.5687222310377487, -0.0445933374727101]",28,85
lionel messi,"[0.5687222310377487, -0.04459333747271004]",29,86
lionel messi,"[0.5687222310377487, -0.04459333747271004]",30,87
lionel messi,"[0.5687222310377487, -0.04039836272875922]",31,88
lionel messi,"[0.594588390010563, -0.04039836272875922]",32,89
lionel messi,"[0.594588390010563, -0.03601412030328098]",33,90
lionel messi,"[0.6243942241245154, -0.03601412030328098]",34,91
lionel messi,"[0.6243942241245154, -0.03601412030328098]",35,92
lionel messi,"[0.6243942241245154, -0.03601412030328098]",36,93
lionel messi,"[0.6243942241245154, -0.03138514904811289]",37,94
lionel messi,"[0.6592265290668652, -0.03138514904811288]",38,95
lionel messi,"[0.6592265290668652, -0.03138514904811289]",39,96
lionel messi,"[0.6592265290668652, -0.03138514904811289]",40,97
lionel messi,"[0.6592265290668652, -0.026435052857271466]",41,98
lionel messi,"[0.7006490497453701, -0.02643505285727146]",42,99
lionel messi,"[0.7006490497453701, -0.026435052857271466]",43,100
lionel messi,"[0.7006490497453701, -0.02643505285727146]",44,101
lionel messi,"[0.7006490497453701, -0.026435052857271466]",45,102
lionel messi,"[0.70064904974537, -0.02643505285727146]",46,103
lionel messi,"[0.7006490497453701, -0.026435052857271463]",47,104
lionel messi,"[0.70064904974537, -0.026435052857271463]",48,105
lionel messi,"[0.7006490497453701, -0.026435052857271463]",49,106
lionel messi,"[0.70064904974537, -0.026435052857271463]",50,107
lionel messi,"[0.7006490497453701, -0.026435052857271463]",51,108
lionel messi,"[0.6592265290668651, -0.03138514904811287]",52,109
lionel messi,"[0.6592265290668651, -0.02503130871608792]",53,110
nigel farage,"[0.855480432027885, -0.0435988343462476]",0,57
nigel farage,"[0.855480432027885, -0.0435988343462476]",1,58
nigel farage,"[0.855480432027885, -0.0435988343462476]",2,59
nigel farage,"[0.855480432027885, -0.04359883434624759]",3,60
nigel farage,"[0.855480432027885, -0.0435988343462476]",4,61
nigel farage,"[0.8554804320278849, -0.04359883434624759]",5,62
nigel farage,"[0.8554804320278849, -0.0435988343462476]",6,63
nigel farage,"[0.8489779368175364, -0.04359883434624759]",7,64
nigel farage,"[0.8489779368175363, -0.046120788448671644]",8,65
nigel farage,"[0.8489779368175364, -0.04612078844867166]",9,66
nigel farage,"[0.8489779368175364, -0.046120788448671644]",10,67
nigel farage,"[0.8489779368175364, nan]",11,68
"none
villain: none
victim: none","[0.5196692906875584, -0.06356655075852963]",82,139
"none
villain: none
victim: none","[0.5196692906875583, -0.06356655075852964]",83,140
"none
villain: none
victim: none","[0.5196692906875583, -0.06356655075852964]",84,141
"none
villain: none
victim: none","[0.5196692906875582, -0.06356655075852964]",85,142
"none
villain: none
victim: none","[0.5196692906875582, -0.06356655075852964]",86,143
theresa may,"[-0.0994774578120377, 0.5187764635457346]",0,57
theresa may,"[-0.0994774578120377, 0.5187764635457346]",1,58
theresa may,"[-0.0994774578120377, 0.5187764635457346]",2,59
theresa may,"[-0.0994774578120377, 0.5187764635457345]",3,60
theresa may,"[-0.1050934762403179, 0.5072021036624172]",4,61
theresa may,"[-0.10509347624031792, 0.5072021036624171]",5,62
theresa may,"[-0.10509347624031792, 0.5072021036624172]",6,63
theresa may,"[-0.10509347624031797, 0.5072021036624171]",7,64
theresa may,"[-0.10509347624031792, 0.5072021036624172]",8,65
theresa may,"[-0.10509347624031797, 0.5072021036624171]",9,66
theresa may,"[-0.11069575866218206, 0.620453739777587]",11,68
theresa may,"[-0.11069575866218205, 0.5072021036624172]",13,70
theresa may,"[-0.12251277836633778, 0.5072021036624172]",14,71
bernie sanders,"[0.5667557862184746, -0.026435052857271463]",72,129
bernie sanders,"[0.5667557862184744, -0.03268602252303067]",73,130
bernie sanders,"[0.5667557862184746, -0.03268602252303067]",74,131
bernie sanders,"[0.5667557862184744, -0.03268602252303067]",75,132
bernie sanders,"[0.5667557862184744, -0.03268602252303067]",76,133
bernie sanders,"[0.5667557862184744, -0.03268602252303066]",77,134
bernie sanders,"[0.5667557862184744, -0.03268602252303066]",78,135
bernie sanders,"[0.5667557862184744, -0.032686022523030656]",79,136
bernie sanders,"[0.5667557862184743, -0.032686022523030656]",80,137
bernie sanders,"[0.5667557862184742, -0.032686022523030656]",81,138
bernie sanders,"[0.7006490497453705, -0.02643505285727147]",82,139
bernie sanders,"[0.7006490497453705, -0.026435052857271466]",83,140
bernie sanders,"[0.7006490497453705, -0.026435052857271463]",84,141
bernie sanders,"[0.7006490497453705, -0.02643505285727147]",85,142
bernie sanders,"[0.7006490497453705, -0.02643505285727147]",86,143
bernie sanders,"[0.7006490497453705, -0.02643505285727146]",87,144
bernie sanders,"[0.7006490497453705, -0.026435052857271466]",88,145
bernie sanders,"[0.7006490497453705, -0.026435052857271466]",89,146
bernie sanders,"[0.7006490497453705, -0.026435052857271466]",90,147
bernie sanders,"[0.7006490497453705, -0.026435052857271466]",91,148
bernie sanders,"[0.7006490497453705, -0.026435052857271466]",92,149
bernie sanders,"[0.7006490497453705, -0.026435052857271466]",93,150
bernie sanders,"[0.7006490497453705, -0.026435052857271466]",94,151
bernie sanders,"[0.7006490497453705, -0.026435052857271473]",95,152
bernie sanders,"[0.7006490497453702, -0.026435052857271473]",96,153
bernie sanders,"[0.7006490497453702, -0.026435052857271473]",97,154
bernie sanders,"[0.7006490497453702, -0.02643505285727147]",98,155
bernie sanders,"[0.7006490497453702, -0.026435052857271473]",99,156
bernie sanders,"[0.7006490497453702, -0.026435052857271473]",100,157
bernie sanders,"[0.7006490497453702, -0.026435052857271473]",101,158
bernie sanders,"[0.7006490497453702, -0.02643505285727147]",102,159
bernie sanders,"[0.7006490497453702, -0.026435052857271473]",103,160
bernie sanders,"[0.7006490497453702, -0.026435052857271473]",104,161
bernie sanders,"[0.7006490497453703, -0.026435052857271473]",105,162
bernie sanders,"[0.7006490497453702, -0.02643505285727147]",106,163
bernie sanders,"[0.7006490497453703, -0.026435052857271473]",107,164
bernie sanders,"[0.7006490497453702, -0.02643505285727147]",108,165
bernie sanders,"[0.7006490497453703, -0.02643505285727147]",109,166
bernie sanders,"[0.7006490497453702, -0.02643505285727147]",110,167
bernie sanders,"[0.7006490497453703, -0.02643505285727147]",111,168
greg abbott,"[-0.030151134457776358, 0.8140370303985616]",76,133
greg abbott,"[-0.03015113445777636, 0.8140370303985613]",77,134
greg abbott,"[-0.03015113445777636, 0.8140370303985615]",78,135
greg abbott,"[-0.030151134457776365, 0.8140370303985615]",79,136
greg abbott,"[-0.043033148291193535, 0.5590908891056764]",80,137
greg abbott,"[-0.050229064556576025, 0.5590908891056764]",81,138
greg abbott,"[-0.050229064556576025, 0.5119125973616261]",82,139
greg abbott,"[-0.05022906455657604, 0.5119125973616261]",83,140
greg abbott,"[-0.050229064556576025, 0.5119125973616261]",84,141
greg abbott,"[-0.05022906455657604, 0.5119125973616261]",85,142
greg abbott,"[-0.050229064556576025, 0.5119125973616261]",86,143
greg abbott,"[-0.05022906455657604, 0.5119125973616262]",87,144
greg abbott,"[-0.05022906455657604, 0.5119125973616262]",88,145
greg abbott,"[-0.05022906455657604, 0.5119125973616261]",89,146
greg abbott,"[-0.05022906455657604, 0.5119125973616261]",90,147
greg abbott,"[-0.05022906455657604, 0.5119125973616262]",91,148
greg abbott,"[-0.05022906455657604, 0.5119125973616263]",92,149
greg abbott,"[-0.05022906455657604, 0.5119125973616263]",93,150
greg abbott,"[-0.05022906455657604, 0.5119125973616263]",94,151
greg abbott,"[-0.05022906455657604, 0.5119125973616261]",95,152
greg abbott,"[-0.05022906455657604, 0.5119125973616262]",96,153
greg abbott,"[-0.056888012398857414, 0.5119125973616262]",97,154
greg abbott,"[-0.056888012398857414, 0.5119125973616262]",104,161
apple,"[-0.03739787960033831, 0.5665577237325317]",61,118
apple,"[-0.0320805162010457, 0.5665577237325317]",62,119
mike pompeo,"[-0.03208051620104573, 0.5665577237325317]",10,67
mike pompeo,"[-0.03208051620104573, 0.5665577237325317]",11,68
mike pompeo,"[-0.032080516201045725, 0.5665577237325317]",12,69
mike pompeo,"[-0.032080516201045725, 0.5665577237325317]",13,70
mike pompeo,"[-0.03208051620104571, 0.5665577237325317]",14,71
mike pompeo,"[-0.03208051620104571, 0.5665577237325315]",15,72
mike pompeo,"[-0.032080516201045704, 0.5665577237325315]",16,73
mike pompeo,"[-0.032080516201045704, 0.5665577237325315]",17,74
scott morrison,"[1.0, nan]",12,69
scott morrison,"[1.0, -0.018518518518518517]",13,70
scott morrison,"[1.0, -0.018518518518518517]",14,71
scott morrison,"[0.9999999999999999, -0.018518518518518517]",15,72
scott morrison,"[0.9999999999999997, -0.018518518518518517]",16,73
scott morrison,"[0.9999999999999996, -0.018518518518518514]",17,74
scott morrison,"[0.9999999999999996, -0.018518518518518514]",18,75
scott morrison,"[0.9999999999999996, -0.018518518518518514]",19,76
scott morrison,"[0.9999999999999994, -0.018518518518518517]",20,77
scott morrison,"[0.9999999999999994, -0.018518518518518517]",21,78
scott morrison,"[0.9999999999999994, -0.018518518518518514]",22,79
scott morrison,"[0.9999999999999994, -0.018518518518518514]",23,80
scott morrison,"[0.9999999999999994, -0.018518518518518517]",24,81
scott morrison,"[0.9999999999999994, -0.018518518518518517]",25,82
scott morrison,"[0.9999999999999994, -0.018518518518518514]",26,83
scott morrison,"[0.9999999999999994, -0.018518518518518514]",27,84
scott morrison,"[0.9999999999999994, -0.018518518518518517]",28,85
scott morrison,"[0.9999999999999994, -0.018518518518518517]",29,86
scott morrison,"[0.9999999999999994, -0.018518518518518514]",30,87
scott morrison,"[0.9999999999999994, -0.018518518518518514]",31,88
scott morrison,"[0.9999999999999994, -0.018518518518518517]",32,89
scott morrison,"[0.9999999999999994, -0.018518518518518517]",33,90
scott morrison,"[0.9999999999999994, -0.018518518518518514]",34,91
scott morrison,"[0.9999999999999994, -0.018518518518518514]",35,92
scott morrison,"[0.9999999999999991, -0.018518518518518517]",36,93
scott morrison,"[0.9999999999999991, -0.018518518518518517]",37,94
scott morrison,"[0.9999999999999991, -0.018518518518518514]",38,95
scott morrison,"[0.9999999999999991, -0.018518518518518514]",39,96
scott morrison,"[0.9999999999999991, -0.018518518518518517]",40,97
scott morrison,"[0.9999999999999991, -0.018518518518518517]",41,98
scott morrison,"[0.9999999999999991, -0.018518518518518514]",42,99
scott morrison,"[0.9999999999999991, -0.018518518518518514]",43,100
scott morrison,"[0.9999999999999991, -0.018518518518518517]",44,101
scott morrison,"[0.9999999999999991, -0.018518518518518517]",45,102
scott morrison,"[0.9999999999999991, -0.018518518518518514]",46,103
scott morrison,"[0.9999999999999991, -0.018518518518518514]",47,104
andy murray,"[0.6637465183030644, -0.0451059392599118]",21,78
andy murray,"[0.6637465183030644, -0.04510593925991181]",22,79
andy murray,"[0.6637465183030644, -0.045105939259911805]",23,80
andy murray,"[0.6637465183030645, -0.045105939259911805]",24,81
andy murray,"[0.6637465183030645, -0.045105939259911805]",25,82
andy murray,"[0.6637465183030645, -0.04510593925991181]",26,83
andy murray,"[0.6637465183030645, -0.040622223185119356]",27,84
andy murray,"[0.7041673956485341, -0.040622223185119356]",28,85
andy murray,"[0.7041673956485341, -0.040622223185119356]",29,86
andy murray,"[0.7041673956485343, -0.040622223185119356]",30,87
andy murray,"[0.7041673956485343, -0.040622223185119356]",31,88
andy murray,"[0.7041673956485343, -0.040622223185119356]",32,89
andy murray,"[0.7041673956485343, -0.03811079669833531]",33,90
james mattis,"[0.7006490497453702, -0.026435052857271466]",43,100
james mattis,"[0.7006490497453702, -0.026435052857271466]",44,101
james mattis,"[0.7006490497453702, -0.02643505285727147]",45,102
james mattis,"[0.7006490497453702, -0.026435052857271466]",46,103
james mattis,"[0.7006490497453702, -0.026435052857271466]",47,104
james mattis,"[0.7006490497453702, -0.026435052857271466]",48,105
james mattis,"[0.7006490497453702, nan]",49,106
john kerry,"[0.5667557862184743, -0.03268602252303067]",4,61
john kerry,"[0.5667557862184742, -0.026435052857271463]",5,62
john kerry,"[0.70064904974537, -0.026435052857271463]",6,63
john kerry,"[0.70064904974537, -0.01851851851851851]",7,64
john kerry,"[0.9999999999999991, -0.01851851851851851]",8,65
serena williams,"[-0.0373978796003383, 0.5665577237325317]",41,98
serena williams,"[-0.0320805162010457, 0.5665577237325317]",42,99
serena williams,"[-0.0320805162010457, 0.7005289007176934]",43,100
serena williams,"[-0.02594996480538408, 0.7005289007176932]",44,101
serena williams,"[-0.02594996480538408, 0.7005289007176934]",45,102
serena williams,"[-0.02594996480538408, 0.7005289007176932]",46,103
serena williams,"[-0.02594996480538408, 0.7005289007176932]",47,104
serena williams,"[-0.02594996480538408, 0.7005289007176932]",48,105
serena williams,"[-0.02594996480538408, 0.7005289007176934]",49,106
serena williams,"[-0.025949964805384085, 0.7005289007176932]",50,107
serena williams,"[-0.025949964805384085, 0.7005289007176932]",51,108
serena williams,"[-0.025949964805384085, 0.7005289007176932]",52,109
serena williams,"[-0.025949964805384085, 0.7005289007176934]",53,110
serena williams,"[-0.025949964805384085, 0.7005289007176932]",54,111
serena williams,"[-0.025949964805384085, 0.7005289007176932]",55,112
serena williams,"[-0.025949964805384085, 0.7005289007176932]",56,113
serena williams,"[-0.02594996480538408, 0.7005289007176934]",57,114
serena williams,"[-0.02594996480538408, 0.7005289007176932]",58,115
serena williams,"[-0.02594996480538408, 0.7005289007176932]",59,116
serena williams,"[-0.02594996480538408, 0.7005289007176932]",60,117
serena williams,"[-0.02594996480538408, 0.7005289007176934]",61,118
serena williams,"[-0.02594996480538408, 0.7005289007176932]",62,119
serena williams,"[-0.02594996480538408, 0.7005289007176932]",63,120
serena williams,"[-0.02594996480538408, 0.7005289007176932]",64,121
novak djokovic,"[0.5667557862184746, nan]",56,113
novak djokovic,"[0.5667557862184744, -0.032686022523030676]",57,114
novak djokovic,"[0.5667557862184746, -0.03268602252303067]",58,115
novak djokovic,"[0.5667557862184744, -0.032686022523030676]",59,116
novak djokovic,"[0.5667557862184744, -0.03268602252303067]",60,117
novak djokovic,"[0.5667557862184744, -0.03268602252303067]",61,118
novak djokovic,"[0.5667557862184744, -0.03268602252303066]",62,119
novak djokovic,"[0.5667557862184744, -0.026435052857271466]",63,120
novak djokovic,"[0.7006490497453703, -0.026435052857271466]",68,125
novak djokovic,"[0.7006490497453705, -0.026435052857271466]",69,126
novak djokovic,"[0.7006490497453703, -0.026435052857271466]",70,127
novak djokovic,"[0.7006490497453705, -0.026435052857271463]",71,128
novak djokovic,"[0.7006490497453705, -0.026435052857271463]",72,129
novak djokovic,"[0.7006490497453705, -0.026435052857271466]",73,130
novak djokovic,"[0.7006490497453705, -0.026435052857271466]",74,131
novak djokovic,"[0.7006490497453705, -0.026435052857271463]",75,132
novak djokovic,"[0.7006490497453705, -0.02643505285727146]",76,133
novak djokovic,"[0.7006490497453705, -0.026435052857271466]",77,134
novak djokovic,"[0.7006490497453705, -0.026435052857271466]",78,135
novak djokovic,"[0.7006490497453705, -0.026435052857271466]",79,136
novak djokovic,"[0.7006490497453702, -0.026435052857271473]",80,137
novak djokovic,"[0.7006490497453702, -0.026435052857271473]",81,138
novak djokovic,"[0.7006490497453702, -0.02643505285727147]",82,139
novak djokovic,"[0.7006490497453702, -0.026435052857271473]",83,140
novak djokovic,"[0.7006490497453702, -0.026435052857271473]",84,141
novak djokovic,"[0.7006490497453702, -0.026435052857271473]",85,142
novak djokovic,"[0.7006490497453702, -0.02643505285727147]",86,143
novak djokovic,"[0.7006490497453702, -0.026435052857271473]",87,144
novak djokovic,"[0.7006490497453702, -0.026435052857271473]",88,145
novak djokovic,"[0.7006490497453702, -0.026435052857271473]",89,146
novak djokovic,"[0.7006490497453702, -0.02643505285727147]",90,147
novak djokovic,"[0.7006490497453702, -0.026435052857271473]",91,148
novak djokovic,"[0.7006490497453702, -0.02643505285727147]",92,149
novak djokovic,"[0.7006490497453702, -0.02643505285727147]",93,150
novak djokovic,"[0.7006490497453702, -0.02643505285727147]",94,151
novak djokovic,"[0.7006490497453702, -0.02643505285727147]",95,152
novak djokovic,"[0.7006490497453702, -0.026435052857271466]",96,153
novak djokovic,"[0.7006490497453703, -0.026435052857271466]",97,154
novak djokovic,"[0.5667557862184743, -0.026435052857271466]",98,155
novak djokovic,"[0.5667557862184743, -0.03268602252303068]",99,156
novak djokovic,"[0.5667557862184743, -0.03268602252303068]",100,157
novak djokovic,"[0.5667557862184743, -0.032686022523030676]",101,158
novak djokovic,"[0.5667557862184743, -0.032686022523030676]",102,159
novak djokovic,"[0.5667557862184743, -0.03268602252303067]",103,160
novak djokovic,"[0.5667557862184742, -0.03268602252303067]",104,161
novak djokovic,"[0.5667557862184742, -0.03268602252303067]",105,162
novak djokovic,"[0.5667557862184742, -0.03268602252303067]",106,163
novak djokovic,"[0.5667557862184741, -0.03268602252303067]",107,164
novak djokovic,"[0.5667557862184742, -0.03268602252303067]",108,165
novak djokovic,"[0.5667557862184741, -0.03268602252303067]",109,166
novak djokovic,"[0.5667557862184742, -0.03268602252303067]",110,167
novak djokovic,"[0.5667557862184741, nan]",111,168
aaron rodgers,"[-0.0433570077271934, 0.5665577237325317]",67,124
aaron rodgers,"[-0.032080516201045725, 0.5665577237325317]",68,125
aaron rodgers,"[-0.03208051620104572, 0.5665577237325315]",69,126
aaron rodgers,"[-0.03208051620104571, 0.5665577237325317]",70,127
aaron rodgers,"[-0.03208051620104571, 0.5665577237325315]",71,128
aaron rodgers,"[-0.03739787960033829, 0.5665577237325315]",72,129
andrew cuomo,"[0.5667557862184741, -0.032686022523030656]",109,166
andrew cuomo,"[0.566755786218474, -0.032686022523030656]",110,167
andrew cuomo,"[0.5667557862184741, nan]",111,168
tiger woods,"[0.5123364584770751, -0.05119125973616263]",50,107
tiger woods,"[0.5123364584770751, -0.04385026581220989]",51,108
tiger woods,"[0.9999999999999991, -0.018518518518518514]",56,113
tiger woods,"[0.9999999999999991, -0.01851851851851851]",57,114
tiger woods,"[0.9999999999999991, -0.01851851851851851]",58,115
tiger woods,"[0.9999999999999991, -0.018518518518518514]",59,116
tiger woods,"[0.9999999999999991, -0.018518518518518514]",60,117
tiger woods,"[0.9999999999999991, -0.01851851851851851]",61,118
tiger woods,"[0.9999999999999991, -0.01851851851851851]",62,119
tiger woods,"[0.9999999999999991, -0.018518518518518514]",63,120
tiger woods,"[0.9999999999999989, -0.018518518518518514]",64,121
tiger woods,"[0.9999999999999989, -0.01851851851851851]",65,122
tiger woods,"[0.9999999999999989, -0.01851851851851851]",66,123
tiger woods,"[0.9999999999999989, -0.018518518518518514]",67,124
tiger woods,"[0.9999999999999989, -0.018518518518518514]",68,125
tiger woods,"[0.9999999999999989, -0.01851851851851851]",69,126
tiger woods,"[0.9999999999999989, -0.01851851851851851]",70,127
tiger woods,"[0.9999999999999989, nan]",71,128
john kelly,"[0.70064904974537, -0.026435052857271466]",39,96
john kelly,"[0.70064904974537, -0.026435052857271466]",40,97
john kelly,"[0.70064904974537, -0.026435052857271466]",41,98
john kelly,"[0.70064904974537, -0.026435052857271466]",42,99
john kelly,"[0.70064904974537, -0.026435052857271466]",43,100
john kelly,"[0.70064904974537, -0.026435052857271466]",44,101
john kelly,"[0.70064904974537, -0.026435052857271466]",45,102
john kelly,"[0.70064904974537, -0.026435052857271466]",46,103
john kelly,"[0.70064904974537, -0.026435052857271466]",47,104
john kelly,"[0.70064904974537, -0.026435052857271466]",48,105
john kelly,"[0.70064904974537, nan]",49,106
twitter,"[-0.0259499648053841, 0.7005289007176938]",99,156
twitter,"[-0.0259499648053841, 0.7005289007176937]",100,157
twitter,"[-0.0259499648053841, 0.7005289007176937]",101,158
twitter,"[-0.025949964805384095, 0.7005289007176937]",102,159
twitter,"[-0.02594996480538409, 0.7005289007176936]",103,160
twitter,"[-0.02594996480538409, 0.7005289007176935]",104,161
twitter,"[-0.02594996480538409, 0.7005289007176935]",105,162
twitter,"[-0.025949964805384085, 0.7005289007176935]",106,163
twitter,"[-0.02594996480538408, 0.7005289007176935]",107,164
twitter,"[-0.025949964805384085, 0.7005289007176935]",108,165
twitter,"[-0.025949964805384085, 0.7005289007176934]",109,166
twitter,"[-0.025949964805384085, 0.7005289007176934]",110,167
twitter,"[-0.025949964805384085, 0.7005289007176935]",111,168
tara reade,"[0.9804490857413831, 0.9999999999999999]",48,105
tara reade,"[0.9624078112361291, 0.1785943902099506]",49,106
tara reade,"[0.9624078112361291, 0.17237216543542866]",50,107
tara reade,"[0.9624078112361291, 0.17237216543542866]",51,108
tara reade,"[0.962407811236129, 0.17237216543542863]",52,109
tara reade,"[0.962407811236129, 0.1723721654354286]",53,110
tara reade,"[0.962407811236129, 0.1723721654354286]",54,111
tara reade,"[0.9457223248223079, 0.17237216543542863]",55,112
tara reade,"[0.9457223248223078, 0.16647836396653834]",56,113
tara reade,"[0.9457223248223078, 0.16647836396653837]",57,114
tara reade,"[0.9457223248223078, 0.16647836396653834]",58,115
tara reade,"[0.9457223248223078, 0.16647836396653834]",59,116
tara reade,"[0.9457223248223078, 0.16647836396653834]",60,117
tara reade,"[0.9457223248223078, 0.16647836396653834]",61,118
tara reade,"[0.9457223248223078, 0.16647836396653834]",62,119
tara reade,"[0.9457223248223077, 0.16647836396653837]",63,120
tara reade,"[0.9457223248223077, 0.16647836396653837]",64,121
tara reade,"[0.9457223248223077, 0.16647836396653837]",65,122
tara reade,"[0.9457223248223077, 0.16647836396653837]",66,123
tara reade,"[0.9457223248223077, 0.16647836396653837]",67,124
tara reade,"[0.9457223248223079, 0.16647836396653837]",68,125
tara reade,"[0.9457223248223079, 0.16647836396653837]",69,126
tara reade,"[0.9457223248223079, 0.16647836396653837]",70,127
tara reade,"[0.9457223248223079, 0.16647836396653837]",71,128
tara reade,"[0.9457223248223077, 0.16647836396653837]",72,129
tara reade,"[0.9457223248223077, 0.16647836396653837]",73,130
tara reade,"[0.9457223248223077, 0.1664783639665384]",74,131
tara reade,"[0.9457223248223077, 0.16647836396653837]",75,132
tara reade,"[0.9457223248223077, 0.16647836396653837]",76,133
tara reade,"[0.9457223248223077, 0.16647836396653837]",77,134
tara reade,"[0.9457223248223077, 0.16647836396653837]",78,135
tara reade,"[0.8850794148547424, 0.16647836396653837]",79,136
tara reade,"[0.8850794148547425, 0.150300903010538]",80,137
tara reade,"[0.8850794148547424, 0.150300903010538]",81,138
tara reade,"[0.8850794148547424, 0.15030090301053797]",82,139
tara reade,"[0.8850794148547424, 0.150300903010538]",83,140
tara reade,"[0.8850794148547425, 0.15030090301053797]",84,141
tara reade,"[0.8850794148547424, 0.15030090301053797]",85,142
tara reade,"[0.8850794148547424, 0.15030090301053797]",86,143
tara reade,"[0.8850794148547424, 0.150300903010538]",87,144
tara reade,"[0.8850794148547426, 0.15030090301053797]",88,145
tara reade,"[0.8850794148547425, 0.15030090301053797]",89,146
tara reade,"[0.8850794148547425, 0.15030090301053797]",90,147
tara reade,"[0.8850794148547425, 0.150300903010538]",91,148
tara reade,"[0.8850794148547426, 0.15030090301053797]",92,149
tara reade,"[0.8850794148547425, 0.15030090301053797]",93,150
tara reade,"[0.8850794148547425, 0.15030090301053797]",94,151
tara reade,"[0.8850794148547425, 0.150300903010538]",95,152
tara reade,"[0.8850794148547425, 0.15030090301053797]",96,153
tara reade,"[0.8850794148547424, 0.15030090301053797]",97,154
tara reade,"[0.8850794148547424, 0.15030090301053797]",98,155
tara reade,"[0.8850794148547424, 0.150300903010538]",99,156
tara reade,"[0.8850794148547425, 0.15030090301053795]",100,157
tara reade,"[0.8850794148547424, 0.15030090301053795]",101,158
tara reade,"[0.8850794148547424, 0.15030090301053795]",102,159
tara reade,"[0.8982328771346004, nan]",103,160
nikki haley,"[-0.02594996480538407, 0.7005289007176931]",40,97
nikki haley,"[-0.02594996480538407, 0.7005289007176931]",41,98
nikki haley,"[-0.02594996480538407, 0.7005289007176931]",42,99
nikki haley,"[-0.02594996480538407, 0.7005289007176932]",43,100
nikki haley,"[-0.02594996480538407, 0.7005289007176931]",44,101
nikki haley,"[-0.02594996480538407, 0.7005289007176931]",45,102
nikki haley,"[-0.02594996480538407, 0.7005289007176931]",46,103
cory booker,"[0.7006490497453707, -0.018518518518518514]",18,75
cory booker,"[0.7006490497453706, -0.02643505285727147]",19,76
cory booker,"[0.7006490497453706, -0.02643505285727147]",20,77
cory booker,"[0.7006490497453706, -0.026435052857271463]",21,78
cory booker,"[0.7006490497453705, -0.02643505285727147]",22,79
god,"[-0.018181818181818184, 0.9999999999999999]",76,133
god,"[-0.018181818181818184, 0.9999999999999998]",77,134
god,"[-0.018181818181818184, 0.9999999999999998]",78,135
god,"[-0.01818181818181818, 0.9999999999999998]",79,136
god,"[-0.01818181818181818, 0.9999999999999997]",80,137
god,"[-0.01818181818181818, 0.9999999999999994]",81,138
god,"[-0.018181818181818177, 0.9999999999999994]",82,139
god,"[-0.018181818181818177, 0.9999999999999996]",83,140
god,"[-0.018181818181818174, 0.9999999999999996]",84,141
god,"[-0.018181818181818174, 0.9999999999999996]",85,142
god,"[-0.018181818181818174, 0.9999999999999993]",86,143
god,"[-0.018181818181818174, 0.9999999999999996]",87,144
god,"[-0.018181818181818174, 0.9999999999999996]",88,145
god,"[-0.018181818181818174, 0.9999999999999996]",89,146
god,"[-0.018181818181818174, 0.9999999999999993]",90,147
god,"[-0.018181818181818174, 0.9999999999999996]",91,148
god,"[-0.01818181818181817, 0.9999999999999996]",92,149
god,"[-0.01818181818181817, 0.9999999999999996]",93,150
god,"[-0.01818181818181817, 0.9999999999999993]",94,151
god,"[-0.01818181818181817, 0.9999999999999996]",95,152
god,"[-0.01818181818181817, 0.9999999999999996]",96,153
god,"[-0.01818181818181817, 0.9999999999999996]",97,154
god,"[-0.01818181818181817, 0.9999999999999993]",98,155
god,"[-0.018181818181818174, 0.9999999999999996]",99,156
god,"[-0.018181818181818174, 0.9999999999999996]",100,157
god,"[-0.018181818181818174, 0.9999999999999996]",101,158
god,"[-0.018181818181818174, 0.9999999999999993]",102,159
god,"[-0.018181818181818174, 0.9999999999999996]",103,160
god,"[-0.018181818181818174, 0.9999999999999996]",104,161
god,"[-0.018181818181818174, 0.9999999999999996]",105,162
god,"[-0.02594996480538409, 0.9999999999999993]",106,163
god,"[-0.02594996480538409, 0.7005289007176934]",107,164
god,"[-0.025949964805384088, 0.7005289007176934]",108,165
god,"[-0.032080516201045725, 0.7005289007176934]",109,166
god,"[-0.032080516201045725, 0.5665577237325318]",110,167
god,"[-0.03208051620104572, 0.5665577237325318]",111,168
jair bolsonaro,"[0.7006490497453702, -0.018518518518518514]",77,134
harry kane,"[0.5667557862184743, -0.03268602252303067]",33,90
harry kane,"[0.5667557862184743, -0.03268602252303067]",34,91
harry kane,"[0.5667557862184743, -0.032686022523030656]",35,92
harry kane,"[0.5667557862184743, -0.032686022523030656]",36,93
harry kane,"[0.5667557862184743, -0.032686022523030656]",37,94
harry kane,"[0.5667557862184743, -0.032686022523030656]",38,95
harry kane,"[0.5667557862184743, -0.03268602252303067]",39,96
harry kane,"[0.5667557862184744, -0.03268602252303067]",40,97
harry kane,"[0.5667557862184743, -0.03268602252303067]",41,98
harry kane,"[0.5667557862184744, -0.03268602252303067]",42,99
harry kane,"[0.5667557862184743, -0.026435052857271463]",43,100
harry kane,"[0.7006490497453702, -0.026435052857271466]",44,101
harry kane,"[0.7006490497453703, -0.026435052857271463]",45,102
harry kane,"[0.7006490497453702, -0.026435052857271463]",46,103
harry kane,"[0.7006490497453703, -0.018518518518518514]",47,104
loretta lynch,"[-0.03622278249781184, 0.5431292975694859]",0,57
loretta lynch,"[-0.03208051620104569, 0.5665577237325317]",1,58
loretta lynch,"[-0.03208051620104569, 0.5665577237325317]",2,59
iran,"[-0.0373978796003383, 0.5665577237325317]",17,74
iran,"[-0.0320805162010457, 0.5665577237325317]",18,75
iran,"[-0.0320805162010457, 0.5665577237325317]",19,76
iran,"[-0.0320805162010457, 0.5665577237325317]",20,77
iran,"[-0.0320805162010457, 0.5665577237325317]",21,78
iran,"[-0.0320805162010457, 0.5665577237325317]",22,79
iran,"[-0.0320805162010457, 0.5665577237325317]",23,80
iran,"[-0.0320805162010457, 0.5665577237325317]",24,81
iran,"[-0.0320805162010457, 0.7005289007176931]",25,82
iran,"[-0.025949964805384078, 0.7005289007176931]",26,83
iran,"[-0.037037037037037014, 0.7005289007176932]",27,84
iran,"[-0.04578685464956301, 0.5665577237325318]",33,90
iran,"[-0.032080516201045704, 0.5665577237325317]",34,91
iran,"[-0.0320805162010457, 0.5665577237325318]",35,92
iran,"[-0.0320805162010457, 0.5665577237325317]",36,93
iran,"[-0.0320805162010457, 0.5665577237325317]",37,94
iran,"[-0.0320805162010457, 0.5665577237325317]",38,95
william barr,"[-0.025949964805384102, 0.7005289007176938]",24,81
william barr,"[-0.035071531191594715, 0.7005289007176937]",25,82
george clooney,"[0.566755786218474, -0.03268602252303066]",2,59
george clooney,"[0.5667557862184741, -0.03268602252303066]",3,60
george clooney,"[0.5667557862184741, -0.03268602252303066]",4,61
george clooney,"[0.566755786218474, -0.03268602252303066]",5,62
george clooney,"[0.566755786218474, nan]",6,63
congress,"[0.7006490497453707, -0.018518518518518517]",14,71
congress,"[0.7006490497453706, -0.02643505285727147]",15,72
congress,"[0.7006490497453706, -0.02643505285727147]",16,73
congress,"[0.7006490497453706, -0.02643505285727147]",17,74
congress,"[0.5667557862184744, -0.02643505285727147]",18,75
congress,"[0.5667557862184744, -0.032686022523030676]",19,76
congress,"[0.5667557862184744, -0.03268602252303067]",20,77
congress,"[0.5667557862184744, -0.03268602252303067]",21,78
congress,"[0.5667557862184744, -0.03268602252303067]",22,79
congress,"[0.5667557862184744, -0.03268602252303067]",23,80
congress,"[0.5667557862184744, -0.03268602252303066]",24,81
congress,"[0.5667557862184744, -0.03268602252303066]",25,82
congress,"[0.5667557862184744, -0.032686022523030656]",26,83
congress,"[0.5667557862184743, -0.032686022523030656]",27,84
congress,"[0.5667557862184744, -0.032686022523030656]",28,85
congress,"[0.5667557862184743, -0.03268602252303066]",29,86
congress,"[0.5667557862184743, -0.03268602252303066]",30,87
congress,"[0.5667557862184743, -0.03268602252303066]",31,88
congress,"[0.5667557862184743, -0.032686022523030656]",32,89
congress,"[0.5667557862184743, -0.03268602252303066]",33,90
congress,"[0.5667557862184743, -0.03268602252303067]",34,91
congress,"[0.5667557862184742, -0.03268602252303067]",35,92
congress,"[0.5667557862184743, -0.032686022523030656]",36,93
congress,"[0.5667557862184742, -0.032686022523030656]",37,94
congress,"[0.5667557862184743, -0.032686022523030656]",38,95
congress,"[0.5667557862184743, -0.032686022523030656]",39,96
congress,"[0.5667557862184743, -0.032686022523030656]",40,97
congress,"[0.5667557862184743, -0.032686022523030656]",41,98
congress,"[0.5667557862184744, -0.032686022523030656]",42,99
congress,"[0.5667557862184743, -0.032686022523030656]",43,100
congress,"[0.5667557862184744, -0.032686022523030656]",44,101
congress,"[0.5667557862184743, -0.032686022523030656]",45,102
congress,"[0.5667557862184744, -0.032686022523030656]",46,103
congress,"[0.5667557862184744, -0.032686022523030656]",47,104
congress,"[0.7006490497453702, -0.02643505285727147]",48,105
congress,"[0.7006490497453702, -0.026435052857271473]",49,106
congress,"[0.7006490497453702, -0.026435052857271466]",50,107
congress,"[0.7006490497453703, -0.026435052857271466]",51,108
congress,"[0.7006490497453702, -0.026435052857271466]",52,109
congress,"[0.7006490497453703, -0.026435052857271466]",53,110
congress,"[0.7006490497453702, -0.026435052857271466]",54,111
congress,"[0.7006490497453703, -0.026435052857271466]",55,112
congress,"[0.7006490497453702, -0.026435052857271466]",56,113
congress,"[0.7006490497453703, -0.02643505285727147]",57,114
congress,"[0.7006490497453702, -0.02643505285727146]",58,115
congress,"[0.7006490497453703, -0.02643505285727146]",59,116
congress,"[0.7006490497453702, -0.02643505285727146]",60,117
congress,"[0.7006490497453703, -0.026435052857271463]",61,118
congress,"[0.7006490497453703, -0.026435052857271463]",62,119
congress,"[0.5667557862184742, -0.026435052857271463]",63,120
congress,"[0.5667557862184742, -0.03268602252303069]",64,121
congress,"[0.5667557862184742, -0.032686022523030676]",65,122
congress,"[0.5667557862184742, -0.03268602252303068]",66,123
congress,"[0.5667557862184742, -0.03268602252303068]",67,124
congress,"[0.5667557862184742, -0.032686022523030676]",68,125
congress,"[0.5667557862184742, nan]",69,126
bill de blasio,"[0.5667557862184746, -0.026435052857271466]",60,117
bill de blasio,"[0.5667557862184746, -0.032686022523030676]",61,118
bill de blasio,"[0.5667557862184746, -0.03268602252303067]",62,119
bill de blasio,"[0.5667557862184744, -0.03268602252303067]",63,120
bill de blasio,"[0.5667557862184744, -0.03268602252303067]",64,121
bill de blasio,"[0.5667557862184744, -0.03268602252303066]",65,122
bill de blasio,"[0.5667557862184744, -0.03268602252303066]",66,123
bill de blasio,"[0.5667557862184744, -0.032686022523030656]",67,124
bill de blasio,"[0.5667557862184743, -0.032686022523030656]",68,125
bill de blasio,"[0.5667557862184743, -0.03268602252303066]",104,161
bill de blasio,"[0.5667557862184743, -0.03268602252303066]",105,162
bill de blasio,"[0.5667557862184743, -0.03268602252303066]",106,163
bill de blasio,"[0.5667557862184742, -0.03268602252303066]",107,164
bill de blasio,"[0.5667557862184742, -0.03268602252303066]",108,165
bill de blasio,"[0.5667557862184742, -0.03268602252303066]",109,166
bill de blasio,"[0.70064904974537, -0.026435052857271466]",110,167
bill de blasio,"[0.70064904974537, -0.026435052857271466]",111,168
kim jong un,"[1.0, nan]",16,73
kim jong un,"[1.0, -0.018518518518518517]",17,74
kim jong un,"[1.0, -0.018518518518518517]",18,75
kim jong un,"[0.9999999999999999, -0.018518518518518517]",19,76
kim jong un,"[0.7006490497453706, -0.02643505285727147]",20,77
kim jong un,"[0.7006490497453706, -0.02643505285727147]",21,78
kim jong un,"[0.7006490497453705, -0.026435052857271463]",22,79
kim jong un,"[0.7006490497453705, -0.026435052857271463]",23,80
kim jong un,"[0.7006490497453703, -0.02643505285727147]",24,81
kim jong un,"[0.7006490497453705, -0.026435052857271466]",25,82
kim jong un,"[0.7006490497453703, -0.026435052857271466]",26,83
kim jong un,"[0.7006490497453705, -0.026435052857271466]",27,84
kim jong un,"[0.7006490497453705, -0.02643505285727147]",28,85
kim jong un,"[0.7006490497453705, -0.02643505285727147]",29,86
kim jong un,"[0.7006490497453705, -0.026435052857271466]",30,87
kim jong un,"[0.7006490497453705, -0.026435052857271463]",31,88
kim jong un,"[0.7006490497453705, -0.026435052857271466]",32,89
kim jong un,"[0.7006490497453705, -0.026435052857271466]",33,90
kim jong un,"[0.7006490497453705, -0.02643505285727146]",34,91
kim jong un,"[0.7006490497453705, -0.02643505285727146]",35,92
kim jong un,"[0.7006490497453705, -0.026435052857271463]",36,93
kim jong un,"[0.7006490497453705, -0.026435052857271463]",37,94
kim jong un,"[0.7006490497453705, -0.02643505285727146]",38,95
kim jong un,"[0.7006490497453705, -0.026435052857271466]",39,96
kim jong un,"[0.7006490497453702, -0.026435052857271473]",40,97
kim jong un,"[0.7006490497453702, -0.026435052857271473]",41,98
kim jong un,"[0.7006490497453702, -0.026435052857271473]",42,99
kim jong un,"[0.7006490497453702, -0.026435052857271466]",43,100
kim jong un,"[0.7006490497453702, -0.026435052857271473]",44,101
kim jong un,"[0.7006490497453702, -0.026435052857271473]",45,102
kim jong un,"[0.7006490497453702, -0.02643505285727147]",46,103
kim jong un,"[0.7006490497453702, -0.02643505285727147]",47,104
kim jong un,"[0.7006490497453702, -0.026435052857271473]",48,105
kim jong un,"[0.7006490497453702, -0.026435052857271473]",49,106
kim jong un,"[0.7006490497453702, -0.026435052857271473]",50,107
kim jong un,"[0.7006490497453702, -0.026435052857271466]",51,108
kim jong un,"[0.7006490497453702, -0.02643505285727147]",52,109
kim jong un,"[0.7006490497453703, -0.026435052857271466]",53,110
kim jong un,"[0.7006490497453702, -0.026435052857271466]",54,111
kim jong un,"[0.7006490497453703, -0.02643505285727147]",55,112
kim jong un,"[0.7006490497453702, -0.02643505285727147]",56,113
kim jong un,"[0.7006490497453703, -0.026435052857271466]",57,114
kim jong un,"[0.7006490497453702, -0.026435052857271466]",58,115
kim jong un,"[0.7006490497453703, -0.02643505285727146]",59,116
kim jong un,"[0.7006490497453702, -0.026435052857271463]",60,117
kim jong un,"[0.7006490497453703, -0.02643505285727146]",61,118
kim jong un,"[0.7006490497453702, -0.02643505285727146]",62,119
kim jong un,"[0.7006490497453703, -0.026435052857271463]",63,120
kim jong un,"[0.7006490497453703, -0.026435052857271466]",64,121
kim jong un,"[0.7006490497453703, -0.026435052857271463]",65,122
kim jong un,"[0.7006490497453703, -0.026435052857271463]",66,123
kim jong un,"[0.7006490497453703, -0.02643505285727146]",67,124
kim jong un,"[0.7006490497453703, -0.026435052857271463]",68,125
kim jong un,"[0.7006490497453703, -0.02643505285727146]",69,126
kim jong un,"[0.7006490497453703, -0.02643505285727146]",70,127
kim jong un,"[0.7006490497453703, -0.018518518518518514]",71,128
maria sharapova,"[-0.037397879600338295, 0.5665577237325317]",31,88
maria sharapova,"[-0.03208051620104571, 0.5665577237325317]",32,89
maria sharapova,"[-0.0320805162010457, 0.5665577237325317]",33,90
maria sharapova,"[-0.03208051620104571, 0.5665577237325317]",34,91
maria sharapova,"[-0.0320805162010457, 0.7005289007176934]",35,92
maria sharapova,"[-0.025949964805384085, 0.7005289007176932]",36,93
maria sharapova,"[-0.025949964805384085, 0.7005289007176932]",37,94
maria sharapova,"[-0.025949964805384085, 0.7005289007176932]",38,95
cardi b,"[0.6195970510515068, -0.02503130871608794]",18,75
cardi b,"[0.6195970510515068, -0.035732014325809094]",19,76
cardi b,"[0.6195970510515068, -0.035732014325809094]",20,77
cardi b,"[0.6195970510515066, -0.0357320143258091]",21,78
cardi b,"[0.6195970510515066, -0.03573201432580909]",22,79
cardi b,"[0.6195970510515066, -0.0357320143258091]",23,80
cardi b,"[0.6195970510515066, -0.0357320143258091]",24,81
cardi b,"[0.6195970510515066, -0.0357320143258091]",25,82
cardi b,"[0.6195970510515066, -0.03573201432580911]",26,83
cardi b,"[0.6195970510515066, -0.0357320143258091]",27,84
cardi b,"[0.6195970510515066, -0.03573201432580911]",28,85
cardi b,"[0.6195970510515066, -0.0357320143258091]",29,86
cardi b,"[0.6195970510515066, -0.0357320143258091]",30,87
cardi b,"[0.6195970510515066, -0.0357320143258091]",31,88
cardi b,"[0.6195970510515066, -0.0357320143258091]",32,89
cardi b,"[0.6195970510515066, -0.0357320143258091]",33,90
cardi b,"[0.6195970510515065, -0.0357320143258091]",34,91
cardi b,"[0.6195970510515066, -0.0357320143258091]",35,92
cardi b,"[0.6195970510515065, -0.0357320143258091]",36,93
cardi b,"[0.6195970510515066, -0.0357320143258091]",37,94
cardi b,"[0.6195970510515065, -0.0357320143258091]",38,95
cardi b,"[0.6195970510515066, -0.026435052857271463]",39,96
cardi b,"[0.7006490497453703, -0.026435052857271463]",40,97
cardi b,"[0.7006490497453703, -0.02643505285727147]",41,98
cardi b,"[0.7006490497453701, -0.026435052857271473]",42,99
cardi b,"[0.7006490497453701, -0.026435052857271473]",43,100
cardi b,"[0.7006490497453701, -0.02643505285727147]",44,101
cardi b,"[0.7006490497453701, -0.02643505285727147]",45,102
cardi b,"[0.7006490497453701, -0.026435052857271473]",46,103
cardi b,"[0.7006490497453701, -0.02643505285727147]",47,104
cardi b,"[0.7006490497453701, -0.02643505285727147]",48,105
cardi b,"[0.7006490497453701, -0.02643505285727147]",49,106
cardi b,"[0.7006490497453701, -0.026435052857271473]",50,107
cardi b,"[0.7006490497453701, -0.02643505285727147]",51,108
cardi b,"[0.70064904974537, -0.026435052857271463]",52,109
cardi b,"[0.7006490497453701, -0.02643505285727147]",53,110
cardi b,"[0.70064904974537, -0.026435052857271463]",54,111
cardi b,"[0.7006490497453701, -0.026435052857271463]",55,112
cardi b,"[0.70064904974537, -0.026435052857271463]",56,113
cardi b,"[0.7006490497453701, -0.026435052857271463]",57,114
cardi b,"[0.5667557862184743, -0.026435052857271463]",58,115
cardi b,"[0.5667557862184742, -0.03268602252303068]",59,116
cardi b,"[0.5667557862184743, -0.03268602252303068]",60,117
cardi b,"[0.5667557862184742, -0.032686022523030676]",61,118
cardi b,"[0.5667557862184743, -0.032686022523030676]",62,119
cardi b,"[0.5667557862184742, -0.03268602252303067]",63,120
cardi b,"[0.5667557862184743, -0.03268602252303067]",64,121
cardi b,"[0.5667557862184742, -0.03268602252303066]",65,122
cardi b,"[0.5667557862184742, -0.03268602252303066]",66,123
cardi b,"[0.5667557862184741, -0.03268602252303066]",67,124
cardi b,"[0.7006490497453701, -0.026435052857271466]",68,125
cardi b,"[0.7006490497453701, -0.02643505285727147]",69,126
cardi b,"[0.7006490497453701, -0.026435052857271463]",70,127
cardi b,"[0.7006490497453702, -0.026435052857271463]",71,128
cardi b,"[0.7006490497453701, -0.026435052857271463]",72,129
cardi b,"[0.7006490497453702, nan]",73,130
gold,"[-0.03208051620104573, 0.5665577237325317]",62,119
gold,"[-0.032080516201045725, 0.5665577237325317]",63,120
gold,"[-0.032080516201045725, 0.5665577237325317]",64,121
gold,"[-0.03208051620104571, 0.5665577237325317]",65,122
gold,"[-0.03208051620104571, 0.5665577237325317]",66,123
gold,"[-0.03208051620104571, 0.5665577237325315]",67,124
gold,"[-0.032080516201045704, 0.5665577237325315]",68,125
gold,"[-0.0320805162010457, 0.5665577237325317]",69,126
lori lightfoot,"[1.0, nan]",50,107
lori lightfoot,"[1.0, -0.018518518518518517]",51,108
lori lightfoot,"[0.7006490497453707, -0.018518518518518517]",52,109
lori lightfoot,"[0.7006490497453707, -0.02643505285727147]",53,110
lori lightfoot,"[0.7006490497453705, -0.02643505285727147]",54,111
lori lightfoot,"[0.7006490497453706, -0.026435052857271466]",55,112
david cameron,"[0.8928130050910501, -0.02503130871608792]",0,57
david cameron,"[0.8928130050910501, -0.02503130871608792]",1,58
david cameron,"[0.8928130050910501, -0.02503130871608792]",2,59
david cameron,"[0.8928130050910501, nan]",3,60
roger stone,"[-0.0320805162010457, 0.5665577237325315]",0,57
roger stone,"[-0.032080516201045704, 0.5665577237325315]",1,58
roger stone,"[-0.02594996480538408, 0.7005289007176934]",2,59
roger stone,"[-0.02594996480538408, 0.7005289007176935]",3,60
roger stone,"[-0.02594996480538408, 0.7005289007176932]",4,61
roger stone,"[-0.025949964805384085, 0.7005289007176935]",5,62
roger stone,"[-0.025949964805384085, 0.7005289007176934]",6,63
roger stone,"[-0.018181818181818174, 0.9999999999999996]",7,64
roger stone,"[-0.018181818181818174, 0.9999999999999993]",8,65
roger stone,"[-0.018181818181818174, 0.9999999999999996]",9,66
roger stone,"[-0.01818181818181817, 0.9999999999999996]",10,67
roger stone,"[-0.01818181818181817, 0.9999999999999996]",11,68
roger stone,"[-0.01818181818181817, 0.9999999999999993]",12,69
roger stone,"[-0.01818181818181817, 0.9999999999999996]",13,70
roger stone,"[-0.01818181818181817, 0.9999999999999996]",14,71
roger stone,"[-0.01818181818181817, 0.9999999999999996]",15,72
roger stone,"[-0.01818181818181817, 0.9999999999999993]",16,73
roger stone,"[-0.018181818181818174, 0.9999999999999996]",17,74
roger stone,"[-0.018181818181818174, 0.9999999999999996]",18,75
roger stone,"[-0.018181818181818174, 0.9999999999999996]",19,76
roger stone,"[-0.018181818181818174, 0.9999999999999993]",20,77
roger stone,"[-0.018181818181818174, 0.9999999999999996]",21,78
roger stone,"[-0.018181818181818174, 0.9999999999999996]",22,79
roger stone,"[-0.018181818181818174, 0.9999999999999996]",23,80
roger stone,"[-0.018181818181818174, 0.9999999999999993]",24,81
roger stone,"[-0.018181818181818174, 0.9999999999999996]",25,82
roger stone,"[-0.018181818181818174, 0.9999999999999996]",26,83
roger stone,"[-0.018181818181818174, 0.9999999999999996]",27,84
roger stone,"[-0.018181818181818174, 0.9999999999999993]",28,85
roger stone,"[-0.018181818181818174, 0.9999999999999996]",29,86
roger stone,"[-0.018181818181818174, 0.9999999999999993]",30,87
roger stone,"[-0.018181818181818174, 0.9999999999999993]",31,88
roger stone,"[-0.018181818181818174, 0.9999999999999993]",32,89
roger stone,"[-0.018181818181818174, 0.9999999999999996]",33,90
roger stone,"[-0.01818181818181817, 0.9999999999999993]",34,91
roger stone,"[-0.01818181818181817, 0.9999999999999993]",35,92
roger stone,"[-0.01818181818181817, 0.9999999999999993]",36,93
roger stone,"[-0.01818181818181817, 0.9999999999999996]",37,94
roger stone,"[-0.01818181818181817, 0.9999999999999993]",38,95
roger stone,"[-0.01818181818181817, 0.9999999999999993]",39,96
roger stone,"[-0.01818181818181817, 0.9999999999999993]",40,97
roger stone,"[-0.018181818181818167, 0.9999999999999996]",41,98
roger stone,"[-0.01818181818181816, 0.9999999999999993]",42,99
roger stone,"[-0.01818181818181816, 0.9999999999999993]",43,100
roger stone,"[-0.01818181818181816, 0.9999999999999993]",44,101
roger stone,"[-0.01818181818181816, 0.9999999999999996]",45,102
roger stone,"[-0.01818181818181816, 0.9999999999999993]",46,103
roger stone,"[-0.01818181818181816, 0.9999999999999993]",47,104
roger stone,"[-0.01818181818181816, 0.9999999999999993]",48,105
juan guaidó,"[0.8928130050910502, nan]",22,79
juan guaidó,"[0.8928130050910502, -0.025031308716087938]",23,80
juan guaidó,"[0.8928130050910502, -0.025031308716087934]",24,81
juan guaidó,"[0.8928130050910502, -0.02503130871608794]",25,82
juan guaidó,"[0.8928130050910501, -0.025031308716087938]",26,83
juan guaidó,"[0.8928130050910502, -0.025031308716087938]",27,84
juan guaidó,"[0.8928130050910502, -0.025031308716087924]",28,85
juan guaidó,"[0.8928130050910502, -0.025031308716087927]",29,86
juan guaidó,"[0.8928130050910501, -0.02503130871608793]",30,87
juan guaidó,"[0.8928130050910501, -0.02503130871608793]",31,88
juan guaidó,"[0.8928130050910501, -0.025031308716087924]",32,89
juan guaidó,"[0.8928130050910501, -0.02503130871608792]",33,90
juan guaidó,"[0.8928130050910501, -0.025031308716087924]",34,91
juan guaidó,"[0.8928130050910501, -0.025031308716087924]",35,92
juan guaidó,"[0.8928130050910501, -0.02503130871608792]",36,93
juan guaidó,"[0.8928130050910501, -0.025031308716087917]",37,94
juan guaidó,"[0.8928130050910499, -0.025031308716087917]",38,95
juan guaidó,"[0.8928130050910501, -0.025031308716087917]",39,96
juan guaidó,"[0.8928130050910499, -0.025031308716087917]",40,97
juan guaidó,"[0.8928130050910501, -0.02503130871608792]",41,98
juan guaidó,"[0.8928130050910499, -0.025031308716087924]",42,99
juan guaidó,"[0.8928130050910501, -0.025031308716087924]",43,100
juan guaidó,"[0.8928130050910499, -0.025031308716087917]",44,101
juan guaidó,"[0.8928130050910501, -0.025031308716087913]",45,102
juan guaidó,"[0.89281300509105, -0.025031308716087917]",46,103
juan guaidó,"[0.8928130050910502, -0.025031308716087917]",47,104
juan guaidó,"[0.89281300509105, -0.025031308716087913]",48,105
juan guaidó,"[0.8928130050910502, -0.025031308716087913]",49,106
juan guaidó,"[0.8928130050910499, -0.025031308716087917]",50,107
juan guaidó,"[0.8928130050910501, -0.025031308716087917]",51,108
juan guaidó,"[0.8140806303599617, -0.030718378505606086]",52,109
juan guaidó,"[0.8140806303599617, -0.030718378505606082]",53,110
juan guaidó,"[0.8140806303599618, -0.030718378505606082]",54,111
juan guaidó,"[0.8140806303599618, -0.030718378505606082]",55,112
juan guaidó,"[0.8140806303599617, -0.030718378505606082]",56,113
juan guaidó,"[0.8140806303599618, -0.030718378505606082]",57,114
juan guaidó,"[0.8140806303599618, -0.030718378505606082]",58,115
juan guaidó,"[0.8140806303599618, -0.030718378505606082]",59,116
juan guaidó,"[0.8140806303599617, -0.030718378505606082]",60,117
juan guaidó,"[0.8140806303599618, -0.030718378505606082]",61,118
juan guaidó,"[0.8140806303599618, -0.03071837850560609]",62,119
juan guaidó,"[0.8140806303599618, -0.030718378505606082]",63,120
juan guaidó,"[0.8140806303599618, -0.030718378505606082]",64,121
juan guaidó,"[0.8140806303599618, -0.030718378505606082]",65,122
juan guaidó,"[0.8140806303599618, -0.03071837850560609]",66,123
juan guaidó,"[0.814080630359962, -0.030718378505606082]",67,124
juan guaidó,"[0.8140806303599618, -0.030718378505606082]",68,125
juan guaidó,"[0.814080630359962, -0.030718378505606082]",69,126
juan guaidó,"[0.8140806303599617, -0.03071837850560609]",70,127
juan guaidó,"[0.8140806303599619, -0.030718378505606082]",71,128
juan guaidó,"[0.8140806303599617, -0.030718378505606075]",72,129
juan guaidó,"[0.8140806303599619, -0.02503130871608792]",73,130
juan guaidó,"[0.8928130050910502, -0.025031308716087924]",74,131
juan guaidó,"[0.8928130050910502, -0.02503130871608792]",75,132
juan guaidó,"[0.8928130050910502, -0.02503130871608792]",76,133
juan guaidó,"[0.8928130050910502, -0.018518518518518514]",77,134
doctors,"[0.5667557862184746, -0.026435052857271466]",52,109
doctors,"[0.5667557862184744, -0.032686022523030676]",53,110
doctors,"[0.5667557862184746, -0.032686022523030676]",54,111
doctors,"[0.5667557862184744, -0.03268602252303067]",55,112
doctors,"[0.5667557862184744, -0.03268602252303067]",56,113
doctors,"[0.5667557862184744, -0.03268602252303066]",57,114
doctors,"[0.5667557862184744, -0.03268602252303066]",58,115
doctors,"[0.5667557862184744, -0.032686022523030656]",59,116
doctors,"[0.5667557862184743, -0.03268602252303065]",60,117
doctors,"[0.5667557862184743, -0.03268602252303065]",61,118
doctors,"[0.5667557862184743, -0.03268602252303065]",62,119
doctors,"[0.5667557862184743, -0.03268602252303065]",63,120
doctors,"[0.5667557862184743, -0.032686022523030656]",64,121
doctors,"[0.5667557862184743, -0.032686022523030656]",65,122
doctors,"[0.5667557862184743, -0.032686022523030656]",66,123
doctors,"[0.5667557862184743, -0.03268602252303066]",67,124
doctors,"[0.5667557862184742, -0.03268602252303066]",68,125
doctors,"[0.5667557862184742, -0.03268602252303066]",69,126
doctors,"[0.5667557862184742, -0.032686022523030656]",70,127
doctors,"[0.5667557862184742, -0.03268602252303066]",71,128
doctors,"[0.7006490497453705, -0.026435052857271466]",72,129
doctors,"[0.7006490497453705, -0.026435052857271466]",73,130
doctors,"[0.7006490497453705, -0.026435052857271466]",74,131
doctors,"[0.7006490497453705, -0.026435052857271473]",75,132
doctors,"[0.7006490497453702, -0.02643505285727147]",76,133
doctors,"[0.7006490497453702, -0.026435052857271473]",77,134
doctors,"[0.7006490497453702, -0.02643505285727147]",78,135
doctors,"[0.7006490497453702, -0.02643505285727147]",79,136
doctors,"[0.7006490497453702, -0.026435052857271473]",80,137
doctors,"[0.7006490497453702, -0.026435052857271473]",81,138
doctors,"[0.7006490497453702, -0.02643505285727147]",82,139
doctors,"[0.7006490497453702, -0.026435052857271473]",83,140
doctors,"[0.7006490497453702, -0.02643505285727147]",84,141
doctors,"[0.7006490497453703, -0.02643505285727147]",85,142
doctors,"[0.7006490497453702, -0.026435052857271466]",86,143
doctors,"[0.7006490497453703, -0.02643505285727147]",87,144
doctors,"[0.7006490497453702, -0.02643505285727147]",88,145
doctors,"[0.7006490497453703, -0.02643505285727147]",89,146
doctors,"[0.7006490497453702, -0.02643505285727147]",90,147
doctors,"[0.7006490497453703, -0.02643505285727147]",91,148
doctors,"[0.7006490497453702, -0.02643505285727146]",92,149
doctors,"[0.7006490497453703, -0.02643505285727146]",93,150
doctors,"[0.7006490497453702, -0.02643505285727146]",94,151
doctors,"[0.7006490497453703, -0.026435052857271463]",95,152
doctors,"[0.7006490497453703, -0.026435052857271463]",96,153
doctors,"[0.7006490497453703, -0.026435052857271463]",97,154
doctors,"[0.7006490497453703, -0.026435052857271463]",98,155
doctors,"[0.7006490497453703, -0.026435052857271466]",99,156
doctors,"[0.7006490497453703, -0.02643505285727146]",100,157
doctors,"[0.5667557862184742, -0.02643505285727146]",101,158
doctors,"[0.5667557862184742, -0.03268602252303069]",102,159
doctors,"[0.5667557862184742, -0.032686022523030676]",103,160
doctors,"[0.7006490497453701, -0.026435052857271463]",104,161
doctors,"[0.7006490497453701, -0.026435052857271466]",105,162
doctors,"[0.7006490497453701, -0.026435052857271466]",106,163
doctors,"[0.7006490497453701, nan]",107,164
pfizer,"[-0.02594996480538409, 0.7005289007176939]",64,121
pfizer,"[-0.0259499648053841, 0.7005289007176939]",65,122
pfizer,"[-0.02594996480538409, 0.7005289007176938]",66,123
pfizer,"[-0.02594996480538409, 0.7005289007176938]",67,124
pfizer,"[-0.025949964805384088, 0.7005289007176936]",68,125
pfizer,"[-0.02594996480538409, 0.7005289007176935]",69,126
pfizer,"[-0.025949964805384088, 0.7005289007176935]",70,127
pfizer,"[-0.025949964805384085, 0.7005289007176936]",71,128
pfizer,"[-0.02594996480538408, 0.7005289007176935]",72,129
pfizer,"[-0.02594996480538408, 0.7005289007176936]",73,130
pfizer,"[-0.02594996480538408, 0.7005289007176934]",74,131
pfizer,"[-0.02594996480538408, 0.7005289007176935]",75,132
pfizer,"[-0.025949964805384085, 0.7005289007176935]",76,133
pfizer,"[-0.025949964805384085, 0.7005289007176935]",77,134
pfizer,"[-0.02594996480538408, 0.7005289007176934]",78,135
pfizer,"[-0.02594996480538408, 0.7005289007176935]",79,136
pfizer,"[-0.025949964805384078, 0.7005289007176935]",80,137
pfizer,"[-0.03703703703703703, 0.7005289007176935]",81,138
ben wallace,"[0.48148148148148145, 0.7005289007176939]",108,165
