none.none,"[0.22150894977533522, 0.5125527175272102]",57,97
none.none,"[0.18643631335313296, 0.5649674107375353]",58,98
none.none,"[0.21820802841692447, 0.5591078753216965]",59,99
none.none,"[0.19753861226463018, 0.5982811132481965]",60,100
none.none,"[0.22812711641882505, 0.591734291873055]",61,101
none.none,"[0.18744549187046022, 0.6497589187621906]",62,102
none.none,"[0.19110621602997616, 0.5621002275769718]",63,103
none.none,"[0.24766998401672477, 0.561049675429217]",64,104
none.none,"[0.3373204637766077, 0.5024030971781289]",65,105
none.none,"[0.2927445354029803, 0.5120691305128675]",68,108
none.none,"[0.34215067541089195, 0.5233406600307327]",69,109
none.none,"[0.3177471303906292, 0.5414060098693082]",70,110
none.none,"[0.3483186814335059, 0.5630225272149751]",71,111
none.none,"[0.27669504043662274, 0.5923430123071827]",72,112
none.none,"[0.3283807650786583, 0.5870782113962837]",73,113
none.none,"[0.34156277303445026, 0.5942698962018335]",74,114
none.none,"[0.3458988166883795, 0.6222641700172336]",75,115
none.none,"[0.2938788865436025, 0.6592977124082467]",76,116
none.none,"[0.35889528018469846, 0.6535239126835869]",77,117
none.none,"[0.318799633133099, 0.6199779753585479]",78,118
none.none,"[0.411703874859907, 0.6429560778630677]",79,119
none.none,"[0.3881059291116886, 0.6221095680221373]",80,120
none.none,"[0.42981773577992144, 0.6189843669531587]",81,121
none.none,"[0.44721286411281475, 0.6011965004319073]",82,122
none.none,"[0.46748667159688795, 0.6189807179419387]",83,123
none.none,"[0.47496509124882197, 0.6126271337407858]",84,124
none.none,"[0.42170224584528443, 0.5590510042602553]",85,125
none.none,"[0.41537726978213213, 0.5400399649534611]",86,126
none.none,"[0.39704065022144086, 0.528139215174292]",87,127
none.none,"[0.3869117496589349, 0.5186052814375083]",88,128
none.none,"[0.3923291921131844, 0.5183607060667855]",89,129
none.donald trump,"[0.512711386271503, 0.25320643244989727]",77,117
none.donald trump,"[0.5589385394264129, 0.23848252165783415]",78,118
none.donald trump,"[0.5966584980131261, 0.23543031030143696]",79,119
none.donald trump,"[0.5589385394264129, 0.23543031030143696]",80,120
none.donald trump,"[0.5638093191134705, 0.23498730563136358]",81,121
none.donald trump,"[0.5344443841458046, 0.2663437806192009]",82,122
none.donald trump,"[0.5791516524758931, 0.2978725755924014]",83,123
none.donald trump,"[0.5897176538505549, 0.3045400739078051]",84,124
none.donald trump,"[0.585047811951059, 0.29761268384200723]",85,125
none.donald trump,"[0.585047811951059, 0.29067480663372364]",86,126
none.donald trump,"[0.5804841446086225, 0.2906748066337237]",87,127
none.donald trump,"[0.5735458020915056, 0.2826141287431924]",88,128
none.donald trump,"[0.5735458020915056, 0.2826141287431924]",89,129
none.donald trump,"[0.5238645626669838, 0.28261412874319247]",90,130
none.donald trump,"[0.5238645626669838, 0.23894314164547448]",91,131
none.donald trump,"[0.5029752905569971, 0.23678510039343104]",105,145
none.donald trump,"[0.5076013409153646, 0.2523265559694828]",106,146
none.donald trump,"[0.5357494976375043, 0.24172717295287863]",107,147
none.donald trump,"[0.5276770430246721, 0.26805835506351855]",108,148
none.donald trump,"[0.5276770430246721, 0.45503412510764074]",109,149
none.donald trump,"[0.47801903567161685, 0.5046858185855675]",110,150
none.donald trump,"[0.5325354948548309, 0.4547626951545574]",111,151
none.donald trump,"[0.5662419717620999, 0.6336836669441144]",112,152
none.donald trump,"[0.22598123163414074, 0.552497666781193]",113,153
none.donald trump,"[0.2322275973461611, 0.5378523145209408]",114,154
alex jones.global elite,"[0.637453331018049, 0.23459681414110625]",5,45
alex jones.global elite,"[0.5274858624123773, 0.1624873061750383]",6,46
alex jones.global elite,"[0.6194278701461627, 0.5321162673105779]",7,47
alex jones.global elite,"[0.6126755311563123, 0.45564958983490467]",8,48
alex jones.global elite,"[0.6064237400220641, 0.44901404260155325]",9,49
alex jones.global elite,"[0.5825568765034594, 0.4490140426015532]",10,50
alex jones.global elite,"[0.5827826064427786, 0.5016555548551622]",11,51
alex jones.global elite,"[0.4736910721982, 0.5016555548551623]",12,52
alex jones.global elite,"[0.40223488794670165, 0.5910917380436835]",13,53
alex jones.global elite,"[0.35927664755549676, 0.5910917380436835]",14,54
alex jones.global elite,"[0.2780926252727168, 0.5373497745202691]",15,55
none.joe biden,"[-0.06298626852192385, 0.5503953220024497]",41,81
none.joe biden,"[-0.06298626852192384, 0.5503953220024499]",42,82
none.joe biden,"[-0.07381732441968658, 0.5503953220024499]",43,83
none.joe biden,"[-0.08348729258252183, 0.5010362705417049]",44,84
none.joe biden,"[0.5697181227049608, 0.46303759819749446]",77,117
none.joe biden,"[0.5373250049897574, 0.2952253788403574]",78,118
none.joe biden,"[0.5465699586604955, 0.16748231102813643]",83,123
none.joe biden,"[0.5934752971259258, 0.3017082060931818]",84,124
none.joe biden,"[0.5893548491948529, 0.291708208776238]",85,125
none.joe biden,"[0.5664697702616235, 0.28629082364795183]",86,126
none.joe biden,"[0.5555784548891226, 0.2644557092719424]",87,127
none.joe biden,"[0.5502039047720259, 0.25885249637141833]",88,128
none.joe biden,"[0.5468741631131409, 0.24397531061123234]",89,129
none.joe biden,"[0.5352970676097556, 0.23002087077034128]",90,130
none.joe biden,"[0.5352970676097556, 0.2160702772198872]",91,131
none.joe biden,"[0.5239811646899468, 0.21607027721988722]",92,132
none.joe biden,"[0.5675752096129657, 0.16893971268171212]",97,137
none.joe biden,"[0.5169485410490126, 0.1355873976709547]",98,138
none.joe biden,"[0.5054947331183475, 0.10556174972267279]",99,139
none.joe biden,"[0.5082200040598183, 0.14254077958969238]",112,152
none.joe biden,"[0.5011953177085912, 0.1991403285268259]",113,153
none.joe biden,"[0.599370556051124, 0.20640175151740606]",114,154
none.joe biden,"[0.5969124095422305, 0.14996828783722604]",115,155
none.joe biden,"[0.5732158132132935, 0.20760585019675346]",116,156
none.joe biden,"[0.5853633376228012, 0.20874869919741754]",117,157
none.joe biden,"[0.5987220432774987, 0.21920939596544844]",118,158
none.joe biden,"[0.6189259305022333, 0.22716956481808648]",119,159
none.joe biden,"[0.5721863073288826, 0.27546035114567125]",120,160
none.joe biden,"[0.5546750017005864, 0.29612729162546714]",121,161
none.joe biden,"[0.5285389241380659, 0.22871484275579457]",122,162
none.joe biden,"[0.5095690285655355, 0.2209585358120254]",123,163
none.joe biden,"[0.5006503299297761, 0.2241828993483397]",124,164
none.joe biden,"[0.5282113475332625, 0.23577627452525643]",125,165
none.joe biden,"[0.5145703689644836, 0.20430629411021467]",126,166
none.joe biden,"[0.517122862365375, 0.19501879424032614]",127,167
none.joe biden,"[0.5174406680151746, 0.19992627516947012]",128,168
none.hillary clinton,"[-0.05484084971070817, 0.5615294429638708]",103,143
none.hillary clinton,"[-0.046829290579084706, 0.5615294429638708]",104,144
none.hillary clinton,"[-0.046829290579084706, 0.5615294429638708]",105,145
none.hillary clinton,"[-0.0468292905790847, 0.5615294429638706]",106,146
none.hillary clinton,"[-0.04682929057908469, 0.5615294429638706]",107,147
none.hillary clinton,"[-0.04682929057908469, 0.5615294429638708]",108,148
none.hillary clinton,"[-0.04682929057908469, 0.5615294429638708]",109,149
none.hillary clinton,"[-0.0468292905790847, 0.6974858324629156]",110,150
none.hillary clinton,"[-0.037715714320235676, 0.6974858324629156]",111,151
none.hillary clinton,"[-0.037715714320235676, 0.6974858324629157]",112,152
none.hillary clinton,"[-0.037715714320235676, 0.6974858324629157]",113,153
none.hillary clinton,"[-0.037715714320235676, 0.6974858324629156]",114,154
none.barack obama,"[0.5094076552200192, 0.045746552596877724]",7,47
none.barack obama,"[0.5232243730152627, 0.018790031830424284]",8,48
none.barack obama,"[0.5232243730152625, 0.018790031830424263]",9,49
none.barack obama,"[0.5287681053651425, 0.03315260424679182]",10,50
none.barack obama,"[0.5287681053651425, 0.047283100299439614]",11,51
none.barack obama,"[0.5333371006497446, 0.16556104660155618]",18,58
none.barack obama,"[0.5333371006497445, 0.16815393826421066]",19,59
none.barack obama,"[0.5166561721947525, 0.17761996347434542]",20,60
none.barack obama,"[0.5166561721947525, 0.17761996347434544]",21,61
none.barack obama,"[0.5382635786585478, 0.1939772863692747]",22,62
none.barack obama,"[0.5442652204605382, 0.19585475139529543]",23,63
none.barack obama,"[0.5736133349779416, -0.0639922190192221]",109,149
none.vladimir putin,"[0.6386821436269179, 0.12133265749225453]",17,57
none.vladimir putin,"[0.6070963657199926, 0.06612721888977487]",18,58
none.vladimir putin,"[0.5352000694984483, 0.06612721888977488]",19,59
none.vladimir putin,"[-0.03771571432023568, 0.6974858324629155]",68,108
none.vladimir putin,"[0.6977407149243605, -0.03874921291460644]",70,110
none.vladimir putin,"[0.6977407149243606, -0.03874921291460643]",71,111
none.vladimir putin,"[0.6977407149243606, -0.027027027027027032]",72,112
none.vladimir putin,"[0.6977407149243608, -0.03874921291460643]",73,113
none.vladimir putin,"[0.6977407149243606, -0.03874921291460643]",74,114
none.vladimir putin,"[0.6977407149243607, -0.03874921291460643]",75,115
none.vladimir putin,"[0.6977407149243607, -0.03874921291460643]",76,116
none.vladimir putin,"[0.6977407149243607, -0.038749212914606423]",77,117
none.vladimir putin,"[0.6977407149243607, -0.03874921291460641]",78,118
none.vladimir putin,"[0.6977407149243606, -0.038749212914606423]",79,119
none.vladimir putin,"[0.6977407149243607, -0.038749212914606423]",80,120
none.vladimir putin,"[0.5619514869490162, -0.038749212914606423]",81,121
none.vladimir putin,"[0.5619514869490162, -0.04813109511118894]",82,122
none.vladimir putin,"[0.6563001093605996, 0.5561016934996948]",123,163
none.vladimir putin,"[0.6248277381848681, 0.43341189109851347]",124,164
none.vladimir putin,"[0.5974120967976446, 0.4532121297669571]",125,165
none.vladimir putin,"[0.5679070191087103, 0.4532121297669572]",126,166
none.vladimir putin,"[0.5679070191087102, 0.4532121297669572]",127,167
none.vladimir putin,"[0.5408581824558186, 0.42617978564400544]",128,168
none.democratic party,"[0.5110578482164249, 0.36434280543785086]",72,112
none.democratic party,"[0.5110578482164249, 0.2604872555171264]",73,113
none.democratic party,"[0.11233070316838925, 0.5761530163971776]",75,115
none.democratic party,"[0.026257960651041468, 0.6104436988240294]",76,116
none.democratic party,"[0.11233070316838929, 0.6104436988240294]",77,117
none.democratic party,"[0.10690343988991834, 0.5761530163971776]",78,118
none.democratic party,"[0.08419082428435165, 0.6694272029750414]",79,119
none.democratic party,"[0.08419082428435164, 0.6694272029750417]",80,120
none.democratic party,"[0.08419082428435165, 0.6694272029750415]",81,121
none.democratic party,"[0.06780207815400813, 0.6694272029750415]",82,122
none.democratic party,"[0.08419082428435165, 0.6694272029750415]",83,123
none.democratic party,"[0.21404626083286546, 0.6054216536119633]",84,124
none.democratic party,"[0.21404626083286543, 0.5099615741168468]",85,125
none.democratic party,"[0.1963098301336808, 0.5099615741168468]",86,126
donald trump.none,"[0.5392051880055363, 0.08376178517206948]",20,60
donald trump.none,"[0.5621006572302719, -0.09363482587876461]",21,61
none.global elite,"[0.5619514869490163, -0.03874921291460644]",5,45
none.north korea,"[0.5619514869490164, -0.03874921291460644]",123,163
none.north korea,"[0.5619514869490164, -0.04813109511118895]",124,164
none.north korea,"[0.5619514869490164, -0.04813109511118893]",125,165
none.north korea,"[0.5619514869490162, -0.03874921291460643]",126,166
none.north korea,"[0.5619514869490163, -0.04813109511118895]",127,167
none.united states,"[0.6062735088782681, -0.08084520834544437]",69,109
none.united states,"[0.6877303054053768, -0.08084520834544437]",70,110
none.united states,"[0.6877303054053767, -0.06900655593423544]",71,111
none.united states,"[0.8053872662568289, -0.06900655593423544]",72,112
none.united states,"[0.8053872662568291, -0.055555555555555566]",73,113
none.united states,"[0.6977407149243607, -0.038749212914606423]",74,114
none.government,"[-0.06177038356824832, 0.5397505397508097]",68,108
none.government,"[-0.061770383568248315, 0.5397505397508097]",69,109
none.government,"[-0.06177038356824831, 0.5397505397508096]",70,110
none.alex jones,"[0.6977407149243606, -0.027027027027027032]",7,47
none.alex jones,"[0.5619514869490164, -0.03874921291460644]",8,48
joe biden.donald trump,"[1.0, nan]",65,105
joe biden.donald trump,"[1.0, -0.027027027027027032]",66,106
joe biden.donald trump,"[0.6977407149243606, -0.038749212914606423]",67,107
joe biden.donald trump,"[0.6977407149243607, -0.03874921291460643]",68,108
joe biden.donald trump,"[0.5619514869490163, -0.048131095111188946]",69,109
joe biden.donald trump,"[0.5038706093171352, 0.2568915451961508]",73,113
none.taliban,"[-0.03771571432023569, 0.6974858324629155]",38,78
none.taliban,"[-0.03771571432023571, 0.6974858324629154]",39,79
none.taliban,"[-0.037715714320235696, 0.6974858324629154]",40,80
none.taliban,"[-0.037715714320235696, 0.6974858324629154]",41,81
none.taliban,"[-0.03771571432023569, 0.6974858324629155]",42,82
none.taliban,"[-0.03771571432023571, 0.6974858324629156]",43,83
none.taliban,"[-0.05405405405405406, 0.6974858324629156]",44,84
none.taliban,"[-0.05405405405405405, 0.6974858324629156]",55,95
none.taliban,"[-0.03771571432023569, 0.6974858324629156]",56,96
none.taliban,"[-0.03771571432023569, 0.6974858324629156]",57,97
none.taliban,"[-0.037715714320235696, 0.6974858324629155]",58,98
none.taliban,"[-0.03771571432023568, 0.6974858324629155]",59,99
none.taliban,"[-0.03771571432023568, 0.6974858324629156]",60,100
none.taliban,"[-0.03771571432023568, 0.6974858324629156]",61,101
none.taliban,"[-0.037715714320235696, 0.6974858324629155]",62,102
none.taliban,"[-0.03771571432023568, 0.6974858324629155]",63,103
none.taliban,"[-0.03771571432023568, 0.6974858324629156]",64,104
none.taliban,"[-0.03771571432023568, 0.6974858324629156]",65,105
none.taliban,"[-0.037715714320235696, 0.6974858324629155]",66,106
vladimir putin.international criminal court,"[1.0, nan]",15,55
vladimir putin.international criminal court,"[1.0, -0.027027027027027032]",16,56
vladimir putin.international criminal court,"[1.0, -0.03665904147391029]",17,57
vladimir putin.international criminal court,"[0.9087959245914399, -0.04972375690607735]",18,58
vladimir putin.international criminal court,"[0.5510745838075211, -0.06125958186496206]",19,59
vladimir putin.international criminal court,"[0.5298410769469243, -0.06838504635563931]",20,60
none.fbi,"[0.5619514869490164, -0.03874921291460644]",120,160
none.fbi,"[0.5619514869490163, -0.04813109511118895]",121,161
none.elon musk,"[0.5619514869490164, nan]",115,155
none.elon musk,"[0.5619514869490164, -0.04813109511118896]",116,156
none.elon musk,"[0.5619514869490164, -0.04813109511118895]",117,157
none.elon musk,"[0.5285127701079139, -0.07399459573946411]",125,165
none.bill clinton,"[-0.09164428287769612, 0.6288752592419451]",11,51
none.bill clinton,"[-0.07187690837830944, 0.6288752592419451]",12,52
none.nancy pelosi,"[0.5619514869490161, -0.038749212914606423]",72,112
none.nancy pelosi,"[0.5619514869490162, -0.04813109511118894]",73,113
none.nancy pelosi,"[0.5619514869490162, -0.04813109511118893]",74,114
none.nancy pelosi,"[0.5619514869490162, -0.048131095111188925]",75,115
nancy pelosi.donald trump,"[-0.0975900072948533, 0.5355695416036629]",70,110
nancy pelosi.donald trump,"[-0.06711560552140242, 0.561529442963871]",73,113
nancy pelosi.donald trump,"[-0.046829290579084706, 0.5615294429638709]",74,114
nancy pelosi.donald trump,"[-0.0468292905790847, 0.5615294429638709]",75,115
nancy pelosi.donald trump,"[-0.04682929057908471, 0.5615294429638709]",76,116
nancy pelosi.donald trump,"[-0.054840849710708156, 0.5615294429638709]",77,117
none.new york times,"[-0.0468292905790847, 0.5615294429638712]",99,139
none.new york times,"[-0.054840849710708184, 0.5615294429638711]",100,140
none.andrew cuomo,"[0.5619514869490163, -0.03874921291460644]",73,113
none.alexandria ocasio-cortez,"[-0.03771571432023571, 0.6974858324629158]",35,75
none.alexandria ocasio-cortez,"[-0.03771571432023571, 0.6974858324629157]",36,76
none.alexandria ocasio-cortez,"[-0.0468292905790847, 0.6974858324629157]",37,77
none.alexandria ocasio-cortez,"[-0.05484084971070817, 0.561529442963871]",38,78
none.alexandria ocasio-cortez,"[0.4618208482595729, 0.6871842709362769]",39,79
none.alexandria ocasio-cortez,"[0.5019578060538683, 0.21256084204799597]",76,116
none.alexandria ocasio-cortez,"[0.5511298495668335, -0.045163875217714484]",77,117
none.alexandria ocasio-cortez,"[-0.05405405405405405, 0.6974858324629156]",126,166
none.alexandria ocasio-cortez,"[-0.03771571432023569, 0.6974858324629156]",127,167
none.alexandria ocasio-cortez,"[-0.037715714320235696, 0.6974858324629155]",128,168
none.james comey,"[0.7973446644531391, -0.04429039465181195]",13,53
none.james comey,"[0.7973446644531391, -0.04429039465181194]",14,54
none.james comey,"[0.7973446644531391, -0.04429039465181194]",15,55
none.james comey,"[0.7973446644531391, -0.044290394651811955]",16,56
none.james comey,"[0.7973446644531391, -0.04429039465181195]",17,57
none.james comey,"[0.7973446644531391, -0.04429039465181194]",18,58
none.james comey,"[0.7973446644531391, nan]",19,59
none.international criminal court,"[1.0, nan]",15,55
none.international criminal court,"[0.8920988776308872, -0.027027027027027032]",16,56
none.international criminal court,"[0.9400007408528182, 0.2803137766547396]",17,57
none.international criminal court,"[0.8897028898734674, 0.18533700985089216]",18,58
none.international criminal court,"[0.8467996819084356, 0.1652067845269884]",19,59
none.international criminal court,"[0.809695066769371, 0.14724203476646205]",20,60
none.international criminal court,"[0.7772458770601025, 0.13095238095238093]",21,61
none.international criminal court,"[0.7772458770601023, 0.11598150010653688]",22,62
none.international criminal court,"[0.7772458770601023, 0.11598150010653684]",23,63
none.international criminal court,"[0.7772458770601024, 0.11598150010653682]",24,64
none.international criminal court,"[0.7772458770601027, 0.11598150010653684]",25,65
none.international criminal court,"[0.7486099913581931, 0.11598150010653684]",26,66
none.international criminal court,"[0.7486099913581931, 0.10206207261596578]",27,67
none.international criminal court,"[0.7486099913581932, 0.10206207261596578]",28,68
none.international criminal court,"[0.7486099913581931, 0.10206207261596581]",29,69
none.international criminal court,"[0.7486099913581932, 0.10206207261596578]",30,70
none.international criminal court,"[0.748609991358193, 0.10206207261596578]",31,71
none.international criminal court,"[0.7486099913581931, 0.10206207261596578]",32,72
none.international criminal court,"[0.748609991358193, 0.10206207261596578]",33,73
none.international criminal court,"[0.7486099913581932, 0.10206207261596578]",34,74
none.international criminal court,"[0.748609991358193, 0.10206207261596578]",35,75
none.international criminal court,"[0.7486099913581932, 0.10206207261596578]",36,76
none.international criminal court,"[0.7486099913581931, 0.10206207261596581]",37,77
none.international criminal court,"[0.748609991358193, 0.10206207261596581]",38,78
none.international criminal court,"[0.748609991358193, 0.10206207261596581]",39,79
none.international criminal court,"[0.748609991358193, 0.10206207261596581]",40,80
none.international criminal court,"[0.748609991358193, 0.10206207261596581]",41,81
none.international criminal court,"[0.748609991358193, 0.10206207261596581]",42,82
none.international criminal court,"[0.748609991358193, 0.10206207261596581]",43,83
none.international criminal court,"[0.7486099913581931, 0.10206207261596581]",44,84
none.international criminal court,"[0.7486099913581931, 0.10206207261596581]",45,85
none.international criminal court,"[0.748609991358193, 0.10206207261596581]",46,86
none.international criminal court,"[0.748609991358193, 0.10206207261596581]",47,87
none.international criminal court,"[0.748609991358193, 0.10206207261596581]",48,88
none.international criminal court,"[0.748609991358193, 0.10206207261596581]",49,89
none.international criminal court,"[0.748609991358193, 0.10206207261596581]",50,90
none.international criminal court,"[0.748609991358193, 0.10206207261596581]",51,91
none.international criminal court,"[0.7486099913581931, 0.10206207261596581]",52,92
none.international criminal court,"[0.7486099913581931, 0.2214701990089165]",53,93
none.international criminal court,"[0.628922948310208, 0.27744496731262275]",54,94
none.international criminal court,"[0.662770361519545, nan]",55,95
none.kim jong-un,"[0.561951486949016, -0.04813109511118894]",44,84
none.kim jong-un,"[0.5619514869490159, -0.038749212914606423]",45,85
none.harvey weinstein,"[-0.026315789473684213, 0.9999999999999999]",5,45
none.harvey weinstein,"[-0.026315789473684213, 0.9999999999999998]",6,46
none.harvey weinstein,"[0.10236971423361436, 0.8920366758651501]",7,47
none.harvey weinstein,"[0.10236971423361436, 0.8415187013538739]",8,48
none.harvey weinstein,"[0.10236971423361435, 0.8415187013538739]",9,49
none.harvey weinstein,"[0.10236971423361432, 0.8415187013538739]",10,50
none.harvey weinstein,"[0.10236971423361434, 0.8415187013538737]",11,51
none.harvey weinstein,"[0.10236971423361435, 0.8415187013538739]",12,52
none.harvey weinstein,"[0.10236971423361435, 0.8415187013538735]",13,53
none.harvey weinstein,"[0.10236971423361428, 0.8415187013538734]",14,54
none.harvey weinstein,"[0.10236971423361431, 0.8415187013538735]",15,55
none.harvey weinstein,"[0.10236971423361431, 0.8415187013538735]",16,56
none.harvey weinstein,"[0.10236971423361431, 0.8415187013538735]",17,57
none.harvey weinstein,"[0.10236971423361425, 0.8415187013538734]",18,58
none.harvey weinstein,"[0.0875515999699491, 0.8415187013538735]",19,59
none.harvey weinstein,"[0.0875515999699491, 0.7986270957556821]",20,60
none.harvey weinstein,"[0.0875515999699491, 0.7986270957556821]",21,61
none.harvey weinstein,"[0.08755159996994914, 0.7986270957556821]",22,62
none.harvey weinstein,"[0.0875515999699491, 0.7986270957556821]",23,63
none.harvey weinstein,"[0.0875515999699491, 0.7986270957556821]",24,64
none.harvey weinstein,"[0.0875515999699491, 0.7986270957556821]",25,65
none.harvey weinstein,"[0.08755159996994913, 0.7986270957556821]",26,66
none.harvey weinstein,"[0.0875515999699491, 0.798627095755682]",27,67
none.harvey weinstein,"[0.0875515999699491, 0.798627095755682]",28,68
none.harvey weinstein,"[0.0640228011431752, 0.7206080830867483]",29,69
none.harvey weinstein,"[0.0640228011431752, 0.7206080830867483]",30,70
none.harvey weinstein,"[0.06402280114317517, 0.7206080830867483]",31,71
none.harvey weinstein,"[0.06402280114317517, 0.7206080830867483]",32,72
none.harvey weinstein,"[0.06402280114317516, 0.7206080830867483]",33,73
none.harvey weinstein,"[0.06402280114317517, 0.7206080830867483]",34,74
none.harvey weinstein,"[0.06402280114317514, 0.7206080830867483]",35,75
none.harvey weinstein,"[0.06402280114317514, 0.7206080830867483]",36,76
none.harvey weinstein,"[0.06402280114317514, 0.7206080830867483]",37,77
none.harvey weinstein,"[0.06402280114317518, 0.7206080830867483]",38,78
none.harvey weinstein,"[0.06402280114317514, 0.7206080830867483]",39,79
none.harvey weinstein,"[0.06402280114317514, 0.7206080830867483]",40,80
none.harvey weinstein,"[0.06402280114317514, 0.7206080830867483]",41,81
none.harvey weinstein,"[0.06402280114317518, 0.7206080830867483]",42,82
none.israel,"[-0.03568395510523549, 0.8920366758651505]",15,55
none.israel,"[-0.03568395510523548, 0.8920366758651503]",16,56
none.israel,"[-0.05114214254947677, 0.8920366758651502]",17,57
none.israel,"[-0.05114214254947678, 0.6131863864322429]",18,58
none.israel,"[-0.05114214254947677, 0.6131863864322429]",19,59
none.israel,"[-0.05114214254947677, 0.613186386432243]",20,60
none.israel,"[-0.05114214254947675, 0.613186386432243]",21,61
none.israel,"[-0.05114214254947676, 0.613186386432243]",22,62
none.israel,"[-0.05114214254947676, 0.613186386432243]",23,63
none.israel,"[-0.06350006350009527, 0.6131863864322431]",24,64
none.israel,"[-0.06350006350009525, 0.5615294429638709]",25,65
none.israel,"[-0.04682929057908473, 0.5615294429638709]",26,66
none.israel,"[-0.04682929057908473, 0.5615294429638709]",27,67
none.israel,"[-0.046829290579084706, 0.5615294429638709]",28,68
none.israel,"[-0.0468292905790847, 0.5615294429638709]",29,69
none.israel,"[-0.04682929057908473, 0.5615294429638709]",30,70
none.police,"[-0.0468292905790847, 0.5615294429638711]",41,81
none.police,"[-0.046829290579084706, 0.561529442963871]",42,82
none.police,"[-0.04682929057908469, 0.561529442963871]",43,83
none.police,"[-0.046829290579084706, 0.5615294429638709]",44,84
none.police,"[-0.046829290579084706, 0.5615294429638709]",45,85
none.police,"[-0.046829290579084686, 0.5615294429638709]",46,86
none.police,"[-0.0468292905790847, 0.5615294429638709]",47,87
none.police,"[-0.04682929057908472, 0.5615294429638709]",48,88
none.police,"[-0.04682929057908472, 0.5615294429638709]",49,89
none.police,"[-0.04682929057908469, 0.5615294429638709]",50,90
none.police,"[-0.03771571432023569, 0.6974858324629155]",51,91
none.police,"[-0.037715714320235696, 0.6974858324629155]",52,92
none.police,"[-0.037715714320235696, 0.6974858324629155]",53,93
none.police,"[-0.0377157143202357, 0.6974858324629155]",54,94
none.police,"[-0.03771571432023569, 0.6974858324629156]",55,95
none.police,"[-0.037715714320235696, 0.6974858324629156]",56,96
none.police,"[-0.037715714320235696, 0.6974858324629156]",57,97
none.police,"[-0.03771571432023571, 0.6974858324629156]",58,98
none.police,"[-0.02631578947368421, 0.9999999999999997]",59,99
none.police,"[-0.02631578947368421, 0.9999999999999999]",60,100
none.police,"[-0.02631578947368421, 0.9999999999999999]",61,101
none.police,"[-0.02631578947368421, 0.9999999999999997]",62,102
none.police,"[-0.02631578947368421, 0.9999999999999996]",63,103
none.police,"[-0.026315789473684216, 0.9999999999999996]",64,104
none.police,"[-0.026315789473684216, 0.9999999999999996]",65,105
none.police,"[-0.02631578947368421, 0.9999999999999993]",66,106
none.police,"[-0.03568395510523549, 0.8920366758651502]",67,107
none.police,"[-0.03568395510523548, 0.8920366758651502]",68,108
none.police,"[-0.03568395510523548, 0.8920366758651502]",69,109
none.police,"[-0.035683955105235476, 0.8920366758651502]",70,110
none.police,"[-0.035683955105235476, 0.8920366758651501]",71,111
none.police,"[-0.03568395510523547, 0.8920366758651502]",72,112
none.police,"[-0.03568395510523547, 0.8920366758651502]",73,113
none.police,"[-0.03568395510523546, 0.8920366758651501]",74,114
none.police,"[-0.04394808402890488, 0.8129497539188607]",75,115
none.police,"[-0.04394808402890488, 0.8129497539188607]",76,116
none.police,"[-0.04394808402890488, 0.8129497539188607]",77,117
none.police,"[-0.04394808402890488, 0.8129497539188607]",78,118
none.police,"[0.561951486949016, -0.04813109511118893]",114,154
none.protesters,"[-0.03771571432023569, 0.6974858324629155]",106,146
none.amazon,"[0.5619514869490161, -0.048131095111188946]",26,66
none.amazon,"[0.5619514869490161, -0.048131095111188946]",27,67
none.amazon,"[0.5619514869490162, -0.048131095111188925]",28,68
none.amazon,"[0.5619514869490162, -0.04813109511118893]",29,69
none.amazon,"[0.5619514869490162, -0.048131095111188946]",30,70
none.amazon,"[0.5619514869490162, -0.048131095111188946]",31,71
none.amazon,"[0.5619514869490162, -0.048131095111188925]",32,72
none.amazon,"[0.5619514869490161, -0.04813109511118893]",33,73
none.amazon,"[0.5619514869490161, -0.04813109511118893]",34,74
none.amazon,"[0.5619514869490161, -0.04813109511118893]",35,75
none.amazon,"[0.5619514869490161, -0.04813109511118891]",36,76
none.amazon,"[0.6977407149243606, nan]",88,128
none.amazon,"[0.6977407149243606, -0.03874921291460644]",89,129
none.amazon,"[0.6977407149243607, -0.03874921291460643]",90,130
none.amazon,"[0.6977407149243607, -0.03874921291460643]",91,131
none.amazon,"[0.6977407149243607, -0.03874921291460643]",92,132
none.amazon,"[0.6977407149243607, -0.038749212914606423]",93,133
none.amazon,"[0.6977407149243607, -0.03874921291460641]",122,162
none.amazon,"[0.6977407149243608, -0.03874921291460641]",123,163
none.amazon,"[0.6977407149243608, -0.03874921291460641]",124,164
none.amazon,"[0.6977407149243608, -0.03874921291460641]",125,165
none.amazon,"[0.6977407149243607, nan]",126,166
tom brady.none,"[-0.03771571432023569, 0.6974858324629156]",123,163
tom brady.none,"[-0.03771571432023569, 0.6974858324629156]",124,164
tom brady.none,"[-0.03771571432023569, 0.6974858324629156]",125,165
tom brady.none,"[-0.03771571432023569, 0.6974858324629156]",126,166
tom brady.none,"[-0.03771571432023569, 0.9999999999999999]",127,167
tom brady.none,"[-0.026315789473684213, 0.9999999999999997]",128,168
none.kamala harris,"[-0.026315789473684213, 0.9999999999999999]",75,115
none.kamala harris,"[-0.026315789473684213, 0.9999999999999998]",76,116
none.kamala harris,"[-0.026315789473684213, 0.9999999999999997]",77,117
none.kamala harris,"[-0.033553079968086076, 0.9999999999999997]",78,118
none.kamala harris,"[-0.03355307996808607, 0.9478533106055486]",79,119
none.kamala harris,"[-0.03355307996808606, 0.9478533106055486]",80,120
none.kamala harris,"[-0.03355307996808607, 0.9478533106055487]",81,121
none.kamala harris,"[-0.03355307996808607, 0.9478533106055488]",82,122
none.kamala harris,"[-0.03355307996808606, 0.9478533106055487]",83,123
none.kamala harris,"[-0.033553079968086055, 0.9478533106055486]",84,124
none.kamala harris,"[-0.033553079968086055, 0.9478533106055487]",85,125
none.kamala harris,"[-0.033553079968086055, 0.9478533106055488]",86,126
none.kamala harris,"[-0.033553079968086055, 0.9478533106055488]",87,127
none.kamala harris,"[-0.03355307996808604, 0.9478533106055486]",88,128
none.kamala harris,"[-0.033553079968086055, 0.9478533106055486]",89,129
none.kamala harris,"[-0.033553079968086055, 0.9478533106055487]",90,130
none.kamala harris,"[-0.033553079968086055, 0.9478533106055487]",91,131
none.kamala harris,"[-0.03355307996808604, 0.9478533106055484]",92,132
none.kamala harris,"[-0.04035408676845632, 0.9478533106055486]",93,133
none.kamala harris,"[-0.04035408676845632, 0.9039186785183284]",94,134
none.kamala harris,"[-0.04035408676845632, 0.9039186785183284]",95,135
none.kamala harris,"[-0.040354086768456324, 0.9039186785183284]",96,136
none.kamala harris,"[-0.04035408676845632, 0.9039186785183283]",97,137
none.kamala harris,"[-0.040354086768456324, 0.9039186785183283]",98,138
none.kamala harris,"[-0.040354086768456324, 0.9039186785183283]",99,139
none.kamala harris,"[-0.04035408676845633, 0.9039186785183285]",100,140
none.kamala harris,"[-0.04035408676845632, 0.9039186785183284]",101,141
none.kamala harris,"[-0.040354086768456324, 0.9039186785183285]",102,142
none.kamala harris,"[-0.040354086768456324, 0.9039186785183284]",103,143
none.kamala harris,"[-0.04035408676845633, 0.9039186785183285]",104,144
none.kamala harris,"[-0.04682929057908473, 0.9039186785183285]",105,145
none.kamala harris,"[-0.04682929057908468, 0.8663597120014006]",106,146
none.kamala harris,"[-0.04682929057908468, 0.8663597120014006]",107,147
none.kamala harris,"[-0.046829290579084686, 0.8663597120014004]",108,148
none.kamala harris,"[-0.04682929057908473, 0.8663597120014005]",109,149
none.kamala harris,"[-0.04682929057908468, 0.8663597120014006]",110,150
none.kamala harris,"[-0.04682929057908468, 0.8663597120014006]",111,151
none.kamala harris,"[-0.0468292905790847, 0.8663597120014004]",112,152
none.marco rubio,"[0.21407024081709106, 0.7518807490289571]",0,40
none.marco rubio,"[0.3502363984578897, 0.7518807490289571]",1,41
none.marco rubio,"[0.3502363984578897, 0.751880749028957]",2,42
none.marco rubio,"[0.5619514869490161, nan]",3,43
kate middleton.none,"[-0.03568395510523549, 0.8920366758651503]",88,128
kate middleton.none,"[-0.03568395510523548, 0.8920366758651502]",89,129
kate middleton.none,"[-0.03568395510523548, 0.8920366758651503]",90,130
kate middleton.none,"[-0.04838709677419355, 0.7900552486187845]",91,131
kate middleton.none,"[-0.04838709677419356, 0.7900552486187844]",92,132
kate middleton.none,"[-0.04838709677419356, 0.7900552486187844]",93,133
kate middleton.none,"[-0.04838709677419357, 0.7900552486187844]",94,134
kate middleton.none,"[-0.04838709677419357, 0.7900552486187844]",95,135
kate middleton.none,"[-0.04838709677419357, 0.7900552486187844]",96,136
kate middleton.none,"[-0.04838709677419357, 0.7900552486187843]",97,137
kate middleton.none,"[-0.04838709677419358, 0.7900552486187843]",98,138
kate middleton.none,"[-0.048387096774193575, 0.7900552486187843]",99,139
kate middleton.none,"[-0.048387096774193575, 0.7900552486187843]",100,140
kate middleton.none,"[-0.048387096774193575, 0.7900552486187843]",101,141
kate middleton.none,"[-0.048387096774193575, 0.7900552486187843]",102,142
kate middleton.none,"[-0.04838709677419357, 0.7900552486187843]",103,143
kate middleton.none,"[-0.03568395510523547, 0.8920366758651502]",104,144
kate middleton.none,"[-0.03568395510523547, 0.8920366758651502]",105,145
kate middleton.none,"[-0.03568395510523547, 0.8920366758651502]",106,146
kate middleton.none,"[-0.03568395510523547, 0.8920366758651502]",107,147
kate middleton.none,"[-0.03568395510523547, 0.8920366758651502]",108,148
kate middleton.none,"[-0.03568395510523546, 0.8920366758651502]",109,149
kate middleton.none,"[-0.03568395510523547, 0.8920366758651502]",110,150
kate middleton.none,"[-0.03568395510523547, 0.8920366758651502]",111,151
kate middleton.none,"[-0.03568395510523547, 0.8920366758651502]",112,152
kate middleton.none,"[-0.03568395510523546, 0.8920366758651501]",113,153
kate middleton.none,"[-0.035683955105235476, 0.8920366758651502]",114,154
kate middleton.none,"[-0.03568395510523547, 0.8920366758651502]",115,155
kate middleton.none,"[-0.03568395510523547, 0.8920366758651502]",116,156
kate middleton.none,"[-0.03568395510523546, 0.8920366758651501]",117,157
kate middleton.none,"[-0.035683955105235476, 0.8920366758651501]",118,158
kate middleton.none,"[-0.03568395510523547, 0.8920366758651502]",119,159
kate middleton.none,"[-0.03568395510523547, 0.8920366758651502]",120,160
kate middleton.none,"[-0.03568395510523546, 0.8920366758651501]",121,161
kate middleton.none,"[-0.035683955105235476, 0.8920366758651501]",122,162
kate middleton.none,"[-0.03568395510523547, 0.8920366758651502]",123,163
kate middleton.none,"[-0.03568395510523547, 0.8920366758651502]",124,164
kate middleton.none,"[-0.03568395510523546, 0.8920366758651501]",125,165
none.ilhan omar,"[-0.026315789473684213, 0.9999999999999999]",39,79
none.ilhan omar,"[-0.026315789473684213, 0.9999999999999998]",40,80
none.ilhan omar,"[-0.026315789473684213, 0.9999999999999997]",41,81
none.ilhan omar,"[-0.026315789473684213, 0.9999999999999997]",42,82
none.ilhan omar,"[-0.026315789473684213, 0.9999999999999997]",43,83
none.ilhan omar,"[-0.02631578947368421, 0.9999999999999996]",44,84
none.ilhan omar,"[-0.026315789473684213, 0.9999999999999999]",45,85
none.ilhan omar,"[-0.02631578947368422, 0.9999999999999997]",46,86
none.ilhan omar,"[-0.02631578947368422, 0.9999999999999999]",47,87
none.ilhan omar,"[-0.02631578947368422, 0.9999999999999994]",48,88
none.ilhan omar,"[-0.026315789473684216, 0.9999999999999999]",49,89
none.ilhan omar,"[-0.02631578947368422, 0.9999999999999997]",50,90
none.ilhan omar,"[-0.02631578947368422, 0.9999999999999999]",51,91
none.ilhan omar,"[-0.02631578947368422, 0.9999999999999994]",52,92
none.ilhan omar,"[-0.026315789473684216, 0.9999999999999998]",53,93
none.ilhan omar,"[-0.02631578947368422, 0.9999999999999997]",54,94
none.ilhan omar,"[-0.02631578947368422, 0.9999999999999999]",55,95
none.ilhan omar,"[-0.02631578947368422, 0.9999999999999994]",56,96
none.ilhan omar,"[-0.026315789473684216, 0.9999999999999996]",57,97
none.ilhan omar,"[-0.026315789473684216, 0.9999999999999996]",58,98
none.ilhan omar,"[-0.026315789473684216, 0.9999999999999997]",59,99
none.ilhan omar,"[-0.026315789473684216, 0.9999999999999993]",60,100
none.ilhan omar,"[-0.026315789473684213, 0.9999999999999994]",61,101
none.ilhan omar,"[-0.026315789473684223, 0.9999999999999993]",62,102
none.ilhan omar,"[-0.026315789473684223, 0.9999999999999994]",63,103
none.ilhan omar,"[-0.026315789473684213, 0.9999999999999991]",64,104
none.ilhan omar,"[-0.026315789473684216, 0.9999999999999994]",65,105
none.ilhan omar,"[-0.026315789473684223, 0.9999999999999993]",66,106
none.ilhan omar,"[-0.03355307996808606, 0.9999999999999994]",67,107
none.ilhan omar,"[-0.03355307996808607, 0.9478533106055481]",68,108
none.ilhan omar,"[-0.03355307996808606, 0.9478533106055481]",69,109
none.ilhan omar,"[-0.03355307996808607, 0.9478533106055484]",70,110
none.ilhan omar,"[-0.03355307996808606, 0.9478533106055482]",71,111
none.ilhan omar,"[-0.033553079968086055, 0.9478533106055481]",72,112
none.ilhan omar,"[-0.03355307996808605, 0.9478533106055481]",73,113
none.ilhan omar,"[-0.03355307996808604, 0.9478533106055482]",74,114
none.ilhan omar,"[-0.033553079968086055, 0.9478533106055482]",75,115
none.ilhan omar,"[-0.03355307996808604, 0.947853310605548]",76,116
none.klaus schwab,"[0.6977407149243606, 1.0]",79,119
none.klaus schwab,"[0.6977407149243607, 0.6974858324629157]",80,120
none.klaus schwab,"[0.6977407149243608, 0.6974858324629158]",81,121
none.klaus schwab,"[0.6977407149243608, 0.6974858324629157]",82,122
none.jerome powell,"[-0.0468292905790847, 0.5615294429638712]",101,141
none.jerome powell,"[-0.05484084971070818, 0.5615294429638711]",102,142
none.jerome powell,"[-0.046829290579084706, 0.5615294429638709]",120,160
none.jerome powell,"[-0.046829290579084706, 0.5615294429638709]",121,161
none.jerome powell,"[-0.054840849710708156, 0.5615294429638709]",122,162
none.jerome powell,"[-0.05484084971070816, 0.5615294429638706]",126,166
ben carson.none,"[-0.06711560552140237, 0.5615294429638708]",0,40
ben carson.none,"[-0.046829290579084706, 0.5615294429638708]",1,41
ben carson.none,"[-0.037715714320235676, 0.6974858324629156]",2,42
none.youtube,"[0.9999999999999994, -0.02702702702702703]",0,40
none.youtube,"[0.9999999999999993, -0.02702702702702702]",1,41
none.youtube,"[0.9999999999999994, -0.02702702702702702]",2,42
none.youtube,"[0.9999999999999994, -0.02702702702702702]",3,43
none.youtube,"[0.9999999999999994, -0.02702702702702702]",4,44
none.youtube,"[0.9999999999999993, -0.02702702702702702]",5,45
none.youtube,"[0.9999999999999994, -0.02702702702702702]",6,46
none.youtube,"[0.9999999999999994, -0.02702702702702702]",7,47
none.youtube,"[0.9999999999999994, -0.02702702702702702]",8,48
none.youtube,"[0.9999999999999993, -0.02702702702702702]",9,49
none.youtube,"[0.9999999999999994, -0.02702702702702702]",10,50
none.youtube,"[0.9999999999999994, -0.02702702702702702]",11,51
none.youtube,"[0.9999999999999994, -0.02702702702702702]",12,52
none.youtube,"[0.6977407149243606, -0.03874921291460643]",13,53
none.youtube,"[0.6977407149243607, -0.038749212914606423]",14,54
apple.none,"[-0.03771571432023571, 0.6974858324629158]",1,41
apple.none,"[-0.03771571432023571, 0.6974858324629157]",2,42
apple.none,"[-0.03771571432023571, 0.6974858324629157]",3,43
apple.none,"[-0.0377157143202357, 0.6974858324629157]",4,44
apple.none,"[-0.037715714320235696, 0.6974858324629156]",5,45
apple.none,"[-0.037715714320235696, 0.6974858324629156]",6,46
apple.none,"[-0.03771571432023571, 0.6974858324629156]",7,47
apple.none,"[-0.03771571432023571, 0.6974858324629156]",8,48
apple.none,"[-0.03771571432023571, 0.6974858324629156]",9,49
apple.none,"[-0.0377157143202357, 0.6974858324629156]",10,50
apple.none,"[-0.03771571432023571, 0.6974858324629154]",11,51
apple.none,"[-0.037715714320235696, 0.6974858324629154]",12,52
apple.none,"[-0.037715714320235696, 0.6974858324629154]",13,53
apple.none,"[-0.03771571432023569, 0.6974858324629155]",14,54
apple.none,"[-0.03771571432023572, 0.6974858324629156]",15,55
apple.none,"[-0.03771571432023572, 0.6974858324629156]",16,56
apple.none,"[-0.03771571432023572, 0.6974858324629156]",17,57
apple.none,"[-0.03771571432023571, 0.6974858324629156]",18,58
apple.none,"[-0.03771571432023571, 0.6974858324629155]",19,59
apple.none,"[-0.0377157143202357, 0.6974858324629155]",20,60
apple.none,"[-0.0377157143202357, 0.6974858324629155]",21,61
apple.none,"[-0.037715714320235696, 0.6974858324629156]",22,62
apple.none,"[-0.037715714320235696, 0.6974858324629157]",23,63
apple.none,"[-0.05405405405405406, 0.6974858324629157]",24,64
apple.none,"[-0.054054054054054064, 0.6974858324629155]",35,75
apple.none,"[-0.03771571432023569, 0.6974858324629156]",36,76
apple.none,"[-0.03771571432023569, 0.6974858324629156]",37,77
apple.none,"[-0.037715714320235696, 0.6974858324629155]",38,78
none.hamas,"[0.6977407149243606, 1.0]",91,131
none.hamas,"[0.6977407149243607, 0.6974858324629157]",92,132
none.hamas,"[0.6977407149243608, 0.6974858324629158]",93,133
none.hamas,"[0.6977407149243608, 0.6974858324629157]",94,134
none.hamas,"[0.6977407149243608, 0.6974858324629157]",95,135
none.hamas,"[0.6977407149243607, 0.6974858324629157]",96,136
none.hamas,"[0.6977407149243607, 0.6974858324629156]",97,137
none.hamas,"[0.6977407149243607, 0.6974858324629155]",98,138
none.hamas,"[0.6977407149243607, 0.6974858324629154]",99,139
none.hamas,"[0.6977407149243606, 0.6974858324629155]",100,140
none.hamas,"[0.6977407149243606, 0.6974858324629155]",101,141
none.hamas,"[0.6977407149243607, 0.6974858324629155]",102,142
none.hamas,"[0.6977407149243607, 0.6974858324629155]",103,143
none.hamas,"[0.6977407149243606, 0.6974858324629155]",104,144
none.hamas,"[0.6977407149243606, 0.6974858324629155]",105,145
none.hamas,"[0.6977407149243607, 0.6974858324629155]",106,146
none.hamas,"[0.6977407149243607, 0.6974858324629155]",107,147
none.hamas,"[0.6977407149243606, 0.6974858324629155]",108,148
none.hamas,"[0.6977407149243606, 0.6974858324629155]",109,149
none.hamas,"[0.6977407149243607, 0.6974858324629155]",110,150
none.hamas,"[0.6977407149243607, 0.6974858324629155]",111,151
none.hamas,"[0.6977407149243606, 0.6974858324629155]",112,152
none.hamas,"[0.6977407149243605, 0.6974858324629156]",113,153
none.hamas,"[0.6977407149243607, 0.6974858324629156]",114,154
none.hamas,"[0.6977407149243607, 0.6974858324629156]",115,155
none.hamas,"[0.6977407149243607, 0.6974858324629155]",116,156
none.hamas,"[0.6977407149243606, 0.6974858324629156]",117,157
none.hamas,"[0.6977407149243607, 0.6974858324629156]",118,158
none.hamas,"[0.6977407149243607, 0.6974858324629156]",119,159
none.hamas,"[0.6977407149243607, 0.6974858324629155]",120,160
none.hamas,"[0.6977407149243606, 0.6974858324629155]",121,161
none.hamas,"[0.6977407149243607, 0.6974858324629156]",122,162
none.hamas,"[0.6977407149243607, 0.6974858324629156]",123,163
none.hamas,"[0.6977407149243607, 0.6974858324629155]",124,164
none.hamas,"[0.6977407149243606, 0.6974858324629155]",125,165
none.hamas,"[0.6977407149243607, 0.6974858324629156]",126,166
none.hamas,"[0.6977407149243607, 0.6974858324629156]",127,167
none.hamas,"[0.6977407149243607, 0.6974858324629155]",128,168
chris pratt.none,"[-0.03771571432023571, 0.6974858324629158]",35,75
chris pratt.none,"[-0.03771571432023571, 0.6974858324629157]",36,76
chris pratt.none,"[-0.03771571432023571, 0.6974858324629157]",37,77
chris pratt.none,"[-0.0377157143202357, 0.6974858324629157]",38,78
chris pratt.none,"[-0.03771571432023571, 0.6974858324629156]",39,79
chris pratt.none,"[-0.03771571432023569, 0.6974858324629156]",40,80
chris pratt.none,"[-0.037715714320235696, 0.6974858324629155]",41,81
chris pratt.none,"[-0.037715714320235696, 0.6974858324629155]",42,82
chris pratt.none,"[-0.037715714320235696, 0.6974858324629155]",43,83
chris pratt.none,"[-0.037715714320235696, 0.6974858324629155]",44,84
chris pratt.none,"[-0.037715714320235696, 0.6974858324629155]",45,85
chris pratt.none,"[-0.037715714320235696, 0.6974858324629155]",46,86
chris pratt.none,"[-0.037715714320235696, 0.6974858324629155]",47,87
chris pratt.none,"[-0.037715714320235696, 0.6974858324629155]",48,88
chris pratt.none,"[-0.03771571432023568, 0.6974858324629155]",49,89
chris pratt.none,"[-0.037715714320235696, 0.6974858324629155]",50,90
chris pratt.none,"[-0.037715714320235696, 0.6974858324629155]",51,91
chris pratt.none,"[-0.037715714320235696, 0.6974858324629155]",52,92
chris pratt.none,"[-0.03771571432023568, 0.6974858324629155]",53,93
chris pratt.none,"[-0.03771571432023568, 0.6974858324629155]",54,94
chris pratt.none,"[-0.03771571432023568, 0.6974858324629155]",55,95
chris pratt.none,"[-0.03771571432023568, 0.6974858324629155]",56,96
chris pratt.none,"[-0.037715714320235676, 0.6974858324629156]",57,97
chris pratt.none,"[-0.03771571432023568, 0.6974858324629156]",58,98
chris pratt.none,"[-0.03771571432023568, 0.6974858324629156]",59,99
chris pratt.none,"[-0.02631578947368421, 0.9999999999999993]",60,100
chris pratt.none,"[-0.02631578947368421, 0.9999999999999996]",61,101
chris pratt.none,"[-0.026315789473684216, 0.9999999999999996]",62,102
chris pratt.none,"[-0.026315789473684216, 0.9999999999999996]",63,103
chris pratt.none,"[-0.02631578947368421, 0.9999999999999993]",64,104
chris pratt.none,"[-0.02631578947368421, 0.9999999999999993]",65,105
chris pratt.none,"[-0.026315789473684216, 0.9999999999999996]",66,106
chris pratt.none,"[-0.026315789473684216, 0.9999999999999996]",67,107
chris pratt.none,"[-0.02631578947368421, 0.9999999999999993]",68,108
chris pratt.none,"[-0.02631578947368421, 0.9999999999999993]",69,109
chris pratt.none,"[-0.026315789473684216, 0.9999999999999996]",70,110
chris pratt.none,"[-0.026315789473684216, 0.9999999999999996]",71,111
chris pratt.none,"[-0.02631578947368421, 0.9999999999999993]",72,112
none.ghislaine maxwell,"[-0.026315789473684213, 1.0]",71,111
none.ghislaine maxwell,"[-0.026315789473684213, 1.0]",72,112
none.ghislaine maxwell,"[-0.026315789473684213, 1.0]",73,113
none.ghislaine maxwell,"[-0.026315789473684213, 1.0]",74,114
none.ghislaine maxwell,"[-0.02631578947368421, 1.0]",75,115
none.ghislaine maxwell,"[-0.026315789473684206, 0.9999999999999999]",76,116
none.ghislaine maxwell,"[-0.037715714320235696, 0.9999999999999999]",77,117
none.ghislaine maxwell,"[-0.037715714320235696, 0.6974858324629156]",78,118
none.ghislaine maxwell,"[-0.037715714320235696, 0.6974858324629155]",79,119
none.ghislaine maxwell,"[-0.03771571432023571, 0.6974858324629156]",80,120
none.ghislaine maxwell,"[-0.03771571432023569, 0.6974858324629156]",81,121
none.ghislaine maxwell,"[-0.037715714320235696, 0.6974858324629156]",82,122
none.ghislaine maxwell,"[-0.04682929057908472, 0.6974858324629156]",83,123
none.ghislaine maxwell,"[-0.06711560552140242, 0.8050764858994133]",84,124
none.ghislaine maxwell,"[-0.06711560552140243, 0.8050764858994134]",85,125
none.ghislaine maxwell,"[-0.06711560552140242, 0.8050764858994134]",86,126
none.ghislaine maxwell,"[-0.07859774918918594, 0.8050764858994134]",87,127
none.ghislaine maxwell,"[-0.07859774918918595, 0.6871842709362768]",88,128
none.ghislaine maxwell,"[-0.07859774918918597, 0.6871842709362768]",89,129
none.ghislaine maxwell,"[-0.07859774918918593, 0.6871842709362767]",90,130
none.ghislaine maxwell,"[-0.07859774918918597, 0.6871842709362767]",91,131
none.ghislaine maxwell,"[-0.07859774918918597, 0.6871842709362769]",92,132
none.ghislaine maxwell,"[-0.07859774918918597, 0.6871842709362769]",93,133
none.ghislaine maxwell,"[-0.07859774918918597, 0.6871842709362768]",94,134
none.ghislaine maxwell,"[-0.07859774918918598, 0.6871842709362768]",95,135
none.ghislaine maxwell,"[-0.07859774918918597, 0.6871842709362768]",96,136
none.ghislaine maxwell,"[-0.07859774918918597, 0.6871842709362769]",97,137
none.ghislaine maxwell,"[-0.07859774918918597, 0.6871842709362768]",98,138
none.ghislaine maxwell,"[-0.07859774918918597, 0.6871842709362768]",99,139
none.ghislaine maxwell,"[-0.07859774918918597, 0.6871842709362768]",100,140
none.ghislaine maxwell,"[-0.07859774918918597, 0.6871842709362769]",101,141
none.ghislaine maxwell,"[-0.07859774918918597, 0.6871842709362768]",102,142
none.ghislaine maxwell,"[-0.07859774918918597, 0.6871842709362768]",103,143
none.ghislaine maxwell,"[-0.07859774918918597, 0.6871842709362768]",104,144
none.ghislaine maxwell,"[-0.07859774918918597, 0.6871842709362769]",105,145
none.ghislaine maxwell,"[-0.07859774918918597, 0.6871842709362769]",106,146
none.ghislaine maxwell,"[-0.07859774918918597, 0.6871842709362769]",107,147
none.ghislaine maxwell,"[-0.07859774918918597, 0.6871842709362769]",108,148
none.ghislaine maxwell,"[-0.06711560552140239, 0.5615294429638706]",109,149
none.ghislaine maxwell,"[-0.0468292905790847, 0.5615294429638706]",110,150
none.ghislaine maxwell,"[-0.0468292905790847, 0.5615294429638706]",111,151
none.ghislaine maxwell,"[-0.0468292905790847, 0.5615294429638706]",112,152
none.ghislaine maxwell,"[-0.0468292905790847, 0.5615294429638705]",113,153
none.ghislaine maxwell,"[-0.0468292905790847, 0.5615294429638706]",114,154
none.ghislaine maxwell,"[-0.0468292905790847, 0.5615294429638708]",115,155
none.ghislaine maxwell,"[-0.037715714320235696, 0.6974858324629156]",116,156
none.ghislaine maxwell,"[-0.0377157143202357, 0.6974858324629155]",117,157
none.ghislaine maxwell,"[-0.03771571432023569, 0.6974858324629156]",118,158
none.ghislaine maxwell,"[-0.037715714320235696, 0.6974858324629157]",119,159
none.ghislaine maxwell,"[-0.037715714320235696, 0.6974858324629157]",120,160
none.ghislaine maxwell,"[-0.0377157143202357, 0.6974858324629156]",121,161
queen elizabeth ii.none,"[-0.026315789473684213, 1.0]",87,127
queen elizabeth ii.none,"[-0.026315789473684213, 1.0]",88,128
queen elizabeth ii.none,"[-0.026315789473684213, 1.0]",89,129
queen elizabeth ii.none,"[-0.026315789473684213, 1.0]",90,130
queen elizabeth ii.none,"[-0.02631578947368421, 1.0]",91,131
queen elizabeth ii.none,"[-0.026315789473684206, 0.9999999999999999]",92,132
queen elizabeth ii.none,"[-0.037715714320235696, 0.6974858324629156]",93,133
queen elizabeth ii.none,"[-0.037715714320235696, 0.6974858324629156]",94,134
queen elizabeth ii.none,"[-0.037715714320235696, 0.6974858324629155]",95,135
queen elizabeth ii.none,"[-0.03771571432023569, 0.6974858324629156]",96,136
queen elizabeth ii.none,"[-0.03771571432023571, 0.6974858324629156]",97,137
queen elizabeth ii.none,"[-0.037715714320235696, 0.6974858324629156]",98,138
queen elizabeth ii.none,"[-0.037715714320235696, 0.6974858324629156]",99,139
queen elizabeth ii.none,"[-0.04682929057908471, 0.5615294429638709]",100,140
queen elizabeth ii.none,"[-0.06711560552140243, 0.5615294429638709]",101,141
none.susan rice,"[1.0, nan]",67,107
none.susan rice,"[1.0, -0.027027027027027032]",68,108
none.susan rice,"[0.9999999999999999, -0.027027027027027032]",69,109
none.susan rice,"[0.9999999999999999, -0.027027027027027032]",70,110
none.susan rice,"[0.9999999999999998, -0.027027027027027032]",71,111
none.susan rice,"[0.9999999999999996, -0.027027027027027032]",72,112
none.susan rice,"[0.9999999999999996, -0.02702702702702703]",73,113
none.susan rice,"[0.9999999999999997, -0.02702702702702703]",74,114
none.susan rice,"[0.9999999999999997, -0.02702702702702703]",75,115
none.susan rice,"[0.9999999999999997, -0.02702702702702703]",76,116
none.susan rice,"[0.9999999999999994, -0.02702702702702703]",77,117
none.susan rice,"[0.9999999999999997, -0.02702702702702703]",78,118
none.susan rice,"[0.9999999999999997, -0.02702702702702703]",79,119
none.susan rice,"[0.9999999999999997, -0.02702702702702703]",80,120
none.susan rice,"[0.9999999999999994, -0.02702702702702702]",81,121
none.susan rice,"[0.9999999999999997, -0.02702702702702703]",82,122
none.susan rice,"[0.9999999999999997, -0.02702702702702703]",83,123
none.susan rice,"[0.9999999999999997, -0.02702702702702703]",84,124
none.susan rice,"[0.9999999999999994, -0.02702702702702702]",85,125
none.susan rice,"[0.9999999999999994, -0.02702702702702703]",86,126
none.susan rice,"[0.9999999999999994, -0.02702702702702703]",87,127
none.susan rice,"[0.9999999999999994, -0.02702702702702703]",88,128
none.susan rice,"[0.9999999999999993, -0.02702702702702702]",89,129
none.susan rice,"[0.9999999999999994, -0.02702702702702702]",90,130
none.susan rice,"[0.9999999999999994, -0.02702702702702702]",91,131
none.susan rice,"[0.9999999999999994, -0.02702702702702702]",92,132
none.susan rice,"[0.9999999999999993, -0.02702702702702702]",93,133
none.susan rice,"[0.9999999999999994, -0.02702702702702702]",94,134
none.susan rice,"[0.9999999999999994, -0.02702702702702702]",95,135
none.susan rice,"[0.9999999999999994, -0.02702702702702702]",96,136
none.susan rice,"[0.9999999999999993, -0.02702702702702702]",97,137
none.susan rice,"[0.9999999999999994, -0.02702702702702702]",98,138
none.susan rice,"[0.9999999999999994, -0.02702702702702702]",99,139
none.susan rice,"[0.9999999999999994, -0.02702702702702702]",100,140
none.susan rice,"[0.9999999999999993, -0.02702702702702702]",101,141
none.susan rice,"[0.9999999999999994, -0.02702702702702702]",102,142
none.susan rice,"[0.9999999999999994, -0.02702702702702702]",103,143
none.susan rice,"[0.9999999999999994, -0.02702702702702702]",104,144
none.susan rice,"[0.9999999999999993, nan]",105,145
anthony fauci.donald trump,"[1.0, nan]",65,105
anthony fauci.donald trump,"[0.6977407149243606, -0.027027027027027032]",66,106
anthony fauci.donald trump,"[0.6977407149243607, -0.038749212914606423]",67,107
anthony fauci.donald trump,"[0.6977407149243607, -0.038749212914606423]",68,108
none.big tech,"[-0.0468292905790847, 0.5615294429638712]",83,123
none.big tech,"[-0.0468292905790847, 0.5615294429638711]",84,124
none.big tech,"[-0.04682929057908471, 0.5615294429638711]",85,125
none.big tech,"[-0.0468292905790847, 0.561529442963871]",86,126
none.big tech,"[-0.046829290579084706, 0.561529442963871]",87,127
none.big tech,"[-0.0468292905790847, 0.5615294429638709]",88,128
none.big tech,"[-0.04682929057908472, 0.5615294429638709]",89,129
none.big tech,"[-0.04682929057908471, 0.5615294429638709]",90,130
none.big tech,"[-0.04682929057908472, 0.5615294429638709]",91,131
none.big tech,"[-0.046829290579084706, 0.5615294429638708]",92,132
none.big tech,"[-0.04682929057908472, 0.5615294429638709]",93,133
none.big tech,"[-0.04682929057908472, 0.5615294429638709]",94,134
none.big tech,"[-0.04682929057908472, 0.5615294429638709]",95,135
none.big tech,"[-0.06711560552140244, 0.5615294429638708]",96,136
none.big tech,"[-0.05405405405405402, 0.6974858324629157]",119,159
none.big tech,"[-0.037715714320235676, 0.6974858324629156]",120,160
