donald trump,"[0.27294479556943735, 0.5358496104364155]",104,165
donald trump,"[0.2928604003665495, 0.5185138544283842]",105,166
donald trump,"[0.28583010339957327, 0.5253920351286022]",106,167
covid-19,"[0.6690827861572132, 0.8471174333404032]",44,105
covid-19,"[0.5663414740572059, 0.493227781045147]",45,106
covid-19,"[0.715326512556588, 0.6318221996751926]",46,107
covid-19,"[0.6953394006142561, 0.47963613964182766]",47,108
covid-19,"[0.7027342986751958, 0.5185805724114494]",48,109
covid-19,"[0.6211949707069486, 0.4976416735890575]",49,110
covid-19,"[0.6293460388040493, 0.5332673654260057]",50,111
covid-19,"[0.6270275704665359, 0.43765947988984044]",51,112
covid-19,"[0.6361735600655153, 0.43535724448479834]",52,113
covid-19,"[0.5815357175661136, 0.435169645571795]",53,114
covid-19,"[0.562994845233863, 0.45464565425014375]",54,115
covid-19,"[0.5456401155231003, 0.4538409164722179]",55,116
covid-19,"[0.5733986559927806, 0.4754813634318159]",56,117
covid-19,"[0.5639533558814407, 0.42802994129771305]",57,118
covid-19,"[0.5465804374613498, 0.4343312100847101]",58,119
covid-19,"[0.5311124573832143, 0.4315391747114894]",59,120
covid-19,"[0.5331638803511083, 0.4507251822961638]",60,121
hillary clinton,"[0.549855012989005, 0.27284265461644036]",0,61
hillary clinton,"[0.549855012989005, 0.30122947961403923]",1,62
hillary clinton,"[0.541395980624342, 0.3094324551158139]",2,63
hillary clinton,"[0.5445958601205394, 0.31316985320994334]",3,64
hillary clinton,"[0.5465517009536442, 0.31580292622101014]",4,65
hillary clinton,"[0.5462297631193023, 0.31616285927473814]",5,66
hillary clinton,"[0.5462297631193023, 0.3152424093987328]",6,67
hillary clinton,"[0.5472127453795169, 0.3169318206019577]",7,68
hillary clinton,"[0.5514028164599569, 0.32222570062420286]",8,69
hillary clinton,"[0.5535363872278117, 0.3232238601640918]",9,70
hillary clinton,"[0.5586047568438979, 0.328279091207519]",10,71
hillary clinton,"[0.572178001389458, 0.3386318758543378]",11,72
hillary clinton,"[0.580620167627418, 0.3462236631323579]",12,73
hillary clinton,"[0.6259979503276143, 0.3791476927426525]",13,74
hillary clinton,"[0.6594250795133747, 0.40411728651927714]",14,75
hillary clinton,"[0.7048297560482807, 0.30760241159026164]",15,76
hillary clinton,"[0.6159450473902289, 0.21256579224588695]",16,77
hillary clinton,"[0.578759964840562, 0.26553630555944946]",17,78
hillary clinton,"[0.6827582799629452, 0.32151349031195464]",18,79
hillary clinton,"[0.7273818605291867, 0.10011735015038034]",19,80
hillary clinton,"[0.5674803065350232, -0.030391533692741522]",77,138
hillary clinton,"[0.5674803065350231, -0.030391533692741522]",78,139
hillary clinton,"[0.5674803065350232, -0.030391533692741522]",79,140
hillary clinton,"[0.5674803065350231, -0.030391533692741522]",80,141
hillary clinton,"[0.7010887416930995, -0.024595948397164082]",81,142
hillary clinton,"[0.7010887416930995, -0.024595948397164075]",82,143
hillary clinton,"[0.7010887416930996, -0.024595948397164075]",83,144
hillary clinton,"[0.9999999999999998, -0.01724137931034483]",84,145
hillary clinton,"[1.0, -0.01724137931034483]",85,146
hillary clinton,"[0.9999999999999996, -0.01724137931034483]",86,147
hillary clinton,"[0.9999999999999998, -0.01724137931034483]",87,148
hillary clinton,"[0.9999999999999996, -0.01724137931034483]",88,149
hillary clinton,"[0.9999999999999998, -0.01724137931034483]",89,150
hillary clinton,"[0.9999999999999993, -0.01724137931034483]",90,151
hillary clinton,"[0.9999999999999998, -0.01724137931034483]",91,152
hillary clinton,"[0.9999999999999996, -0.01724137931034483]",92,153
hillary clinton,"[0.9999999999999998, -0.01724137931034483]",93,154
hillary clinton,"[0.9999999999999993, -0.01724137931034483]",94,155
hillary clinton,"[0.9999999999999998, -0.01724137931034483]",95,156
hillary clinton,"[0.9999999999999996, -0.01724137931034483]",96,157
hillary clinton,"[0.9999999999999998, -0.01724137931034483]",97,158
hillary clinton,"[0.9999999999999993, -0.01724137931034483]",98,159
hillary clinton,"[0.9999999999999997, -0.017241379310344834]",99,160
hillary clinton,"[0.9999999999999997, -0.017241379310344834]",100,161
hillary clinton,"[0.7010887416930995, -0.017241379310344834]",101,162
hillary clinton,"[0.7010887416930994, -0.024595948397164086]",102,163
hillary clinton,"[0.7010887416930995, -0.024595948397164086]",103,164
hillary clinton,"[0.7010887416930995, -0.024595948397164086]",104,165
hillary clinton,"[0.5674803065350231, -0.024595948397164086]",105,166
hillary clinton,"[0.567480306535023, -0.030391533692741526]",106,167
north korea,"[0.5636363636363637, -0.08206099398622183]",70,131
north korea,"[0.5636363636363637, -0.09259259259259257]",71,132
north korea,"[0.5636363636363636, -0.09259259259259257]",72,133
north korea,"[0.5636363636363635, -0.08206099398622183]",73,134
north korea,"[0.502518907629606, -0.09073740219889734]",94,155
north korea,"[0.502518907629606, -0.10238251947232513]",95,156
inflation,"[0.5466180805521269, -0.05428627861667141]",42,103
inflation,"[0.5466180805521269, -0.038053841464597074]",43,104
inflation,"[0.8038436408820719, -0.038053841464597074]",44,105
inflation,"[0.8330314709057488, -0.03430218786331508]",45,106
inflation,"[0.8661541520797724, -0.03039153369274153]",46,107
inflation,"[0.8661541520797724, -0.030391533692741536]",47,108
inflation,"[0.8661541520797724, -0.030391533692741536]",48,109
inflation,"[0.8661541520797723, -0.030391533692741536]",49,110
inflation,"[0.9041181344055087, -0.02628232084569872]",50,111
inflation,"[0.9041181344055085, -0.02628232084569872]",51,112
inflation,"[0.9041181344055087, -0.026282320845698714]",52,113
inflation,"[0.9041181344055086, -0.026282320845698714]",53,114
inflation,"[0.8661541520797725, -0.026282320845698714]",54,115
inflation,"[0.8661541520797723, nan]",55,116
taliban,"[0.7020461542023186, 0.6583714587531609]",76,137
taliban,"[0.5898498980193951, 0.15975413788809534]",77,138
taliban,"[0.5898498980193951, 0.11932816420324026]",78,139
taliban,"[0.5898498980193951, 0.1193281642032403]",79,140
taliban,"[0.5898498980193952, 0.11932816420324029]",80,141
taliban,"[0.5313398674169468, 0.09780478391609358]",81,142
taliban,"[0.5313398674169468, 0.09780478391609354]",82,143
taliban,"[0.5346643910847494, 0.1008203679342781]",83,144
taliban,"[0.5313398674169468, 0.10082036793427811]",84,145
taliban,"[0.5313398674169469, 0.09780478391609353]",85,146
taliban,"[0.531339867416947, 0.09780478391609351]",86,147
taliban,"[0.531339867416947, 0.0978047839160935]",87,148
taliban,"[0.5313398674169469, 0.0978047839160935]",88,149
taliban,"[0.531339867416947, 0.0978047839160935]",89,150
taliban,"[0.5313398674169472, 0.0978047839160935]",90,151
taliban,"[0.5313398674169472, 0.0978047839160935]",91,152
taliban,"[0.5313398674169472, 0.0978047839160935]",92,153
taliban,"[0.5280722861391552, 0.09780478391609349]",93,154
taliban,"[0.5280722861391551, 0.09480335607316735]",94,155
taliban,"[0.5280722861391552, 0.09480335607316735]",95,156
taliban,"[0.5280722861391552, 0.09480335607316734]",96,157
taliban,"[0.5280722861391554, 0.09480335607316734]",97,158
taliban,"[0.5280722861391552, 0.09480335607316734]",98,159
taliban,"[0.5280722861391552, 0.09480335607316734]",99,160
taliban,"[0.5280722861391552, 0.09480335607316734]",100,161
taliban,"[0.5280722861391552, 0.09480335607316734]",101,162
taliban,"[0.5248604570797435, 0.09480335607316734]",102,163
taliban,"[0.5217032436024583, 0.09181514415089936]",103,164
taliban,"[0.5217032436024581, 0.0888392232412351]",104,165
taliban,"[0.5185995606316791, 0.08883922324123508]",105,166
taliban,"[0.5185995606316791, 0.08587468233419973]",106,167
taliban,"[0.518599560631679, 0.08587468233419973]",107,168
twitter,"[0.11701146768577735, 0.5066336265773794]",76,137
twitter,"[0.11701146768577732, 0.5066336265773794]",77,138
twitter,"[0.11701146768577732, 0.5066336265773794]",78,139
twitter,"[0.11701146768577732, 0.5066336265773794]",79,140
twitter,"[0.11701146768577733, 0.5066336265773794]",80,141
twitter,"[0.12641129289174877, 0.5252095244267222]",81,142
twitter,"[0.12641129289174877, 0.5252095244267222]",82,143
twitter,"[0.12641129289174877, 0.5252095244267221]",83,144
twitter,"[0.12641129289174874, 0.5252095244267221]",84,145
twitter,"[0.12641129289174877, 0.5252095244267221]",85,146
twitter,"[0.1264112928917487, 0.5252095244267221]",86,147
twitter,"[0.12641129289174874, 0.5252095244267221]",87,148
twitter,"[0.1264112928917487, 0.5252095244267221]",88,149
twitter,"[0.12641129289174874, 0.5252095244267221]",89,150
twitter,"[0.1264112928917487, 0.5252095244267221]",90,151
twitter,"[0.12641129289174874, 0.5252095244267221]",91,152
twitter,"[0.1264112928917487, 0.5252095244267221]",92,153
twitter,"[0.1170114676857773, 0.5252095244267221]",93,154
twitter,"[0.10821442156985539, 0.5066336265773796]",94,155
andrew cuomo,"[0.03792990163845499, 0.6518492151115591]",76,137
andrew cuomo,"[0.03792990163845499, 0.6506972876187612]",77,138
andrew cuomo,"[0.037929901638455, 0.6506972876187611]",78,139
andrew cuomo,"[0.03792990163845498, 0.6506972876187611]",79,140
andrew cuomo,"[0.03792990163845499, 0.6506972876187611]",80,141
andrew cuomo,"[0.037929901638454985, 0.6506972876187611]",81,142
andrew cuomo,"[0.037929901638454985, 0.650697287618761]",82,143
andrew cuomo,"[0.037929901638454964, 0.650697287618761]",83,144
andrew cuomo,"[0.03792990163845498, 0.650697287618761]",84,145
andrew cuomo,"[0.03792990163845497, 0.650697287618761]",85,146
andrew cuomo,"[0.03792990163845498, 0.650697287618761]",86,147
andrew cuomo,"[0.037929901638454964, 0.6506972876187608]",87,148
andrew cuomo,"[0.03792990163845498, 0.6506972876187608]",88,149
andrew cuomo,"[0.037929901638454985, 0.6506972876187608]",89,150
andrew cuomo,"[0.037929901638454985, 0.6506972876187608]",90,151
andrew cuomo,"[0.03792990163845498, 0.6506972876187609]",91,152
andrew cuomo,"[0.037929901638454985, 0.6506972876187609]",92,153
andrew cuomo,"[0.037929901638454985, 0.6506972876187609]",93,154
andrew cuomo,"[0.037929901638454985, 0.6506972876187609]",94,155
andrew cuomo,"[0.03792990163845497, 0.6506972876187609]",95,156
andrew cuomo,"[0.03792990163845498, 0.6506972876187609]",96,157
andrew cuomo,"[0.03792990163845498, 0.6506972876187609]",97,158
andrew cuomo,"[0.03792990163845498, 0.6506972876187609]",98,159
andrew cuomo,"[0.03792990163845497, 0.6506972876187609]",99,160
andrew cuomo,"[0.037929901638454985, 0.6506972876187609]",100,161
andrew cuomo,"[0.03792990163845498, 0.6506972876187609]",101,162
andrew cuomo,"[0.037929901638454985, 0.650697287618761]",102,163
andrew cuomo,"[0.03792990163845497, 0.6506972876187608]",103,164
andrew cuomo,"[0.03792990163845498, 0.6506972876187608]",104,165
andrew cuomo,"[0.039371444939530736, 0.6518492151115597]",105,166
andrew cuomo,"[0.03937144493953074, 0.6518492151115597]",106,167
andrew cuomo,"[0.039371444939530736, 0.6518492151115597]",107,168
ted cruz,"[0.2750742800847883, 0.6052343752251786]",0,61
ted cruz,"[0.2750742800847883, 0.6052343752251786]",1,62
ted cruz,"[0.2791365566405669, 0.6108242797318556]",2,63
ted cruz,"[0.283372693385386, 0.616764896067975]",3,64
virus,"[0.9699074965748552, nan]",44,105
virus,"[0.9699074965748552, -0.020993583661869503]",45,106
virus,"[0.9699074965748552, -0.020993583661869503]",46,107
virus,"[0.9699074965748551, -0.020993583661869503]",47,108
virus,"[0.9699074965748553, -0.020993583661869503]",48,109
virus,"[0.9699074965748552, -0.020993583661869503]",49,110
virus,"[0.78090136560768, -0.02739790294202196]",50,111
virus,"[0.7809013656076798, -0.02739790294202196]",51,112
virus,"[0.7665962035648565, -0.030391533692741536]",52,113
virus,"[0.7665962035648564, -0.030391533692741533]",53,114
virus,"[0.7149236854822937, -0.03494900011763314]",54,115
virus,"[0.7149236854822936, -0.03494900011763314]",55,116
virus,"[0.7043481211498281, -0.037730625843500586]",56,117
virus,"[0.7043481211498281, -0.037730625843500586]",57,118
virus,"[0.6944494306948076, -0.0404821413739241]",58,119
virus,"[0.6944494306948074, -0.04048214137392409]",59,120
virus,"[0.6851757359856124, -0.04320905333330034]",60,121
cancer,"[-0.03479445003196105, 0.5673086289311761]",65,126
cancer,"[-0.029867384554474907, 0.5673086289311762]",66,127
cancer,"[-0.029867384554474914, 0.5673086289311761]",67,128
cancer,"[-0.029867384554474907, 0.5673086289311762]",68,129
cancer,"[-0.0426014322842305, 0.5673086289311761]",69,130
harvey weinstein,"[0.42402173541668814, 0.6392145477812896]",0,61
harvey weinstein,"[0.42402173541668814, 0.6392145477812896]",1,62
harvey weinstein,"[0.4240217354166875, 0.6392145477812897]",2,63
harvey weinstein,"[0.42402173541668814, 0.6392145477812896]",3,64
harvey weinstein,"[0.4240217354166881, 0.6392145477812896]",4,65
harvey weinstein,"[0.4240217354166881, 0.6392145477812896]",5,66
harvey weinstein,"[0.4240217354166875, 0.6392145477812897]",6,67
harvey weinstein,"[0.4240217354166881, 0.6392145477812897]",7,68
harvey weinstein,"[0.42402173541668814, 0.6392145477812897]",8,69
harvey weinstein,"[0.42402173541668814, 0.6392145477812896]",9,70
harvey weinstein,"[0.4240217354166874, 0.6392145477812899]",10,71
harvey weinstein,"[0.4240217354166874, 0.6392145477812899]",11,72
harvey weinstein,"[0.4240217354166874, 0.6392145477812899]",12,73
harvey weinstein,"[0.4240217354166874, 0.6392145477812898]",13,74
harvey weinstein,"[0.4240217354166874, 0.6392145477812899]",14,75
harvey weinstein,"[0.4240217354166874, 0.6392145477812899]",15,76
harvey weinstein,"[0.42402173541668736, 0.6392145477812899]",16,77
harvey weinstein,"[0.42402173541668736, 0.6392145477812899]",17,78
harvey weinstein,"[0.42402173541668736, 0.6392145477812899]",18,79
harvey weinstein,"[0.42402173541668736, 0.6392145477812899]",19,80
harvey weinstein,"[0.4240217354166874, 0.6392145477812899]",20,81
harvey weinstein,"[0.4240217354166874, 0.6392145477812899]",21,82
harvey weinstein,"[0.4240217354166874, 0.6392145477812899]",22,83
harvey weinstein,"[0.4240217354166874, 0.6392145477812899]",23,84
harvey weinstein,"[0.42402173541668736, 0.6392145477812899]",24,85
harvey weinstein,"[0.42402173541668736, 0.6392145477812899]",25,86
harvey weinstein,"[0.42402173541668736, 0.6392145477812899]",26,87
harvey weinstein,"[0.42402173541668736, 0.6392145477812899]",27,88
harvey weinstein,"[0.4240217354166875, 0.6392145477812899]",28,89
harvey weinstein,"[0.4240217354166875, 0.6392145477812899]",29,90
harvey weinstein,"[0.4240217354166875, 0.63921454778129]",30,91
harvey weinstein,"[0.4240217354166875, 0.6392145477812899]",31,92
harvey weinstein,"[0.42402173541668736, 0.6392145477812899]",32,93
harvey weinstein,"[0.42402173541668736, 0.6392145477812899]",33,94
harvey weinstein,"[0.42402173541668736, 0.63921454778129]",34,95
harvey weinstein,"[0.42402173541668736, 0.6392145477812899]",35,96
harvey weinstein,"[0.42402173541668736, 0.6392145477812899]",36,97
harvey weinstein,"[0.42402173541668736, 0.6392145477812899]",37,98
harvey weinstein,"[0.42402173541668736, 0.63921454778129]",38,99
harvey weinstein,"[0.42402173541668736, 0.6772694517372027]",39,100
harvey weinstein,"[0.4537523735397242, 0.6772694517372027]",40,101
harvey weinstein,"[0.4537523735397242, 0.6772694517372027]",41,102
harvey weinstein,"[0.45375237353972425, 0.6772694517372027]",42,103
harvey weinstein,"[0.6513498824816515, 0.17559945263959983]",43,104
xi jinping,"[-0.0426014322842305, 0.5673086289311761]",39,100
xi jinping,"[-0.02986738455447492, 0.5673086289311761]",40,101
xi jinping,"[-0.02986738455447492, 0.5673086289311761]",41,102
xi jinping,"[-0.02986738455447492, 0.5673086289311761]",42,103
xi jinping,"[-0.029867384554474914, 0.5673086289311761]",43,104
xi jinping,"[-0.02986738455447492, 0.5673086289311761]",44,105
xi jinping,"[-0.029867384554474914, 0.5673086289311761]",45,106
xi jinping,"[-0.02986738455447492, 0.5673086289311761]",46,107
xi jinping,"[-0.029867384554474907, 0.5673086289311761]",47,108
elon musk,"[0.7010887416930994, -0.017241379310344827]",2,63
elon musk,"[0.7010887416930994, -0.024595948397164086]",3,64
elon musk,"[0.7010887416930994, -0.024595948397164086]",4,65
elon musk,"[0.5674803065350237, -0.024595948397164086]",5,66
elon musk,"[0.5674803065350238, -0.03039153369274153]",6,67
elon musk,"[0.5674803065350237, -0.03039153369274153]",7,68
elon musk,"[0.5674803065350238, -0.03039153369274153]",8,69
elon musk,"[0.5674803065350236, -0.03039153369274153]",9,70
elon musk,"[0.5674803065350236, -0.03039153369274153]",10,71
elon musk,"[0.5674803065350236, -0.030391533692741522]",11,72
elon musk,"[0.5674803065350236, -0.030391533692741522]",12,73
elon musk,"[0.5674803065350233, -0.030391533692741522]",13,74
elon musk,"[0.5674803065350233, -0.030391533692741522]",14,75
elon musk,"[0.5674803065350233, -0.030391533692741522]",15,76
elon musk,"[0.5674803065350233, -0.030391533692741522]",16,77
elon musk,"[0.7402677030197948, 0.32203747293023505]",105,166
elon musk,"[0.7402677030197948, 0.21081532954406085]",106,167
elon musk,"[0.7287159024389228, 0.21081532954406085]",107,168
weather,"[-0.04112740313152183, 0.6638736983106263]",0,61
weather,"[-0.04112740313152184, 0.6638736983106264]",1,62
weather,"[-0.04112740313152183, 0.6638736983106263]",2,63
weather,"[-0.041127403131521835, 0.6638736983106264]",3,64
weather,"[-0.04112740313152184, 0.6638736983106265]",4,65
weather,"[-0.04112740313152184, 0.6638736983106264]",5,66
weather,"[-0.04112740313152183, 0.6638736983106264]",6,67
weather,"[-0.04112740313152184, 0.6638736983106264]",7,68
weather,"[-0.04112740313152184, 0.6638736983106265]",8,69
weather,"[-0.04112740313152184, 0.6638736983106264]",9,70
weather,"[-0.04112740313152183, 0.6638736983106264]",10,71
weather,"[-0.04112740313152184, 0.6638736983106265]",11,72
weather,"[-0.044317771682299355, 0.5464500163675141]",12,73
weather,"[-0.044317771682299355, 0.5464500163675141]",13,74
weather,"[-0.044317771682299334, 0.5464500163675141]",14,75
weather,"[-0.044317771682299355, 0.5464500163675141]",15,76
weather,"[-0.04785839549378536, 0.5263097898294631]",16,77
weather,"[-0.04785839549378536, 0.5263097898294631]",17,78
weather,"[-0.04785839549378536, 0.5263097898294631]",18,79
weather,"[-0.04785839549378535, 0.5263097898294633]",19,80
weather,"[-0.04785839549378536, 0.5263097898294631]",20,81
weather,"[-0.047858395493785365, 0.5263097898294633]",21,82
weather,"[-0.047858395493785344, 0.5263097898294633]",22,83
weather,"[-0.04785839549378535, 0.546450016367514]",23,84
weather,"[-0.04431777168229934, 0.546450016367514]",24,85
weather,"[-0.04431777168229934, 0.5691618137858567]",25,86
weather,"[-0.04066418396811218, 0.5691618137858567]",26,87
weather,"[-0.0406641839681122, 0.5691618137858566]",27,88
weather,"[-0.04066418396811218, 0.5691618137858566]",28,89
weather,"[-0.040664183968112194, 0.5950224568349763]",29,90
weather,"[-0.036868157071558924, 0.5950224568349763]",30,91
weather,"[-0.036868157071558945, 0.6248116858092237]",31,92
weather,"[-0.03289165244521767, 0.6248116858092239]",32,93
weather,"[-0.03289165244521768, 0.6248116858092237]",33,94
weather,"[-0.03289165244521768, 0.624811685809224]",34,95
weather,"[-0.03289165244521767, 0.6248116858092239]",35,96
weather,"[-0.032891652445217676, 0.624811685809224]",36,97
weather,"[-0.032891652445217676, 0.6248116858092239]",37,98
weather,"[-0.03289165244521768, 0.624811685809224]",38,99
weather,"[-0.032891652445217676, 0.6596129725415091]",39,100
weather,"[-0.02868404426263528, 0.659612972541509]",40,101
weather,"[-0.02868404426263526, 0.659612972541509]",41,102
weather,"[-0.028684044262635287, 0.6596129725415089]",42,103
weather,"[-0.02868404426263526, 0.6596129725415091]",43,104
weather,"[-0.028684044262635287, 0.659612972541509]",44,105
weather,"[-0.02868404426263528, 0.659612972541509]",45,106
weather,"[-0.02868404426263528, 0.6596129725415089]",46,107
weather,"[-0.02868404426263528, 0.6596129725415091]",47,108
weather,"[-0.040913571359546486, 0.659612972541509]",48,109
theresa may,"[-0.02986738455447492, 0.5673086289311761]",69,130
theresa may,"[-0.02986738455447492, 0.5673086289311761]",70,131
theresa may,"[-0.024175473851486197, 0.7009845293191762]",71,132
theresa may,"[-0.02417547385148619, 0.7009845293191762]",72,133
theresa may,"[-0.024175473851486197, 0.7009845293191762]",73,134
theresa may,"[-0.02417547385148619, 0.7009845293191762]",74,135
theresa may,"[-0.024175473851486197, 0.7009845293191762]",75,136
theresa may,"[-0.02417547385148619, 0.7009845293191762]",76,137
theresa may,"[-0.016949152542372867, 0.9999999999999996]",77,138
theresa may,"[-0.016949152542372864, 0.9999999999999996]",78,139
kim jong-un,"[0.13005121775247114, 0.6155870112510927]",27,88
kim jong-un,"[0.27994625547792684, 0.6155870112510927]",28,89
kim jong-un,"[0.2799462554779269, 0.6155870112510927]",29,90
kim jong-un,"[0.27994625547792684, 0.6155870112510927]",30,91
kim jong-un,"[0.2799462554779269, 0.6155870112510927]",31,92
kim jong-un,"[0.27994625547792684, 0.6155870112510927]",32,93
kim jong-un,"[0.2799462554779269, 0.6155870112510927]",33,94
kim jong-un,"[0.27994625547792684, 0.6155870112510927]",34,95
kim jong-un,"[0.2799462554779269, 0.6155870112510927]",35,96
kim jong-un,"[0.27994625547792684, 0.6155870112510927]",36,97
kim jong-un,"[0.3225895835405519, 0.6945906278887424]",37,98
kim jong-un,"[0.3225895835405519, 0.6945906278887423]",38,99
kim jong-un,"[0.3834128905580747, 0.5673086289311762]",39,100
kim jong-un,"[-0.02417547385148619, 0.7009845293191761]",40,101
kim jong-un,"[-0.024175473851486197, 0.7009845293191761]",41,102
kim jong-un,"[-0.02417547385148619, 0.7009845293191761]",42,103
bbc,"[0.567480306535023, -0.030391533692741522]",26,87
bbc,"[0.5674803065350229, -0.030391533692741522]",27,88
bbc,"[0.5674803065350229, -0.030391533692741522]",28,89
bbc,"[0.5674803065350229, -0.030391533692741522]",29,90
bbc,"[0.5674803065350229, -0.030391533692741522]",30,91
bbc,"[0.5674803065350229, -0.030391533692741515]",31,92
bbc,"[0.5674803065350229, -0.030391533692741515]",32,93
bbc,"[0.5674803065350229, -0.030391533692741515]",33,94
bbc,"[0.567480306535023, -0.030391533692741515]",34,95
bbc,"[0.5674803065350229, -0.030391533692741515]",35,96
bbc,"[0.567480306535023, -0.030391533692741515]",36,97
bbc,"[0.5674803065350229, -0.030391533692741515]",37,98
bbc,"[0.567480306535023, -0.030391533692741515]",38,99
bbc,"[0.5674803065350229, -0.030391533692741522]",39,100
bbc,"[0.567480306535023, -0.030391533692741522]",40,101
bbc,"[0.5674803065350229, -0.030391533692741522]",41,102
bbc,"[0.567480306535023, -0.030391533692741522]",42,103
bbc,"[0.5674803065350229, nan]",43,104
derek chauvin,"[1.0, nan]",46,107
derek chauvin,"[0.7010887416930995, -0.017241379310344824]",47,108
derek chauvin,"[0.7010887416930995, -0.024595948397164086]",48,109
derek chauvin,"[0.7010887416930995, -0.024595948397164086]",49,110
derek chauvin,"[0.7010887416930995, -0.024595948397164086]",50,111
derek chauvin,"[0.7010887416930995, -0.024595948397164082]",51,112
derek chauvin,"[0.7010887416930995, -0.024595948397164082]",52,113
derek chauvin,"[0.7010887416930995, -0.024595948397164082]",53,114
derek chauvin,"[0.6922681402833021, -0.027894552178945896]",54,115
derek chauvin,"[0.6922681402833021, -0.027894552178945896]",55,116
derek chauvin,"[0.6922681402833022, -0.027894552178945892]",56,117
derek chauvin,"[0.6922681402833022, -0.027894552178945892]",57,118
derek chauvin,"[0.6922681402833023, -0.027894552178945892]",58,119
derek chauvin,"[0.6922681402833022, -0.027894552178945892]",59,120
derek chauvin,"[0.6922681402833022, -0.02789455217894589]",60,121
derek chauvin,"[0.6922681402833021, -0.027894552178945892]",61,122
derek chauvin,"[0.6922681402833023, -0.02789455217894589]",62,123
derek chauvin,"[0.6922681402833023, -0.02789455217894589]",63,124
derek chauvin,"[0.6922681402833023, -0.02789455217894589]",64,125
derek chauvin,"[0.6922681402833021, -0.02789455217894589]",65,126
derek chauvin,"[0.6838515047204226, -0.031155486929794775]",66,127
truck driver,"[0.567480306535023, -0.03039153369274151]",35,96
truck driver,"[0.5674803065350231, -0.03039153369274151]",36,97
truck driver,"[0.5674803065350231, -0.03039153369274151]",37,98
truck driver,"[0.5674803065350231, -0.03039153369274151]",38,99
truck driver,"[0.567480306535023, -0.030391533692741515]",39,100
truck driver,"[0.567480306535023, -0.03039153369274151]",40,101
truck driver,"[0.567480306535023, -0.03039153369274151]",41,102
truck driver,"[0.567480306535023, -0.03039153369274151]",42,103
truck driver,"[0.5674803065350229, -0.03039153369274151]",43,104
truck driver,"[0.567480306535023, -0.03039153369274151]",44,105
truck driver,"[0.567480306535023, -0.03039153369274151]",45,106
critics,"[0.6948083337796516, -0.05051568202827217]",0,61
critics,"[0.6948083337796515, -0.05051568202827217]",1,62
critics,"[0.6948083337796516, -0.05051568202827217]",2,63
critics,"[0.6948083337796516, -0.05051568202827217]",3,64
critics,"[0.6948083337796516, -0.05051568202827217]",4,65
critics,"[0.6948083337796516, -0.05051568202827217]",5,66
critics,"[0.6948083337796516, -0.05051568202827217]",6,67
critics,"[0.6948083337796516, -0.05051568202827216]",7,68
critics,"[0.6948083337796515, -0.050515682028272155]",8,69
critics,"[0.6948083337796515, -0.05051568202827216]",9,70
critics,"[-0.03073651107226722, 0.7009845293191762]",69,130
critics,"[-0.024175473851486193, 0.7009845293191762]",70,131
critics,"[-0.016949152542372867, 0.9999999999999996]",71,132
critics,"[-0.016949152542372867, 0.9999999999999996]",72,133
critics,"[-0.016949152542372867, 0.9999999999999996]",73,134
critics,"[-0.016949152542372864, 0.9999999999999996]",74,135
critics,"[-0.016949152542372864, 0.9999999999999996]",75,136
critics,"[-0.016949152542372867, 0.9999999999999996]",76,137
critics,"[-0.016949152542372867, 0.9999999999999996]",77,138
critics,"[-0.016949152542372864, 0.9999999999999996]",78,139
jair bolsonaro,"[0.620482249978366, -0.023292936426918643]",12,73
jair bolsonaro,"[0.6204822499783659, -0.03322888801774506]",13,74
jair bolsonaro,"[0.6204822499783659, -0.033228888017745054]",14,75
jair bolsonaro,"[0.620482249978366, -0.033228888017745054]",15,76
jair bolsonaro,"[0.620482249978366, -0.033228888017745054]",16,77
jair bolsonaro,"[0.6204822499783659, -0.03322888801774505]",17,78
jair bolsonaro,"[0.6204822499783659, -0.03322888801774505]",18,79
jair bolsonaro,"[0.620482249978366, -0.03322888801774504]",19,80
jair bolsonaro,"[0.620482249978366, -0.03322888801774504]",20,81
jair bolsonaro,"[0.620482249978366, -0.03322888801774503]",21,82
jair bolsonaro,"[0.620482249978366, -0.03322888801774503]",22,83
jair bolsonaro,"[0.6204822499783659, -0.03322888801774503]",23,84
jair bolsonaro,"[0.620482249978366, -0.033228888017745026]",24,85
jair bolsonaro,"[0.620482249978366, -0.033228888017745026]",25,86
jair bolsonaro,"[0.620482249978366, -0.033228888017745026]",26,87
jair bolsonaro,"[0.6204822499783659, -0.03322888801774502]",27,88
jair bolsonaro,"[0.620482249978366, -0.03322888801774502]",28,89
jair bolsonaro,"[0.620482249978366, -0.03322888801774502]",29,90
jair bolsonaro,"[0.620482249978366, -0.03322888801774502]",30,91
jair bolsonaro,"[0.6204822499783659, -0.03322888801774502]",31,92
jair bolsonaro,"[0.620482249978366, -0.03322888801774502]",32,93
jair bolsonaro,"[0.620482249978366, -0.03322888801774502]",33,94
jair bolsonaro,"[0.620482249978366, -0.03322888801774501]",34,95
jair bolsonaro,"[0.6204822499783659, -0.033228888017745026]",35,96
jair bolsonaro,"[0.620482249978366, -0.033228888017745026]",36,97
jair bolsonaro,"[0.6204822499783659, -0.033228888017745026]",37,98
jair bolsonaro,"[0.6204822499783659, -0.03322888801774502]",38,99
jair bolsonaro,"[0.6204822499783658, -0.033228888017745026]",39,100
jair bolsonaro,"[0.6204822499783659, -0.033228888017745026]",40,101
jair bolsonaro,"[0.6204822499783658, -0.033228888017745026]",41,102
jair bolsonaro,"[0.6204822499783658, -0.033228888017745005]",42,103
jair bolsonaro,"[0.6204822499783658, -0.03322888801774501]",43,104
jair bolsonaro,"[0.5606732120242921, -0.040754841755847454]",44,105
jair bolsonaro,"[0.560673212024292, -0.040754841755847454]",45,106
jair bolsonaro,"[0.6249413964591347, -0.03347205459692275]",57,118
boko haram,"[0.620482249978366, -0.02329293642691864]",60,121
boko haram,"[0.6204822499783659, -0.033228888017745054]",61,122
boko haram,"[0.6204822499783659, -0.033228888017745054]",62,123
boko haram,"[0.620482249978366, -0.033228888017745054]",63,124
boko haram,"[0.620482249978366, -0.03322888801774505]",64,125
boko haram,"[0.6204822499783659, -0.03322888801774505]",65,126
boko haram,"[0.6204822499783659, -0.03322888801774505]",66,127
boko haram,"[0.620482249978366, -0.03322888801774504]",67,128
boko haram,"[0.6204822499783661, -0.03322888801774504]",68,129
boko haram,"[0.6204822499783661, -0.03322888801774503]",69,130
boko haram,"[0.6204822499783661, -0.033228888017745026]",70,131
boko haram,"[0.6204822499783661, -0.033228888017745026]",71,132
boko haram,"[0.6204822499783661, -0.03322888801774502]",72,133
boko haram,"[0.6204822499783661, -0.024595948397164075]",73,134
boko haram,"[0.7010887416930995, -0.024595948397164075]",74,135
boko haram,"[0.7010887416930994, -0.024595948397164075]",75,136
boko haram,"[0.7010887416930995, -0.024595948397164075]",76,137
boko haram,"[0.7010887416930995, -0.024595948397164075]",77,138
boko haram,"[0.7010887416930995, -0.024595948397164075]",78,139
boko haram,"[0.7010887416930994, -0.024595948397164082]",79,140
boko haram,"[0.7010887416930995, -0.024595948397164082]",80,141
boko haram,"[0.7010887416930995, -0.024595948397164082]",81,142
boko haram,"[0.7010887416930995, -0.024595948397164082]",82,143
boko haram,"[0.7010887416930994, -0.024595948397164082]",83,144
boko haram,"[0.7010887416930996, -0.024595948397164082]",84,145
boko haram,"[0.7010887416930995, -0.024595948397164082]",85,146
boko haram,"[0.7010887416930995, -0.024595948397164082]",86,147
boko haram,"[0.7010887416930994, -0.024595948397164075]",87,148
boko haram,"[0.7010887416930996, -0.024595948397164075]",88,149
boko haram,"[0.7010887416930995, -0.024595948397164075]",89,150
boko haram,"[0.7010887416930995, -0.024595948397164075]",90,151
boko haram,"[0.7010887416930995, -0.024595948397164075]",91,152
boko haram,"[0.7010887416930996, -0.024595948397164075]",92,153
boko haram,"[0.7010887416930994, -0.024595948397164075]",93,154
boko haram,"[0.7010887416930995, -0.024595948397164075]",94,155
boko haram,"[0.7010887416930994, -0.024595948397164075]",95,156
boko haram,"[0.7010887416930996, -0.024595948397164075]",96,157
boko haram,"[0.7010887416930995, -0.024595948397164075]",97,158
boko haram,"[0.7010887416930996, -0.024595948397164075]",98,159
boko haram,"[0.7010887416930994, -0.024595948397164075]",99,160
boko haram,"[0.7010887416930996, -0.024595948397164075]",100,161
boko haram,"[0.7010887416930995, -0.024595948397164075]",101,162
boko haram,"[0.7010887416930996, -0.024595948397164075]",102,163
boko haram,"[0.7010887416930994, -0.024595948397164082]",103,164
boko haram,"[0.7010887416930995, -0.024595948397164082]",104,165
boko haram,"[0.9999999999999997, -0.017241379310344834]",105,166
boko haram,"[0.9999999999999997, -0.017241379310344834]",106,167
boko haram,"[0.9999999999999994, -0.017241379310344834]",107,168
looters,"[0.9999999999999999, nan]",46,107
looters,"[0.7010887416930994, -0.017241379310344827]",47,108
looters,"[0.7010887416930994, -0.024595948397164086]",48,109
looters,"[0.7010887416930994, -0.024595948397164086]",49,110
looters,"[0.7010887416930995, -0.024595948397164086]",50,111
looters,"[0.5674803065350239, -0.024595948397164082]",51,112
looters,"[0.5674803065350238, -0.03039153369274153]",52,113
looters,"[0.5674803065350237, -0.03039153369274153]",53,114
looters,"[0.5674803065350238, -0.03039153369274153]",54,115
looters,"[0.5674803065350237, -0.03039153369274153]",55,116
looters,"[0.5674803065350236, -0.03039153369274153]",56,117
looters,"[0.5674803065350235, -0.030391533692741522]",57,118
looters,"[0.5674803065350235, -0.030391533692741522]",58,119
looters,"[0.5674803065350233, -0.030391533692741522]",59,120
looters,"[0.5674803065350233, -0.030391533692741522]",60,121
looters,"[0.5674803065350232, -0.030391533692741522]",61,122
looters,"[0.5674803065350233, -0.030391533692741515]",62,123
looters,"[0.5674803065350232, -0.030391533692741515]",63,124
looters,"[0.5674803065350232, -0.030391533692741515]",64,125
looters,"[0.5674803065350231, -0.030391533692741515]",65,126
looters,"[0.5674803065350231, -0.030391533692741515]",66,127
looters,"[0.5674803065350231, -0.030391533692741515]",67,128
looters,"[0.5674803065350231, -0.030391533692741515]",68,129
looters,"[0.567480306535023, -0.030391533692741515]",69,130
looters,"[0.5674803065350231, -0.030391533692741515]",70,131
looters,"[0.567480306535023, -0.030391533692741515]",71,132
looters,"[0.5674803065350231, -0.030391533692741515]",72,133
hunter biden,"[0.9999999999999999, nan]",55,116
hunter biden,"[0.5448768526922784, -0.017241379310344827]",56,117
hunter biden,"[0.5448768526922785, -0.024102053987435076]",57,118
hunter biden,"[0.5448768526922784, -0.024102053987435076]",58,119
hunter biden,"[0.5448768526922786, -0.024102053987435076]",59,120
hunter biden,"[0.5448768526922784, -0.024102053987435076]",60,121
hunter biden,"[0.5448768526922785, -0.024102053987435076]",61,122
hunter biden,"[0.5448768526922784, -0.024102053987435076]",62,123
hunter biden,"[0.5448768526922786, -0.024102053987435076]",63,124
hunter biden,"[0.5448768526922785, -0.024102053987435076]",64,125
hunter biden,"[0.5448768526922786, -0.024102053987435076]",65,126
hunter biden,"[0.5448768526922785, -0.024102053987435076]",66,127
hunter biden,"[0.5448768526922786, -0.024102053987435076]",67,128
hunter biden,"[0.5448768526922787, -0.024102053987435073]",68,129
hunter biden,"[0.5448768526922787, -0.024102053987435073]",69,130
hunter biden,"[0.5448768526922786, -0.024102053987435073]",70,131
hunter biden,"[0.5448768526922787, -0.024102053987435073]",71,132
hunter biden,"[0.5234206122842574, -0.024102053987435073]",72,133
hunter biden,"[0.5042984782126226, -0.02803003938301162]",73,134
hunter biden,"[0.5042984782126225, -0.0317892955827054]",74,135
hunter biden,"[0.5042984782126226, -0.03178929558270541]",75,136
hunter biden,"[0.5042984782126226, -0.03178929558270541]",76,137
hunter biden,"[0.5042984782126226, -0.0317892955827054]",77,138
hunter biden,"[0.5042984782126225, -0.0317892955827054]",78,139
hunter biden,"[0.5042984782126226, -0.0317892955827054]",79,140
hunter biden,"[0.5042984782126226, -0.03178929558270541]",80,141
hunter biden,"[0.5042984782126226, -0.0317892955827054]",81,142
hunter biden,"[0.5042984782126225, -0.03178929558270541]",82,143
hunter biden,"[0.5042984782126227, -0.03178929558270541]",83,144
hunter biden,"[0.5042984782126226, -0.031789295582705414]",84,145
hunter biden,"[0.5042984782126227, -0.031789295582705414]",85,146
hunter biden,"[0.5042984782126226, -0.031789295582705414]",86,147
hunter biden,"[0.5042984782126226, -0.031789295582705414]",87,148
hunter biden,"[0.5042984782126226, -0.031789295582705414]",88,149
hunter biden,"[0.5042984782126226, -0.031789295582705414]",89,150
hunter biden,"[0.5042984782126225, -0.031789295582705414]",90,151
hunter biden,"[0.5042984782126226, -0.031789295582705414]",91,152
hunter biden,"[0.5042984782126226, -0.031789295582705414]",92,153
hunter biden,"[0.5042984782126226, -0.031789295582705414]",93,154
hunter biden,"[0.5042984782126225, -0.031789295582705414]",94,155
hunter biden,"[0.5042984782126226, -0.031789295582705414]",95,156
hunter biden,"[0.5042984782126226, -0.031789295582705414]",96,157
hunter biden,"[0.5042984782126226, -0.031789295582705414]",97,158
chris christie,"[-0.04112740313152183, 0.6638736983106265]",0,61
chris christie,"[-0.04112740313152183, 0.6638736983106265]",1,62
chris christie,"[-0.04112740313152183, 0.6638736983106264]",2,63
liberals,"[-0.029867384554474914, 0.5673086289311762]",27,88
liberals,"[-0.029867384554474935, 0.5673086289311762]",28,89
liberals,"[-0.02986738455447492, 0.5673086289311762]",29,90
liberals,"[-0.029867384554474942, 0.5673086289311762]",30,91
liberals,"[-0.029867384554474914, 0.5673086289311762]",31,92
liberals,"[-0.029867384554474935, 0.5673086289311762]",32,93
liberals,"[-0.02986738455447492, 0.5673086289311762]",33,94
liberals,"[-0.024175473851486197, 0.7009845293191762]",34,95
liberals,"[-0.016949152542372864, 0.9999999999999996]",35,96
liberals,"[-0.016949152542372867, 0.9999999999999996]",36,97
liberals,"[-0.016949152542372867, 0.9999999999999996]",37,98
liberals,"[-0.016949152542372867, 0.9999999999999996]",38,99
liberals,"[-0.016949152542372867, 0.9999999999999996]",39,100
liberals,"[-0.016949152542372867, 0.9999999999999996]",40,101
liberals,"[-0.016949152542372867, 0.9999999999999996]",41,102
liberals,"[-0.016949152542372867, 0.9999999999999996]",42,103
liberals,"[-0.016949152542372867, 0.9999999999999996]",43,104
liberals,"[-0.016949152542372867, 0.9999999999999996]",44,105
liberals,"[-0.016949152542372867, 0.9999999999999996]",45,106
liberals,"[-0.016949152542372864, 0.9999999999999996]",46,107
liberals,"[-0.016949152542372864, 0.9999999999999996]",47,108
liberals,"[-0.016949152542372867, 0.9999999999999996]",48,109
liberals,"[-0.016949152542372867, 0.9999999999999996]",49,110
liberals,"[-0.016949152542372864, 0.9999999999999996]",50,111
shooter,"[0.7010887416930995, -0.01724137931034483]",66,127
shooter,"[0.7010887416930995, -0.024595948397164082]",67,128
shooter,"[0.9999999999999999, -0.017241379310344827]",68,129
shooter,"[0.9999999999999997, -0.017241379310344827]",69,130
shooter,"[1.0, -0.017241379310344827]",70,131
shooter,"[0.9999999999999999, -0.017241379310344827]",71,132
shooter,"[1.0, -0.017241379310344827]",72,133
shooter,"[0.9999999999999997, -0.017241379310344827]",73,134
shooter,"[1.0, -0.017241379310344827]",74,135
shooter,"[1.0, -0.017241379310344827]",75,136
shooter,"[1.0, -0.017241379310344827]",76,137
shooter,"[0.9999999999999998, -0.01724137931034483]",77,138
shooter,"[1.0, -0.01724137931034483]",78,139
shooter,"[1.0, -0.01724137931034483]",79,140
shooter,"[1.0, -0.01724137931034483]",80,141
shooter,"[0.9999999999999996, -0.01724137931034483]",81,142
shooter,"[1.0, -0.01724137931034483]",82,143
shooter,"[1.0, -0.01724137931034483]",83,144
shooter,"[1.0, -0.01724137931034483]",84,145
shooter,"[0.9999999999999996, -0.01724137931034483]",85,146
shooter,"[1.0, -0.017241379310344834]",86,147
shooter,"[1.0, -0.017241379310344834]",87,148
shooter,"[1.0, -0.017241379310344834]",88,149
shooter,"[0.9999999999999997, -0.017241379310344834]",89,150
shooter,"[1.0, -0.017241379310344834]",90,151
shooter,"[0.9999999999999999, -0.017241379310344834]",91,152
shooter,"[1.0, -0.017241379310344834]",92,153
shooter,"[0.9999999999999997, -0.01724137931034483]",93,154
shooter,"[1.0, -0.01724137931034483]",94,155
shooter,"[0.9999999999999998, -0.01724137931034483]",95,156
shooter,"[1.0, -0.01724137931034483]",96,157
shooter,"[0.9999999999999996, -0.01724137931034483]",97,158
shooter,"[0.9999999999999998, -0.01724137931034483]",98,159
shooter,"[0.9999999999999996, -0.01724137931034483]",99,160
shooter,"[0.9999999999999998, -0.01724137931034483]",100,161
shooter,"[0.9999999999999993, -0.01724137931034483]",101,162
shooter,"[0.9999999999999998, -0.01724137931034483]",102,163
shooter,"[0.9999999999999996, -0.01724137931034483]",103,164
shooter,"[0.9999999999999998, -0.01724137931034483]",104,165
shooter,"[0.9999999999999993, -0.01724137931034483]",105,166
shooter,"[0.9999999999999998, -0.01724137931034483]",106,167
shooter,"[0.9999999999999996, -0.01724137931034483]",107,168
germany,"[0.7010887416930995, -0.024595948397164082]",0,61
germany,"[0.7010887416930994, -0.024595948397164082]",1,62
germany,"[0.7010887416930994, -0.024595948397164082]",2,63
germany,"[0.7010887416930994, -0.024595948397164082]",3,64
germany,"[0.7010887416930995, -0.024595948397164082]",4,65
germany,"[0.7010887416930994, -0.024595948397164082]",5,66
germany,"[0.7010887416930994, -0.024595948397164082]",6,67
germany,"[0.7010887416930994, -0.024595948397164082]",7,68
society,"[0.7010887416930994, -0.017241379310344834]",27,88
society,"[0.9999999999999997, -0.017241379310344834]",28,89
society,"[0.9999999999999994, -0.017241379310344834]",29,90
society,"[0.9999999999999997, -0.017241379310344834]",30,91
society,"[0.9999999999999992, nan]",31,92
imran khan,"[-0.02417547385148618, 0.7009845293191765]",101,162
imran khan,"[-0.024175473851486183, 0.7009845293191765]",102,163
imran khan,"[-0.02986738455447494, 0.5673086289311754]",103,164
imran khan,"[-0.02986738455447495, 0.5673086289311755]",104,165
imran khan,"[-0.029867384554474942, 0.7009845293191765]",105,166
imran khan,"[-0.024175473851486197, 0.7009845293191764]",106,167
imran khan,"[-0.02417547385148619, 0.7009845293191763]",107,168
thieves,"[-0.03479445003196106, 0.5673086289311758]",57,118
thieves,"[-0.029867384554474935, 0.5673086289311758]",58,119
thieves,"[-0.029867384554474942, 0.5673086289311758]",59,120
thieves,"[-0.029867384554474935, 0.5673086289311758]",60,121
thieves,"[-0.029867384554474935, 0.7009845293191762]",61,122
thieves,"[-0.024175473851486197, 0.7009845293191762]",62,123
thieves,"[-0.024175473851486197, 0.7009845293191763]",63,124
thieves,"[-0.0241754738514862, 0.7009845293191763]",64,125
thieves,"[-0.0241754738514862, 0.7009845293191763]",65,126
thieves,"[-0.02417547385148619, 0.7009845293191763]",66,127
thieves,"[-0.0241754738514862, 0.7009845293191763]",67,128
thieves,"[-0.024175473851486197, 0.7009845293191763]",68,129
thieves,"[-0.024175473851486197, 0.7009845293191763]",69,130
thieves,"[-0.024175473851486193, 0.7009845293191763]",70,131
thieves,"[-0.024175473851486197, 0.7009845293191763]",71,132
thieves,"[-0.024175473851486193, 0.7009845293191763]",72,133
thieves,"[-0.024175473851486197, 0.7009845293191763]",73,134
thieves,"[-0.02417547385148619, 0.7009845293191763]",74,135
thieves,"[-0.024175473851486204, 0.9999999999999996]",75,136
thieves,"[-0.01694915254237287, 0.9999999999999996]",76,137
thieves,"[-0.01694915254237287, 0.9999999999999996]",77,138
thieves,"[-0.016949152542372867, 0.9999999999999996]",78,139
thieves,"[-0.016949152542372867, 0.9999999999999996]",79,140
thieves,"[-0.016949152542372867, 0.9999999999999996]",80,141
thieves,"[-0.016949152542372867, 0.9999999999999996]",81,142
thieves,"[-0.016949152542372867, 0.9999999999999996]",82,143
thieves,"[-0.016949152542372867, 0.9999999999999996]",83,144
thieves,"[-0.016949152542372867, 0.9999999999999996]",84,145
thieves,"[-0.016949152542372867, 0.9999999999999996]",85,146
thieves,"[-0.016949152542372867, 0.9999999999999996]",86,147
thieves,"[-0.016949152542372867, 0.9999999999999996]",87,148
thieves,"[-0.016949152542372867, 0.9999999999999996]",88,149
thieves,"[-0.016949152542372867, 0.9999999999999996]",89,150
thieves,"[-0.016949152542372867, 0.9999999999999996]",90,151
thieves,"[-0.016949152542372864, 0.9999999999999996]",91,152
thieves,"[-0.016949152542372867, 0.9999999999999996]",92,153
thieves,"[-0.016949152542372867, 0.9999999999999996]",93,154
thieves,"[-0.016949152542372867, 0.9999999999999996]",94,155
thieves,"[-0.016949152542372867, 0.9999999999999996]",95,156
thieves,"[-0.016949152542372867, 0.9999999999999996]",96,157
thieves,"[-0.016949152542372867, 0.9999999999999996]",97,158
thieves,"[-0.016949152542372867, 0.9999999999999996]",98,159
thieves,"[-0.016949152542372867, 0.9999999999999996]",99,160
thieves,"[-0.016949152542372867, 0.9999999999999996]",100,161
thieves,"[-0.016949152542372867, 0.9999999999999996]",101,162
thieves,"[-0.016949152542372864, 0.9999999999999996]",102,163
thieves,"[-0.016949152542372864, 0.9999999999999996]",103,164
thieves,"[-0.016949152542372867, 0.9999999999999996]",104,165
thieves,"[-0.016949152542372867, 0.9999999999999996]",105,166
thieves,"[-0.016949152542372864, 0.9999999999999996]",106,167
brett kavanaugh,"[-0.02417547385148619, 0.7009845293191767]",6,67
brett kavanaugh,"[-0.02807726262279561, 0.7009845293191765]",7,68
michael cohen,"[0.7010887416930994, nan]",16,77
mike pompeo,"[0.7010887416930994, -0.024595948397164082]",104,165
mike pompeo,"[0.7010887416930993, -0.024595948397164082]",105,166
mike pompeo,"[0.7010887416930994, -0.024595948397164082]",106,167
mike pompeo,"[0.7010887416930993, -0.024595948397164082]",107,168
jeffrey epstein,"[-0.016949152542372878, 1.0]",46,107
jeffrey epstein,"[-0.016949152542372878, 1.0]",47,108
jeffrey epstein,"[-0.016949152542372874, 0.9999999999999999]",48,109
jeffrey epstein,"[-0.016949152542372878, 0.9999999999999999]",49,110
jeffrey epstein,"[-0.016949152542372878, 0.9999999999999999]",50,111
jeffrey epstein,"[-0.024175473851486187, 0.9999999999999998]",51,112
jeffrey epstein,"[-0.024175473851486193, 0.7009845293191763]",52,113
jeffrey epstein,"[-0.024175473851486187, 0.7009845293191764]",53,114
jeffrey epstein,"[-0.024175473851486193, 0.7009845293191764]",54,115
jeffrey epstein,"[-0.024175473851486187, 0.7009845293191763]",55,116
jeffrey epstein,"[-0.024175473851486193, 0.7009845293191762]",56,117
jeffrey epstein,"[-0.02417547385148619, 0.7009845293191762]",57,118
jeffrey epstein,"[-0.024175473851486197, 0.7009845293191762]",58,119
jeffrey epstein,"[-0.024175473851486197, 0.7009845293191762]",59,120
jeffrey epstein,"[-0.0241754738514862, 0.7009845293191762]",60,121
jeffrey epstein,"[-0.02417547385148619, 0.7009845293191763]",61,122
jeffrey epstein,"[-0.0241754738514862, 0.7009845293191763]",62,123
jeffrey epstein,"[-0.024175473851486197, 0.7009845293191763]",63,124
jeffrey epstein,"[-0.0241754738514862, 0.7009845293191763]",64,125
jeffrey epstein,"[-0.02417547385148619, 0.7009845293191763]",65,126
jeffrey epstein,"[-0.0241754738514862, 0.7009845293191763]",66,127
jeffrey epstein,"[-0.0241754738514862, 0.7009845293191763]",67,128
jeffrey epstein,"[-0.0241754738514862, 0.7009845293191763]",68,129
jeffrey epstein,"[-0.02417547385148619, 0.7009845293191763]",69,130
jeffrey epstein,"[-0.0241754738514862, 0.7009845293191763]",70,131
jeffrey epstein,"[-0.024175473851486197, 0.7009845293191763]",71,132
jeffrey epstein,"[-0.024175473851486197, 0.7009845293191763]",72,133
jeffrey epstein,"[-0.024175473851486193, 0.7009845293191761]",73,134
jeffrey epstein,"[-0.024175473851486204, 0.7009845293191761]",74,135
jeffrey epstein,"[-0.024175473851486197, 0.7009845293191761]",75,136
jeffrey epstein,"[-0.024175473851486204, 0.7009845293191761]",76,137
jeffrey epstein,"[-0.024175473851486197, 0.7009845293191761]",77,138
jeffrey epstein,"[-0.024175473851486197, 0.7009845293191761]",78,139
jeffrey epstein,"[-0.024175473851486197, 0.7009845293191761]",79,140
jeffrey epstein,"[-0.024175473851486197, 0.7009845293191761]",80,141
jeffrey epstein,"[-0.024175473851486193, 0.7009845293191762]",81,142
jeffrey epstein,"[-0.024175473851486204, 0.7009845293191762]",82,143
jeffrey epstein,"[-0.028077262622795605, 0.7009845293191762]",83,144
hezbollah,"[0.7010887416930995, -0.024595948397164075]",0,61
hezbollah,"[0.7010887416930994, -0.024595948397164075]",1,62
hezbollah,"[0.7010887416930996, -0.024595948397164075]",2,63
hezbollah,"[0.7010887416930996, -0.024595948397164075]",3,64
hezbollah,"[0.7010887416930996, -0.024595948397164075]",4,65
hezbollah,"[0.7010887416930995, -0.024595948397164082]",5,66
hezbollah,"[0.7010887416930996, -0.02459594839716409]",6,67
hezbollah,"[0.7010887416930996, -0.02459594839716409]",7,68
hezbollah,"[0.7010887416930996, -0.02459594839716409]",8,69
hezbollah,"[0.7010887416930995, -0.02459594839716409]",9,70
hezbollah,"[0.7010887416930995, -0.02459594839716409]",10,71
hezbollah,"[0.7010887416930995, -0.02459594839716409]",11,72
hezbollah,"[0.7010887416930995, -0.02459594839716409]",12,73
hezbollah,"[0.7010887416930994, -0.024595948397164082]",13,74
john conyers,"[0.9804576537158629, -0.02035547995505249]",0,61
john conyers,"[0.9804576537158626, -0.020355479955052488]",1,62
john conyers,"[0.9804576537158628, -0.02035547995505249]",2,63
john conyers,"[0.9804576537158628, -0.02035547995505249]",3,64
john conyers,"[0.9804576537158628, -0.02035547995505249]",4,65
john conyers,"[0.9804576537158626, -0.020355479955052484]",5,66
john conyers,"[0.9804576537158627, -0.02035547995505249]",6,67
john conyers,"[0.9804576537158627, -0.02035547995505249]",7,68
john conyers,"[0.9804576537158627, -0.02035547995505249]",8,69
john conyers,"[0.9804576537158625, -0.020355479955052484]",9,70
john conyers,"[0.9804576537158627, -0.020355479955052484]",10,71
john conyers,"[0.9804576537158626, -0.020355479955052484]",11,72
john conyers,"[0.9804576537158627, -0.020355479955052484]",12,73
john conyers,"[0.9804576537158625, -0.020355479955052484]",13,74
john conyers,"[0.9804576537158628, -0.02035547995505249]",14,75
john conyers,"[0.9804576537158627, -0.02035547995505249]",15,76
john conyers,"[0.9804576537158628, -0.02035547995505249]",16,77
john conyers,"[0.9804576537158624, -0.02035547995505249]",17,78
john conyers,"[0.9804576537158627, -0.02035547995505249]",18,79
john conyers,"[0.9804576537158626, -0.02035547995505249]",19,80
john conyers,"[0.9804576537158627, -0.02035547995505249]",20,81
john conyers,"[0.9804576537158622, -0.02035547995505249]",21,82
john conyers,"[0.9804576537158627, -0.02035547995505249]",22,83
john conyers,"[0.9804576537158626, -0.02035547995505249]",23,84
john conyers,"[0.9804576537158627, -0.02035547995505249]",24,85
john conyers,"[0.9804576537158622, -0.020355479955052484]",25,86
john conyers,"[0.9804576537158627, -0.02035547995505249]",26,87
john conyers,"[0.9804576537158626, -0.02035547995505249]",27,88
john conyers,"[0.9804576537158627, -0.02035547995505249]",28,89
john conyers,"[0.9804576537158622, -0.020355479955052484]",29,90
john conyers,"[0.9804576537158622, -0.02035547995505249]",30,91
john conyers,"[0.9804576537158622, -0.02035547995505249]",31,92
john conyers,"[0.9804576537158622, -0.02035547995505249]",32,93
john conyers,"[0.980457653715862, -0.020355479955052484]",33,94
john conyers,"[0.9804576537158622, -0.02035547995505249]",34,95
john conyers,"[0.9804576537158622, -0.02035547995505249]",35,96
john conyers,"[0.9804576537158622, -0.02035547995505249]",36,97
john conyers,"[0.980457653715862, -0.020355479955052484]",37,98
john conyers,"[0.9804576537158622, -0.020355479955052484]",38,99
john conyers,"[0.9804576537158621, -0.020355479955052484]",39,100
john conyers,"[0.9804576537158622, -0.020355479955052484]",40,101
john conyers,"[0.9804576537158619, -0.020355479955052484]",41,102
john conyers,"[0.9804576537158622, -0.020355479955052484]",42,103
john conyers,"[0.9804576537158621, -0.020355479955052484]",43,104
john conyers,"[0.9804576537158622, -0.020355479955052484]",44,105
john conyers,"[0.9804576537158619, nan]",45,106
corruption,"[0.7010887416930995, -0.024595948397164082]",26,87
corruption,"[0.7010887416930995, -0.024595948397164082]",27,88
corruption,"[0.7010887416930995, -0.024595948397164082]",28,89
corruption,"[0.7010887416930994, -0.024595948397164082]",29,90
corruption,"[0.7010887416930995, -0.024595948397164075]",30,91
corruption,"[0.7010887416930995, -0.024595948397164075]",31,92
corruption,"[0.7010887416930995, -0.024595948397164075]",32,93
corruption,"[0.7010887416930994, -0.024595948397164075]",33,94
corruption,"[0.7010887416930995, -0.024595948397164075]",34,95
corruption,"[0.7010887416930994, -0.024595948397164075]",35,96
corruption,"[0.7010887416930995, -0.024595948397164075]",36,97
corruption,"[0.7010887416930993, -0.024595948397164075]",37,98
corruption,"[0.7010887416930995, -0.024595948397164075]",38,99
corruption,"[0.7010887416930994, -0.024595948397164075]",39,100
corruption,"[0.7010887416930995, -0.024595948397164075]",40,101
corruption,"[0.7010887416930993, -0.024595948397164075]",41,102
corruption,"[0.7010887416930995, -0.024595948397164075]",42,103
corruption,"[0.7010887416930994, -0.024595948397164075]",43,104
corruption,"[0.7010887416930995, -0.024595948397164075]",44,105
corruption,"[0.7010887416930993, -0.024595948397164075]",45,106
corruption,"[0.7010887416930994, -0.024595948397164082]",46,107
corruption,"[0.7010887416930994, -0.024595948397164082]",47,108
corruption,"[0.7010887416930994, -0.024595948397164082]",48,109
corruption,"[0.7010887416930993, -0.017241379310344834]",49,110
corruption,"[0.7010887416930995, -0.017241379310344834]",50,111
corruption,"[0.7010887416930995, -0.024595948397164086]",51,112
corruption,"[0.7010887416930995, -0.024595948397164086]",52,113
corruption,"[0.7010887416930994, -0.024595948397164086]",53,114
corruption,"[0.7010887416930995, -0.024595948397164086]",54,115
corruption,"[0.7010887416930994, -0.024595948397164086]",55,116
corruption,"[0.7010887416930995, -0.024595948397164086]",56,117
corruption,"[0.7010887416930994, -0.024595948397164086]",57,118
corruption,"[0.7010887416930995, -0.024595948397164086]",58,119
corruption,"[0.7010887416930994, -0.024595948397164086]",59,120
corruption,"[0.7010887416930995, -0.024595948397164086]",60,121
corruption,"[0.7010887416930994, nan]",61,122
larry nassar,"[0.5606732120242914, 0.25981211619352795]",0,61
larry nassar,"[0.5606732120242918, 0.259812116193528]",1,62
larry nassar,"[0.5606732120242913, 0.259812116193528]",2,63
larry nassar,"[0.5606732120242917, 0.25981211619352806]",3,64
larry nassar,"[0.5606732120242915, 0.25981211619352806]",4,65
larry nassar,"[0.5606732120242919, 0.25981211619352806]",5,66
larry nassar,"[0.5606732120242918, 0.25981211619352806]",6,67
larry nassar,"[0.5606732120242919, 0.259812116193528]",7,68
larry nassar,"[0.5606732120242919, 0.259812116193528]",8,69
larry nassar,"[0.5606732120242919, 0.259812116193528]",9,70
larry nassar,"[-0.024175473851486197, 0.7009845293191762]",50,111
kansas,"[1.0, -0.017241379310344827]",0,61
kansas,"[1.0, -0.017241379310344827]",1,62
kansas,"[1.0, -0.017241379310344827]",2,63
kansas,"[1.0, -0.017241379310344827]",3,64
kansas,"[1.0, -0.017241379310344827]",4,65
kansas,"[1.0, -0.01724137931034483]",5,66
kansas,"[1.0, -0.01724137931034483]",6,67
kansas,"[1.0, -0.01724137931034483]",7,68
kansas,"[1.0, -0.01724137931034483]",8,69
kansas,"[1.0, -0.017241379310344827]",9,70
kansas,"[1.0, -0.017241379310344827]",10,71
kansas,"[1.0, -0.017241379310344827]",11,72
kansas,"[1.0, -0.017241379310344827]",12,73
kansas,"[1.0, -0.01724137931034483]",13,74
kansas,"[1.0, -0.01724137931034483]",14,75
kansas,"[1.0, -0.01724137931034483]",15,76
kansas,"[1.0, -0.01724137931034483]",16,77
kansas,"[1.0, -0.01724137931034483]",17,78
kansas,"[1.0, -0.01724137931034483]",18,79
kansas,"[1.0, -0.01724137931034483]",19,80
kansas,"[1.0, -0.01724137931034483]",20,81
kansas,"[1.0, -0.01724137931034483]",21,82
kansas,"[1.0, -0.017241379310344827]",22,83
kansas,"[1.0, -0.017241379310344827]",23,84
kansas,"[1.0, -0.017241379310344827]",24,85
kansas,"[1.0, -0.017241379310344827]",25,86
kansas,"[1.0, -0.017241379310344827]",26,87
kansas,"[1.0, -0.017241379310344827]",27,88
kansas,"[1.0, -0.017241379310344827]",28,89
kansas,"[1.0, -0.017241379310344827]",29,90
kansas,"[1.0, -0.017241379310344827]",30,91
kansas,"[1.0, -0.017241379310344827]",31,92
kansas,"[1.0, -0.017241379310344827]",32,93
kansas,"[1.0, -0.017241379310344827]",33,94
kansas,"[1.0, -0.017241379310344827]",34,95
kansas,"[1.0, -0.017241379310344827]",35,96
kansas,"[1.0, -0.017241379310344827]",36,97
kansas,"[1.0, -0.017241379310344827]",37,98
kansas,"[1.0, -0.017241379310344827]",38,99
kansas,"[1.0, -0.017241379310344827]",39,100
kansas,"[1.0, -0.017241379310344827]",40,101
kansas,"[1.0, -0.017241379310344827]",41,102
kansas,"[1.0, -0.017241379310344827]",42,103
kansas,"[1.0, -0.017241379310344827]",43,104
kansas,"[1.0, -0.017241379310344827]",44,105
kansas,"[1.0, -0.017241379310344827]",45,106
kansas,"[1.0, -0.017241379310344827]",46,107
kansas,"[1.0, -0.017241379310344827]",47,108
kansas,"[1.0, -0.017241379310344827]",48,109
kansas,"[1.0, -0.017241379310344827]",49,110
kansas,"[1.0, -0.017241379310344827]",50,111
kansas,"[1.0, -0.017241379310344827]",51,112
kansas,"[1.0, -0.017241379310344827]",52,113
kansas,"[1.0, nan]",53,114
tristan thompson,"[0.5674803065350239, -0.03039153369274153]",0,61
tristan thompson,"[0.5674803065350237, -0.03039153369274153]",1,62
tristan thompson,"[0.5674803065350238, -0.03039153369274153]",2,63
tristan thompson,"[0.5674803065350235, -0.03039153369274153]",3,64
tristan thompson,"[0.5674803065350236, -0.03039153369274153]",4,65
tristan thompson,"[0.5674803065350235, -0.030391533692741522]",5,66
tristan thompson,"[0.5674803065350236, -0.030391533692741522]",6,67
tristan thompson,"[0.5674803065350232, -0.030391533692741522]",7,68
tristan thompson,"[0.567480306535023, -0.030391533692741515]",54,115
tristan thompson,"[0.5674803065350229, -0.024595948397164082]",55,116
lebron james,"[0.7010887416930994, -0.024595948397164082]",0,61
lebron james,"[0.7010887416930994, -0.024595948397164082]",1,62
lebron james,"[0.7010887416930994, -0.024595948397164082]",2,63
lebron james,"[0.7010887416930998, -0.024595948397164082]",3,64
lebron james,"[0.7010887416930996, -0.024595948397164086]",4,65
lebron james,"[0.7010887416930996, -0.024595948397164086]",5,66
lebron james,"[0.7010887416930996, -0.024595948397164086]",6,67
lebron james,"[0.7010887416930998, -0.02459594839716408]",7,68
lebron james,"[0.7010887416930996, -0.02459594839716408]",8,69
lebron james,"[0.7010887416930996, -0.02459594839716408]",9,70
lebron james,"[0.7010887416930996, -0.02459594839716408]",10,71
lebron james,"[0.7010887416930998, -0.02459594839716408]",11,72
lebron james,"[0.7010887416930996, -0.024595948397164082]",12,73
lebron james,"[0.7010887416930996, -0.024595948397164082]",13,74
lebron james,"[0.7010887416930996, -0.024595948397164082]",14,75
lebron james,"[0.7010887416930998, -0.02459594839716409]",15,76
lebron james,"[0.7010887416930996, -0.02459594839716409]",16,77
lebron james,"[0.7010887416930996, -0.02459594839716409]",17,78
lebron james,"[0.7010887416930996, -0.02459594839716409]",18,79
lebron james,"[0.7010887416930998, -0.02459594839716409]",19,80
lebron james,"[0.7010887416930998, -0.024595948397164082]",20,81
lebron james,"[0.7010887416930998, -0.024595948397164082]",21,82
lebron james,"[0.7010887416930998, -0.024595948397164082]",22,83
lebron james,"[0.7010887416930998, -0.024595948397164075]",23,84
lebron james,"[0.7010887416930999, -0.024595948397164075]",24,85
lebron james,"[0.7010887416930999, -0.024595948397164075]",25,86
lebron james,"[0.7010887416930999, -0.024595948397164075]",26,87
lebron james,"[0.7010887416931, -0.024595948397164075]",27,88
lebron james,"[0.7010887416930999, -0.024595948397164075]",28,89
lebron james,"[0.7010887416930999, -0.024595948397164075]",29,90
lebron james,"[0.7010887416930999, -0.024595948397164075]",30,91
lebron james,"[0.7010887416930999, -0.024595948397164075]",31,92
lebron james,"[0.7010887416931, -0.024595948397164075]",32,93
lebron james,"[0.7010887416931, -0.024595948397164075]",33,94
lebron james,"[0.7010887416931, -0.024595948397164075]",34,95
lebron james,"[0.7010887416931, -0.024595948397164075]",35,96
lebron james,"[0.7010887416930999, -0.024595948397164075]",36,97
lebron james,"[0.7010887416930999, -0.024595948397164075]",37,98
lebron james,"[0.7010887416930999, -0.024595948397164075]",38,99
lebron james,"[0.7010887416930999, -0.024595948397164082]",39,100
lebron james,"[0.7010887416931, -0.024595948397164086]",40,101
lebron james,"[0.7010887416931, -0.024595948397164086]",41,102
lebron james,"[0.7010887416931, -0.024595948397164086]",42,103
lebron james,"[0.7010887416931, -0.024595948397164086]",43,104
lebron james,"[0.7010887416930999, -0.024595948397164082]",44,105
lebron james,"[0.7010887416930999, -0.024595948397164082]",45,106
lebron james,"[0.7010887416930999, -0.024595948397164082]",46,107
lebron james,"[0.7010887416930999, -0.024595948397164082]",47,108
lebron james,"[0.7010887416931, -0.024595948397164086]",48,109
lebron james,"[0.7010887416931, -0.024595948397164086]",49,110
lebron james,"[0.7010887416931, -0.024595948397164086]",50,111
lebron james,"[0.7010887416931002, -0.024595948397164086]",51,112
lebron james,"[1.0, -0.017241379310344827]",52,113
lebron james,"[1.0, -0.017241379310344827]",53,114
lebron james,"[1.0, -0.017241379310344827]",54,115
lebron james,"[1.0, nan]",55,116
lebron james,"[0.9999999999999999, nan]",68,129
lebron james,"[0.9999999999999999, -0.017241379310344827]",69,130
lebron james,"[0.9999999999999999, -0.017241379310344827]",70,131
lebron james,"[0.9999999999999997, -0.017241379310344827]",71,132
lebron james,"[1.0, -0.017241379310344827]",72,133
lebron james,"[0.9999999999999999, -0.017241379310344827]",73,134
lebron james,"[1.0, -0.017241379310344827]",74,135
lebron james,"[0.9999999999999997, -0.017241379310344827]",75,136
lebron james,"[1.0, -0.017241379310344827]",76,137
lebron james,"[1.0, -0.017241379310344827]",77,138
lebron james,"[1.0, -0.017241379310344827]",78,139
lebron james,"[0.9999999999999998, -0.01724137931034483]",79,140
lebron james,"[1.0, -0.01724137931034483]",80,141
lebron james,"[1.0, -0.01724137931034483]",81,142
lebron james,"[1.0, -0.01724137931034483]",82,143
lebron james,"[0.9999999999999996, -0.01724137931034483]",83,144
lebron james,"[1.0, -0.01724137931034483]",84,145
lebron james,"[1.0, -0.01724137931034483]",85,146
lebron james,"[1.0, -0.01724137931034483]",86,147
lebron james,"[0.9999999999999996, -0.01724137931034483]",87,148
lebron james,"[1.0, -0.017241379310344834]",88,149
lebron james,"[1.0, -0.017241379310344834]",89,150
lebron james,"[1.0, -0.017241379310344834]",90,151
lebron james,"[0.9999999999999997, -0.017241379310344834]",91,152
lebron james,"[1.0, -0.017241379310344834]",92,153
lebron james,"[0.9999999999999999, -0.017241379310344834]",93,154
lebron james,"[1.0, -0.017241379310344834]",94,155
lebron james,"[0.9999999999999997, -0.01724137931034483]",95,156
lebron james,"[1.0, -0.01724137931034483]",96,157
lebron james,"[0.9999999999999998, -0.01724137931034483]",97,158
lebron james,"[1.0, -0.01724137931034483]",98,159
lebron james,"[0.9999999999999996, -0.01724137931034483]",99,160
lebron james,"[0.9999999999999998, -0.01724137931034483]",100,161
lebron james,"[0.9999999999999996, -0.01724137931034483]",101,162
lebron james,"[0.9999999999999998, -0.01724137931034483]",102,163
lebron james,"[0.9999999999999993, -0.01724137931034483]",103,164
lebron james,"[0.9999999999999998, -0.01724137931034483]",104,165
lebron james,"[0.9999999999999996, -0.01724137931034483]",105,166
lebron james,"[0.9999999999999998, -0.01724137931034483]",106,167
lebron james,"[0.9999999999999993, -0.01724137931034483]",107,168
ice,"[0.7010887416930995, -0.024595948397164082]",70,131
ice,"[0.7010887416930994, nan]",71,132
poachers,"[0.9999999999999999, nan]",58,119
poachers,"[0.9999999999999999, -0.017241379310344827]",59,120
poachers,"[0.9999999999999999, -0.017241379310344827]",60,121
poachers,"[0.9999999999999997, -0.017241379310344827]",61,122
poachers,"[1.0, -0.017241379310344827]",62,123
poachers,"[0.9999999999999999, -0.017241379310344827]",63,124
poachers,"[1.0, -0.017241379310344827]",64,125
poachers,"[0.9999999999999997, -0.017241379310344827]",65,126
poachers,"[1.0, -0.017241379310344827]",66,127
poachers,"[1.0, -0.017241379310344827]",67,128
poachers,"[1.0, -0.017241379310344827]",68,129
poachers,"[0.9999999999999998, -0.01724137931034483]",69,130
poachers,"[1.0, -0.01724137931034483]",70,131
poachers,"[1.0, -0.01724137931034483]",71,132
poachers,"[1.0, -0.01724137931034483]",72,133
poachers,"[0.9999999999999996, -0.01724137931034483]",73,134
poachers,"[1.0, -0.01724137931034483]",74,135
poachers,"[1.0, -0.01724137931034483]",75,136
poachers,"[1.0, -0.01724137931034483]",76,137
poachers,"[0.9999999999999996, -0.01724137931034483]",77,138
poachers,"[1.0, -0.017241379310344834]",78,139
poachers,"[1.0, -0.017241379310344834]",79,140
poachers,"[1.0, -0.017241379310344834]",80,141
poachers,"[0.9999999999999997, -0.017241379310344834]",81,142
poachers,"[1.0, -0.017241379310344834]",82,143
poachers,"[0.9999999999999999, -0.017241379310344834]",83,144
poachers,"[1.0, -0.017241379310344834]",84,145
poachers,"[0.9999999999999997, -0.01724137931034483]",85,146
poachers,"[1.0, -0.01724137931034483]",86,147
poachers,"[0.9999999999999998, -0.01724137931034483]",87,148
poachers,"[1.0, -0.01724137931034483]",88,149
poachers,"[0.9999999999999996, -0.01724137931034483]",89,150
poachers,"[0.9999999999999998, -0.01724137931034483]",90,151
poachers,"[0.9999999999999996, -0.01724137931034483]",91,152
poachers,"[0.9999999999999998, -0.01724137931034483]",92,153
poachers,"[0.9999999999999993, -0.01724137931034483]",93,154
poachers,"[0.9999999999999998, -0.01724137931034483]",94,155
poachers,"[0.9999999999999996, -0.01724137931034483]",95,156
poachers,"[0.9999999999999998, -0.01724137931034483]",96,157
poachers,"[0.9999999999999993, -0.01724137931034483]",97,158
poachers,"[0.9999999999999998, -0.01724137931034483]",98,159
poachers,"[0.9999999999999996, -0.01724137931034483]",99,160
poachers,"[0.9999999999999998, -0.01724137931034483]",100,161
poachers,"[0.9999999999999993, -0.01724137931034483]",101,162
poachers,"[0.9999999999999997, -0.017241379310344834]",102,163
poachers,"[0.9999999999999997, -0.017241379310344834]",103,164
poachers,"[0.9999999999999997, -0.017241379310344834]",104,165
poachers,"[0.9999999999999994, -0.017241379310344834]",105,166
poachers,"[0.9999999999999997, -0.017241379310344834]",106,167
poachers,"[0.9999999999999997, -0.017241379310344834]",107,168
scammers,"[0.7010887416930995, nan]",44,105
scammers,"[0.7010887416930995, -0.024595948397164082]",45,106
scammers,"[0.7010887416930995, -0.024595948397164082]",46,107
scammers,"[0.7010887416930994, -0.024595948397164082]",47,108
scammers,"[0.7010887416930996, -0.024595948397164082]",48,109
scammers,"[0.7010887416930995, -0.017241379310344827]",49,110
scammers,"[1.0, -0.017241379310344827]",50,111
scammers,"[0.7010887416930994, -0.017241379310344827]",51,112
scammers,"[0.48275862068965514, 0.7009845293191761]",103,164
scammers,"[-0.016949152542372867, 0.9999999999999996]",104,165
scammers,"[-0.016949152542372867, 0.9999999999999996]",105,166
scammers,"[-0.016949152542372864, 0.9999999999999996]",106,167
scammers,"[-0.016949152542372864, 0.9999999999999996]",107,168
nikolas cruz,"[0.7010887416930995, -0.024595948397164082]",0,61
nikolas cruz,"[0.7010887416930995, -0.024595948397164086]",1,62
nikolas cruz,"[0.7010887416930996, -0.024595948397164086]",2,63
nikolas cruz,"[0.7010887416930995, -0.024595948397164082]",3,64
nikolas cruz,"[0.7010887416930996, -0.02459594839716408]",4,65
nikolas cruz,"[0.7010887416930994, -0.024595948397164075]",5,66
nikolas cruz,"[0.7010887416930994, -0.024595948397164075]",6,67
nikolas cruz,"[0.7010887416930994, -0.024595948397164075]",7,68
nikolas cruz,"[0.7010887416930995, -0.024595948397164075]",8,69
nikolas cruz,"[0.7010887416930995, -0.024595948397164075]",9,70
nikolas cruz,"[0.7010887416930995, -0.024595948397164075]",10,71
nikolas cruz,"[0.7010887416930994, -0.024595948397164082]",11,72
nikolas cruz,"[0.7010887416930995, -0.024595948397164082]",12,73
nikolas cruz,"[0.7010887416930995, -0.024595948397164082]",13,74
nikolas cruz,"[0.7010887416930995, -0.024595948397164082]",14,75
nikolas cruz,"[0.7010887416930994, -0.024595948397164082]",15,76
nikolas cruz,"[0.7010887416930995, -0.024595948397164082]",16,77
nikolas cruz,"[0.7010887416930995, -0.024595948397164082]",17,78
nikolas cruz,"[0.7010887416930995, -0.024595948397164082]",18,79
nikolas cruz,"[0.7010887416930994, -0.024595948397164075]",19,80
jeff bezos,"[-0.024175473851486183, 0.7009845293191765]",6,67
jeff bezos,"[-0.024175473851486183, 0.7009845293191765]",7,68
jeff bezos,"[-0.024175473851486187, 0.7009845293191764]",8,69
jeff bezos,"[-0.024175473851486183, 0.7009845293191764]",9,70
jeff bezos,"[-0.024175473851486193, 0.7009845293191764]",10,71
jeff bezos,"[-0.029867384554474942, 0.7009845293191764]",11,72
jeff bezos,"[-0.02986738455447495, 0.5673086289311756]",12,73
jeff bezos,"[-0.02986738455447494, 0.5673086289311757]",13,74
jeff bezos,"[-0.029867384554474942, 0.5673086289311757]",14,75
jeff bezos,"[-0.029867384554474942, 0.5673086289311757]",15,76
racism,"[-0.024175473851486183, 0.7009845293191765]",50,111
racism,"[-0.024175473851486183, 0.7009845293191767]",51,112
racism,"[-0.024175473851486187, 0.7009845293191767]",52,113
racism,"[-0.02417547385148618, 0.7009845293191764]",53,114
racism,"[-0.024175473851486193, 0.7009845293191764]",54,115
racism,"[-0.024175473851486193, 0.7009845293191764]",55,116
racism,"[-0.024175473851486197, 0.7009845293191763]",56,117
racism,"[-0.024175473851486193, 0.7009845293191763]",57,118
racism,"[-0.0241754738514862, 0.7009845293191763]",58,119
racism,"[-0.024175473851486197, 0.7009845293191763]",59,120
opec+,"[0.26031256272556386, 0.620272576331241]",104,165
opec+,"[0.26031256272556386, 0.560379074142903]",105,166
opec+,"[0.2603125627255638, 0.560379074142903]",106,167
opec+,"[0.2603125627255638, 0.560379074142903]",107,168
hurricane ida,"[1.0, nan]",76,137
hurricane ida,"[1.0, -0.017241379310344827]",77,138
hurricane ida,"[1.0, -0.017241379310344827]",78,139
hurricane ida,"[1.0, -0.017241379310344827]",79,140
hurricane ida,"[1.0, -0.017241379310344827]",80,141
hurricane ida,"[1.0, -0.017241379310344827]",81,142
hurricane ida,"[1.0, -0.017241379310344827]",82,143
hurricane ida,"[1.0, -0.017241379310344827]",83,144
hurricane ida,"[1.0, -0.017241379310344827]",84,145
hurricane ida,"[1.0, -0.017241379310344827]",85,146
hurricane ida,"[1.0, -0.017241379310344827]",86,147
hurricane ida,"[1.0, -0.01724137931034483]",87,148
hurricane ida,"[1.0, -0.01724137931034483]",88,149
hurricane ida,"[1.0, -0.01724137931034483]",89,150
hurricane ida,"[1.0, -0.01724137931034483]",90,151
hurricane ida,"[1.0, -0.01724137931034483]",91,152
hurricane ida,"[1.0, -0.01724137931034483]",92,153
hurricane ida,"[1.0, -0.01724137931034483]",93,154
hurricane ida,"[1.0, -0.01724137931034483]",94,155
hurricane ida,"[1.0, -0.01724137931034483]",95,156
hurricane ida,"[1.0, -0.017241379310344834]",96,157
hurricane ida,"[1.0, -0.017241379310344834]",97,158
hurricane ida,"[1.0, -0.017241379310344834]",98,159
hurricane ida,"[1.0, -0.017241379310344834]",99,160
hurricane ida,"[1.0, -0.017241379310344834]",100,161
hurricane ida,"[1.0, -0.017241379310344834]",101,162
hurricane ida,"[1.0, -0.017241379310344834]",102,163
hurricane ida,"[1.0, -0.01724137931034483]",103,164
hurricane ida,"[1.0, -0.01724137931034483]",104,165
hurricane ida,"[1.0, -0.01724137931034483]",105,166
hurricane ida,"[1.0, -0.01724137931034483]",106,167
hurricane ida,"[1.0, -0.01724137931034483]",107,168
monkeypox,"[-0.024175473851486193, 0.7009845293191767]",96,157
monkeypox,"[0.38341289055807454, 0.5673086289311754]",97,158
obesity,"[-0.016949152542372878, 1.0]",53,114
obesity,"[-0.016949152542372878, 1.0]",54,115
obesity,"[-0.016949152542372874, 0.9999999999999999]",55,116
obesity,"[-0.016949152542372878, 0.9999999999999999]",56,117
obesity,"[-0.016949152542372878, 0.9999999999999999]",57,118
obesity,"[-0.016949152542372878, 0.9999999999999998]",58,119
obesity,"[-0.016949152542372878, 0.9999999999999998]",59,120
obesity,"[-0.016949152542372878, 0.9999999999999998]",60,121
obesity,"[-0.016949152542372878, 0.9999999999999998]",61,122
obesity,"[-0.016949152542372878, 0.9999999999999997]",62,123
obesity,"[-0.016949152542372878, 0.9999999999999997]",63,124
obesity,"[-0.01694915254237287, 0.9999999999999997]",64,125
obesity,"[-0.01694915254237287, 0.9999999999999997]",65,126
obesity,"[-0.01694915254237287, 0.9999999999999997]",66,127
obesity,"[-0.01694915254237287, 0.9999999999999997]",67,128
obesity,"[-0.01694915254237287, 0.9999999999999997]",68,129
obesity,"[-0.01694915254237287, 0.9999999999999997]",69,130
obesity,"[-0.01694915254237287, 0.9999999999999997]",70,131
obesity,"[-0.01694915254237287, 0.9999999999999997]",71,132
obesity,"[-0.01694915254237287, 0.9999999999999997]",72,133
obesity,"[-0.01694915254237287, 0.9999999999999997]",73,134
obesity,"[-0.01694915254237287, 0.9999999999999997]",74,135
obesity,"[-0.016949152542372867, 0.9999999999999997]",75,136
obesity,"[-0.016949152542372867, 0.9999999999999997]",76,137
obesity,"[-0.01694915254237287, 0.9999999999999997]",77,138
obesity,"[-0.01694915254237287, 0.9999999999999997]",78,139
obesity,"[-0.016949152542372867, 0.9999999999999997]",79,140
obesity,"[-0.016949152542372864, 0.9999999999999996]",80,141
obesity,"[-0.01694915254237287, 0.9999999999999996]",81,142
obesity,"[-0.01694915254237287, 0.9999999999999996]",82,143
obesity,"[-0.016949152542372867, 0.9999999999999996]",83,144
obesity,"[-0.016949152542372867, 0.9999999999999996]",84,145
obesity,"[-0.016949152542372867, 0.9999999999999996]",85,146
obesity,"[-0.016949152542372867, 0.9999999999999996]",86,147
obesity,"[-0.016949152542372867, 0.9999999999999996]",87,148
obesity,"[-0.016949152542372867, 0.9999999999999996]",88,149
obesity,"[-0.016949152542372867, 0.9999999999999996]",89,150
obesity,"[-0.016949152542372867, 0.9999999999999996]",90,151
obesity,"[-0.016949152542372867, 0.9999999999999996]",91,152
obesity,"[-0.016949152542372867, 0.9999999999999996]",92,153
obesity,"[-0.016949152542372867, 0.9999999999999996]",93,154
obesity,"[-0.016949152542372867, 0.9999999999999996]",94,155
obesity,"[-0.016949152542372867, 0.9999999999999996]",95,156
obesity,"[-0.016949152542372864, 0.9999999999999996]",96,157
obesity,"[-0.016949152542372867, 0.9999999999999996]",97,158
obesity,"[-0.016949152542372867, 0.9999999999999996]",98,159
obesity,"[-0.016949152542372867, 0.9999999999999996]",99,160
obesity,"[-0.016949152542372867, 0.9999999999999996]",100,161
obesity,"[-0.016949152542372867, 0.9999999999999996]",101,162
obesity,"[-0.016949152542372867, 0.9999999999999996]",102,163
obesity,"[-0.016949152542372867, 0.9999999999999996]",103,164
obesity,"[-0.016949152542372867, 0.9999999999999996]",104,165
obesity,"[-0.016949152542372867, 0.9999999999999996]",105,166
obesity,"[-0.016949152542372867, 0.9999999999999996]",106,167
obesity,"[-0.016949152542372864, 0.9999999999999996]",107,168
conservatives,"[-0.02417547385148619, 0.7009845293191762]",0,61
conservatives,"[-0.02417547385148619, 0.7009845293191762]",1,62
conservatives,"[-0.024175473851486183, 0.7009845293191762]",2,63
conservatives,"[-0.029867384554474918, 0.7009845293191762]",3,64
conservatives,"[-0.02986738455447491, 0.5673086289311761]",4,65
conservatives,"[-0.029867384554474918, 0.5673086289311761]",5,66
conservatives,"[-0.029867384554474907, 0.5673086289311761]",6,67
conservatives,"[-0.02986738455447492, 0.5673086289311761]",7,68
conservatives,"[-0.029867384554474914, 0.5673086289311761]",8,69
conservatives,"[-0.02986738455447492, 0.5673086289311761]",9,70
ralph northam,"[0.9999999999999999, nan]",14,75
ralph northam,"[0.7010887416930996, -0.017241379310344827]",15,76
ralph northam,"[0.7010887416930996, -0.024595948397164086]",16,77
ralph northam,"[0.7010887416930996, -0.024595948397164086]",17,78
ralph northam,"[0.7010887416930994, -0.024595948397164086]",18,79
ralph northam,"[0.7010887416930994, -0.024595948397164082]",19,80
ralph northam,"[0.7010887416930995, -0.024595948397164082]",20,81
ralph northam,"[0.7010887416930996, -0.024595948397164082]",21,82
ralph northam,"[0.7010887416930996, -0.024595948397164082]",22,83
ralph northam,"[0.7010887416930996, -0.024595948397164086]",23,84
ralph northam,"[0.7010887416930996, -0.024595948397164086]",24,85
ralph northam,"[0.7010887416930999, -0.024595948397164082]",25,86
ralph northam,"[0.7010887416930999, -0.02459594839716408]",26,87
ralph northam,"[0.7010887416930996, -0.024595948397164075]",27,88
ralph northam,"[0.7010887416930996, -0.024595948397164075]",28,89
ralph northam,"[0.7010887416930998, -0.024595948397164075]",29,90
ralph northam,"[0.7010887416930998, -0.024595948397164075]",30,91
ralph northam,"[0.7010887416930998, -0.024595948397164075]",31,92
ralph northam,"[0.7010887416930998, -0.024595948397164075]",32,93
ralph northam,"[0.7010887416930998, -0.024595948397164082]",33,94
ralph northam,"[0.7010887416930998, -0.024595948397164082]",34,95
ralph northam,"[0.7010887416930998, -0.024595948397164082]",35,96
ralph northam,"[0.7010887416930998, -0.024595948397164082]",36,97
ralph northam,"[0.7010887416930998, -0.024595948397164082]",37,98
ralph northam,"[0.7010887416930998, -0.024595948397164082]",38,99
ralph northam,"[0.7010887416930998, -0.024595948397164082]",39,100
ralph northam,"[0.7010887416930998, -0.024595948397164082]",40,101
ralph northam,"[0.7010887416930998, -0.024595948397164075]",41,102
ralph northam,"[0.7010887416930999, -0.024595948397164075]",42,103
ralph northam,"[0.7010887416930999, -0.024595948397164075]",43,104
ralph northam,"[0.7010887416930999, -0.024595948397164075]",44,105
ralph northam,"[0.7010887416930999, -0.024595948397164075]",45,106
ralph northam,"[0.7010887416930999, -0.024595948397164075]",46,107
ralph northam,"[0.7010887416930999, -0.024595948397164075]",47,108
ralph northam,"[0.7010887416930999, -0.024595948397164075]",48,109
ralph northam,"[0.7010887416930999, -0.024595948397164075]",49,110
ralph northam,"[0.7010887416931, -0.024595948397164075]",50,111
ralph northam,"[0.7010887416930999, -0.024595948397164075]",51,112
ralph northam,"[0.7010887416930999, -0.024595948397164075]",52,113
ralph northam,"[0.7010887416931, -0.024595948397164075]",53,114
ralph northam,"[0.7010887416931, -0.024595948397164075]",54,115
ralph northam,"[0.7010887416930999, -0.024595948397164075]",55,116
ralph northam,"[0.7010887416930999, -0.024595948397164075]",56,117
ralph northam,"[0.7010887416931, -0.024595948397164075]",57,118
ralph northam,"[0.7010887416931, -0.024595948397164075]",58,119
ralph northam,"[0.7010887416931, -0.024595948397164075]",59,120
ralph northam,"[0.7010887416931, -0.024595948397164075]",60,121
ralph northam,"[0.7010887416931, -0.024595948397164075]",61,122
ralph northam,"[0.7010887416931, -0.024595948397164075]",62,123
ralph northam,"[0.7010887416931, -0.024595948397164075]",63,124
ralph northam,"[0.7010887416931, -0.024595948397164075]",64,125
ralph northam,"[0.7010887416931, -0.024595948397164075]",65,126
ralph northam,"[0.7010887416931, -0.024595948397164075]",66,127
ralph northam,"[0.7010887416931, -0.024595948397164075]",67,128
ralph northam,"[0.7010887416931, -0.024595948397164075]",68,129
ralph northam,"[0.7010887416931002, -0.024595948397164075]",69,130
ralph northam,"[0.7010887416931, -0.024595948397164075]",70,131
ralph northam,"[0.7010887416931, -0.024595948397164075]",71,132
ralph northam,"[0.7010887416931, -0.024595948397164075]",72,133
ralph northam,"[0.7010887416931002, nan]",73,134
john durham,"[-0.02417547385148619, 0.7009845293191767]",103,164
john durham,"[-0.02417547385148619, 0.7009845293191765]",104,165
john durham,"[-0.02417547385148619, 0.7009845293191764]",105,166
john durham,"[-0.024175473851486187, 0.7009845293191764]",106,167
john durham,"[-0.024175473851486193, 0.7009845293191764]",107,168
sam bankman-fried,"[0.9999999999999999, nan]",106,167
sam bankman-fried,"[0.7010887416930994, -0.017241379310344827]",107,168
