donald trump,"[-0.35029181422287403, 0.5123075719471827]",12,32
donald trump,"[-0.569077275691581, 0.5577440016366211]",13,33
donald trump,"[-0.6042140822531753, 0.5577440016366211]",14,34
donald trump,"[-0.5591332688388246, 0.5470410152737536]",15,35
donald trump,"[-0.5304262223566698, 0.5470410152737536]",16,36
donald trump,"[-0.5455326781197758, 0.5182020640146893]",17,37
donald trump,"[-0.5381169928990626, 0.5182020640146894]",18,38
donald trump,"[-0.5178388300148487, 0.5023677333253357]",19,39
donald trump,"[-0.527465773434184, 0.5023677333253359]",20,40
donald trump,"[-0.505813532000407, 0.5492890803352949]",21,41
donald trump,"[0.29559282706355927, 0.6968456467371705]",40,60
donald trump,"[-0.4102907262097505, 0.6580105515285078]",41,61
donald trump,"[-0.41517246099443106, 0.658010551528508]",42,62
donald trump,"[-0.3420160743682315, 0.5846720325080402]",43,63
donald trump,"[-0.29547061106155303, 0.5846720325080402]",44,64
donald trump,"[-0.35163195522681523, 0.6267853871552547]",47,67
donald trump,"[-0.379659685897342, 0.6267853871552548]",48,68
donald trump,"[-0.40295439732972715, 0.6886399492784044]",49,69
donald trump,"[-0.3639118752676452, 0.6886399492784044]",50,70
donald trump,"[-0.4031835132526982, 0.7004866180636365]",51,71
donald trump,"[-0.4351526768323079, 0.7022783851362857]",52,72
donald trump,"[-0.45673181677004476, 0.7693569535971712]",53,73
donald trump,"[-0.48144442466052956, 0.7693569535971712]",54,74
donald trump,"[-0.5148248808818691, 0.7733286566552753]",55,75
donald trump,"[-0.5263855419558492, 0.7697495419340419]",56,76
donald trump,"[-0.5752034645790444, 0.7427019731828773]",57,77
donald trump,"[-0.63924173648663, 0.755439258290468]",58,78
donald trump,"[-0.6465372083311038, 0.7740429348907052]",59,79
donald trump,"[-0.692465725632861, 0.7740429348907052]",60,80
donald trump,"[-0.7389989695462089, 0.7814700070141961]",61,81
donald trump,"[-0.7866155254226159, 0.7814700070141961]",62,82
donald trump,"[-0.7602138212735007, 0.692562375911213]",63,83
donald trump,"[-0.764459921958453, 0.6878999786939277]",64,84
donald trump,"[-0.6956442016771842, 0.6401569657447245]",65,85
donald trump,"[-0.6147927086292877, 0.6401569657447246]",66,86
donald trump,"[-0.5659702254230342, 0.6610681958525353]",67,87
donald trump,"[-0.5022230747192482, 0.6610681958525353]",68,88
donald trump,"[-0.4425077533642178, 0.661237002210824]",69,89
donald trump,"[-0.38431915892987367, 0.661237002210824]",70,90
donald trump,"[-0.32789668941090533, 0.6283875771613188]",71,91
donald trump,"[-0.270616689981166, 0.6283875771613188]",72,92
donald trump,"[-0.21834595017880304, 0.6229569188544979]",73,93
donald trump,"[-0.1769858813452695, 0.6285035107645742]",74,94
donald trump,"[-0.17060415354567246, 0.68769457905454]",75,95
donald trump,"[-0.1390100105819202, 0.68769457905454]",76,96
donald trump,"[-0.0953812855639948, 0.6089622142293597]",77,97
donald trump,"[-0.04660253414449073, 0.6089622142293597]",78,98
donald trump,"[0.0038915208705456615, 0.5434271292248906]",79,99
donald trump,"[0.03990434422338109, 0.5434271292248906]",80,100
donald trump,"[-0.040451991747794534, 0.7271536445602915]",85,105
donald trump,"[-0.09459040508673935, 0.7271536445602914]",86,106
donald trump,"[-0.1275402780831353, 0.8141967691467548]",87,107
donald trump,"[-0.17021104472198598, 0.8141967691467548]",88,108
donald trump,"[-0.20389617997986847, 0.824918433213817]",89,109
donald trump,"[-0.24722609750724658, 0.824918433213817]",90,110
donald trump,"[-0.267691652019375, 0.8231397460047686]",91,111
donald trump,"[-0.23436714364714312, 0.820059578561249]",92,112
donald trump,"[-0.24438378099938926, 0.562807311561214]",93,113
donald trump,"[-0.2309090570143335, 0.5119377913757256]",94,114
donald trump,"[-0.34500976524289684, 0.6401122090968288]",112,132
donald trump,"[-0.4088205539039165, 0.6605303705447184]",113,133
donald trump,"[-0.3580575243969913, 0.7880624214091129]",114,134
donald trump,"[-0.3131370131284864, 0.8029096844911899]",115,135
donald trump,"[-0.4047232183660076, 0.8094527219590014]",116,136
donald trump,"[-0.3714927611648063, 0.6122668008627651]",117,137
donald trump,"[-0.3335923667434432, 0.6122668008627651]",118,138
donald trump,"[-0.31957785368987784, 0.5047309932880691]",119,139
donald trump,"[-0.2606935042160491, 0.5158630874706814]",120,140
covid-19,"[-0.09047962486276932, 0.5351836392779992]",87,107
covid-19,"[-0.1313498148474098, 0.5327262902713308]",88,108
covid-19,"[-0.15448832016724165, 0.5351881794091143]",89,109
covid-19,"[-0.17833548968782534, 0.5351881794091145]",90,110
covid-19,"[-0.1984203271470435, 0.5365960794889602]",91,111
covid-19,"[-0.22688443061169725, 0.53104167926515]",92,112
covid-19,"[-0.6155362546719175, 0.6158195891487719]",101,121
covid-19,"[-0.6300076188413365, 0.6158195891487719]",102,122
covid-19,"[-0.6089616363285865, 0.5859655442353932]",103,123
covid-19,"[-0.5679139649388736, 0.5894182362929827]",104,124
covid-19,"[-0.6081110304894645, 0.5369012958609948]",105,125
covid-19,"[-0.5405092434749802, 0.5220681996131528]",106,126
covid-19,"[-0.5168115244814772, 0.6389924474759113]",112,132
covid-19,"[-0.5875794131483635, 0.6744653104539562]",113,133
covid-19,"[-0.6433464103137344, 0.6816118931217527]",114,134
covid-19,"[-0.6423132304330609, 0.6568325668112683]",115,135
covid-19,"[-0.6400826803390569, 0.660288166291743]",116,136
covid-19,"[-0.6249627105056511, 0.6581468911367169]",117,137
covid-19,"[-0.5807609932081609, 0.6581468911367169]",118,138
covid-19,"[-0.5653255636556711, 0.5160815228767137]",119,139
covid-19,"[-0.5034454634070432, 0.5160815228767138]",120,140
covid-19,"[-0.49084943115328333, 0.5352096853098743]",121,141
covid-19,"[-0.44379116918886724, 0.5204573446500935]",122,142
covid-19,"[-0.39927776357664624, 0.5900258083252453]",125,145
covid-19,"[-0.4308634337639029, 0.5591794723262314]",126,146
covid-19,"[-0.4017950355031556, 0.6214915231614009]",127,147
covid-19,"[-0.34669445385667097, 0.6315673197866352]",128,148
covid-19,"[-0.25563239438495733, 0.7011316521995055]",129,149
covid-19,"[-0.21463745808360216, 0.7011316521995055]",130,150
covid-19,"[-0.11701665270214855, 0.6820308549614101]",131,151
covid-19,"[-0.07936690451574611, 0.6820308549614101]",132,152
covid-19,"[0.5605429769835767, 0.30594963781391904]",136,156
covid-19,"[0.7172695642292176, 0.2335820375719824]",137,157
covid-19,"[0.7904420442888688, 0.23358203757198243]",138,158
covid-19,"[0.7904420442888688, 0.2668849778441292]",139,159
covid-19,"[0.7998920968463749, 0.2874590089825714]",140,160
covid-19,"[0.7499425660458598, 0.3677880867209959]",141,161
covid-19,"[0.7890453678924887, 0.44625596357554476]",142,162
covid-19,"[0.7526695335144891, -0.1232784181803845]",143,163
joe biden,"[-0.08084520834544433, 0.6859943405700353]",87,107
joe biden,"[-0.10206207261596577, 0.6859943405700353]",88,108
joe biden,"[-0.14852213144650114, 0.7905694150420948]",89,109
joe biden,"[-0.17712297710801905, 0.7905694150420949]",90,110
joe biden,"[-0.05935069411866977, 0.7991784102357002]",91,111
joe biden,"[-0.05935069411866978, 0.6888051645745156]",92,112
joe biden,"[-0.10307870550860207, 0.6888051645745156]",93,113
joe biden,"[0.12412156325548754, 0.7071067811865476]",94,114
china,"[-0.1163183671945943, 0.6000991981489792]",7,27
china,"[-0.042562826537937415, 0.6000991981489793]",8,28
china,"[-0.042562826537937415, 0.6470396333157188]",9,29
china,"[-0.14530954842977406, 0.7733602811121824]",10,30
china,"[-0.11510231387903275, 0.9782319760890367]",11,31
china,"[-0.11510231387903275, 0.9782319760890367]",12,32
china,"[-0.11510231387903275, 0.9782319760890367]",13,33
china,"[-0.11510231387903275, 0.9782319760890367]",14,34
china,"[-0.11510231387903275, 0.9782319760890367]",15,35
china,"[-0.14530954842977412, 0.9782319760890367]",16,36
china,"[-0.14504851796323842, 0.9999999999999994]",17,37
china,"[-0.13859178573504738, 0.9999999999999994]",18,38
china,"[-0.14007888143205535, 0.9428090415820634]",19,39
china,"[-0.13859178573504743, 0.9428090415820634]",20,40
china,"[-0.1672016388516151, 0.9441731978881218]",21,41
china,"[-0.16720163885161504, 0.9441731978881218]",22,42
china,"[-0.16720163885161507, 0.9441731978881219]",23,43
china,"[-0.16720163885161501, 0.9441731978881219]",24,44
china,"[-0.16720163885161507, 0.944173197888122]",25,45
china,"[-0.19909103440312353, 0.9441731978881218]",26,46
china,"[-0.1990910344031235, 0.8586188196005623]",27,47
china,"[-0.1990910344031235, 0.858618819600562]",28,48
china,"[-0.19909103440312353, 0.8586188196005624]",29,49
china,"[-0.23052383304200436, 0.858618819600562]",30,50
china,"[-0.2672943905937193, 0.7877263614433759]",31,51
china,"[-0.30407849961956873, 0.7877263614433759]",32,52
china,"[-0.3040784996195688, 0.723428792041433]",33,53
china,"[-0.34195763394000067, 0.723428792041433]",34,54
china,"[-0.35210141981546395, 0.6959410114467586]",35,55
china,"[-0.3399556198020442, 0.6959410114467586]",36,56
china,"[-0.3240570390587533, 0.5783346693404192]",37,57
china,"[-0.30267680430328303, 0.5783346693404192]",38,58
china,"[-0.3057386859869969, 0.5783346693404193]",39,59
china,"[-0.3026768043032829, 0.5783346693404193]",40,60
china,"[-0.3437200312981655, 0.5828965086259651]",41,61
china,"[-0.3437200312981654, 0.5828965086259651]",42,62
china,"[-0.3854671265625349, 0.535625730579254]",43,63
china,"[-0.43040528987292936, 0.535625730579254]",44,64
china,"[-0.38546712656253496, 0.5356257305792539]",45,65
china,"[-0.40148236526981046, 0.5356257305792539]",46,66
china,"[-0.3185074963234918, 0.5921778295067361]",51,71
china,"[-0.35289718433905987, 0.5921778295067363]",52,72
china,"[-0.34946383869764974, 0.5626221100633075]",53,73
china,"[-0.29065546743685833, 0.5626221100633075]",54,74
china,"[-0.26158992069317266, 0.592305702069122]",55,75
china,"[-0.2615899206931726, 0.5617690055391232]",56,76
china,"[-0.2868883928499178, 0.563436169819011]",57,77
china,"[-0.25918568036742357, 0.563436169819011]",58,78
china,"[-0.2666914042888185, 0.5075432194970991]",59,79
china,"[-0.27780884857837235, 0.507543219497099]",60,80
china,"[-0.2421465710202013, 0.5075432194970991]",63,83
china,"[-0.2778088485783723, 0.507543219497099]",64,84
china,"[-0.23046638387921273, 0.6147573977558659]",65,85
china,"[-0.2304663838792128, 0.6147573977558659]",66,86
china,"[-0.2304663838792127, 0.6147573977558659]",67,87
china,"[-0.2304663838792127, 0.6147573977558659]",68,88
china,"[-0.08084520834544433, 0.6859943405700353]",87,107
china,"[-0.11095900821829638, 0.6859943405700353]",88,108
china,"[-0.10512622725455462, 0.9407842506953817]",89,109
china,"[-0.1344722359411692, 0.9407842506953817]",90,110
china,"[-0.1344722359411692, 0.6661723489884949]",91,111
china,"[-0.16166071475324958, 0.6661723489884949]",92,112
china,"[-0.16166071475324958, 0.524034265752584]",93,113
russia,"[-0.2634155559226539, 0.6749192649753566]",11,31
russia,"[-0.2549019607843137, 0.6875]",12,32
russia,"[-0.23302069121418517, 0.6875]",13,33
russia,"[-0.23302069121418517, 0.6874999999999998]",14,34
russia,"[-0.25490196078431376, 0.6875]",15,35
russia,"[-0.23302069121418525, 0.6874999999999999]",16,36
russia,"[-0.25490196078431376, 0.6875]",17,37
russia,"[-0.23302069121418525, 0.6874999999999999]",18,38
russia,"[-0.26196841599779186, 0.6874999999999999]",19,39
russia,"[-0.2330206912141852, 0.6874999999999999]",20,40
russia,"[-0.20100756305184247, 0.5114781589870119]",25,45
russia,"[-0.2510833908306615, 0.5114781589870118]",26,46
russia,"[-0.14078333427523693, 0.6144942175630848]",49,69
russia,"[-0.08663791001045902, 0.6144942175630848]",50,70
russia,"[-0.12070113739631691, 0.5617581620638933]",51,71
russia,"[-0.18507507734101922, 0.5617581620638933]",52,72
government,"[-0.05555555555555555, 0.9999999999999999]",85,105
government,"[-0.05555555555555555, 0.9999999999999998]",86,106
government,"[0.06203228069323139, 0.5525764680597679]",127,147
government,"[0.10352733788962426, 0.5525764680597678]",128,148
vladimir putin,"[0.6871842709362768, -0.0588235294117647]",124,144
vladimir putin,"[0.6871842709362768, -0.08574929257125441]",125,145
vladimir putin,"[0.6871842709362768, -0.08574929257125441]",126,146
vladimir putin,"[0.6871842709362768, -0.08574929257125442]",127,147
vladimir putin,"[0.6871842709362768, -0.08574929257125442]",128,148
vladimir putin,"[0.6871842709362768, -0.08574929257125438]",129,149
vladimir putin,"[0.6871842709362768, -0.08574929257125441]",130,150
vladimir putin,"[0.6871842709362768, -0.08574929257125442]",131,151
vladimir putin,"[0.6871842709362768, -0.08574929257125442]",132,152
vladimir putin,"[0.6589286881605632, -0.15103052333254416]",134,154
vladimir putin,"[0.5620783774901236, -0.13342824940396464]",135,155
hillary clinton,"[0.03912303982179759, 0.5276328614914091]",6,26
hillary clinton,"[0.05786375623578445, 0.5397956190493097]",7,27
hillary clinton,"[0.05786375623578445, 0.5397956190493097]",8,28
hillary clinton,"[0.07624928516630236, 0.6313358105322217]",9,29
hillary clinton,"[-0.19941920640703079, 0.7462025072446365]",10,30
hillary clinton,"[-0.18194871573418356, 0.7591913929124322]",11,31
hillary clinton,"[-0.1819487157341835, 0.7591913929124322]",12,32
hillary clinton,"[-0.16502459049611234, 0.7739572992033208]",13,33
hillary clinton,"[-0.18194871573418356, 0.7739572992033208]",14,34
hillary clinton,"[-0.1543607865358146, 0.9452941770058043]",15,35
hillary clinton,"[-0.1543607865358146, 0.9452941770058043]",16,36
hillary clinton,"[-0.12643043435604348, 0.903542463495214]",17,37
hillary clinton,"[-0.08688100585711447, 0.9035424634952138]",18,38
hillary clinton,"[-0.08688100585711447, 0.903542463495214]",19,39
hillary clinton,"[-0.08688100585711447, 0.9035424634952138]",20,40
villain,"[-0.13043729868748774, 0.5762094850891227]",61,81
villain,"[-0.13043729868748774, 0.5762094850891226]",62,82
villain,"[-0.15961059951726536, 0.6460193808721435]",111,131
villain,"[-0.12643043435604343, 0.6349812749303676]",112,132
villain,"[-0.12643043435604343, 0.5913636636275172]",113,133
villain,"[-0.1264304343560434, 0.5913636636275172]",114,134
villain,"[-0.1264304343560434, 0.5913636636275174]",115,135
villain,"[-0.1264304343560434, 0.5913636636275174]",116,136
united states,"[-0.20498001542269692, 0.570087712549569]",5,25
united states,"[-0.20498001542269692, 0.5700877125495689]",6,26
united states,"[-0.20498001542269692, 0.5700877125495689]",7,27
united states,"[-0.20498001542269695, 0.6614378277661477]",8,28
united states,"[-0.17712297710801903, 0.6614378277661477]",9,29
united states,"[-0.17712297710801903, 0.6614378277661477]",10,30
united states,"[-0.17712297710801903, 0.6614378277661477]",11,31
united states,"[-0.17712297710801903, 0.6614378277661477]",12,32
united states,"[-0.17712297710801903, 0.7905694150420949]",13,33
united states,"[-0.14852213144650112, 0.7905694150420947]",14,34
united states,"[-0.14852213144650112, 0.7905694150420945]",15,35
united states,"[-0.14852213144650112, 0.7905694150420945]",16,36
united states,"[-0.14852213144650112, 0.9999999999999994]",17,37
united states,"[-0.11764705882352938, 0.9999999999999994]",18,38
united states,"[-0.14852213144650114, 0.7905694150420945]",19,39
united states,"[-0.14852213144650112, 0.7905694150420945]",20,40
united states,"[-0.10206207261596578, 0.6859943405700354]",21,41
united states,"[-0.11764705882352938, 0.6859943405700352]",22,42
republican party,"[0.6871842709362768, nan]",94,114
republican party,"[0.6871842709362768, -0.0857492925712544]",95,115
republican party,"[0.6871842709362768, -0.08574929257125441]",96,116
republican party,"[0.6871842709362768, -0.0857492925712544]",97,117
republican party,"[-0.1658369978468346, 0.6187184335382288]",128,148
republican party,"[-0.1658369978468346, 0.6187184335382289]",129,149
republican party,"[-0.1658369978468346, 0.6187184335382289]",130,150
republican party,"[-0.16583699784683462, 0.8477912478906582]",131,151
republican party,"[-0.1385917857350474, 0.8477912478906582]",132,152
republican party,"[-0.09523809523809526, 0.8892972917998877]",133,153
republican party,"[-0.11095900821829638, 0.8892972917998877]",134,154
republican party,"[-0.11095900821829638, 0.5892556509887896]",135,155
republican party,"[-0.14007888143205527, 0.5892556509887896]",136,156
facebook,"[-0.32846934087081536, 0.5303300858899107]",41,61
facebook,"[-0.32846934087081536, 0.5303300858899107]",42,62
facebook,"[-0.32846934087081536, 0.6201736729460423]",43,63
facebook,"[-0.30107373717068564, 0.6201736729460422]",44,64
facebook,"[-0.25051599642100686, 0.8049844718999242]",63,83
facebook,"[-0.2505159964210069, 0.8049844718999242]",64,84
facebook,"[-0.19843823866609062, 0.7144345083117604]",65,85
facebook,"[-0.19107892658954462, 0.7144345083117603]",66,86
facebook,"[-0.13130643285972254, 0.7481290972721263]",67,87
facebook,"[-0.11340230290662859, 0.7481290972721263]",68,88
facebook,"[-0.11340230290662859, 0.8091547798786777]",69,89
facebook,"[-0.09523809523809526, 0.8091547798786777]",70,90
facebook,"[-0.09523809523809522, 0.8091547798786777]",71,91
facebook,"[-0.09523809523809523, 0.8091547798786777]",72,92
facebook,"[-0.09523809523809526, 0.8892972917998878]",73,93
facebook,"[-0.07624928516630233, 0.889297291799888]",74,94
facebook,"[-0.07624928516630235, 0.8892972917998878]",75,95
facebook,"[-0.07624928516630232, 0.8892972917998878]",76,96
facebook,"[-0.07624928516630235, 0.8892972917998878]",77,97
facebook,"[-0.07624928516630233, 0.889297291799888]",78,98
facebook,"[-0.07624928516630235, 0.9999999999999999]",79,99
facebook,"[-0.055555555555555566, 0.9999999999999997]",80,100
facebook,"[0.6871842709362768, -0.08574929257125442]",126,146
facebook,"[0.6871842709362768, -0.08574929257125438]",127,147
facebook,"[0.6871842709362769, nan]",128,148
democratic party,"[-0.05555555555555556, 0.9999999999999999]",29,49
democratic party,"[-0.05555555555555556, 0.9999999999999997]",30,50
democratic party,"[-0.05555555555555555, 0.9999999999999999]",31,51
democratic party,"[-0.05555555555555555, 0.9999999999999999]",32,52
democratic party,"[-0.05555555555555555, 0.9999999999999999]",33,53
democratic party,"[-0.05555555555555555, 0.9999999999999997]",34,54
democratic party,"[-0.05555555555555555, 0.9999999999999999]",35,55
democratic party,"[-0.05555555555555555, 0.9999999999999999]",36,56
democratic party,"[-0.05555555555555555, 0.9999999999999999]",37,57
democratic party,"[-0.055555555555555566, 0.9999999999999997]",38,58
democratic party,"[-0.055555555555555566, 0.9999999999999999]",39,59
democratic party,"[-0.05555555555555555, 0.9999999999999999]",40,60
democratic party,"[-0.05555555555555555, 0.9999999999999999]",41,61
democratic party,"[-0.08084520834544434, 0.9999999999999997]",42,62
democratic party,"[-0.08084520834544433, 0.6859943405700353]",43,63
democratic party,"[-0.08084520834544434, 0.6859943405700353]",44,64
democratic party,"[-0.08084520834544434, 0.6859943405700354]",45,65
democratic party,"[-0.10206207261596578, 0.6859943405700352]",46,66
trump administration,"[-0.34068628719538097, 0.5635445125120264]",63,83
trump administration,"[-0.3571428571428571, 0.5635445125120264]",64,84
trump administration,"[-0.30860669992418377, 0.5635445125120265]",65,85
trump administration,"[-0.3086066999241838, 0.5635445125120264]",66,86
trump administration,"[-0.30860669992418377, 0.5635445125120264]",67,87
trump administration,"[-0.30860669992418377, 0.5635445125120264]",68,88
trump administration,"[-0.30860669992418377, 0.5955500003825582]",69,89
trump administration,"[-0.2777460299317655, 0.5955500003825581]",70,90
trump administration,"[-0.2328971262780446, 0.610170215847752]",71,91
trump administration,"[-0.20776300831933311, 0.610170215847752]",72,92
trump administration,"[-0.2077630083193331, 0.610170215847752]",73,93
trump administration,"[-0.20776300831933314, 0.610170215847752]",74,94
trump administration,"[-0.2077630083193331, 0.6416176055494214]",75,95
trump administration,"[-0.18311477793397837, 0.6416176055494214]",76,96
trump administration,"[-0.18311477793397835, 0.7733602811121825]",77,97
trump administration,"[-0.14530954842977406, 0.7733602811121825]",78,98
trump administration,"[-0.11510231387903275, 0.6859943405700353]",79,99
trump administration,"[-0.08084520834544434, 0.6859943405700352]",80,100
trump administration,"[-0.18981415059132414, 0.5792844463634922]",107,127
trump administration,"[-0.18981415059132412, 0.5792844463634922]",108,128
trump administration,"[-0.1658369978468346, 0.6187184335382289]",109,129
trump administration,"[-0.16583699784683462, 0.6187184335382289]",110,130
trump administration,"[-0.1658369978468346, 0.6187184335382289]",111,131
trump administration,"[-0.16583699784683462, 0.618718433538229]",112,132
trump administration,"[-0.13859178573504738, 0.8477912478906582]",113,133
trump administration,"[-0.13859178573504735, 0.8477912478906582]",114,134
trump administration,"[-0.14007888143205532, 0.5892556509887896]",115,135
trump administration,"[-0.11095900821829638, 0.5892556509887896]",116,136
iran,"[-0.09523809523809522, 0.8091547798786778]",101,121
iran,"[-0.09523809523809525, 0.8091547798786778]",102,122
iran,"[-0.07624928516630233, 0.8892972917998876]",103,123
iran,"[-0.07624928516630232, 0.8892972917998876]",104,124
iran,"[0.19056370538569017, 0.5892556509887896]",105,125
iran,"[0.19056370538569017, 0.51604684654214]",106,126
iran,"[0.1905637053856902, 0.5160468465421398]",107,127
iran,"[0.19056370538569026, 0.5160468465421398]",108,128
iran,"[0.2404111844729754, 0.5892556509887896]",109,129
iran,"[0.24041118447297552, 0.5892556509887896]",110,130
police,"[-0.18750000000000003, 0.6]",23,43
police,"[-0.18750000000000003, 0.5999999999999999]",24,44
police,"[-0.18750000000000003, 0.6460193808721435]",25,45
police,"[-0.19034674690672027, 0.6460193808721434]",26,46
police,"[-0.19034674690672027, 0.5843487097907777]",27,47
police,"[-0.15659205853725425, 0.5843487097907774]",28,48
police,"[-0.15659205853725433, 0.5843487097907776]",29,49
police,"[-0.15659205853725425, 0.5843487097907776]",30,50
police,"[-0.15659205853725425, 0.5843487097907777]",31,51
police,"[-0.15659205853725425, 0.5843487097907775]",32,52
police,"[-0.12643043435604343, 0.5913636636275175]",39,59
police,"[-0.12643043435604348, 0.5913636636275174]",40,60
police,"[-0.1313064328597226, 0.5423261445466405]",105,125
police,"[-0.10206207261596578, 0.5423261445466404]",106,126
police,"[-0.10206207261596575, 0.5423261445466404]",111,131
police,"[-0.10206207261596577, 0.5423261445466404]",112,132
police,"[-0.10206207261596575, 0.5423261445466405]",113,133
police,"[-0.10206207261596577, 0.5423261445466405]",114,134
police,"[-0.08084520834544434, 0.6859943405700353]",127,147
police,"[-0.08084520834544434, 0.6859943405700352]",128,148
climate change,"[-0.08084520834544433, 0.6859943405700353]",47,67
climate change,"[-0.08084520834544433, 0.6859943405700353]",48,68
climate change,"[-0.08084520834544434, 0.6859943405700354]",49,69
climate change,"[-0.08084520834544434, 0.6859943405700354]",50,70
climate change,"[-0.08084520834544434, 0.6859943405700353]",51,71
climate change,"[-0.08084520834544434, 0.6859943405700352]",52,72
climate change,"[-0.08084520834544434, 0.6859943405700354]",53,73
climate change,"[-0.08084520834544434, 0.6859943405700354]",54,74
climate change,"[-0.08084520834544434, 0.6859943405700353]",55,75
climate change,"[-0.08084520834544434, 0.6859943405700352]",56,76
climate change,"[-0.08084520834544434, 0.6859943405700354]",57,77
climate change,"[-0.08084520834544434, 0.6859943405700354]",58,78
fire,"[-0.11340230290662859, 0.5423261445466405]",47,67
fire,"[-0.10206207261596581, 0.5423261445466404]",48,68
fire,"[-0.10206207261596578, 0.5423261445466405]",49,69
fire,"[-0.10206207261596577, 0.5423261445466405]",50,70
fire,"[-0.1217161238900369, 0.5423261445466405]",53,73
fire,"[-0.14852213144650114, 0.5423261445466405]",54,74
suspect,"[-0.05555555555555556, 0.9999999999999999]",25,45
suspect,"[-0.05555555555555556, 0.9999999999999997]",26,46
suspect,"[-0.05555555555555555, 0.9999999999999999]",27,47
suspect,"[-0.05555555555555555, 0.9999999999999999]",28,48
suspect,"[-0.05555555555555555, 0.9999999999999999]",29,49
suspect,"[-0.05555555555555555, 0.9999999999999997]",30,50
suspect,"[-0.05555555555555555, 0.9999999999999999]",31,51
suspect,"[-0.05555555555555555, 0.9999999999999999]",32,52
suspect,"[-0.05555555555555555, 0.9999999999999999]",33,53
suspect,"[-0.055555555555555566, 0.9999999999999997]",34,54
suspect,"[-0.055555555555555566, 0.9999999999999999]",35,55
suspect,"[-0.05555555555555555, 0.9999999999999999]",36,56
suspect,"[-0.05555555555555555, 0.9999999999999999]",37,57
suspect,"[-0.07624928516630236, 0.9999999999999997]",38,58
suspect,"[-0.07624928516630235, 0.8892972917998878]",39,59
suspect,"[-0.07624928516630235, 0.889297291799888]",40,60
virus,"[-0.07363934702807703, 0.9255993933852779]",85,105
virus,"[-0.09760956175298803, 0.9255993933852779]",86,106
virus,"[-0.1657693496982483, 0.5506673236607642]",103,123
virus,"[-0.20620301898704121, 0.5506673236607642]",104,124
virus,"[-0.12643043435604343, 0.5913636636275172]",111,131
virus,"[-0.12643043435604343, 0.5913636636275172]",112,132
virus,"[-0.12643043435604343, 0.5913636636275174]",113,133
virus,"[-0.12643043435604343, 0.5913636636275174]",114,134
virus,"[-0.12643043435604343, 0.5913636636275172]",115,135
virus,"[-0.12643043435604343, 0.5913636636275172]",116,136
virus,"[-0.08688100585711447, 0.9035424634952142]",117,137
virus,"[-0.1264304343560434, 0.9035424634952142]",118,138
virus,"[-0.1264304343560434, 0.6349812749303676]",119,139
virus,"[-0.10401019349846877, 0.6349812749303675]",120,140
virus,"[-0.10401019349846878, 0.6859943405700352]",121,141
virus,"[-0.08084520834544433, 0.6859943405700354]",122,142
virus,"[-0.08084520834544433, 0.685994340570035]",123,143
virus,"[-0.10206207261596575, 0.685994340570035]",124,144
virus,"[-0.10206207261596575, 0.5423261445466404]",125,145
virus,"[-0.10206207261596575, 0.5423261445466405]",126,146
virus,"[-0.10206207261596575, 0.5423261445466404]",127,147
virus,"[-0.10206207261596577, 0.5423261445466404]",128,148
boko haram,"[-0.1020620726159658, 0.5423261445466406]",49,69
boko haram,"[-0.12171612389003691, 0.5423261445466406]",50,70
boko haram,"[-0.10206207261596577, 0.5423261445466406]",51,71
boko haram,"[-0.11340230290662859, 0.5423261445466405]",52,72
boko haram,"[-0.05555555555555556, 0.9999999999999999]",113,133
boko haram,"[-0.05555555555555556, 0.9999999999999997]",114,134
boko haram,"[-0.05555555555555555, 0.9999999999999999]",115,135
boko haram,"[-0.05555555555555555, 0.9999999999999999]",116,136
boko haram,"[-0.05555555555555555, 0.9999999999999999]",117,137
boko haram,"[-0.05555555555555555, 0.9999999999999997]",118,138
boko haram,"[-0.05555555555555555, 0.9999999999999999]",119,139
boko haram,"[-0.05555555555555555, 0.9999999999999999]",120,140
boko haram,"[-0.05555555555555555, 0.9999999999999999]",121,141
boko haram,"[-0.055555555555555566, 0.9999999999999997]",122,142
boko haram,"[-0.055555555555555566, 0.9999999999999999]",123,143
boko haram,"[-0.05555555555555555, 0.9999999999999999]",124,144
boko haram,"[-0.05555555555555555, 0.9999999999999999]",125,145
boko haram,"[-0.055555555555555566, 0.9999999999999997]",126,146
boko haram,"[-0.055555555555555566, 0.9999999999999999]",127,147
boko haram,"[-0.05555555555555555, 0.9999999999999999]",128,148
boko haram,"[-0.05555555555555555, 0.9999999999999999]",129,149
boko haram,"[-0.055555555555555566, 0.9999999999999997]",130,150
google,"[-0.08084520834544433, 0.6859943405700353]",21,41
google,"[-0.11095900821829638, 0.6859943405700353]",22,42
google,"[-0.11095900821829635, 0.5892556509887896]",23,43
google,"[-0.11095900821829639, 0.5892556509887896]",24,44
google,"[-0.11095900821829639, 0.5892556509887895]",25,45
google,"[-0.11095900821829639, 0.5892556509887895]",26,46
google,"[-0.11095900821829634, 0.5892556509887896]",27,47
google,"[-0.13859178573504738, 0.5892556509887897]",28,48
google,"[-0.17496355305594125, 0.6527533657682197]",29,49
google,"[-0.1749635530559413, 0.6527533657682197]",30,50
google,"[-0.17496355305594133, 0.6527533657682195]",31,51
google,"[-0.17496355305594127, 0.6527533657682195]",32,52
google,"[-0.17496355305594127, 0.6527533657682195]",33,53
google,"[-0.17496355305594133, 0.6527533657682195]",34,54
google,"[-0.17496355305594133, 0.8477912478906582]",35,55
google,"[-0.13859178573504735, 0.8477912478906582]",36,56
google,"[-0.13859178573504735, 0.8477912478906581]",37,57
google,"[-0.1385917857350474, 0.8477912478906581]",38,58
google,"[-0.11764705882352938, 0.6859943405700353]",39,59
google,"[-0.08084520834544434, 0.6859943405700353]",40,60
google,"[-0.05555555555555555, 0.9999999999999999]",41,61
google,"[-0.055555555555555566, 0.9999999999999997]",42,62
google,"[-0.055555555555555566, 0.9999999999999999]",43,63
google,"[-0.08084520834544434, 0.9999999999999999]",44,64
google,"[-0.08084520834544434, 0.6859943405700353]",45,65
google,"[-0.08688100585711447, 0.685994340570035]",46,66
israel,"[-0.1151023138790327, 0.5380275868489702]",37,57
israel,"[-0.1151023138790327, 0.5380275868489702]",38,58
israel,"[-0.11510231387903272, 0.5380275868489703]",39,59
israel,"[-0.11510231387903275, 0.5380275868489702]",40,60
israel,"[-0.11510231387903275, 0.8220504592181088]",41,61
israel,"[-0.11510231387903272, 0.5380275868489703]",42,62
israel,"[-0.11510231387903272, 0.5380275868489703]",43,63
israel,"[-0.1356993819095702, 0.5380275868489703]",44,64
israel,"[-0.13569938190957018, 0.5051814855409225]",45,65
israel,"[-0.13569938190957018, 0.5051814855409223]",46,66
israel,"[-0.13569938190957018, 0.5051814855409225]",47,67
israel,"[-0.13569938190957018, 0.5051814855409225]",48,68
israel,"[-0.13569938190957018, 0.5051814855409225]",49,69
israel,"[-0.15629049824118732, 0.5051814855409225]",50,70
israel,"[-0.12643043435604343, 0.5913636636275174]",51,71
israel,"[-0.14852213144650117, 0.5913636636275174]",52,72
israel,"[-0.14852213144650112, 0.5533985905294663]",53,73
israel,"[-0.14852213144650114, 0.5533985905294663]",54,74
nicolás maduro,"[-0.08084520834544434, 0.6859943405700354]",21,41
nicolás maduro,"[-0.08084520834544434, 0.6859943405700354]",22,42
nicolás maduro,"[-0.08084520834544434, 0.6859943405700353]",23,43
nicolás maduro,"[-0.08084520834544434, 0.6859943405700352]",24,44
nicolás maduro,"[-0.08084520834544434, 0.6859943405700354]",25,45
nicolás maduro,"[-0.08084520834544434, 0.6859943405700354]",26,46
nicolás maduro,"[-0.08084520834544434, 0.6859943405700353]",27,47
nicolás maduro,"[-0.08084520834544434, 0.6859943405700352]",28,48
nicolás maduro,"[-0.08084520834544434, 0.9999999999999999]",29,49
nicolás maduro,"[-0.05555555555555555, 0.9999999999999999]",30,50
nicolás maduro,"[-0.05555555555555555, 0.9999999999999999]",31,51
nicolás maduro,"[-0.055555555555555566, 0.9999999999999997]",32,52
nicolás maduro,"[-0.055555555555555566, 0.9999999999999999]",33,53
nicolás maduro,"[-0.08084520834544434, 0.9999999999999999]",34,54
nicolás maduro,"[-0.08084520834544434, 0.6859943405700353]",35,55
nicolás maduro,"[-0.08084520834544434, 0.685994340570035]",36,56
nicolás maduro,"[-0.106074304556764, 0.6484664555997911]",61,81
nicolás maduro,"[-0.10607430455676402, 0.6484664555997911]",62,82
nicolás maduro,"[-0.1249219481659769, 0.5856783548715023]",63,83
nicolás maduro,"[-0.12492194816597689, 0.5856783548715023]",64,84
nicolás maduro,"[-0.12492194816597692, 0.598089167121675]",65,85
nicolás maduro,"[-0.11242975334937923, 0.5980891671216749]",66,86
nicolás maduro,"[-0.11242975334937923, 0.598089167121675]",67,87
nicolás maduro,"[-0.11242975334937923, 0.598089167121675]",68,88
nicolás maduro,"[-0.11242975334937923, 0.598089167121675]",69,89
nicolás maduro,"[-0.11242975334937923, 0.5980891671216749]",70,90
nicolás maduro,"[-0.11242975334937923, 0.598089167121675]",71,91
nicolás maduro,"[-0.11242975334937923, 0.598089167121675]",72,92
nicolás maduro,"[-0.11242975334937923, 0.598089167121675]",73,93
nicolás maduro,"[-0.11242975334937923, 0.5980891671216749]",74,94
nicolás maduro,"[-0.11242975334937923, 0.6123000982747526]",75,95
nicolás maduro,"[-0.10021947040037721, 0.6123000982747525]",76,96
nicolás maduro,"[-0.10021947040037721, 0.8220504592181088]",77,97
nicolás maduro,"[-0.07909649964604161, 0.8220504592181087]",78,98
weather,"[0.687184270936277, nan]",0,20
weather,"[-0.07624928516630235, 0.8892972917998876]",29,49
weather,"[-0.07624928516630235, 0.8892972917998875]",30,50
weather,"[-0.07624928516630233, 0.8892972917998876]",31,51
weather,"[-0.07624928516630232, 0.8892972917998876]",32,52
weather,"[-0.07624928516630232, 0.8892972917998876]",33,53
weather,"[-0.09753428933010881, 0.8892972917998875]",34,54
weather,"[-0.09753428933010881, 0.6423577224086272]",35,55
weather,"[-0.09753428933010881, 0.6423577224086272]",36,56
weather,"[-0.09753428933010881, 0.6423577224086272]",37,57
weather,"[-0.09753428933010881, 0.642357722408627]",38,58
weather,"[-0.09753428933010884, 0.6423577224086271]",39,59
weather,"[-0.09753428933010883, 0.642357722408627]",40,60
weather,"[-0.08084520834544434, 0.6859943405700354]",41,61
weather,"[-0.08084520834544434, 0.6859943405700352]",42,62
weather,"[-0.08084520834544434, 0.6859943405700354]",43,63
weather,"[-0.08084520834544434, 0.6859943405700353]",44,64
weather,"[-0.08084520834544434, 0.6859943405700353]",45,65
weather,"[-0.09753428933010883, 0.6859943405700352]",46,66
weather,"[-0.08084520834544433, 0.6859943405700353]",55,75
weather,"[-0.08084520834544433, 0.6859943405700352]",56,76
weather,"[-0.08084520834544433, 0.6859943405700354]",57,77
weather,"[-0.10206207261596577, 0.6859943405700354]",58,78
weather,"[-0.10206207261596577, 0.5423261445466405]",59,79
weather,"[-0.10206207261596577, 0.5423261445466404]",60,80
weather,"[-0.10206207261596577, 0.5423261445466405]",61,81
weather,"[-0.10206207261596577, 0.5423261445466405]",62,82
weather,"[-0.10206207261596577, 0.5423261445466405]",63,83
weather,"[-0.12171612389003691, 0.5423261445466404]",64,84
weather,"[-0.10206207261596578, 0.5423261445466405]",65,85
weather,"[-0.10206207261596578, 0.5423261445466405]",66,86
weather,"[-0.10206207261596577, 0.5423261445466405]",67,87
weather,"[-0.10206207261596578, 0.5423261445466404]",68,88
weather,"[-0.1020620726159658, 0.5423261445466405]",69,89
weather,"[-0.10206207261596578, 0.5423261445466405]",70,90
weather,"[-0.10206207261596578, 0.5423261445466405]",71,91
weather,"[-0.10206207261596578, 0.5423261445466404]",72,92
weather,"[0.6871842709362768, -0.0588235294117647]",105,125
weather,"[0.6871842709362768, -0.08574929257125441]",106,126
weather,"[0.6871842709362768, -0.08574929257125442]",107,127
weather,"[0.6871842709362768, -0.08574929257125442]",108,128
weather,"[0.6871842709362768, -0.08574929257125442]",109,129
weather,"[0.6871842709362768, -0.0857492925712544]",110,130
weather,"[0.6871842709362768, -0.08574929257125442]",111,131
weather,"[0.6871842709362768, -0.08574929257125442]",112,132
weather,"[0.6871842709362768, -0.08574929257125442]",113,133
weather,"[0.6871842709362768, -0.08574929257125438]",114,134
weather,"[0.6871842709362769, -0.0857492925712544]",115,135
weather,"[0.6871842709362768, -0.0857492925712544]",116,136
weather,"[0.6871842709362768, -0.0857492925712544]",117,137
weather,"[0.6871842709362768, -0.08574929257125438]",118,138
weather,"[0.6871842709362768, -0.08574929257125442]",121,141
weather,"[0.6871842709362768, -0.08574929257125441]",122,142
weather,"[0.6871842709362769, -0.05882352941176469]",123,143
hackers,"[-0.17712297710801903, 0.6614378277661478]",15,35
hackers,"[-0.22360679774997896, 0.6614378277661478]",16,36
hackers,"[-0.223606797749979, 0.5999999999999999]",17,37
hackers,"[-0.18749999999999997, 0.5999999999999999]",18,38
apple,"[-0.10206207261596577, 0.6859943405700354]",0,20
apple,"[-0.13130643285972254, 0.6984302957695782]",1,21
apple,"[-0.15659205853725425, 0.6984302957695782]",2,22
apple,"[-0.15659205853725425, 0.5843487097907776]",3,23
apple,"[-0.15659205853725425, 0.5843487097907776]",4,24
apple,"[-0.15659205853725425, 0.5843487097907776]",5,25
apple,"[-0.15659205853725425, 0.5843487097907774]",6,26
apple,"[-0.10206207261596577, 0.5423261445466405]",35,55
apple,"[-0.10206207261596577, 0.5423261445466405]",36,56
apple,"[-0.10206207261596577, 0.5423261445466405]",37,57
apple,"[-0.10206207261596578, 0.5423261445466404]",38,58
apple,"[-0.10206207261596578, 0.5423261445466405]",39,59
apple,"[-0.10206207261596578, 0.5423261445466405]",40,60
apple,"[-0.10206207261596578, 0.5423261445466405]",41,61
apple,"[-0.1020620726159658, 0.5423261445466404]",42,62
apple,"[-0.12171612389003691, 0.5423261445466406]",43,63
apple,"[-0.10206207261596577, 0.5423261445466406]",44,64
apple,"[-0.10206207261596578, 0.5423261445466406]",45,65
apple,"[-0.1020620726159658, 0.5423261445466405]",46,66
fbi,"[0.5776508941874459, -0.12126781251816648]",0,20
fbi,"[0.5776508941874458, -0.13908504812496067]",1,21
fbi,"[0.5776508941874458, -0.13908504812496067]",2,22
fbi,"[0.607789741118069, -0.12126781251816648]",3,23
fbi,"[0.6077897411180692, nan]",4,24
fbi,"[-0.05555555555555556, 0.9999999999999999]",23,43
fbi,"[-0.05555555555555556, 0.9999999999999997]",24,44
fbi,"[-0.05555555555555555, 0.9999999999999999]",25,45
fbi,"[-0.05555555555555555, 0.9999999999999999]",26,46
fbi,"[-0.05555555555555555, 0.9999999999999999]",27,47
fbi,"[-0.05555555555555555, 0.9999999999999997]",28,48
fbi,"[-0.05555555555555555, 0.9999999999999999]",29,49
fbi,"[-0.05555555555555555, 0.9999999999999999]",30,50
fbi,"[-0.05555555555555555, 0.9999999999999999]",31,51
fbi,"[-0.055555555555555566, 0.9999999999999997]",32,52
fbi,"[-0.055555555555555566, 0.9999999999999999]",33,53
fbi,"[-0.05555555555555555, 0.9999999999999999]",34,54
fbi,"[-0.05555555555555555, 0.9999999999999999]",35,55
fbi,"[-0.055555555555555566, 0.9999999999999997]",36,56
fbi,"[-0.055555555555555566, 0.9999999999999999]",37,57
fbi,"[-0.05555555555555555, 0.9999999999999999]",38,58
fbi,"[-0.05555555555555555, 0.9999999999999999]",39,59
fbi,"[-0.055555555555555566, 0.9999999999999997]",40,60
fbi,"[-0.05555555555555556, 0.9999999999999999]",111,131
fbi,"[-0.05555555555555556, 0.9999999999999997]",112,132
fbi,"[-0.05555555555555555, 0.9999999999999999]",113,133
fbi,"[-0.05555555555555555, 0.9999999999999999]",114,134
fbi,"[-0.05555555555555555, 0.9999999999999999]",115,135
fbi,"[-0.05555555555555555, 0.9999999999999997]",116,136
fbi,"[-0.05555555555555555, 0.9999999999999999]",117,137
fbi,"[-0.05555555555555555, 0.9999999999999999]",118,138
fbi,"[-0.05555555555555555, 0.9999999999999999]",119,139
fbi,"[-0.055555555555555566, 0.9999999999999997]",120,140
fbi,"[-0.055555555555555566, 0.9999999999999999]",121,141
fbi,"[-0.05555555555555555, 0.9999999999999999]",122,142
fbi,"[-0.08084520834544434, 0.9999999999999999]",123,143
fbi,"[-0.1176470588235294, 0.9999999999999994]",124,144
fbi,"[-0.1176470588235294, 0.9999999999999994]",125,145
fbi,"[-0.11764705882352941, 0.9999999999999998]",126,146
fbi,"[-0.11764705882352938, 0.9999999999999996]",127,147
fbi,"[-0.11764705882352938, 0.9999999999999996]",128,148
fbi,"[-0.08084520834544434, 0.9999999999999997]",129,149
fbi,"[-0.05555555555555555, 0.9999999999999999]",130,150
fbi,"[-0.05555555555555555, 0.9999999999999999]",131,151
fbi,"[-0.05555555555555555, 0.9999999999999999]",132,152
fbi,"[-0.055555555555555566, 0.9999999999999997]",133,153
fbi,"[-0.055555555555555566, 0.9999999999999999]",134,154
fbi,"[-0.05555555555555555, 0.9999999999999999]",135,155
fbi,"[-0.05555555555555555, 0.9999999999999999]",136,156
fbi,"[-0.055555555555555566, 0.9999999999999997]",137,157
fbi,"[-0.055555555555555566, 0.9999999999999999]",138,158
fbi,"[-0.05555555555555555, 0.9999999999999999]",139,159
fbi,"[-0.08084520834544434, 0.9999999999999999]",140,160
fbi,"[-0.10206207261596578, 0.685994340570035]",141,161
uk,"[-0.05555555555555556, 0.9999999999999999]",87,107
uk,"[-0.08084520834544433, 0.9999999999999997]",88,108
uk,"[-0.08084520834544433, 0.6859943405700354]",89,109
uk,"[-0.08084520834544434, 0.6859943405700354]",90,110
uk,"[-0.08084520834544434, 0.6859943405700354]",91,111
uk,"[-0.08084520834544434, 0.6859943405700353]",92,112
uk,"[-0.10206207261596578, 0.6859943405700354]",93,113
uk,"[-0.10206207261596577, 0.5423261445466404]",94,114
uk,"[-0.10206207261596577, 0.5423261445466405]",95,115
uk,"[-0.10206207261596577, 0.5423261445466404]",96,116
uk,"[-0.10206207261596581, 0.5423261445466406]",97,117
uk,"[-0.10206207261596578, 0.5423261445466406]",98,118
uk,"[-0.10206207261596578, 0.5423261445466406]",99,119
uk,"[-0.10206207261596578, 0.5423261445466405]",100,120
uk,"[-0.10206207261596581, 0.5423261445466406]",101,121
uk,"[-0.10206207261596578, 0.5423261445466406]",102,122
uk,"[-0.08084520834544433, 0.6859943405700352]",115,135
uk,"[-0.08084520834544433, 0.685994340570035]",116,136
uk,"[-0.08084520834544434, 0.6859943405700354]",117,137
uk,"[-0.08084520834544434, 0.6859943405700354]",118,138
uk,"[-0.08084520834544434, 0.6859943405700353]",119,139
uk,"[-0.08084520834544434, 0.6859943405700352]",120,140
uk,"[-0.08084520834544434, 0.9999999999999999]",121,141
uk,"[-0.05555555555555555, 0.9999999999999999]",122,142
uk,"[-0.05555555555555555, 0.9999999999999999]",123,143
uk,"[-0.055555555555555566, 0.9999999999999997]",124,144
uk,"[-0.055555555555555566, 0.9999999999999999]",125,145
uk,"[-0.05555555555555555, 0.9999999999999999]",126,146
uk,"[-0.05555555555555555, 0.9999999999999999]",127,147
uk,"[-0.055555555555555566, 0.9999999999999997]",128,148
uk,"[-0.055555555555555566, 0.9999999999999999]",129,149
uk,"[-0.05555555555555555, 0.9999999999999999]",130,150
uk,"[-0.05555555555555555, 0.9999999999999999]",131,151
uk,"[-0.055555555555555566, 0.9999999999999997]",132,152
bernie sanders,"[0.40625000000000006, 0.6]",0,20
bernie sanders,"[0.446909678648343, 0.5913636636275174]",1,21
bernie sanders,"[-0.05555555555555556, 0.9999999999999999]",91,111
bernie sanders,"[-0.05555555555555556, 0.9999999999999997]",92,112
bernie sanders,"[-0.05555555555555555, 0.9999999999999999]",93,113
bernie sanders,"[-0.05555555555555555, 0.9999999999999999]",94,114
bernie sanders,"[-0.05555555555555555, 0.9999999999999999]",95,115
bernie sanders,"[-0.05555555555555555, 0.9999999999999997]",96,116
bernie sanders,"[-0.05555555555555555, 0.9999999999999999]",97,117
bernie sanders,"[-0.05555555555555555, 0.9999999999999999]",98,118
xi jinping,"[-0.05555555555555555, 0.9999999999999999]",0,20
xi jinping,"[-0.05555555555555555, 0.9999999999999999]",1,21
xi jinping,"[-0.055555555555555566, 0.9999999999999997]",2,22
xi jinping,"[0.5443310539518174, -0.08574929257125441]",123,143
benjamin netanyahu,"[-0.08084520834544433, 0.6859943405700353]",37,57
benjamin netanyahu,"[-0.08084520834544433, 0.6859943405700353]",38,58
benjamin netanyahu,"[-0.08084520834544434, 0.6859943405700354]",39,59
benjamin netanyahu,"[-0.08084520834544434, 0.6859943405700354]",40,60
benjamin netanyahu,"[-0.08084520834544434, 0.6859943405700354]",41,61
benjamin netanyahu,"[-0.08084520834544434, 0.6859943405700353]",42,62
benjamin netanyahu,"[-0.08084520834544434, 0.6859943405700354]",43,63
benjamin netanyahu,"[-0.08084520834544434, 0.6859943405700354]",44,64
benjamin netanyahu,"[-0.08084520834544434, 0.6859943405700354]",45,65
benjamin netanyahu,"[-0.08084520834544434, 0.6859943405700352]",46,66
benjamin netanyahu,"[-0.08084520834544434, 0.6859943405700353]",47,67
benjamin netanyahu,"[-0.08084520834544434, 0.6859943405700353]",48,68
benjamin netanyahu,"[-0.08084520834544434, 0.6859943405700353]",49,69
benjamin netanyahu,"[-0.08084520834544434, 0.6859943405700352]",50,70
benjamin netanyahu,"[-0.08084520834544434, 0.6859943405700353]",51,71
benjamin netanyahu,"[-0.08084520834544434, 0.6859943405700353]",52,72
benjamin netanyahu,"[-0.08084520834544434, 0.9999999999999999]",53,73
benjamin netanyahu,"[-0.08084520834544434, 0.9999999999999997]",54,74
daesh,"[-0.08084520834544433, 0.6859943405700353]",11,31
daesh,"[-0.08084520834544433, 0.6859943405700352]",12,32
daesh,"[-0.08084520834544433, 0.6859943405700354]",13,33
daesh,"[-0.10206207261596577, 0.6859943405700354]",14,34
daesh,"[-0.14007888143205535, 0.74535599249993]",15,35
daesh,"[-0.15564320159117256, 0.7453559924999302]",16,36
driver,"[-0.08084520834544434, 0.6859943405700354]",0,20
driver,"[-0.08084520834544434, 0.6859943405700353]",1,21
driver,"[-0.08084520834544434, 0.6859943405700352]",2,22
driver,"[-0.08084520834544434, 0.6859943405700354]",3,23
driver,"[-0.08084520834544434, 0.6859943405700354]",4,24
driver,"[-0.08084520834544434, 0.6859943405700353]",5,25
driver,"[-0.08084520834544434, 0.6859943405700352]",6,26
cancer,"[-0.10206207261596577, 0.5423261445466404]",37,57
cancer,"[-0.10206207261596577, 0.5423261445466404]",38,58
cancer,"[-0.10206207261596577, 0.5423261445466405]",39,59
cancer,"[-0.10206207261596577, 0.5423261445466405]",40,60
cancer,"[-0.10206207261596577, 0.5423261445466405]",41,61
cancer,"[-0.10206207261596577, 0.5423261445466404]",42,62
cancer,"[-0.10206207261596577, 0.5423261445466405]",43,63
cancer,"[-0.10206207261596577, 0.5423261445466405]",44,64
cancer,"[-0.12171612389003691, 0.5423261445466404]",45,65
cancer,"[-0.10206207261596578, 0.5423261445466403]",46,66
cancer,"[-0.1217161238900369, 0.5423261445466405]",51,71
cancer,"[-0.10206207261596577, 0.5423261445466405]",52,72
cancer,"[-0.10206207261596578, 0.5423261445466405]",53,73
cancer,"[-0.1020620726159658, 0.5423261445466404]",54,74
terrorists,"[-0.08084520834544434, 0.6859943405700354]",43,63
terrorists,"[-0.08084520834544434, 0.6859943405700353]",44,64
terrorists,"[-0.08084520834544434, 0.9999999999999999]",45,65
terrorists,"[-0.05555555555555555, 0.9999999999999997]",46,66
terrorists,"[-0.05555555555555555, 0.9999999999999999]",47,67
terrorists,"[-0.05555555555555555, 0.9999999999999999]",48,68
terrorists,"[-0.05555555555555555, 0.9999999999999999]",49,69
terrorists,"[-0.055555555555555566, 0.9999999999999997]",50,70
terrorists,"[-0.055555555555555566, 0.9999999999999999]",51,71
terrorists,"[-0.05555555555555555, 0.9999999999999999]",52,72
terrorists,"[-0.05555555555555555, 0.9999999999999999]",53,73
terrorists,"[-0.055555555555555566, 0.9999999999999997]",54,74
terrorists,"[-0.055555555555555566, 0.9999999999999999]",55,75
terrorists,"[-0.05555555555555555, 0.9999999999999999]",56,76
terrorists,"[-0.08084520834544434, 0.6859943405700353]",57,77
terrorists,"[-0.08084520834544433, 0.685994340570035]",58,78
media,"[-0.08084520834544434, 0.6859943405700354]",103,123
media,"[-0.08084520834544434, 0.6859943405700354]",104,124
media,"[-0.08084520834544434, 0.6859943405700354]",105,125
media,"[-0.08084520834544434, 0.6859943405700352]",106,126
media,"[-0.08084520834544434, 0.6859943405700353]",107,127
media,"[-0.08084520834544434, 0.6859943405700353]",108,128
media,"[-0.08084520834544434, 0.6859943405700353]",109,129
media,"[-0.08084520834544434, 0.6859943405700352]",110,130
media,"[-0.08084520834544434, 0.6859943405700353]",111,131
media,"[-0.08084520834544434, 0.6859943405700353]",112,132
media,"[-0.05555555555555555, 0.9999999999999999]",113,133
media,"[-0.055555555555555566, 0.9999999999999997]",114,134
new york times,"[-0.10206207261596577, 0.5423261445466405]",55,75
new york times,"[-0.10206207261596577, 0.5423261445466404]",56,76
new york times,"[-0.10206207261596578, 0.5423261445466405]",57,77
new york times,"[-0.10206207261596578, 0.5423261445466405]",58,78
new york times,"[-0.10206207261596577, 0.5423261445466405]",59,79
new york times,"[-0.12171612389003691, 0.5423261445466404]",60,80
derek chauvin,"[0.6871842709362768, -0.0857492925712544]",107,127
derek chauvin,"[0.6871842709362768, -0.0857492925712544]",108,128
derek chauvin,"[0.8488746876271654, -0.12499999999999999]",109,129
derek chauvin,"[0.8488746876271654, -0.14744195615489714]",110,130
derek chauvin,"[0.9431515698555192, -0.11785113019775793]",111,131
derek chauvin,"[0.9431515698555193, -0.11785113019775795]",112,132
derek chauvin,"[0.9431515698555193, -0.11785113019775795]",113,133
derek chauvin,"[0.9431515698555191, -0.11785113019775795]",114,134
derek chauvin,"[0.9431515698555193, -0.11785113019775795]",115,135
derek chauvin,"[0.9431515698555193, -0.11785113019775792]",116,136
suspects,"[-0.05555555555555556, 0.9999999999999999]",57,77
suspects,"[-0.05555555555555556, 0.9999999999999997]",58,78
suspects,"[-0.05555555555555555, 0.9999999999999999]",59,79
suspects,"[-0.05555555555555555, 0.9999999999999999]",60,80
suspects,"[-0.05555555555555555, 0.9999999999999999]",61,81
suspects,"[-0.08084520834544434, 0.9999999999999997]",62,82
suspects,"[-0.08084520834544434, 0.6859943405700354]",63,83
suspects,"[-0.08084520834544434, 0.6859943405700354]",64,84
suspects,"[-0.08084520834544434, 0.6859943405700354]",65,85
suspects,"[-0.08084520834544434, 0.6859943405700353]",66,86
suspects,"[-0.08084520834544434, 0.6859943405700354]",67,87
suspects,"[-0.08084520834544434, 0.6859943405700353]",68,88
suspects,"[-0.08084520834544434, 0.6859943405700354]",69,89
suspects,"[-0.08084520834544434, 0.6859943405700352]",70,90
suspects,"[-0.08084520834544434, 0.6859943405700354]",71,91
suspects,"[-0.08084520834544434, 0.6859943405700353]",72,92
suspects,"[-0.08084520834544434, 0.6859943405700353]",73,93
suspects,"[-0.08084520834544434, 0.6859943405700352]",74,94
amazon,"[-0.10206207261596577, 0.6859943405700352]",33,53
amazon,"[-0.08084520834544433, 0.685994340570035]",34,54
amazon,"[-0.08084520834544434, 0.6859943405700354]",35,55
amazon,"[-0.08084520834544434, 0.6859943405700353]",36,56
amazon,"[-0.08084520834544434, 0.6859943405700354]",37,57
amazon,"[-0.08084520834544434, 0.6859943405700352]",38,58
amazon,"[-0.08084520834544434, 0.6859943405700354]",39,59
amazon,"[-0.08084520834544434, 0.6859943405700353]",40,60
amazon,"[-0.08084520834544434, 0.9999999999999999]",41,61
amazon,"[-0.055555555555555566, 0.9999999999999997]",42,62
amazon,"[-0.055555555555555566, 0.9999999999999999]",43,63
amazon,"[-0.05555555555555555, 0.9999999999999999]",44,64
amazon,"[-0.05555555555555555, 0.9999999999999999]",45,65
amazon,"[-0.055555555555555566, 0.9999999999999997]",46,66
amazon,"[-0.055555555555555566, 0.9999999999999999]",47,67
amazon,"[-0.05555555555555555, 0.9999999999999999]",48,68
amazon,"[-0.05555555555555555, 0.9999999999999999]",49,69
amazon,"[-0.055555555555555566, 0.9999999999999997]",50,70
amazon,"[-0.08084520834544433, 0.6859943405700352]",99,119
amazon,"[-0.1176470588235294, 0.685994340570035]",100,120
amazon,"[-0.14852213144650112, 0.5423261445466405]",107,127
amazon,"[-0.10206207261596577, 0.5423261445466404]",108,128
amazon,"[-0.12171612389003691, 0.5423261445466406]",109,129
protesters,"[-0.05555555555555556, 0.9999999999999999]",87,107
protesters,"[-0.05555555555555556, 0.9999999999999998]",88,108
protesters,"[-0.05555555555555556, 1.0]",89,109
protesters,"[-0.08084520834544431, 1.0]",90,110
protesters,"[-0.08084520834544431, 0.6859943405700355]",91,111
protesters,"[-0.10206207261596577, 0.6859943405700354]",92,112
protesters,"[-0.10206207261596575, 0.5423261445466404]",93,113
protesters,"[-0.10206207261596578, 0.5423261445466404]",94,114
protesters,"[-0.10206207261596578, 0.5423261445466405]",95,115
protesters,"[-0.10206207261596578, 0.5423261445466405]",96,116
protesters,"[-0.10206207261596578, 0.5423261445466405]",97,117
protesters,"[-0.12171612389003691, 0.5423261445466405]",98,118
netflix,"[-0.05555555555555555, 0.9999999999999999]",0,20
netflix,"[-0.05555555555555555, 0.9999999999999999]",1,21
netflix,"[-0.055555555555555566, 0.9999999999999997]",2,22
netflix,"[-0.055555555555555566, 0.9999999999999999]",3,23
netflix,"[-0.05555555555555555, 0.9999999999999999]",4,24
netflix,"[-0.05555555555555555, 0.9999999999999999]",5,25
netflix,"[-0.055555555555555566, 0.9999999999999997]",6,26
netflix,"[-0.08084520834544433, 0.6859943405700353]",37,57
netflix,"[-0.08084520834544433, 0.6859943405700353]",38,58
netflix,"[-0.08084520834544433, 0.6859943405700354]",39,59
netflix,"[-0.08084520834544434, 0.6859943405700354]",40,60
netflix,"[-0.08084520834544434, 0.6859943405700354]",41,61
netflix,"[-0.10206207261596577, 0.6859943405700353]",42,62
netflix,"[-0.10206207261596577, 0.5423261445466404]",43,63
netflix,"[-0.10206207261596577, 0.5423261445466404]",44,64
netflix,"[-0.10206207261596577, 0.5423261445466404]",45,65
netflix,"[-0.12171612389003691, 0.5423261445466404]",46,66
brexit,"[-0.14852213144650112, 0.7905694150420949]",0,20
brexit,"[-0.14852213144650112, 0.7905694150420949]",1,21
brexit,"[-0.14852213144650112, 0.7905694150420949]",2,22
brexit,"[-0.14852213144650112, 0.7905694150420949]",3,23
brexit,"[-0.14852213144650112, 0.7905694150420947]",4,24
brexit,"[-0.14852213144650112, 0.7905694150420945]",5,25
brexit,"[-0.14852213144650112, 0.7905694150420945]",6,26
brexit,"[-0.14852213144650112, 0.7905694150420945]",7,27
brexit,"[-0.14852213144650112, 0.7905694150420945]",8,28
brexit,"[-0.14852213144650112, 0.9999999999999994]",9,29
brexit,"[-0.11764705882352938, 0.9999999999999994]",10,30
brexit,"[-0.08084520834544434, 0.9999999999999999]",11,31
brexit,"[-0.055555555555555566, 0.9999999999999997]",12,32
astrazeneca,"[-0.08084520834544433, 0.6859943405700352]",113,133
astrazeneca,"[-0.08084520834544433, 0.685994340570035]",114,134
astrazeneca,"[-0.08084520834544434, 0.6859943405700354]",115,135
astrazeneca,"[-0.08084520834544434, 0.6859943405700353]",116,136
astrazeneca,"[-0.08084520834544434, 0.6859943405700354]",117,137
astrazeneca,"[-0.08084520834544434, 0.6859943405700352]",118,138
astrazeneca,"[-0.08084520834544434, 0.6859943405700354]",119,139
astrazeneca,"[-0.08084520834544434, 0.6859943405700353]",120,140
astrazeneca,"[-0.09967506006695545, 0.5200727395053342]",121,141
astrazeneca,"[-0.0790964996460416, 0.5200727395053341]",122,142
astrazeneca,"[-0.07909649964604161, 0.5200727395053342]",123,143
astrazeneca,"[-0.07909649964604161, 0.5200727395053342]",124,144
jose mourinho,"[-0.08084520834544433, 0.6859943405700352]",29,49
jose mourinho,"[-0.10401019349846874, 0.685994340570035]",30,50
jose mourinho,"[-0.10206207261596577, 0.5423261445466405]",49,69
jose mourinho,"[-0.10206207261596577, 0.5423261445466404]",50,70
jose mourinho,"[-0.10206207261596577, 0.6859943405700354]",51,71
jose mourinho,"[-0.08084520834544434, 0.6859943405700354]",52,72
jose mourinho,"[-0.08084520834544434, 0.6859943405700354]",53,73
jose mourinho,"[-0.08084520834544434, 0.6859943405700352]",54,74
jose mourinho,"[-0.08084520834544434, 0.6859943405700353]",55,75
jose mourinho,"[-0.08084520834544434, 0.6859943405700353]",56,76
jose mourinho,"[-0.08084520834544434, 0.6859943405700353]",57,77
jose mourinho,"[-0.08084520834544434, 0.6859943405700352]",58,78
jose mourinho,"[-0.08084520834544434, 0.6859943405700353]",59,79
jose mourinho,"[-0.08084520834544434, 0.6859943405700353]",60,80
jose mourinho,"[-0.08084520834544434, 0.9999999999999999]",61,81
jose mourinho,"[-0.055555555555555566, 0.9999999999999997]",62,82
shooter,"[-0.08084520834544433, 0.6859943405700353]",25,45
shooter,"[-0.08084520834544433, 0.6859943405700353]",26,46
shooter,"[-0.08084520834544434, 0.6859943405700354]",27,47
shooter,"[-0.08084520834544434, 0.6859943405700354]",28,48
shooter,"[-0.08084520834544434, 0.6859943405700354]",29,49
shooter,"[-0.08084520834544434, 0.6859943405700353]",30,50
shooter,"[-0.08084520834544434, 0.6859943405700354]",31,51
shooter,"[-0.08084520834544434, 0.6859943405700354]",32,52
shooter,"[-0.08084520834544434, 0.6859943405700354]",33,53
shooter,"[-0.08084520834544434, 0.6859943405700352]",34,54
shooter,"[-0.08084520834544434, 0.6859943405700353]",35,55
shooter,"[-0.08084520834544434, 0.6859943405700353]",36,56
shooter,"[-0.08084520834544434, 0.6859943405700353]",37,57
shooter,"[-0.08084520834544434, 0.6859943405700352]",38,58
shooter,"[-0.08084520834544434, 0.6859943405700353]",39,59
shooter,"[-0.08084520834544434, 0.6859943405700353]",40,60
shooter,"[-0.08084520834544434, 0.9999999999999999]",41,61
shooter,"[-0.055555555555555566, 0.9999999999999997]",42,62
shooter,"[-0.05555555555555556, 0.9999999999999999]",107,127
shooter,"[-0.05555555555555556, 0.9999999999999997]",108,128
shooter,"[-0.05555555555555555, 0.9999999999999999]",109,129
shooter,"[-0.05555555555555555, 0.9999999999999999]",110,130
shooter,"[-0.05555555555555555, 0.9999999999999999]",111,131
shooter,"[-0.05555555555555555, 0.9999999999999997]",112,132
shooter,"[-0.05555555555555555, 0.9999999999999999]",113,133
shooter,"[-0.05555555555555555, 0.9999999999999999]",114,134
shooter,"[-0.05555555555555555, 0.9999999999999999]",115,135
shooter,"[-0.055555555555555566, 0.9999999999999997]",116,136
shooter,"[-0.055555555555555566, 0.9999999999999999]",117,137
shooter,"[-0.05555555555555555, 0.9999999999999999]",118,138
shooter,"[-0.08084520834544434, 0.6859943405700353]",119,139
shooter,"[-0.08084520834544433, 0.685994340570035]",120,140
shooter,"[-0.08084520834544434, 0.6859943405700354]",121,141
shooter,"[-0.08084520834544434, 0.6859943405700354]",122,142
shooter,"[-0.08084520834544434, 0.6859943405700353]",123,143
shooter,"[-0.08084520834544434, 0.6859943405700352]",124,144
fda,"[0.6871842709362768, -0.0588235294117647]",121,141
fda,"[0.6871842709362768, -0.0857492925712544]",122,142
fda,"[0.6871842709362768, -0.0857492925712544]",123,143
fda,"[0.5443310539518175, -0.08574929257125442]",124,144
fda,"[0.1430140160603945, 0.6349812749303676]",128,148
fda,"[0.1430140160603945, 0.6349812749303676]",129,149
fda,"[0.1430140160603945, 0.6349812749303675]",130,150
fda,"[0.14301401606039457, 0.6349812749303676]",131,151
fda,"[0.1430140160603945, 0.6349812749303676]",132,152
fda,"[0.1430140160603945, 0.6349812749303675]",133,153
fda,"[0.1430140160603945, 0.6349812749303674]",134,154
fda,"[0.14301401606039457, 0.6349812749303675]",135,155
fda,"[0.14301401606039452, 0.6349812749303675]",136,156
fda,"[0.14301401606039452, 0.6349812749303675]",137,157
fda,"[0.14301401606039452, 0.6349812749303674]",138,158
fda,"[0.14301401606039457, 0.685994340570035]",139,159
fda,"[-0.05555555555555554, 0.9999999999999999]",140,160
fda,"[-0.05555555555555554, 0.9999999999999998]",141,161
fda,"[-0.05555555555555555, 0.9999999999999997]",142,162
sars-cov-2,"[-0.05555555555555556, 0.9999999999999999]",91,111
sars-cov-2,"[-0.05555555555555556, 0.9999999999999997]",92,112
sars-cov-2,"[-0.05555555555555555, 0.9999999999999999]",93,113
sars-cov-2,"[-0.05555555555555555, 0.9999999999999999]",94,114
sars-cov-2,"[-0.05555555555555555, 0.9999999999999999]",95,115
sars-cov-2,"[-0.05555555555555555, 0.9999999999999997]",96,116
sars-cov-2,"[-0.07624928516630235, 0.8892972917998876]",97,117
sars-cov-2,"[-0.09523809523809523, 0.8091547798786778]",98,118
sars-cov-2,"[-0.09523809523809523, 0.8091547798786778]",99,119
sars-cov-2,"[-0.09523809523809526, 0.8091547798786778]",100,120
sars-cov-2,"[-0.09523809523809526, 0.8091547798786777]",101,121
sars-cov-2,"[-0.09523809523809526, 0.8091547798786777]",102,122
sars-cov-2,"[-0.09523809523809526, 0.8091547798786777]",103,123
sars-cov-2,"[-0.09523809523809523, 0.8091547798786777]",104,124
sars-cov-2,"[-0.09523809523809523, 0.8091547798786777]",105,125
sars-cov-2,"[-0.09523809523809526, 0.8091547798786777]",106,126
sars-cov-2,"[-0.09523809523809523, 0.8091547798786777]",107,127
sars-cov-2,"[-0.09523809523809523, 0.8091547798786777]",108,128
saudi arabia,"[-0.05555555555555556, 0.9999999999999999]",49,69
saudi arabia,"[-0.05555555555555556, 0.9999999999999997]",50,70
saudi arabia,"[-0.05555555555555555, 0.9999999999999999]",51,71
saudi arabia,"[-0.05555555555555555, 0.9999999999999999]",52,72
saudi arabia,"[-0.08084520834544434, 0.6859943405700354]",53,73
saudi arabia,"[-0.08084520834544434, 0.6859943405700353]",54,74
saudi arabia,"[-0.08084520834544434, 0.6859943405700354]",55,75
saudi arabia,"[-0.08084520834544434, 0.6859943405700354]",56,76
saudi arabia,"[-0.08084520834544434, 0.6859943405700353]",57,77
saudi arabia,"[-0.08084520834544433, 0.6859943405700352]",58,78
saudi arabia,"[-0.10206207261596578, 0.5423261445466405]",59,79
saudi arabia,"[-0.10206207261596577, 0.5423261445466405]",60,80
saudi arabia,"[-0.10206207261596578, 0.5423261445466405]",61,81
saudi arabia,"[-0.1020620726159658, 0.5423261445466404]",62,82
saudi arabia,"[-0.10206207261596578, 0.5423261445466405]",63,83
saudi arabia,"[-0.10206207261596578, 0.5423261445466405]",64,84
saudi arabia,"[-0.10206207261596578, 0.5423261445466405]",65,85
saudi arabia,"[-0.1020620726159658, 0.5423261445466404]",66,86
trolls,"[-0.09325048082403141, 0.5200727395053342]",55,75
trolls,"[-0.07909649964604161, 0.5200727395053342]",56,76
trolls,"[-0.07909649964604161, 0.5200727395053342]",57,77
trolls,"[-0.07909649964604161, 0.5200727395053341]",58,78
trolls,"[-0.07909649964604161, 0.5200727395053342]",59,79
trolls,"[-0.07909649964604161, 0.5200727395053342]",60,80
trolls,"[-0.07909649964604161, 0.9999999999999999]",61,81
trolls,"[-0.055555555555555566, 0.9999999999999997]",62,82
centre,"[-0.05555555555555556, 0.9999999999999999]",85,105
centre,"[-0.05555555555555556, 0.9999999999999997]",86,106
centre,"[-0.05555555555555555, 0.9999999999999999]",87,107
centre,"[-0.05555555555555555, 0.9999999999999999]",88,108
centre,"[-0.05555555555555555, 0.9999999999999999]",89,109
centre,"[-0.05555555555555555, 0.9999999999999997]",90,110
centre,"[-0.05555555555555555, 0.9999999999999999]",91,111
centre,"[-0.05555555555555555, 0.9999999999999999]",92,112
centre,"[-0.05555555555555555, 0.9999999999999999]",93,113
centre,"[-0.055555555555555566, 0.9999999999999997]",94,114
centre,"[-0.055555555555555566, 0.9999999999999999]",95,115
centre,"[-0.05555555555555555, 0.9999999999999999]",96,116
doug ford,"[0.6871842709362768, -0.0857492925712544]",120,140
doug ford,"[0.6871842709362768, -0.0857492925712544]",121,141
doug ford,"[0.6871842709362768, -0.08574929257125438]",122,142
doug ford,"[0.6871842709362769, -0.0857492925712544]",123,143
doug ford,"[0.6871842709362768, -0.0857492925712544]",124,144
doug ford,"[0.6871842709362768, -0.0857492925712544]",125,145
doug ford,"[0.6871842709362768, -0.08574929257125438]",126,146
doug ford,"[0.6871842709362769, nan]",127,147
twitter users,"[-0.05555555555555556, 0.9999999999999999]",9,29
twitter users,"[-0.05555555555555556, 0.9999999999999997]",10,30
twitter users,"[-0.05555555555555555, 0.9999999999999999]",11,31
twitter users,"[-0.05555555555555555, 0.9999999999999999]",12,32
twitter users,"[-0.05555555555555555, 0.9999999999999999]",13,33
twitter users,"[-0.05555555555555555, 0.9999999999999997]",14,34
twitter users,"[-0.05555555555555555, 0.9999999999999999]",15,35
twitter users,"[-0.05555555555555555, 0.9999999999999999]",16,36
twitter users,"[-0.05555555555555555, 0.9999999999999999]",17,37
twitter users,"[-0.055555555555555566, 0.9999999999999997]",18,38
twitter users,"[-0.055555555555555566, 0.9999999999999999]",19,39
twitter users,"[-0.05555555555555555, 0.9999999999999999]",20,40
twitter users,"[-0.05555555555555555, 0.9999999999999999]",21,41
twitter users,"[-0.055555555555555566, 0.9999999999999997]",22,42
twitter users,"[-0.055555555555555566, 0.9999999999999999]",23,43
twitter users,"[-0.05555555555555555, 0.9999999999999999]",24,44
twitter users,"[-0.05555555555555555, 0.9999999999999999]",25,45
twitter users,"[-0.08084520834544434, 0.9999999999999997]",26,46
nfl,"[-0.07624928516630235, 0.9999999999999999]",47,67
nfl,"[-0.055555555555555566, 0.9999999999999997]",48,68
mark zuckerberg,"[-0.08084520834544433, 0.6859943405700352]",53,73
mark zuckerberg,"[-0.10206207261596577, 0.685994340570035]",54,74
mark zuckerberg,"[-0.10206207261596577, 0.5423261445466405]",55,75
mark zuckerberg,"[-0.10206207261596577, 0.5423261445466405]",56,76
mark zuckerberg,"[-0.10206207261596577, 0.5423261445466405]",57,77
mark zuckerberg,"[-0.10206207261596577, 0.5423261445466404]",58,78
mark zuckerberg,"[-0.08084520834544434, 0.6859943405700354]",59,79
mark zuckerberg,"[-0.10206207261596577, 0.6859943405700354]",60,80
mark zuckerberg,"[-0.10206207261596578, 0.5423261445466405]",61,81
mark zuckerberg,"[-0.10206207261596577, 0.5423261445466404]",62,82
mark zuckerberg,"[-0.10206207261596578, 0.5423261445466406]",63,83
mark zuckerberg,"[-0.10206207261596578, 0.5423261445466406]",64,84
mark zuckerberg,"[-0.10206207261596577, 0.5423261445466406]",65,85
mark zuckerberg,"[-0.10206207261596578, 0.5423261445466405]",66,86
mark zuckerberg,"[-0.1020620726159658, 0.5423261445466405]",67,87
mark zuckerberg,"[-0.10206207261596578, 0.5423261445466405]",68,88
mark zuckerberg,"[-0.10206207261596577, 0.5423261445466405]",69,89
mark zuckerberg,"[-0.10206207261596578, 0.5423261445466404]",70,90
huawei,"[-0.08084520834544433, 0.6859943405700352]",61,81
huawei,"[-0.08084520834544433, 0.685994340570035]",62,82
huawei,"[-0.08084520834544434, 0.6859943405700354]",67,87
huawei,"[-0.08084520834544434, 0.6859943405700354]",68,88
huawei,"[-0.08084520834544434, 0.6859943405700354]",69,89
huawei,"[-0.08084520834544434, 0.6859943405700353]",70,90
huawei,"[-0.08084520834544434, 0.6859943405700354]",71,91
huawei,"[-0.08084520834544434, 0.6859943405700353]",72,92
huawei,"[-0.08084520834544434, 0.6859943405700353]",73,93
huawei,"[-0.08084520834544434, 0.6859943405700352]",74,94
huawei,"[-0.08084520834544434, 0.6859943405700353]",75,95
huawei,"[-0.08084520834544434, 0.6859943405700353]",76,96
huawei,"[-0.08084520834544434, 0.6859943405700353]",77,97
huawei,"[-0.08084520834544434, 0.6859943405700352]",78,98
kevin mccarthy,"[-0.07624928516630235, 0.8892972917998876]",117,137
kevin mccarthy,"[-0.07624928516630235, 0.8892972917998875]",118,138
kevin mccarthy,"[-0.11095900821829638, 0.5892556509887897]",119,139
kevin mccarthy,"[-0.11095900821829638, 0.5892556509887897]",120,140
kevin mccarthy,"[-0.11095900821829636, 0.5892556509887896]",121,141
kevin mccarthy,"[-0.11095900821829639, 0.5892556509887896]",122,142
kevin mccarthy,"[-0.11095900821829639, 0.5892556509887896]",123,143
kevin mccarthy,"[-0.11095900821829639, 0.5892556509887896]",124,144
kevin mccarthy,"[-0.11095900821829636, 0.5892556509887896]",125,145
kevin mccarthy,"[-0.11095900821829639, 0.5892556509887896]",126,146
kevin mccarthy,"[-0.11095900821829639, 0.5892556509887896]",127,147
kevin mccarthy,"[-0.08084520834544434, 0.6859943405700353]",128,148
kevin mccarthy,"[-0.08084520834544434, 0.6859943405700353]",129,149
kevin mccarthy,"[-0.08084520834544434, 0.6859943405700352]",130,150
kevin mccarthy,"[-0.08084520834544434, 0.6859943405700353]",131,151
kevin mccarthy,"[-0.08084520834544434, 0.6859943405700353]",132,152
kevin mccarthy,"[-0.08084520834544434, 0.6859943405700353]",133,153
kevin mccarthy,"[-0.08084520834544434, 0.6859943405700352]",134,154
cdc,"[1.0, nan]",94,114
cdc,"[1.0, -0.05882352941176469]",95,115
cdc,"[1.0, -0.05882352941176469]",96,116
cdc,"[1.0, -0.05882352941176469]",97,117
cdc,"[1.0, -0.05882352941176469]",98,118
cdc,"[1.0, -0.05882352941176469]",99,119
cdc,"[1.0, -0.05882352941176469]",100,120
cdc,"[0.9999999999999999, -0.05882352941176469]",101,121
cdc,"[0.9999999999999999, -0.05882352941176469]",102,122
cdc,"[0.9999999999999999, -0.05882352941176469]",103,123
cdc,"[1.0, -0.05882352941176469]",104,124
cdc,"[0.6871842709362768, -0.05882352941176469]",105,125
cdc,"[0.6871842709362768, -0.0857492925712544]",106,126
cdc,"[0.6871842709362768, -0.08574929257125438]",107,127
cdc,"[0.6871842709362769, -0.0857492925712544]",108,128
cdc,"[0.5443310539518176, -0.08574929257125444]",109,129
cdc,"[0.5443310539518176, -0.10846522890932807]",110,130
cdc,"[0.5443310539518176, -0.10846522890932805]",111,131
big tech,"[-0.08084520834544433, 0.6859943405700352]",103,123
big tech,"[-0.10206207261596577, 0.685994340570035]",104,124
big tech,"[-0.1217161238900369, 0.5423261445466405]",105,125
banks,"[-0.08084520834544433, 0.6859943405700352]",31,51
banks,"[-0.08084520834544433, 0.685994340570035]",32,52
banks,"[-0.08084520834544434, 0.6859943405700354]",33,53
banks,"[-0.08084520834544434, 0.6859943405700354]",34,54
banks,"[-0.08084520834544434, 0.6859943405700353]",35,55
banks,"[-0.08084520834544434, 0.6859943405700352]",36,56
banks,"[-0.08084520834544434, 0.9999999999999999]",37,57
banks,"[-0.05555555555555555, 0.9999999999999999]",38,58
banks,"[-0.05555555555555555, 0.9999999999999999]",39,59
banks,"[-0.055555555555555566, 0.9999999999999997]",40,60
banks,"[-0.055555555555555566, 0.9999999999999999]",41,61
banks,"[-0.08084520834544434, 0.9999999999999999]",42,62
banks,"[-0.08084520834544434, 0.6859943405700353]",43,63
banks,"[-0.08084520834544434, 0.685994340570035]",44,64
banks,"[-0.08084520834544434, 0.6859943405700354]",45,65
banks,"[-0.08084520834544434, 0.6859943405700354]",46,66
banks,"[-0.08084520834544434, 0.6859943405700353]",47,67
banks,"[-0.08084520834544434, 0.6859943405700352]",48,68
starbucks,"[-0.05555555555555556, 0.9999999999999999]",45,65
starbucks,"[-0.05555555555555556, 0.9999999999999997]",46,66
starbucks,"[-0.05555555555555555, 0.9999999999999999]",47,67
starbucks,"[-0.05555555555555555, 0.9999999999999999]",48,68
starbucks,"[-0.05555555555555555, 0.9999999999999999]",49,69
starbucks,"[-0.05555555555555555, 0.9999999999999997]",50,70
starbucks,"[-0.05555555555555555, 0.9999999999999999]",51,71
starbucks,"[-0.05555555555555555, 0.9999999999999999]",52,72
starbucks,"[-0.05555555555555555, 0.9999999999999999]",53,73
starbucks,"[-0.055555555555555566, 0.9999999999999997]",54,74
starbucks,"[-0.055555555555555566, 0.9999999999999999]",55,75
starbucks,"[-0.05555555555555555, 0.9999999999999999]",56,76
starbucks,"[-0.05555555555555555, 0.9999999999999999]",57,77
starbucks,"[-0.055555555555555566, 0.9999999999999997]",58,78
starbucks,"[-0.055555555555555566, 0.9999999999999999]",59,79
starbucks,"[-0.05555555555555555, 0.9999999999999999]",60,80
starbucks,"[-0.05555555555555555, 0.9999999999999999]",61,81
starbucks,"[-0.08084520834544434, 0.9999999999999997]",62,82
stan kroenke,"[1.0, nan]",109,129
stan kroenke,"[0.6871842709362768, -0.05882352941176469]",110,130
stan kroenke,"[0.6871842709362768, -0.08574929257125441]",111,131
stan kroenke,"[0.6871842709362768, -0.08574929257125441]",112,132
stan kroenke,"[0.6871842709362768, -0.08574929257125442]",113,133
stan kroenke,"[0.6871842709362768, -0.0857492925712544]",114,134
stan kroenke,"[0.6871842709362768, -0.08574929257125442]",115,135
stan kroenke,"[0.6871842709362768, -0.08574929257125442]",116,136
stan kroenke,"[0.6871842709362768, -0.08574929257125442]",117,137
stan kroenke,"[0.6871842709362768, -0.0857492925712544]",118,138
stan kroenke,"[0.6871842709362769, -0.08574929257125442]",119,139
stan kroenke,"[0.6871842709362768, -0.0857492925712544]",120,140
stan kroenke,"[0.6871842709362768, -0.0857492925712544]",121,141
stan kroenke,"[0.6871842709362768, -0.08574929257125438]",122,142
stan kroenke,"[0.6871842709362769, -0.0857492925712544]",123,143
stan kroenke,"[0.6871842709362768, -0.0857492925712544]",124,144
stan kroenke,"[0.6871842709362768, -0.0857492925712544]",125,145
stan kroenke,"[0.6871842709362768, -0.08574929257125438]",126,146
stan kroenke,"[0.6871842709362769, nan]",127,147
youtube,"[-0.05555555555555556, 0.9999999999999999]",35,55
youtube,"[-0.05555555555555556, 0.9999999999999997]",36,56
youtube,"[-0.05555555555555555, 0.9999999999999999]",37,57
youtube,"[-0.05555555555555555, 0.9999999999999999]",38,58
youtube,"[-0.05555555555555555, 0.9999999999999999]",39,59
youtube,"[-0.05555555555555555, 0.9999999999999997]",40,60
youtube,"[-0.05555555555555555, 0.9999999999999999]",41,61
youtube,"[-0.05555555555555555, 0.9999999999999999]",42,62
youtube,"[-0.05555555555555555, 0.9999999999999999]",43,63
youtube,"[-0.055555555555555566, 0.9999999999999997]",44,64
youtube,"[-0.055555555555555566, 0.9999999999999999]",45,65
youtube,"[-0.05555555555555555, 0.9999999999999999]",46,66
youtube,"[-0.05555555555555555, 0.9999999999999999]",47,67
youtube,"[-0.055555555555555566, 0.9999999999999997]",48,68
youtube,"[-0.055555555555555566, 0.9999999999999999]",49,69
youtube,"[-0.05555555555555555, 0.9999999999999999]",50,70
youtube,"[-0.05555555555555555, 0.9999999999999999]",51,71
youtube,"[-0.055555555555555566, 0.9999999999999997]",52,72
mike pompeo,"[-0.05555555555555556, 0.9999999999999999]",85,105
mike pompeo,"[-0.05555555555555556, 0.9999999999999997]",86,106
mike pompeo,"[-0.05555555555555555, 0.9999999999999999]",87,107
mike pompeo,"[-0.05555555555555555, 0.9999999999999999]",88,108
mike pompeo,"[-0.08084520834544434, 0.6859943405700354]",89,109
mike pompeo,"[-0.08084520834544434, 0.6859943405700353]",90,110
mike pompeo,"[-0.08084520834544434, 0.6859943405700354]",91,111
mike pompeo,"[-0.08084520834544434, 0.6859943405700354]",92,112
mike pompeo,"[-0.08084520834544434, 0.6859943405700353]",93,113
mike pompeo,"[-0.08084520834544433, 0.6859943405700352]",94,114
mike pompeo,"[-0.08084520834544434, 0.6859943405700354]",95,115
mike pompeo,"[-0.08084520834544434, 0.6859943405700354]",96,116
mike pompeo,"[-0.08084520834544434, 0.6859943405700353]",97,117
mike pompeo,"[-0.08084520834544434, 0.6859943405700352]",98,118
mike pompeo,"[-0.08084520834544434, 0.6859943405700354]",99,119
mike pompeo,"[-0.08084520834544434, 0.6859943405700354]",100,120
mike pompeo,"[-0.10206207261596578, 0.5423261445466404]",101,121
mike pompeo,"[-0.14852213144650114, 0.5423261445466403]",102,122
chinese communist party,"[-0.14852213144650112, 0.5423261445466405]",105,125
chinese communist party,"[-0.10206207261596578, 0.5423261445466404]",106,126
injuries,"[-0.08084520834544433, 0.6859943405700353]",35,55
injuries,"[-0.08084520834544433, 0.6859943405700353]",36,56
injuries,"[-0.08084520834544434, 0.6859943405700354]",37,57
injuries,"[-0.08084520834544434, 0.6859943405700354]",38,58
injuries,"[-0.08084520834544434, 0.6859943405700353]",39,59
injuries,"[-0.08084520834544434, 0.6859943405700352]",40,60
injuries,"[-0.08084520834544434, 0.6859943405700354]",41,61
injuries,"[-0.08084520834544434, 0.6859943405700354]",42,62
injuries,"[-0.08084520834544434, 0.6859943405700353]",43,63
injuries,"[-0.08084520834544434, 0.6859943405700352]",44,64
injuries,"[-0.08084520834544434, 0.6859943405700354]",45,65
injuries,"[-0.08084520834544434, 0.6859943405700354]",46,66
injuries,"[-0.08084520834544434, 0.6859943405700353]",47,67
injuries,"[-0.08084520834544434, 0.6859943405700352]",48,68
injuries,"[-0.08084520834544436, 0.9999999999999999]",49,69
injuries,"[-0.05555555555555555, 0.9999999999999999]",50,70
injuries,"[-0.05555555555555555, 0.9999999999999999]",51,71
injuries,"[-0.055555555555555566, 0.9999999999999997]",52,72
real madrid,"[-0.10206207261596575, 0.5423261445466404]",51,71
real madrid,"[-0.10206207261596577, 0.5423261445466404]",52,72
real madrid,"[-0.10206207261596575, 0.5423261445466405]",53,73
real madrid,"[-0.10206207261596577, 0.5423261445466405]",54,74
real madrid,"[-0.10206207261596577, 0.5423261445466405]",55,75
real madrid,"[-0.10206207261596577, 0.5423261445466404]",56,76
real madrid,"[-0.10206207261596577, 0.5423261445466405]",57,77
real madrid,"[-0.10206207261596577, 0.5423261445466405]",58,78
real madrid,"[-0.10206207261596578, 0.5423261445466405]",59,79
real madrid,"[-0.10206207261596577, 0.5423261445466404]",60,80
real madrid,"[-0.10206207261596578, 0.5423261445466406]",61,81
real madrid,"[-0.10206207261596578, 0.5423261445466406]",62,82
real madrid,"[-0.08084520834544434, 0.6859943405700353]",63,83
real madrid,"[-0.08084520834544434, 0.6859943405700352]",64,84
real madrid,"[-0.08084520834544434, 0.6859943405700353]",65,85
real madrid,"[-0.08084520834544434, 0.6859943405700353]",66,86
real madrid,"[-0.05555555555555555, 0.9999999999999999]",67,87
real madrid,"[-0.055555555555555566, 0.9999999999999997]",68,88
maduro,"[-0.08084520834544433, 0.6859943405700353]",35,55
maduro,"[-0.08084520834544433, 0.6859943405700352]",36,56
maduro,"[-0.08084520834544434, 0.6859943405700354]",37,57
maduro,"[-0.08084520834544434, 0.6859943405700354]",38,58
maduro,"[-0.08084520834544434, 0.6859943405700354]",39,59
maduro,"[-0.08084520834544434, 0.6859943405700352]",40,60
maduro,"[-0.08084520834544434, 0.6859943405700354]",41,61
maduro,"[-0.08084520834544434, 0.6859943405700353]",42,62
maduro,"[-0.08084520834544434, 0.6859943405700354]",43,63
maduro,"[-0.08084520834544434, 0.6859943405700352]",44,64
maduro,"[-0.08084520834544434, 0.6859943405700353]",45,65
maduro,"[-0.08084520834544434, 0.6859943405700353]",46,66
maduro,"[-0.08084520834544434, 0.9999999999999999]",47,67
maduro,"[-0.055555555555555566, 0.9999999999999997]",48,68
maduro,"[-0.055555555555555566, 0.9999999999999999]",49,69
maduro,"[-0.05555555555555555, 0.9999999999999999]",50,70
maduro,"[-0.05555555555555555, 0.9999999999999999]",51,71
maduro,"[-0.055555555555555566, 0.9999999999999997]",52,72
ncaa,"[-0.055555555555555566, 0.9999999999999997]",0,20
ncaa,"[-0.055555555555555566, 0.9999999999999999]",1,21
ncaa,"[-0.05555555555555555, 0.9999999999999999]",2,22
ncaa,"[-0.05555555555555555, 0.9999999999999999]",3,23
ncaa,"[-0.055555555555555566, 0.9999999999999997]",4,24
ncaa,"[-0.055555555555555566, 0.9999999999999999]",5,25
ncaa,"[-0.05555555555555555, 0.9999999999999999]",6,26
ncaa,"[-0.05555555555555555, 0.9999999999999999]",7,27
ncaa,"[-0.055555555555555566, 0.9999999999999997]",8,28
disney,"[-0.05555555555555556, 0.9999999999999999]",53,73
disney,"[-0.05555555555555556, 0.9999999999999997]",54,74
disney,"[-0.05555555555555555, 0.9999999999999999]",55,75
disney,"[-0.05555555555555555, 0.9999999999999999]",56,76
disney,"[-0.05555555555555555, 0.9999999999999999]",57,77
disney,"[-0.05555555555555555, 0.9999999999999997]",58,78
disney,"[-0.05555555555555555, 0.9999999999999999]",59,79
disney,"[-0.05555555555555555, 0.9999999999999999]",60,80
disney,"[-0.05555555555555555, 0.9999999999999999]",61,81
disney,"[-0.055555555555555566, 0.9999999999999997]",62,82
disney,"[-0.055555555555555566, 0.9999999999999999]",63,83
disney,"[-0.05555555555555555, 0.9999999999999999]",64,84
disney,"[-0.05555555555555555, 0.9999999999999999]",65,85
disney,"[-0.055555555555555566, 0.9999999999999997]",66,86
disney,"[-0.055555555555555566, 0.9999999999999999]",67,87
disney,"[-0.05555555555555555, 0.9999999999999999]",68,88
disney,"[-0.05555555555555555, 0.9999999999999999]",69,89
disney,"[-0.055555555555555566, 0.9999999999999997]",70,90
