none.none,"[0.5196996734949089, -0.5606602200742329]",41,61
none.none,"[0.5997170528492732, -0.6534441769700913]",42,62
none.none,"[0.5410959369461571, -0.5601314349704347]",43,63
none.none,"[0.22661445087955867, 0.5186238749249588]",72,92
none.none,"[0.25177527161350677, 0.500401348543545]",73,93
none.none,"[0.3010712300083733, 0.5892361592786295]",74,94
none.none,"[0.19390368057829535, 0.5418806369762148]",75,95
none.none,"[0.2506539013445212, 0.5675458868358252]",76,96
none.none,"[0.7001271344686112, 0.31257018000903003]",80,100
none.none,"[0.651857101507504, -0.06029147972475534]",81,101
none.none,"[0.999716799442299, nan]",82,102
none.none,"[0.9514785654454178, nan]",84,104
none.none,"[0.7930377388787463, 0.5340865729991127]",85,105
none.none,"[0.7025278980638162, 0.5169419215005142]",86,106
none.none,"[0.5779351693289797, 0.7081151566145559]",87,107
none.none,"[0.5831455939648531, 0.6882809810820496]",88,108
none.none,"[0.5055576257588774, 0.7016655491863109]",89,109
none.none,"[0.5759712456078807, 0.6124647787325516]",90,110
none.none,"[0.5638790876657707, 0.5851036454490854]",91,111
none.none,"[0.5930168073417216, 0.5484607262230115]",92,112
none.none,"[0.5179923648145338, 0.5788895435784623]",93,113
none.none,"[0.4664405823845335, 0.5621282197101483]",94,114
none.none,"[0.44467398867892316, 0.5335812009365064]",95,115
none.none,"[0.46251109677146446, 0.5066036522726521]",96,116
none.none,"[0.34511683403592924, 0.5405141185727891]",97,117
none.none,"[0.5130665480326412, 0.31823265218608615]",136,156
none.none,"[0.7164747928554775, 0.50563795234726]",137,157
none.none,"[0.647158181010906, 0.5085954136660363]",138,158
none.none,"[0.7073928711514876, 0.6508821308905174]",139,159
none.none,"[0.6601205436302696, 0.7125740987083117]",140,160
none.none,"[0.6563761921386889, 0.7242414691220231]",141,161
none.none,"[0.6955499489609626, 0.7324563439190563]",142,162
none.none,"[0.7312637585683931, 0.8415522255989878]",143,163
none.none,"[0.7252886369093939, 0.840399133054065]",144,164
none.none,"[0.7089682491768596, 0.8333001432135223]",145,165
none.none,"[0.681891873010041, 0.8145827385395543]",146,166
none.none,"[0.6490629262269862, 0.7887108064197338]",147,167
none.none,"[0.5577990813388927, 0.7538018498957005]",148,168
none.donald trump,"[0.3362604399953495, 0.5689472265782716]",74,94
none.donald trump,"[0.5023548758879375, 0.26055361092729834]",80,100
none.donald trump,"[1.0, nan]",82,102
none.donald trump,"[0.3324862332769117, 0.556293911166591]",87,107
none.donald trump,"[0.5115616106094183, 0.46313641900156033]",88,108
none.donald trump,"[0.5115616106094184, 0.278008633686302]",89,109
none.donald trump,"[0.5970356881319792, 0.1820027098382977]",90,110
none.donald trump,"[0.12363582674763664, 0.6492244040545185]",93,113
none.donald trump,"[0.0838359211678348, 0.646298918600735]",94,114
none.donald trump,"[0.17395648300733849, 0.6640605660082174]",95,115
none.donald trump,"[0.14827803106981466, 0.5844335640291963]",96,116
none.donald trump,"[0.11534869799374219, 0.5665548777434923]",97,117
none.donald trump,"[0.04056326831760498, 0.5534338871835527]",98,118
none.donald trump,"[-0.05108027850169361, 0.5574333879607482]",99,119
none.donald trump,"[-0.10709470070510199, 0.5506340846807647]",100,120
none.donald trump,"[-0.13680544367789854, 0.5181240865786381]",101,121
none.donald trump,"[-0.2155435772060079, 0.5181240865786382]",102,122
none.donald trump,"[-0.18254733018902208, 0.5454512698349006]",103,123
none.donald trump,"[-0.15803161840547253, 0.5671669257620032]",104,124
none.donald trump,"[-0.10854744848931532, 0.5465094385019178]",105,125
none.donald trump,"[-0.05397633173641696, 0.5973948937742894]",106,126
none.donald trump,"[-0.02249629638579807, 0.6918600808789607]",107,127
none.donald trump,"[-0.022496296385798083, 0.800493667928182]",108,128
none.donald trump,"[-0.06992092119910226, 0.7106370927660418]",109,129
none.donald trump,"[0.020275472946841226, 0.7062818681326297]",110,130
alex jones.global elite,"[0.2489715624881589, 0.5112424324768647]",70,90
alex jones.global elite,"[0.270017477009089, 0.5026229144801643]",71,91
alex jones.global elite,"[0.37680617296282715, 0.556266512053739]",72,92
alex jones.global elite,"[0.32604319576064933, 0.6056960137395497]",73,93
alex jones.global elite,"[0.3491911226106313, 0.6611006333412849]",74,94
alex jones.global elite,"[0.44117647058823545, 0.6123000982747525]",79,99
alex jones.global elite,"[0.6138442562023106, 0.8220504592181088]",80,100
alex jones.global elite,"[0.510990323891863, nan]",86,106
alex jones.global elite,"[0.22113449066792581, 0.5423261445466406]",109,129
alex jones.global elite,"[0.5443310539518176, 0.6859943405700352]",110,130
none.joe biden,"[0.2730960101243048, 0.6423577224086271]",79,99
none.joe biden,"[0.27309601012430484, 0.685994340570035]",80,100
none.joe biden,"[1.0, nan]",84,104
none.joe biden,"[0.9999999999999999, -0.0588235294117647]",85,105
none.joe biden,"[0.6871842709362767, -0.05882352941176469]",86,106
none.joe biden,"[0.6871842709362768, -0.08574929257125441]",87,107
none.joe biden,"[0.7003009752518536, -0.11043152607484653]",88,108
none.joe biden,"[0.7003009752518535, -0.13968605915391563]",89,109
none.joe biden,"[0.6490831047035458, -0.17000510022951146]",90,110
none.joe biden,"[0.6615034433436877, -0.2]",91,111
none.joe biden,"[0.5249999999999999, 0.03571428571428572]",92,112
none.joe biden,"[0.7192523535165062, 0.19687480773953941]",96,116
none.joe biden,"[0.7300080496368911, 0.2997240653775239]",97,117
none.joe biden,"[0.7594917755480667, 0.333534704506198]",98,118
none.joe biden,"[0.7052423630089191, 0.36157605426004497]",99,119
none.joe biden,"[0.6565073421974565, 0.30664129080605296]",100,120
none.joe biden,"[0.6565073421974565, 0.30664129080605296]",101,121
none.joe biden,"[0.5289364853077017, 0.2402459589782295]",137,157
none.joe biden,"[0.5000945151868273, 0.47045703550003504]",138,158
none.joe biden,"[0.5197944389743903, 0.4550208077419332]",139,159
none.joe biden,"[0.4714838095611965, 0.5278298447073563]",141,161
none.joe biden,"[0.4809764599132875, 0.5688188389967197]",142,162
none.joe biden,"[0.4783905313099197, 0.5492716287305685]",143,163
none.joe biden,"[0.5510159660327751, 0.5482016041324284]",144,164
none.joe biden,"[0.5440826404369641, 0.5341720386985621]",145,165
none.hillary clinton,"[0.5443310539518176, -0.08574929257125441]",73,93
none.hillary clinton,"[0.6871842709362769, -0.08574929257125438]",74,94
none.hillary clinton,"[0.6871842709362768, -0.05882352941176469]",75,95
none.hillary clinton,"[0.9999999999999999, -0.05882352941176469]",76,96
none.hillary clinton,"[0.9999999999999999, -0.05882352941176468]",77,97
none.hillary clinton,"[1.0, -0.05882352941176468]",78,98
none.hillary clinton,"[0.9999999999999999, -0.05882352941176469]",79,99
none.hillary clinton,"[0.9999999999999999, -0.05882352941176469]",80,100
none.hillary clinton,"[0.9999999999999999, -0.05882352941176468]",81,101
none.hillary clinton,"[1.0, nan]",82,102
none.barack obama,"[0.23959569062925093, 0.6237055560836822]",24,44
none.barack obama,"[0.5443310539518175, -0.10846522890932808]",34,54
none.barack obama,"[0.5443310539518175, -0.10846522890932808]",35,55
none.barack obama,"[0.5443310539518175, -0.10846522890932807]",36,56
none.barack obama,"[0.5443310539518176, -0.10846522890932808]",37,57
none.barack obama,"[0.5443310539518175, -0.08574929257125441]",40,60
none.barack obama,"[0.6871842709362768, -0.08574929257125442]",41,61
none.barack obama,"[0.6871842709362768, -0.08574929257125441]",42,62
none.barack obama,"[0.5443310539518176, -0.10846522890932807]",43,63
none.barack obama,"[0.5443310539518175, -0.10846522890932807]",44,64
none.barack obama,"[-0.05555555555555556, 0.9999999999999999]",85,105
none.barack obama,"[-0.08084520834544433, 0.6859943405700352]",86,106
none.barack obama,"[-0.08084520834544434, 0.6859943405700354]",87,107
none.barack obama,"[-0.08084520834544434, 0.6859943405700354]",88,108
none.barack obama,"[-0.1217161238900369, 0.5423261445466406]",114,134
none.barack obama,"[-0.10206207261596578, 0.5423261445466406]",115,135
none.barack obama,"[-0.10206207261596581, 0.5423261445466405]",116,136
none.vladimir putin,"[0.6871842709362768, -0.05882352941176469]",67,87
none.vladimir putin,"[0.9999999999999999, -0.05882352941176469]",68,88
none.vladimir putin,"[0.9999999999999999, -0.05882352941176468]",69,89
none.vladimir putin,"[1.0, nan]",70,90
none.vladimir putin,"[-0.08084520834544433, 0.6859943405700353]",91,111
none.vladimir putin,"[-0.08084520834544433, 0.6859943405700353]",92,112
none.vladimir putin,"[-0.08084520834544434, 0.6859943405700354]",93,113
none.vladimir putin,"[-0.08084520834544434, 0.6859943405700354]",94,114
none.vladimir putin,"[-0.08084520834544434, 0.6859943405700354]",95,115
none.vladimir putin,"[-0.08084520834544434, 0.6859943405700353]",96,116
none.vladimir putin,"[-0.08084520834544434, 0.6859943405700354]",97,117
none.vladimir putin,"[-0.08084520834544434, 0.6859943405700354]",98,118
none.vladimir putin,"[-0.08084520834544434, 0.6859943405700353]",99,119
none.vladimir putin,"[-0.1020620726159658, 0.5423261445466403]",100,120
none.vladimir putin,"[-0.10206207261596578, 0.5423261445466405]",101,121
none.vladimir putin,"[-0.10206207261596578, 0.5423261445466406]",102,122
none.vladimir putin,"[-0.10206207261596575, 0.5423261445466406]",103,123
none.vladimir putin,"[-0.14852213144650114, 0.5423261445466405]",104,124
none.vladimir putin,"[0.5197191965064277, 0.43749999999999994]",137,157
none.vladimir putin,"[0.5197191965064278, 0.18430244519362143]",138,158
none.vladimir putin,"[0.5197191965064278, 0.18430244519362146]",139,159
none.vladimir putin,"[0.5197191965064277, 0.18430244519362146]",140,160
none.china,"[0.6761234037828131, -0.25863030005593585]",28,48
none.china,"[0.6761234037828131, -0.22291128503014107]",29,49
none.china,"[0.7824607964359516, -0.22291128503014107]",30,50
none.china,"[0.7824607964359516, -0.22291128503014107]",31,51
none.china,"[0.6956655929999345, -0.22291128503014107]",32,52
none.china,"[0.6956655929999345, -0.265934875204571]",33,53
none.china,"[0.6233022919309993, -0.2224970797449924]",34,54
none.china,"[0.6233022919309994, -0.07715167498104598]",35,55
none.china,"[0.5610294986546212, -4.6097167203811663e-17]",36,56
none.china,"[0.15564320159117262, 0.5423261445466404]",140,160
none.democratic party,"[0.7003009752518536, nan]",93,113
none.democratic party,"[0.7003009752518536, -0.140028008402801]",94,114
none.democratic party,"[0.7003009752518536, -0.14002800840280097]",95,115
none.democratic party,"[0.5369496313393849, -0.15971082665869638]",96,116
none.democratic party,"[1.0, -0.05882352941176469]",136,156
none.democratic party,"[0.6871842709362768, -0.05882352941176469]",137,157
none.democratic party,"[0.6871842709362768, -0.08574929257125441]",138,158
donald trump.none,"[0.4564354645876385, 0.5423261445466406]",25,45
donald trump.none,"[0.5443310539518176, 0.685994340570035]",26,46
donald trump.none,"[-0.08084520834544434, 0.6859943405700353]",71,91
donald trump.none,"[-0.08084520834544433, 0.685994340570035]",72,92
none.russia,"[-0.08084520834544433, 0.9999999999999999]",111,131
none.russia,"[-0.08084520834544433, 0.6859943405700352]",112,132
none.russia,"[-0.08084520834544434, 0.6859943405700354]",113,133
none.russia,"[-0.10206207261596577, 0.5423261445466404]",114,134
none.russia,"[-0.10206207261596577, 0.5423261445466404]",115,135
none.russia,"[-0.10206207261596577, 0.5423261445466404]",116,136
none.global elite,"[0.5443310539518174, nan]",26,46
none.global elite,"[0.5443310539518175, -0.1084652289093281]",27,47
none.global elite,"[-0.1875, 0.6054055145966812]",45,65
none.global elite,"[-0.1875, 0.630528288755463]",46,66
none.global elite,"[-0.16798421022632323, 0.6616591390145994]",47,67
none.global elite,"[-0.16798421022632323, 0.6616591390145994]",48,68
none.global elite,"[-0.16464638998453554, 0.5294117647058824]",49,69
none.global elite,"[-0.16464638998453554, 0.5294117647058822]",50,70
none.global elite,"[-0.1646463899845355, 0.5294117647058822]",51,71
none.global elite,"[-0.1829404333161506, 0.5294117647058822]",52,72
none.global elite,"[-0.1829404333161506, 0.5114781589870119]",53,73
none.global elite,"[-0.20245779780388537, 0.5114781589870119]",55,75
none.global elite,"[-0.266217434032501, 0.511478158987012]",56,76
none.iran,"[0.6871842709362769, -0.08574929257125441]",22,42
none.iran,"[0.6871842709362768, -0.08574929257125442]",23,43
none.iran,"[0.6871842709362768, -0.08574929257125441]",24,44
none.iran,"[0.6871842709362768, -0.08574929257125441]",25,45
none.iran,"[0.6871842709362769, nan]",26,46
none.iran,"[0.6871842709362768, -0.0588235294117647]",30,50
none.iran,"[0.6871842709362768, -0.0857492925712544]",31,51
none.iran,"[0.6871842709362768, -0.0857492925712544]",32,52
none.iran,"[0.6871842709362768, -0.08574929257125442]",33,53
none.iran,"[0.5443310539518175, -0.08574929257125442]",34,54
none.iran,"[0.5443310539518175, -0.10846522890932807]",35,55
none.iran,"[0.5443310539518175, -0.10846522890932808]",36,56
none.iran,"[0.6871842709362768, -0.08574929257125442]",37,57
none.iran,"[0.6871842709362768, -0.08574929257125442]",38,58
none.iran,"[0.6871842709362768, -0.08574929257125438]",39,59
none.iran,"[0.6871842709362769, -0.08574929257125441]",40,60
none.iran,"[0.6871842709362768, -0.08574929257125442]",41,61
none.iran,"[0.45643546458763845, 0.5423261445466406]",133,153
none.iran,"[0.5443310539518176, 0.6859943405700352]",134,154
none.iran,"[-0.08084520834544433, 0.6859943405700352]",136,156
none.iran,"[-0.08084520834544433, 0.685994340570035]",137,157
none.iran,"[-0.08084520834544434, 0.6859943405700354]",138,158
none.iran,"[-0.08084520834544434, 0.6859943405700353]",139,159
none.iran,"[-0.08084520834544434, 0.6859943405700353]",140,160
none.iran,"[-0.08084520834544434, 0.9999999999999997]",141,161
none.iran,"[-0.05555555555555555, 0.9999999999999999]",142,162
none.iran,"[-0.05555555555555555, 0.9999999999999999]",143,163
none.iran,"[-0.05555555555555555, 0.9999999999999999]",144,164
none.iran,"[-0.055555555555555566, 0.9999999999999997]",145,165
none.iran,"[-0.055555555555555566, 0.9999999999999999]",146,166
none.iran,"[-0.08084520834544434, 0.9999999999999999]",147,167
none.iran,"[-0.1176470588235294, 0.9999999999999994]",148,168
none.north korea,"[0.5305272566168368, nan]",14,34
none.north korea,"[0.5305272566168366, -0.1764705882352941]",15,35
none.north korea,"[0.5122332132852216, -0.1967223688411584]",16,36
none.north korea,"[-0.10206207261596575, 0.5423261445466404]",145,165
none.north korea,"[-0.10206207261596577, 0.5423261445466404]",146,166
none.north korea,"[-0.10206207261596575, 0.5423261445466405]",147,167
none.north korea,"[-0.10206207261596575, 0.5423261445466405]",148,168
none.united states,"[0.5443310539518176, -0.10846522890932805]",71,91
none.united states,"[0.5443310539518176, nan]",72,92
none.united states,"[-0.05555555555555556, 0.9999999999999999]",137,157
none.united states,"[-0.05555555555555556, 0.9999999999999997]",138,158
none.united states,"[-0.05555555555555555, 0.9999999999999999]",139,159
none.united states,"[-0.08084520834544434, 0.6859943405700354]",140,160
none.united states,"[-0.08084520834544434, 0.6859943405700354]",141,161
none.united states,"[-0.10206207261596577, 0.5423261445466403]",142,162
none.united states,"[-0.14852213144650117, 0.5423261445466404]",143,163
none.government,"[0.6871842709362768, nan]",48,68
none.government,"[1.0, -0.05882352941176469]",49,69
none.government,"[1.0, -0.05882352941176469]",50,70
none.government,"[1.0, -0.05882352941176469]",51,71
none.government,"[1.0, -0.05882352941176469]",52,72
none.government,"[1.0, -0.05882352941176469]",53,73
none.government,"[0.6871842709362768, -0.05882352941176469]",54,74
none.government,"[0.6871842709362768, -0.08574929257125441]",55,75
none.government,"[0.6871842709362768, -0.08574929257125441]",56,76
none.government,"[0.6871842709362768, -0.08574929257125441]",57,77
none.government,"[0.6871842709362769, -0.08574929257125441]",58,78
none.government,"[0.6871842709362768, -0.08574929257125442]",59,79
none.government,"[0.6871842709362768, -0.08574929257125441]",60,80
none.government,"[0.6871842709362768, -0.08574929257125441]",61,81
none.government,"[0.6871842709362769, -0.08574929257125441]",62,82
none.government,"[-0.05555555555555556, 0.9999999999999999]",85,105
none.government,"[-0.05555555555555556, 0.9999999999999997]",86,106
none.government,"[-0.05555555555555555, 0.9999999999999999]",87,107
none.government,"[-0.07909649964604158, 0.9999999999999999]",88,108
none.government,"[-0.07909649964604158, 0.5200727395053342]",89,109
none.government,"[-0.0790964996460416, 0.5200727395053341]",90,110
none.government,"[-0.0790964996460416, 0.5200727395053342]",91,111
none.government,"[-0.09967506006695546, 0.5200727395053342]",92,112
alex jones.new world order,"[0.4564354645876385, 0.5423261445466406]",79,99
alex jones.new world order,"[0.5443310539518176, 0.685994340570035]",80,100
none.alex jones,"[0.5443310539518174, nan]",28,48
none.alex jones,"[-0.1679842102263232, 0.6616591390145993]",49,69
none.alex jones,"[-0.1679842102263232, 0.630528288755463]",50,70
none.alex jones,"[-0.16798421022632323, 0.6616591390145994]",51,71
none.alex jones,"[-0.149376359921712, 0.6616591390145994]",52,72
none.alex jones,"[-0.16798421022632323, 0.630528288755463]",53,73
none.alex jones,"[-0.16798421022632323, 0.6616591390145992]",54,74
none.alex jones,"[-0.149376359921712, 0.6616591390145994]",55,75
none.alex jones,"[-0.14937635992171197, 0.7001400420140049]",56,76
none.alex jones,"[-0.14937635992171197, 0.6616591390145994]",57,77
none.alex jones,"[-0.149376359921712, 0.6616591390145992]",58,78
none.alex jones,"[-0.16798421022632326, 0.6616591390145994]",59,79
none.alex jones,"[-0.149376359921712, 0.6616591390145994]",60,80
none.alex jones,"[-0.1646463899845355, 0.5508226327552437]",61,81
none.alex jones,"[-0.16464638998453557, 0.5294117647058822]",62,82
none.alex jones,"[-0.1829404333161506, 0.5114781589870119]",63,83
"none
villain: none
victim: none.none","[-0.08084520834544433, 0.6859943405700352]",21,41
"none
villain: none
victim: none.none","[-0.08084520834544433, 0.685994340570035]",22,42
"none
villain: none
victim: none.none","[-0.10206207261596577, 0.5423261445466404]",23,43
"none
villain: none
victim: none.none","[-0.10206207261596577, 0.6859943405700354]",24,44
"none
villain: none
victim: none.none","[-0.08084520834544434, 0.6859943405700354]",25,45
"none
villain: none
victim: none.none","[-0.11095900821829639, 0.6859943405700353]",26,46
"none
villain: none
victim: none.none","[-0.11095900821829635, 0.5892556509887896]",27,47
"none
villain: none
victim: none.none","[-0.11095900821829639, 0.5892556509887897]",28,48
"none
villain: none
victim: none.none","[-0.11095900821829639, 0.5892556509887896]",29,49
"none
villain: none
victim: none.none","[-0.11095900821829639, 0.5892556509887898]",30,50
"none
villain: none
victim: none.none","[-0.11095900821829636, 0.5892556509887896]",31,51
"none
villain: none
victim: none.none","[-0.11095900821829639, 0.5892556509887896]",32,52
"none
villain: none
victim: none.none","[-0.11095900821829639, 0.5892556509887895]",33,53
"none
villain: none
victim: none.none","[-0.11095900821829639, 0.5892556509887896]",34,54
"none
villain: none
victim: none.none","[-0.11095900821829634, 0.5892556509887895]",35,55
"none
villain: none
victim: none.none","[-0.11095900821829639, 0.5892556509887896]",36,56
"none
villain: none
victim: none.none","[-0.11095900821829639, 0.5892556509887895]",37,57
"none
villain: none
victim: none.none","[-0.11095900821829639, 0.5892556509887896]",38,58
"none
villain: none
victim: none.none","[-0.10206207261596575, 0.5423261445466404]",91,111
"none
villain: none
victim: none.none","[-0.10206207261596577, 0.5423261445466404]",92,112
"none
villain: none
victim: none.none","[-0.10206207261596575, 0.5423261445466405]",93,113
"none
villain: none
victim: none.none","[-0.10206207261596577, 0.5423261445466405]",94,114
"none
villain: none
victim: none.none","[-0.10206207261596577, 0.5423261445466405]",95,115
"none
villain: none
victim: none.none","[-0.1217161238900369, 0.5423261445466404]",96,116
"none
villain: none
victim: none.none","[0.6871842709362768, -0.08574929257125441]",117,137
"none
villain: none
victim: none.none","[0.5443310539518176, -0.10846522890932805]",131,151
"none
villain: none
victim: none.none","[0.5443310539518176, nan]",132,152
none.facebook,"[1.0, nan]",122,142
none.facebook,"[1.0, -0.05882352941176469]",123,143
none.facebook,"[0.6871842709362768, -0.08574929257125441]",124,144
none.facebook,"[0.6871842709362768, -0.08574929257125441]",125,145
none.facebook,"[0.6871842709362768, -0.08574929257125441]",126,146
none.facebook,"[0.6871842709362768, -0.08574929257125441]",127,147
none.facebook,"[0.6871842709362768, -0.08574929257125441]",128,148
none.facebook,"[0.6871842709362768, -0.08574929257125441]",129,149
none.facebook,"[0.6871842709362768, -0.08574929257125441]",130,150
none.facebook,"[0.6871842709362768, -0.08574929257125441]",131,151
none.facebook,"[0.6871842709362769, -0.08574929257125441]",132,152
none.facebook,"[0.6871842709362768, -0.08574929257125441]",133,153
none.facebook,"[0.6871842709362768, -0.08574929257125441]",134,154
none.facebook,"[0.6871842709362768, -0.08574929257125441]",135,155
none.facebook,"[0.6871842709362769, -0.08574929257125438]",136,156
none.facebook,"[0.6871842709362768, -0.08574929257125441]",137,157
none.facebook,"[0.6871842709362768, -0.08574929257125441]",138,158
none.facebook,"[0.6871842709362768, -0.08574929257125441]",139,159
none.facebook,"[0.6871842709362769, -0.05882352941176468]",140,160
none.covid-19,"[-0.05555555555555556, 0.9999999999999999]",85,105
none.covid-19,"[0.6651290170325915, 0.6859943405700352]",86,106
none.covid-19,"[0.6651290170325914, 0.05103103630798287]",87,107
none.covid-19,"[0.5464429699610223, 0.051031036307982884]",88,108
none.covid-19,"[0.5464429699610222, 1.828481223011728e-17]",89,109
joe biden.donald trump,"[0.1304372986874877, 0.6]",120,140
joe biden.donald trump,"[-0.14852213144650112, 0.7905694150420945]",121,141
joe biden.donald trump,"[-0.14852213144650112, 0.7905694150420945]",122,142
joe biden.donald trump,"[-0.14852213144650112, 0.7905694150420945]",123,143
joe biden.donald trump,"[-0.10206207261596578, 0.6859943405700353]",124,144
joe biden.donald trump,"[-0.08084520834544434, 0.685994340570035]",125,145
none.google,"[0.5443310539518175, -0.10846522890932807]",69,89
none.google,"[0.5443310539518175, -0.10846522890932807]",70,90
none.google,"[0.5443310539518176, -0.10846522890932807]",71,91
none.google,"[0.5443310539518176, -0.10846522890932807]",72,92
none.google,"[0.5443310539518176, -0.1084652289093281]",73,93
none.google,"[0.5443310539518176, -0.10846522890932807]",74,94
none.google,"[0.5443310539518176, -0.10846522890932807]",75,95
none.google,"[0.5443310539518176, -0.10846522890932807]",76,96
none.google,"[0.5443310539518176, -0.0857492925712544]",77,97
none.google,"[0.6871842709362769, -0.08574929257125438]",78,98
none.google,"[0.6871842709362768, -0.0857492925712544]",79,99
none.google,"[0.6871842709362768, -0.0857492925712544]",80,100
none.google,"[0.6871842709362768, -0.05882352941176468]",81,101
none.google,"[1.0, nan]",82,102
donald trump.hillary clinton,"[0.5833333333333334, -0.022518867455552257]",0,20
donald trump.hillary clinton,"[0.5669467095138409, -0.04563166475962752]",1,21
donald trump.hillary clinton,"[0.5271855963579337, 0.4573384040746895]",16,36
donald trump.hillary clinton,"[-0.09523809523809522, 0.6859943405700353]",19,39
donald trump.hillary clinton,"[-0.08084520834544434, 0.6859943405700352]",20,40
none.biden administration,"[-0.09523809523809525, 0.8091547798786778]",109,129
none.biden administration,"[-0.09523809523809525, 0.8091547798786778]",110,130
none.biden administration,"[-0.09523809523809525, 0.8091547798786778]",111,131
none.biden administration,"[-0.09523809523809526, 0.8091547798786778]",112,132
none.biden administration,"[-0.09523809523809523, 0.8091547798786778]",113,133
none.biden administration,"[-0.1134023029066286, 0.8091547798786778]",114,134
none.biden administration,"[-0.1134023029066286, 0.7481290972721262]",115,135
none.biden administration,"[-0.12171612389003691, 0.7481290972721263]",116,136
none.biden administration,"[0.7003009752518536, -0.14002800840280097]",144,164
none.biden administration,"[0.7003009752518535, -0.14002800840280094]",145,165
none.republican party,"[0.6871842709362768, nan]",143,163
none.republican party,"[0.5443310539518175, 0.5423261445466404]",144,164
none.republican party,"[0.5443310539518175, 0.5423261445466404]",145,165
none.republican party,"[0.5443310539518175, 0.5423261445466405]",146,166
none.taliban,"[0.4200412794412909, 0.5068920020865978]",134,154
none.taliban,"[0.6871842709362768, -0.08574929257125441]",136,156
none.taliban,"[0.9999999999999999, -0.05882352941176468]",137,157
none.taliban,"[1.0, -0.05882352941176468]",138,158
none.taliban,"[0.9999999999999999, -0.05882352941176469]",139,159
none.taliban,"[0.9999999999999999, -0.05882352941176469]",140,160
none.taliban,"[0.9999999999999999, -0.05882352941176468]",141,161
none.taliban,"[0.6871842709362769, -0.05882352941176469]",142,162
vladimir putin.international criminal court,"[0.5194293585217191, 0.17946182819051526]",38,58
vladimir putin.international criminal court,"[0.650278179421311, 0.12033136751923737]",55,75
vladimir putin.international criminal court,"[0.6620374995373384, 0.21856221848208096]",56,76
ted cruz.donald trump,"[0.11984874925111251, 0.5423261445466406]",3,23
ted cruz.donald trump,"[0.5443310539518176, 0.685994340570035]",4,24
none.fbi,"[-0.08084520834544433, 0.6859943405700353]",142,162
none.fbi,"[0.32179795146741913, 0.5423261445466403]",143,163
none.george soros,"[-0.14852213144650114, 0.5423261445466405]",56,76
none.george soros,"[-0.10206207261596577, 0.5423261445466405]",57,77
none.george soros,"[-0.10206207261596577, 0.5423261445466404]",58,78
none.george soros,"[-0.10206207261596578, 0.5423261445466405]",59,79
none.george soros,"[-0.10206207261596578, 0.5423261445466405]",60,80
none.george soros,"[-0.10206207261596578, 0.5423261445466405]",61,81
none.george soros,"[-0.10206207261596578, 0.5423261445466404]",62,82
none.george soros,"[-0.08084520834544434, 0.6859943405700353]",63,83
none.george soros,"[-0.08084520834544434, 0.6859943405700353]",64,84
none.george soros,"[-0.08084520834544434, 0.6859943405700353]",65,85
none.george soros,"[-0.08084520834544434, 0.6859943405700352]",66,86
none.inflation,"[1.0, nan]",136,156
none.inflation,"[0.6871842709362768, -0.05882352941176469]",137,157
none.inflation,"[0.6871842709362768, -0.08574929257125441]",138,158
none.inflation,"[0.5443310539518175, -0.08574929257125441]",139,159
none.inflation,"[0.5443310539518175, -0.10846522890932808]",140,160
none.inflation,"[0.5443310539518175, -0.10846522890932807]",141,161
none.inflation,"[0.5443310539518175, -0.1084652289093281]",142,162
hillary clinton.donald trump,"[0.5577954598817948, 0.18463723646899907]",13,33
hillary clinton.donald trump,"[0.5577954598817948, 0.24259460026517687]",14,34
hillary clinton.donald trump,"[0.44141812315365975, 0.5200727395053342]",16,36
none.alexandria ocasio-cortez,"[0.5443310539518174, nan]",56,76
none.international criminal court,"[0.6437263095787181, nan]",36,56
none.international criminal court,"[0.607789741118069, 0.24253562503633294]",37,57
none.international criminal court,"[0.5830006053876384, 0.21856221848208102]",38,58
none.international criminal court,"[0.5490633736057197, 0.28676966733820225]",39,59
none.international criminal court,"[0.5191239963633771, 0.25724787771376323]",40,60
none.international criminal court,"[0.5191239963633772, 0.2572478777137632]",41,61
none.international criminal court,"[0.5191239963633771, 0.2572478777137632]",42,62
none.international criminal court,"[0.5191239963633771, 0.2572478777137632]",43,63
none.international criminal court,"[0.5191239963633771, 0.2572478777137632]",44,64
none.international criminal court,"[0.6264106396359445, 0.3658545578807566]",53,73
none.international criminal court,"[0.6676503510978772, 0.5700877125495689]",54,74
none.international criminal court,"[0.45643546458763856, 0.5423261445466405]",56,76
barack obama.none,"[0.8095238095238094, -0.10114434748483472]",0,20
barack obama.none,"[0.8095238095238094, -0.10114434748483467]",1,21
barack obama.none,"[0.8095238095238096, -0.10114434748483467]",2,22
barack obama.none,"[0.5197191965064278, -0.1474419561548971]",3,23
none.kim jong-un,"[0.5443310539518176, -0.10846522890932807]",42,62
none.kim jong-un,"[0.5443310539518176, -0.10846522890932805]",43,63
none.kim jong-un,"[0.5443310539518176, nan]",44,64
none.harvey weinstein,"[0.5917813771642474, -0.11785113019775792]",42,62
none.harvey weinstein,"[0.5917813771642474, -0.11785113019775792]",43,63
none.harvey weinstein,"[0.5917813771642474, -0.08084520834544434]",44,64
none.anthony fauci,"[-0.10206207261596577, 0.5423261445466404]",140,160
none.anthony fauci,"[-0.10206207261596577, 0.5423261445466404]",141,161
none.anthony fauci,"[-0.10206207261596577, 0.6859943405700354]",142,162
none.anthony fauci,"[-0.08084520834544434, 0.6859943405700354]",143,163
none.anthony fauci,"[-0.08084520834544434, 0.6859943405700354]",144,164
none.anthony fauci,"[-0.08084520834544434, 0.6859943405700353]",145,165
none.anthony fauci,"[-0.08084520834544434, 0.6859943405700354]",146,166
none.anthony fauci,"[-0.08084520834544434, 0.6859943405700354]",147,167
none.anthony fauci,"[-0.08084520834544434, 0.6859943405700353]",148,168
none.israel,"[0.6871842709362768, nan]",36,56
none.israel,"[0.6871842709362768, -0.08574929257125441]",37,57
none.israel,"[0.6871842709362768, -0.0857492925712544]",38,58
none.israel,"[0.6871842709362768, -0.08574929257125442]",39,59
none.israel,"[0.6871842709362768, -0.08574929257125442]",40,60
none.israel,"[0.6871842709362768, -0.08574929257125442]",41,61
none.israel,"[0.6871842709362768, -0.0857492925712544]",42,62
none.israel,"[0.5443310539518176, -0.10846522890932807]",43,63
none.israel,"[0.5443310539518176, -0.10846522890932807]",44,64
none.israel,"[0.5443310539518176, -0.10846522890932807]",45,65
none.israel,"[0.5443310539518176, -0.10846522890932807]",46,66
none.israel,"[0.5443310539518176, -0.10846522890932807]",47,67
none.israel,"[0.5443310539518176, -0.10846522890932807]",48,68
none.israel,"[0.5443310539518176, -0.10846522890932807]",49,69
none.israel,"[0.5443310539518176, -0.10846522890932804]",50,70
none.israel,"[0.5443310539518176, -0.0857492925712544]",51,71
none.israel,"[0.5917813771642473, -0.0857492925712544]",52,72
none.israel,"[0.5917813771642473, -0.1178511301977579]",53,73
none.israel,"[-0.055555555555555566, 0.9999999999999999]",119,139
none.israel,"[-0.05555555555555555, 0.9999999999999999]",120,140
none.israel,"[-0.05555555555555555, 0.9999999999999999]",121,141
none.israel,"[-0.055555555555555566, 0.9999999999999997]",122,142
none.israel,"[-0.055555555555555566, 0.9999999999999999]",123,143
none.israel,"[-0.05555555555555555, 0.9999999999999999]",124,144
none.israel,"[-0.05555555555555555, 0.9999999999999999]",125,145
none.israel,"[-0.055555555555555566, 0.9999999999999997]",126,146
none.bernie sanders,"[-0.1217161238900369, 0.5423261445466405]",74,94
none.bernie sanders,"[-0.10206207261596578, 0.5423261445466406]",75,95
none.bernie sanders,"[-0.10206207261596578, 0.5423261445466406]",76,96
none.bernie sanders,"[-0.10206207261596578, 0.6859943405700353]",77,97
none.bernie sanders,"[-0.08084520834544434, 0.6859943405700352]",78,98
nasa.none,"[0.6871842709362768, -0.0588235294117647]",105,125
nasa.none,"[0.6871842709362768, -0.0857492925712544]",106,126
nasa.none,"[0.6871842709362768, -0.0857492925712544]",107,127
nasa.none,"[0.6871842709362768, -0.0857492925712544]",108,128
nasa.none,"[0.6871842709362768, -0.08574929257125442]",109,129
nasa.none,"[0.6871842709362768, -0.08574929257125438]",110,130
nasa.none,"[0.6871842709362768, -0.0857492925712544]",111,131
nasa.none,"[0.5443310539518176, -0.0857492925712544]",112,132
nasa.none,"[0.6871842709362768, -0.08574929257125441]",113,133
nasa.none,"[0.6871842709362768, -0.08574929257125441]",114,134
nasa.none,"[0.6871842709362769, -0.08574929257125442]",115,135
nasa.none,"[0.6871842709362768, -0.08574929257125444]",116,136
nasa.none,"[0.6871842709362768, -0.0857492925712544]",117,137
nasa.none,"[0.6871842709362768, -0.08574929257125438]",118,138
nasa.none,"[0.6871842709362769, -0.08574929257125441]",119,139
nasa.none,"[0.6871842709362768, -0.08574929257125444]",120,140
nasa.none,"[0.6871842709362768, -0.08574929257125441]",121,141
nasa.none,"[0.6871842709362768, -0.08574929257125438]",122,142
nasa.none,"[0.6871842709362769, nan]",123,143
none.trump administration,"[-0.14852213144650112, 0.5423261445466406]",74,94
none.trump administration,"[-0.10206207261596578, 0.5423261445466406]",75,95
none.trump administration,"[-0.10206207261596578, 0.5423261445466405]",76,96
none.trump administration,"[-0.1020620726159658, 0.5423261445466406]",77,97
none.trump administration,"[-0.10206207261596578, 0.5423261445466406]",78,98
none.trump administration,"[-0.08084520834544434, 0.6859943405700353]",79,99
none.trump administration,"[-0.08084520834544434, 0.6859943405700352]",80,100
none.ted cruz,"[0.5443310539518176, -0.08574929257125441]",5,25
none.ted cruz,"[0.6871842709362769, -0.05882352941176469]",6,26
none.man,"[-0.10206207261596575, 0.5423261445466404]",98,118
none.man,"[-0.10206207261596577, 0.5423261445466404]",99,119
none.man,"[-0.10206207261596577, 0.5423261445466405]",100,120
none.man,"[-0.10206207261596575, 0.5423261445466405]",101,121
none.man,"[-0.10206207261596575, 0.5423261445466405]",102,122
none.man,"[-0.08084520834544434, 0.685994340570035]",103,123
none.man,"[-0.08084520834544434, 0.6859943405700353]",104,124
none.man,"[-0.08084520834544434, 0.6859943405700354]",105,125
none.man,"[-0.08084520834544434, 0.6859943405700353]",106,126
none.man,"[-0.08084520834544434, 0.685994340570035]",107,127
none.man,"[-0.08084520834544433, 0.6859943405700353]",108,128
none.man,"[-0.05555555555555555, 0.9999999999999999]",109,129
none.man,"[-0.05555555555555555, 0.9999999999999999]",110,130
none.man,"[-0.055555555555555566, 0.9999999999999997]",111,131
none.man,"[-0.055555555555555566, 0.9999999999999999]",112,132
none.man,"[-0.05555555555555555, 0.9999999999999999]",113,133
none.man,"[-0.05555555555555555, 0.9999999999999999]",114,134
none.man,"[-0.055555555555555566, 0.9999999999999997]",115,135
none.john kerry,"[0.6871842709362768, -0.08574929257125441]",109,129
none.john kerry,"[0.6871842709362768, -0.08574929257125441]",110,130
none.john kerry,"[0.6871842709362768, -0.08574929257125442]",111,131
none.john kerry,"[0.6871842709362768, -0.08574929257125442]",112,132
none.john kerry,"[0.6871842709362768, -0.0857492925712544]",113,133
none.john kerry,"[0.6871842709362768, -0.0857492925712544]",114,134
none.john kerry,"[0.6871842709362768, -0.0857492925712544]",115,135
none.john kerry,"[0.6871842709362768, -0.0857492925712544]",116,136
none.john kerry,"[0.6871842709362768, -0.0857492925712544]",117,137
none.john kerry,"[0.6871842709362769, -0.08574929257125438]",118,138
none.john kerry,"[0.6871842709362768, -0.0857492925712544]",119,139
none.john kerry,"[0.6871842709362768, -0.0857492925712544]",120,140
none.john kerry,"[0.6871842709362768, -0.05882352941176468]",121,141
none.john kerry,"[1.0, -0.05882352941176468]",122,142
none.john kerry,"[0.9999999999999999, -0.05882352941176469]",123,143
none.john kerry,"[0.9999999999999999, -0.05882352941176469]",124,144
none.john kerry,"[0.9999999999999999, -0.05882352941176468]",125,145
none.john kerry,"[1.0, nan]",126,146
none.recep tayyip erdogan,"[-0.05555555555555556, 0.9999999999999999]",91,111
none.recep tayyip erdogan,"[-0.05555555555555556, 0.9999999999999997]",92,112
none.recep tayyip erdogan,"[-0.05555555555555555, 0.9999999999999999]",93,113
none.recep tayyip erdogan,"[-0.05555555555555555, 0.9999999999999999]",94,114
none.recep tayyip erdogan,"[-0.05555555555555555, 0.9999999999999999]",95,115
none.recep tayyip erdogan,"[-0.05555555555555555, 0.9999999999999997]",96,116
none.recep tayyip erdogan,"[-0.05555555555555555, 0.9999999999999999]",97,117
none.recep tayyip erdogan,"[-0.05555555555555555, 0.9999999999999999]",98,118
none.recep tayyip erdogan,"[-0.05555555555555555, 0.9999999999999999]",99,119
none.recep tayyip erdogan,"[-0.055555555555555566, 0.9999999999999997]",100,120
none.recep tayyip erdogan,"[-0.055555555555555566, 0.9999999999999999]",101,121
none.recep tayyip erdogan,"[-0.05555555555555555, 0.9999999999999999]",102,122
none.recep tayyip erdogan,"[-0.05555555555555555, 0.9999999999999999]",103,123
none.recep tayyip erdogan,"[-0.055555555555555566, 0.9999999999999997]",104,124
none.recep tayyip erdogan,"[-0.055555555555555566, 0.9999999999999999]",105,125
none.recep tayyip erdogan,"[-0.05555555555555555, 0.9999999999999999]",106,126
none.recep tayyip erdogan,"[-0.05555555555555555, 0.9999999999999999]",107,127
none.recep tayyip erdogan,"[-0.055555555555555566, 0.9999999999999997]",108,128
none.bill gates,"[1.0, nan]",86,106
none.bill gates,"[1.0, -0.05882352941176469]",87,107
none.bill gates,"[1.0, -0.05882352941176469]",88,108
none.bill gates,"[1.0, -0.05882352941176469]",89,109
none.bill gates,"[0.6871842709362768, -0.08574929257125441]",90,110
none.bill gates,"[0.6871842709362768, -0.08574929257125441]",91,111
none.bill gates,"[0.6871842709362768, -0.08574929257125441]",92,112
none.bill gates,"[0.6871842709362768, -0.08574929257125442]",93,113
none.bill gates,"[0.5443310539518176, -0.10846522890932808]",94,114
none.bill gates,"[0.5443310539518176, -0.10846522890932808]",95,115
none.bill gates,"[0.5443310539518175, -0.10846522890932807]",96,116
none.bill gates,"[0.5443310539518175, -0.10846522890932805]",97,117
none.bill gates,"[0.5443310539518175, -0.10846522890932805]",98,118
none.bill gates,"[0.5443310539518175, -0.10846522890932805]",99,119
none.bill gates,"[0.5443310539518176, -0.10846522890932807]",119,139
none.bill gates,"[0.5443310539518175, -0.10846522890932807]",120,140
none.bill gates,"[0.5443310539518176, -0.10846522890932805]",121,141
none.bill gates,"[0.5443310539518176, -0.10846522890932805]",122,142
none.bill gates,"[0.6871842709362768, -0.08574929257125438]",123,143
none.bill gates,"[0.6871842709362769, -0.08574929257125441]",124,144
none.bill gates,"[0.6871842709362768, -0.08574929257125442]",125,145
none.bill gates,"[0.6871842709362768, -0.08574929257125442]",126,146
none.bill gates,"[0.6871842709362768, -0.08574929257125438]",127,147
none.bill gates,"[0.6871842709362769, nan]",128,148
donald trump.barack obama,"[0.5443310539518174, nan]",6,26
donald trump.barack obama,"[0.5443310539518175, -0.10846522890932808]",7,27
donald trump.barack obama,"[0.5443310539518175, -0.10846522890932807]",8,28
donald trump.barack obama,"[0.5443310539518175, -0.10846522890932808]",9,29
donald trump.barack obama,"[-0.10206207261596578, 0.5423261445466405]",25,45
donald trump.barack obama,"[-0.10206207261596578, 0.5423261445466405]",26,46
none.apple,"[-0.08084520834544433, 0.6859943405700352]",29,49
none.apple,"[-0.08084520834544433, 0.685994340570035]",30,50
none.apple,"[-0.08084520834544433, 0.6859943405700354]",31,51
none.apple,"[-0.08084520834544434, 0.6859943405700354]",32,52
none.apple,"[-0.08084520834544434, 0.6859943405700353]",33,53
none.apple,"[-0.08084520834544434, 0.6859943405700352]",34,54
none.apple,"[-0.05555555555555555, 0.9999999999999999]",35,55
none.apple,"[-0.05555555555555555, 0.9999999999999999]",36,56
none.apple,"[-0.05555555555555555, 0.9999999999999999]",37,57
none.apple,"[-0.055555555555555566, 0.9999999999999997]",38,58
none.apple,"[-0.055555555555555566, 0.9999999999999999]",39,59
none.apple,"[-0.05555555555555555, 0.9999999999999999]",40,60
none.apple,"[-0.05555555555555555, 0.9999999999999999]",41,61
none.apple,"[-0.055555555555555566, 0.9999999999999997]",42,62
none.apple,"[-0.055555555555555566, 0.9999999999999999]",43,63
none.apple,"[-0.05555555555555555, 0.9999999999999999]",44,64
none.apple,"[-0.05555555555555555, 0.9999999999999999]",45,65
none.apple,"[-0.055555555555555566, 0.9999999999999997]",46,66
none.kamala harris,"[-0.07147416898918633, 0.9999999999999999]",111,131
none.kamala harris,"[-0.08084520834544434, 0.6859943405700353]",112,132
none.kamala harris,"[-0.08084520834544434, 0.6859943405700353]",113,133
none.kamala harris,"[-0.08084520834544433, 0.685994340570035]",114,134
none.marco rubio,"[0.37908769828787303, 0.6527533657682195]",0,20
none.marco rubio,"[0.5197191965064276, 0.4374999999999998]",1,21
anthony fauci.none,"[0.6871842709362768, nan]",86,106
anthony fauci.none,"[0.6871842709362768, -0.08574929257125441]",87,107
anthony fauci.none,"[0.6871842709362768, -0.0857492925712544]",88,108
anthony fauci.none,"[0.6871842709362768, -0.08574929257125442]",89,109
anthony fauci.none,"[0.6871842709362768, -0.08574929257125442]",90,110
anthony fauci.none,"[0.5443310539518175, -0.10846522890932808]",91,111
anthony fauci.none,"[0.5443310539518175, -0.10846522890932807]",92,112
anthony fauci.none,"[0.5443310539518176, -0.10846522890932807]",93,113
anthony fauci.none,"[0.5443310539518176, -0.10846522890932807]",94,114
anthony fauci.none,"[0.5443310539518176, -0.10846522890932807]",95,115
anthony fauci.none,"[0.5443310539518176, -0.10846522890932807]",96,116
anthony fauci.none,"[0.5443310539518176, -0.10846522890932807]",97,117
anthony fauci.none,"[0.5443310539518176, -0.08574929257125438]",104,124
anthony fauci.none,"[0.5443310539518174, nan]",109,129
anthony fauci.none,"[0.6871842709362768, -0.0857492925712544]",110,130
anthony fauci.none,"[0.6871842709362768, -0.08574929257125438]",111,131
anthony fauci.none,"[0.6871842709362768, -0.08574929257125442]",112,132
anthony fauci.none,"[0.6871842709362768, -0.0857492925712544]",113,133
anthony fauci.none,"[0.6871842709362768, -0.0857492925712544]",114,134
anthony fauci.none,"[0.6871842709362768, -0.08574929257125438]",115,135
anthony fauci.none,"[0.6871842709362768, -0.05882352941176469]",116,136
anthony fauci.none,"[0.9999999999999999, -0.05882352941176469]",117,137
anthony fauci.none,"[0.9999999999999999, -0.05882352941176469]",118,138
anthony fauci.none,"[1.0, -0.05882352941176469]",119,139
anthony fauci.none,"[0.9999999999999999, -0.05882352941176469]",120,140
anthony fauci.none,"[0.9999999999999999, -0.05882352941176469]",121,141
anthony fauci.none,"[0.9999999999999999, -0.05882352941176468]",122,142
anthony fauci.none,"[1.0, -0.05882352941176468]",123,143
anthony fauci.none,"[0.9999999999999999, -0.05882352941176469]",124,144
anthony fauci.none,"[0.9999999999999999, -0.05882352941176469]",125,145
anthony fauci.none,"[0.9999999999999999, -0.05882352941176468]",126,146
anthony fauci.none,"[1.0, nan]",127,147
none.tucker carlson,"[0.5443310539518176, -0.10846522890932805]",126,146
none.tucker carlson,"[0.5443310539518176, -0.10846522890932805]",127,147
none.tucker carlson,"[0.5443310539518176, -0.08574929257125438]",128,148
none.jeffrey epstein,"[-0.05555555555555556, 0.9999999999999999]",85,105
none.jeffrey epstein,"[-0.05555555555555556, 0.9999999999999997]",86,106
none.jeffrey epstein,"[-0.05555555555555555, 0.9999999999999999]",87,107
none.jeffrey epstein,"[-0.05555555555555555, 0.9999999999999999]",88,108
none.jeffrey epstein,"[-0.05555555555555555, 0.9999999999999999]",89,109
none.jeffrey epstein,"[-0.08084520834544434, 0.9999999999999997]",90,110
none.jeffrey epstein,"[-0.11764705882352941, 0.9999999999999999]",91,111
none.jeffrey epstein,"[-0.14852213144650114, 0.9999999999999999]",92,112
none.jeffrey epstein,"[-0.14852213144650112, 0.7905694150420949]",93,113
none.jeffrey epstein,"[-0.14852213144650114, 0.7905694150420949]",94,114
none.jeffrey epstein,"[-0.14852213144650112, 0.7905694150420949]",95,115
none.jeffrey epstein,"[-0.14852213144650112, 0.7905694150420947]",96,116
none.jeffrey epstein,"[-0.14852213144650112, 0.7905694150420949]",97,117
none.jeffrey epstein,"[-0.14852213144650112, 0.7905694150420947]",98,118
none.jeffrey epstein,"[-0.14852213144650112, 0.7905694150420949]",99,119
none.jeffrey epstein,"[-0.14852213144650112, 0.7905694150420948]",100,120
none.jeffrey epstein,"[-0.14852213144650112, 0.7905694150420947]",101,121
none.jeffrey epstein,"[-0.14852213144650112, 0.7905694150420947]",102,122
none.jeffrey epstein,"[-0.11764705882352938, 0.6859943405700353]",103,123
none.jeffrey epstein,"[-0.08084520834544434, 0.6859943405700352]",104,124
none.jeffrey epstein,"[-0.08084520834544434, 0.6859943405700353]",105,125
none.jeffrey epstein,"[-0.08084520834544434, 0.6859943405700353]",106,126
none.jeffrey epstein,"[-0.08084520834544434, 0.6859943405700353]",107,127
none.jeffrey epstein,"[-0.08084520834544434, 0.6859943405700352]",108,128
dianny.none,"[1.0, nan]",108,128
dianny.none,"[1.0, -0.05882352941176469]",109,129
dianny.none,"[1.0, -0.05882352941176469]",110,130
dianny.none,"[1.0, -0.05882352941176469]",111,131
dianny.none,"[1.0, -0.05882352941176469]",112,132
dianny.none,"[1.0, -0.05882352941176469]",113,133
dianny.none,"[1.0, -0.05882352941176469]",114,134
dianny.none,"[0.9999999999999999, -0.05882352941176469]",115,135
dianny.none,"[0.9999999999999999, -0.05882352941176469]",116,136
dianny.none,"[0.9999999999999999, -0.05882352941176469]",117,137
dianny.none,"[1.0, -0.05882352941176469]",118,138
dianny.none,"[0.9999999999999999, -0.05882352941176469]",119,139
dianny.none,"[0.9999999999999999, -0.05882352941176469]",120,140
dianny.none,"[0.9999999999999999, -0.05882352941176468]",121,141
dianny.none,"[1.0, -0.05882352941176468]",122,142
dianny.none,"[0.9999999999999999, -0.05882352941176469]",123,143
dianny.none,"[0.9999999999999999, -0.05882352941176469]",124,144
dianny.none,"[0.9999999999999999, -0.05882352941176468]",125,145
dianny.none,"[1.0, nan]",126,146
rishi sunak.none,"[0.6871842709362768, -0.08574929257125441]",115,135
rishi sunak.none,"[0.6871842709362768, -0.08574929257125441]",117,137
rishi sunak.none,"[0.6871842709362768, -0.08574929257125441]",118,138
rishi sunak.none,"[0.6871842709362768, -0.08574929257125442]",119,139
rishi sunak.none,"[0.6871842709362768, -0.08574929257125442]",120,140
rishi sunak.none,"[0.6871842709362768, -0.08574929257125438]",121,141
rishi sunak.none,"[0.6871842709362769, -0.08574929257125441]",122,142
rishi sunak.none,"[0.6871842709362768, -0.08574929257125442]",123,143
rishi sunak.none,"[0.5443310539518176, -0.08574929257125442]",124,144
rishi sunak.none,"[0.5443310539518176, -0.10846522890932807]",125,145
rishi sunak.none,"[0.5443310539518175, -0.10846522890932807]",126,146
rishi sunak.none,"[0.5443310539518175, -0.10846522890932807]",127,147
rishi sunak.none,"[0.5443310539518175, -0.10846522890932807]",128,148
rishi sunak.none,"[0.5443310539518175, -0.10846522890932805]",129,149
rishi sunak.none,"[0.5443310539518175, nan]",130,150
ron desantis.none,"[-0.05555555555555556, 0.9999999999999999]",135,155
ron desantis.none,"[-0.08084520834544433, 0.9999999999999997]",136,156
ron desantis.none,"[-0.08084520834544433, 0.6859943405700354]",137,157
ron desantis.none,"[-0.08084520834544434, 0.6859943405700354]",138,158
ron desantis.none,"[-0.08084520834544434, 0.6859943405700354]",139,159
ron desantis.none,"[-0.08084520834544434, 0.6859943405700353]",140,160
ron desantis.none,"[-0.10206207261596578, 0.6859943405700354]",141,161
ron desantis.none,"[-0.10206207261596577, 0.5423261445466404]",142,162
ron desantis.none,"[-0.10206207261596577, 0.5423261445466405]",143,163
bernie sanders.none,"[0.24041118447297544, 0.5892556509887896]",0,20
bernie sanders.none,"[0.24041118447297546, 0.6859943405700353]",1,21
bernie sanders.none,"[-0.05555555555555555, 0.9999999999999999]",2,22
bernie sanders.none,"[-0.05555555555555555, 0.9999999999999999]",3,23
bernie sanders.none,"[-0.055555555555555566, 0.9999999999999997]",4,24
bernie sanders.none,"[-0.055555555555555566, 0.9999999999999999]",5,25
bernie sanders.none,"[-0.05555555555555555, 0.9999999999999999]",6,26
bernie sanders.none,"[-0.05555555555555555, 0.9999999999999999]",7,27
bernie sanders.none,"[-0.055555555555555566, 0.9999999999999997]",8,28
none.nbc,"[-0.05555555555555556, 0.9999999999999999]",21,41
none.nbc,"[-0.05555555555555556, 0.9999999999999997]",22,42
none.nbc,"[-0.05555555555555555, 0.9999999999999999]",23,43
none.nbc,"[-0.05555555555555555, 0.9999999999999999]",24,44
none.nbc,"[-0.05555555555555555, 0.9999999999999999]",25,45
none.nbc,"[-0.05555555555555555, 0.9999999999999997]",26,46
none.nbc,"[-0.05555555555555555, 0.9999999999999999]",27,47
none.nbc,"[-0.05555555555555555, 0.9999999999999999]",28,48
none.nbc,"[-0.05555555555555555, 0.9999999999999999]",29,49
none.nbc,"[-0.055555555555555566, 0.9999999999999997]",30,50
none.nbc,"[-0.055555555555555566, 0.9999999999999999]",31,51
none.nbc,"[-0.05555555555555555, 0.9999999999999999]",32,52
none.nbc,"[-0.05555555555555555, 0.9999999999999999]",33,53
none.nbc,"[-0.055555555555555566, 0.9999999999999997]",34,54
none.nbc,"[-0.08084520834544434, 0.6859943405700353]",35,55
none.nbc,"[-0.08084520834544434, 0.6859943405700353]",36,56
none.nbc,"[-0.08084520834544434, 0.6859943405700354]",37,57
none.nbc,"[-0.08084520834544434, 0.6859943405700352]",38,58
none.benjamin netanyahu,"[-0.08084520834544433, 0.6859943405700353]",37,57
none.benjamin netanyahu,"[-0.08084520834544433, 0.6859943405700352]",38,58
none.benjamin netanyahu,"[-0.08084520834544434, 0.6859943405700354]",39,59
none.benjamin netanyahu,"[-0.08084520834544434, 0.6859943405700354]",40,60
none.benjamin netanyahu,"[-0.08084520834544434, 0.6859943405700354]",41,61
none.benjamin netanyahu,"[-0.08084520834544434, 0.6859943405700352]",42,62
none.benjamin netanyahu,"[-0.08084520834544434, 0.6859943405700354]",43,63
none.benjamin netanyahu,"[-0.08084520834544434, 0.6859943405700353]",44,64
none.benjamin netanyahu,"[-0.08084520834544434, 0.6859943405700354]",45,65
none.benjamin netanyahu,"[-0.08084520834544434, 0.6859943405700352]",46,66
none.benjamin netanyahu,"[-0.08084520834544434, 0.6859943405700353]",47,67
none.benjamin netanyahu,"[-0.08084520834544434, 0.6859943405700353]",48,68
none.benjamin netanyahu,"[-0.08084520834544434, 0.9999999999999999]",49,69
none.benjamin netanyahu,"[-0.055555555555555566, 0.9999999999999997]",50,70
none.benjamin netanyahu,"[-0.055555555555555566, 0.9999999999999999]",51,71
none.benjamin netanyahu,"[-0.05555555555555555, 0.9999999999999999]",52,72
none.benjamin netanyahu,"[-0.05555555555555555, 0.9999999999999999]",53,73
none.benjamin netanyahu,"[-0.055555555555555566, 0.9999999999999997]",54,74
none.ilhan omar,"[1.0, nan]",124,144
none.ilhan omar,"[1.0, -0.05882352941176469]",125,145
none.ilhan omar,"[1.0, -0.05882352941176469]",126,146
none.ilhan omar,"[1.0, -0.05882352941176469]",127,147
none.ilhan omar,"[1.0, -0.05882352941176469]",128,148
none.ilhan omar,"[1.0, -0.05882352941176469]",129,149
none.ilhan omar,"[1.0, -0.05882352941176469]",130,150
none.ilhan omar,"[0.9999999999999999, -0.05882352941176469]",131,151
none.ilhan omar,"[0.9999999999999999, -0.05882352941176469]",132,152
none.ilhan omar,"[0.9999999999999999, -0.05882352941176469]",133,153
none.ilhan omar,"[1.0, -0.05882352941176469]",134,154
none.ilhan omar,"[0.9999999999999999, -0.05882352941176469]",135,155
none.ilhan omar,"[0.9999999999999999, -0.05882352941176469]",136,156
none.ilhan omar,"[0.9999999999999999, -0.05882352941176468]",137,157
none.ilhan omar,"[1.0, -0.05882352941176468]",138,158
none.ilhan omar,"[0.9999999999999999, -0.05882352941176469]",139,159
none.ilhan omar,"[0.9999999999999999, -0.05882352941176469]",140,160
none.ilhan omar,"[0.9999999999999999, -0.05882352941176468]",141,161
none.ilhan omar,"[1.0, nan]",142,162
police.none,"[-0.05555555555555556, 0.9999999999999999]",135,155
police.none,"[-0.05555555555555556, 0.9999999999999997]",136,156
police.none,"[-0.05555555555555555, 0.9999999999999999]",137,157
police.none,"[-0.05555555555555555, 0.9999999999999999]",138,158
police.none,"[-0.08084520834544434, 0.9999999999999999]",139,159
police.none,"[-0.08084520834544434, 0.6859943405700353]",140,160
police.none,"[-0.08084520834544434, 0.6859943405700354]",141,161
police.none,"[-0.08084520834544434, 0.6859943405700354]",142,162
police.none,"[-0.08084520834544434, 0.6859943405700354]",143,163
police.none,"[-0.08084520834544434, 0.6859943405700353]",144,164
police.none,"[-0.08084520834544433, 0.6859943405700353]",145,165
police.none,"[-0.08084520834544434, 0.6859943405700354]",146,166
police.none,"[-0.08084520834544434, 0.6859943405700353]",147,167
police.none,"[-0.08084520834544434, 0.685994340570035]",148,168
none.youtube,"[1.0, nan]",34,54
none.youtube,"[1.0, -0.05882352941176469]",35,55
none.youtube,"[1.0, -0.05882352941176469]",36,56
none.youtube,"[1.0, -0.05882352941176469]",37,57
none.youtube,"[1.0, -0.05882352941176469]",38,58
none.youtube,"[1.0, -0.05882352941176469]",39,59
none.youtube,"[1.0, -0.05882352941176469]",40,60
none.youtube,"[0.9999999999999999, -0.05882352941176469]",41,61
none.youtube,"[0.9999999999999999, -0.05882352941176469]",42,62
none.youtube,"[0.9999999999999999, -0.05882352941176469]",43,63
none.youtube,"[1.0, -0.05882352941176469]",44,64
none.youtube,"[0.9999999999999999, -0.05882352941176469]",45,65
none.youtube,"[0.9999999999999999, -0.05882352941176469]",46,66
none.youtube,"[0.9999999999999999, -0.05882352941176468]",47,67
none.youtube,"[1.0, -0.05882352941176468]",48,68
none.youtube,"[0.9999999999999999, -0.05882352941176469]",49,69
none.youtube,"[0.9999999999999999, -0.05882352941176469]",50,70
none.youtube,"[0.9999999999999999, -0.05882352941176468]",51,71
none.youtube,"[1.0, nan]",52,72
none.author of the article,"[-0.08084520834544433, 0.6859943405700352]",15,35
none.author of the article,"[-0.08084520834544433, 0.685994340570035]",16,36
none.author of the article,"[-0.08084520834544434, 0.6859943405700353]",17,37
none.author of the article,"[-0.08084520834544434, 0.9999999999999999]",18,38
none.author of the article,"[-0.05555555555555555, 0.9999999999999999]",19,39
none.author of the article,"[-0.05555555555555555, 0.9999999999999997]",20,40
none.author of the article,"[-0.05555555555555555, 0.9999999999999999]",21,41
none.author of the article,"[-0.05555555555555555, 0.9999999999999999]",22,42
none.author of the article,"[-0.05555555555555555, 0.9999999999999999]",23,43
none.author of the article,"[-0.055555555555555566, 0.9999999999999997]",24,44
none.author of the article,"[-0.055555555555555566, 0.9999999999999999]",25,45
none.author of the article,"[-0.05555555555555555, 0.9999999999999999]",26,46
none.author of the article,"[-0.05555555555555555, 0.9999999999999999]",27,47
none.author of the article,"[-0.055555555555555566, 0.9999999999999997]",28,48
none.author of the article,"[-0.055555555555555566, 0.9999999999999999]",29,49
none.author of the article,"[-0.05555555555555555, 0.9999999999999999]",30,50
none.author of the article,"[-0.05555555555555555, 0.9999999999999999]",31,51
none.author of the article,"[-0.055555555555555566, 0.9999999999999997]",32,52
none.steve bannon,"[-0.05555555555555556, 0.9999999999999999]",141,161
none.steve bannon,"[-0.08084520834544433, 0.9999999999999997]",142,162
none.steve bannon,"[-0.08084520834544433, 0.6859943405700354]",143,163
none.steve bannon,"[-0.08084520834544434, 0.6859943405700354]",144,164
none.steve bannon,"[-0.08084520834544434, 0.6859943405700354]",145,165
none.steve bannon,"[-0.08084520834544434, 0.6859943405700353]",146,166
none.steve bannon,"[-0.08084520834544434, 0.6859943405700354]",147,167
none.steve bannon,"[-0.08084520834544434, 0.6859943405700354]",148,168
amazon.none,"[1.0, nan]",28,48
amazon.none,"[1.0, -0.05882352941176469]",29,49
amazon.none,"[1.0, -0.05882352941176469]",30,50
amazon.none,"[1.0, -0.05882352941176469]",31,51
amazon.none,"[1.0, -0.05882352941176469]",32,52
amazon.none,"[1.0, -0.05882352941176469]",33,53
amazon.none,"[0.6871842709362768, -0.05882352941176469]",34,54
amazon.none,"[0.6871842709362768, -0.08574929257125441]",35,55
amazon.none,"[0.6871842709362768, -0.08574929257125441]",36,56
amazon.none,"[0.6871842709362768, -0.08574929257125441]",37,57
amazon.none,"[0.6871842709362769, -0.08574929257125441]",38,58
amazon.none,"[0.6871842709362768, -0.08574929257125442]",39,59
none.bill o'reilly,"[1.0, nan]",12,32
none.bill o'reilly,"[1.0, -0.05882352941176469]",13,33
none.bill o'reilly,"[1.0, -0.05882352941176469]",14,34
none.bill o'reilly,"[1.0, -0.05882352941176469]",15,35
none.bill o'reilly,"[1.0, -0.05882352941176469]",16,36
none.bill o'reilly,"[1.0, -0.05882352941176469]",17,37
none.bill o'reilly,"[1.0, -0.05882352941176469]",18,38
none.bill o'reilly,"[0.9999999999999999, -0.05882352941176469]",19,39
none.bill o'reilly,"[0.9999999999999999, -0.05882352941176469]",20,40
none.bill o'reilly,"[0.9999999999999999, -0.05882352941176469]",21,41
none.bill o'reilly,"[1.0, -0.05882352941176469]",22,42
none.bill o'reilly,"[0.9999999999999999, -0.05882352941176469]",23,43
none.bill o'reilly,"[0.9999999999999999, -0.05882352941176469]",24,44
none.bill o'reilly,"[0.9999999999999999, -0.05882352941176468]",25,45
none.bill o'reilly,"[1.0, -0.05882352941176468]",26,46
none.bill o'reilly,"[0.9999999999999999, -0.05882352941176469]",27,47
none.bill o'reilly,"[0.9999999999999999, -0.05882352941176469]",28,48
none.bill o'reilly,"[0.9999999999999999, -0.05882352941176468]",29,49
none.bill o'reilly,"[1.0, nan]",30,50
prince william.none,"[-0.08084520834544433, 0.6859943405700352]",135,155
prince william.none,"[-0.08084520834544433, 0.685994340570035]",136,156
prince william.none,"[-0.08084520834544434, 0.6859943405700354]",137,157
prince william.none,"[-0.08084520834544434, 0.6859943405700354]",138,158
prince william.none,"[-0.08084520834544434, 0.6859943405700353]",139,159
prince william.none,"[-0.08084520834544434, 0.6859943405700352]",140,160
prince william.none,"[-0.10206207261596577, 0.6859943405700354]",141,161
prince william.none,"[-0.08084520834544434, 0.6859943405700354]",142,162
prince william.none,"[-0.08084520834544434, 0.6859943405700354]",143,163
prince william.none,"[-0.08084520834544434, 0.6859943405700353]",144,164
prince william.none,"[-0.08084520834544434, 0.6859943405700354]",145,165
prince william.none,"[-0.08084520834544434, 0.6859943405700353]",146,166
prince william.none,"[-0.08084520834544434, 0.6859943405700354]",147,167
prince william.none,"[-0.08084520834544434, 0.6859943405700352]",148,168
apple.none,"[-0.05555555555555556, 0.9999999999999999]",19,39
apple.none,"[-0.05555555555555556, 0.9999999999999997]",20,40
apple.none,"[-0.05555555555555555, 0.9999999999999999]",21,41
apple.none,"[-0.08084520834544434, 0.9999999999999999]",22,42
apple.none,"[-0.08084520834544434, 0.6859943405700354]",23,43
apple.none,"[-0.08084520834544434, 0.6859943405700353]",24,44
apple.none,"[-0.08084520834544434, 0.6859943405700354]",25,45
apple.none,"[-0.08084520834544434, 0.6859943405700354]",26,46
apple.none,"[-0.08084520834544434, 0.6859943405700353]",27,47
apple.none,"[-0.08084520834544434, 0.6859943405700352]",28,48
apple.none,"[-0.08084520834544434, 0.6859943405700354]",29,49
apple.none,"[-0.08084520834544434, 0.6859943405700354]",30,50
apple.none,"[-0.08084520834544434, 0.6859943405700353]",31,51
apple.none,"[-0.08084520834544434, 0.6859943405700352]",32,52
apple.none,"[-0.08084520834544434, 0.6859943405700354]",33,53
apple.none,"[-0.08084520834544434, 0.6859943405700354]",34,54
apple.none,"[-0.08084520834544434, 0.6859943405700353]",35,55
apple.none,"[-0.08084520834544436, 0.6859943405700352]",36,56
none.sec,"[0.6871842709362768, -0.0588235294117647]",145,165
none.sec,"[0.6871842709362768, -0.08574929257125441]",146,166
none.ghislaine maxwell,"[-0.10206207261596577, 0.5423261445466404]",111,131
none.ghislaine maxwell,"[-0.10206207261596577, 0.5423261445466405]",112,132
none.ghislaine maxwell,"[-0.10206207261596577, 0.5423261445466405]",113,133
none.ghislaine maxwell,"[-0.10206207261596577, 0.6859943405700353]",114,134
none.ghislaine maxwell,"[-0.08084520834544434, 0.6859943405700352]",115,135
none.ghislaine maxwell,"[-0.08084520834544434, 0.6859943405700354]",116,136
none.ghislaine maxwell,"[-0.08084520834544434, 0.6859943405700354]",117,137
none.ghislaine maxwell,"[-0.08084520834544434, 0.6859943405700353]",118,138
none.ghislaine maxwell,"[-0.08084520834544434, 0.6859943405700352]",119,139
none.ghislaine maxwell,"[-0.08084520834544436, 0.9999999999999999]",120,140
none.ghislaine maxwell,"[-0.05555555555555555, 0.9999999999999999]",121,141
none.ghislaine maxwell,"[-0.05555555555555555, 0.9999999999999999]",122,142
none.ghislaine maxwell,"[-0.055555555555555566, 0.9999999999999997]",123,143
none.woman,"[1.0, -0.05882352941176469]",0,20
none.woman,"[1.0, -0.05882352941176469]",1,21
none.woman,"[1.0, -0.05882352941176469]",2,22
none.woman,"[1.0, -0.05882352941176469]",3,23
none.woman,"[1.0, -0.05882352941176469]",4,24
none.woman,"[0.9999999999999999, -0.05882352941176469]",5,25
none.woman,"[0.9999999999999999, -0.05882352941176469]",6,26
none.woman,"[0.9999999999999999, -0.05882352941176469]",7,27
none.woman,"[1.0, -0.05882352941176469]",8,28
none.woman,"[0.9999999999999999, -0.05882352941176469]",9,29
none.woman,"[0.9999999999999999, -0.05882352941176469]",10,30
none.woman,"[0.9999999999999999, -0.05882352941176468]",11,31
none.woman,"[0.6871842709362769, -0.05882352941176468]",12,32
none.woman,"[0.6871842709362768, -0.0857492925712544]",13,33
none.woman,"[0.6871842709362768, -0.0857492925712544]",14,34
none.woman,"[0.6871842709362768, -0.08574929257125441]",15,35
none.woman,"[0.6871842709362769, nan]",16,36
none.susan rice,"[1.0, nan]",14,34
none.susan rice,"[1.0, -0.05882352941176469]",15,35
none.susan rice,"[1.0, -0.05882352941176469]",16,36
none.susan rice,"[1.0, -0.05882352941176469]",17,37
none.susan rice,"[1.0, -0.05882352941176469]",18,38
none.susan rice,"[1.0, -0.05882352941176469]",19,39
none.susan rice,"[1.0, -0.05882352941176469]",20,40
none.susan rice,"[0.9999999999999999, -0.05882352941176469]",21,41
none.susan rice,"[0.9999999999999999, -0.05882352941176469]",22,42
none.susan rice,"[0.9999999999999999, -0.05882352941176469]",23,43
none.susan rice,"[1.0, -0.05882352941176469]",24,44
none.susan rice,"[0.9999999999999999, -0.05882352941176469]",25,45
none.susan rice,"[0.9999999999999999, -0.05882352941176469]",26,46
none.susan rice,"[0.9999999999999999, -0.05882352941176468]",27,47
none.susan rice,"[1.0, -0.05882352941176468]",28,48
none.susan rice,"[0.9999999999999999, -0.05882352941176469]",29,49
none.susan rice,"[0.9999999999999999, -0.05882352941176469]",30,50
none.susan rice,"[0.9999999999999999, -0.05882352941176468]",31,51
none.susan rice,"[1.0, nan]",32,52
none.whoopi goldberg,"[-0.08084520834544433, 0.6859943405700353]",136,156
none.whoopi goldberg,"[-0.08084520834544433, 0.6859943405700353]",137,157
none.whoopi goldberg,"[-0.08084520834544434, 0.6859943405700354]",138,158
none.whoopi goldberg,"[-0.10206207261596578, 0.5423261445466404]",139,159
none.whoopi goldberg,"[-0.10206207261596577, 0.5423261445466405]",140,160
none.whoopi goldberg,"[-0.10206207261596577, 0.5423261445466404]",141,161
none.whoopi goldberg,"[-0.10206207261596577, 0.5423261445466405]",142,162
none.whoopi goldberg,"[-0.10206207261596577, 0.5423261445466405]",143,163
none.whoopi goldberg,"[-0.10206207261596577, 0.5423261445466405]",144,164
none.whoopi goldberg,"[-0.10206207261596581, 0.5423261445466404]",145,165
none.whoopi goldberg,"[-0.10206207261596578, 0.5423261445466406]",146,166
none.whoopi goldberg,"[-0.10206207261596578, 0.5423261445466406]",147,167
none.whoopi goldberg,"[-0.10206207261596578, 0.5423261445466406]",148,168
none.mike pompeo,"[1.0, nan]",84,104
none.mike pompeo,"[1.0, -0.05882352941176469]",85,105
none.mike pompeo,"[1.0, -0.05882352941176469]",86,106
none.mike pompeo,"[1.0, -0.05882352941176469]",87,107
none.mike pompeo,"[1.0, -0.05882352941176469]",88,108
none.mike pompeo,"[1.0, -0.05882352941176469]",89,109
none.mike pompeo,"[1.0, -0.05882352941176469]",90,110
none.mike pompeo,"[0.9999999999999999, -0.05882352941176469]",91,111
none.mike pompeo,"[0.9999999999999999, -0.05882352941176469]",92,112
none.mike pompeo,"[0.9999999999999999, -0.05882352941176469]",93,113
none.mike pompeo,"[1.0, -0.05882352941176469]",94,114
none.mike pompeo,"[0.9999999999999999, -0.05882352941176469]",95,115
none.mike pompeo,"[0.9999999999999999, -0.05882352941176469]",96,116
none.mike pompeo,"[0.9999999999999999, -0.05882352941176468]",97,117
none.mike pompeo,"[1.0, -0.05882352941176468]",98,118
none.mike pompeo,"[0.9999999999999999, -0.05882352941176469]",99,119
none.mike pompeo,"[0.9999999999999999, -0.05882352941176469]",100,120
none.mike pompeo,"[0.9999999999999999, -0.05882352941176468]",101,121
none.mike pompeo,"[1.0, nan]",102,122
none.derek chauvin,"[-0.05555555555555556, 0.9999999999999999]",107,127
none.derek chauvin,"[-0.05555555555555556, 0.9999999999999997]",108,128
none.derek chauvin,"[-0.05555555555555555, 0.9999999999999999]",109,129
none.derek chauvin,"[-0.05555555555555555, 0.9999999999999999]",110,130
none.derek chauvin,"[-0.05555555555555555, 0.9999999999999999]",111,131
none.derek chauvin,"[-0.05555555555555555, 0.9999999999999997]",112,132
none.derek chauvin,"[-0.05555555555555555, 0.9999999999999999]",113,133
none.derek chauvin,"[-0.05555555555555555, 0.9999999999999999]",114,134
none.derek chauvin,"[-0.05555555555555555, 0.9999999999999999]",115,135
none.derek chauvin,"[-0.055555555555555566, 0.9999999999999997]",116,136
none.derek chauvin,"[-0.055555555555555566, 0.9999999999999999]",117,137
none.derek chauvin,"[-0.05555555555555555, 0.9999999999999999]",118,138
none.derek chauvin,"[-0.05555555555555555, 0.9999999999999999]",119,139
none.derek chauvin,"[-0.055555555555555566, 0.9999999999999997]",120,140
none.derek chauvin,"[-0.055555555555555566, 0.9999999999999999]",121,141
none.derek chauvin,"[-0.05555555555555555, 0.9999999999999999]",122,142
none.derek chauvin,"[-0.05555555555555555, 0.9999999999999999]",123,143
none.derek chauvin,"[-0.055555555555555566, 0.9999999999999997]",124,144
none.sam bankman-fried,"[0.2404111844729755, 0.6859943405700353]",148,168
